timestamp,temperature,sp_active_columns,sp_sparsity,tm_active_cells,tm_predictive_cells,anomaly_score,sp_entropy,sp_mean_overlap,sp_dead_column_ratio,sp_max_duty_cycle,sp_mean_duty_cycle
2026-04-27T07:20,9,40,0.01953125,1280,0,1.0,5.321928094887363,0.0,0.98046875,1.0,0.01953125
2026-04-27T07:50,10,40,0.01953125,1280,0,1.0,5.346928094887363,0.9512195121951219,0.97998046875,1.0,0.01953125
2026-04-27T08:20,11,40,0.01953125,1280,0,1.0,5.344885490738725,0.975609756097561,0.97998046875,1.0,0.01953125
2026-04-27T08:50,12,40,0.01953125,1280,0,1.0,5.342210047998841,0.983739837398374,0.97998046875,1.0,0.01953125
2026-04-27T09:50,14,40,0.01953125,1280,40,1.0,5.339976297259548,0.9878048780487805,0.97998046875,1.0,0.01953125
2026-04-27T10:50,16,40,0.01953125,71,40,0.02500000037252903,5.35442921596978,0.9804878048780488,0.9794921875,1.0,0.01953125
2026-04-27T11:50,18,40,0.01953125,102,40,0.05000000074505806,5.373089748030646,0.975609756097561,0.97900390625,1.0,0.01953125
2026-04-27T12:50,18,40,0.01953125,133,40,0.07500000298023224,5.393249120231946,0.9721254355400697,0.978515625,1.0,0.01953125
2026-04-27T13:20,19,40,0.01953125,133,41,0.07500000298023224,5.401348963266788,0.975609756097561,0.978515625,1.0,0.01953125
2026-04-27T13:50,19,40,0.01953125,102,42,0.05000000074505806,5.40495902206923,0.978319783197832,0.978515625,1.0,0.01953125
2026-04-27T14:50,20,40,0.01953125,102,43,0.05000000074505806,5.417245962422304,0.975609756097561,0.97802734375,1.0,0.01953125
2026-04-27T15:50,21,40,0.01953125,164,43,0.10000000149011612,5.453553778291492,0.9651420615686072,0.9765625,1.0,0.01953125
2026-04-27T16:50,20,40,0.01953125,226,43,0.15000000596046448,5.490794590946745,0.9601103818347153,0.9755859375,1.0,0.01953125
2026-04-27T17:50,19,40,0.01953125,288,44,0.20000000298023224,5.528683637174152,0.9558528066752684,0.974609375,1.0,0.01953125
2026-04-27T18:50,18,40,0.01953125,319,47,0.22499999403953552,5.5680200789767085,0.9522034565385996,0.9736328125,1.0,0.01953125
2026-04-27T19:50,17,40,0.01953125,319,47,0.22499999403953552,5.616703828543011,0.9460875671879643,0.97216796875,1.0,0.01953125
2026-04-27T20:50,16,40,0.01953125,381,46,0.2750000059604645,5.68026449053105,0.9355682053498275,0.9697265625,1.0,0.01953125
2026-04-27T21:50,14,40,0.01953125,443,35,0.32499998807907104,5.748154443987431,0.9286631237517093,0.9677734375,1.0,0.01953125
2026-04-27T22:50,14,40,0.01953125,536,33,0.4000000059604645,5.803803855131207,0.9273352782522757,0.966796875,1.0,0.01953125
2026-04-27T23:50,12,40,0.01953125,505,32,0.375,5.855080081479745,0.9261472059633088,0.9658203125,1.0,0.01953125
2026-04-28T00:50,10,40,0.01953125,412,35,0.30000001192092896,5.90223921230306,0.9250779409032386,0.96484375,1.0,0.01953125
2026-04-28T01:50,11,40,0.01953125,257,36,0.17499999701976776,5.940959782655774,0.9263227776314237,0.96435546875,1.0,0.01953125
2026-04-28T02:50,10,40,0.01953125,288,38,0.20000000298023224,5.9813164491027635,0.9233292475699529,0.96337890625,1.0,0.01953125
2026-04-28T03:50,10,40,0.01953125,257,40,0.17499999701976776,6.008957931542481,0.9245418677710472,0.96337890625,1.0,0.01953125
2026-04-28T04:50,9,40,0.01953125,381,42,0.2750000059604645,6.028560705328541,0.9168163913965289,0.96337890625,1.0,0.01953125
2026-04-28T05:50,9,40,0.01953125,505,55,0.375,6.037589663496924,0.9082288421236465,0.96337890625,1.0,0.01953125
2026-04-28T06:50,10,40,0.01953125,226,55,0.15000000596046448,6.036666712607646,0.9003018735640628,0.96337890625,1.0,0.01953125
2026-04-28T07:50,10,40,0.01953125,40,52,0.0,6.029855549670628,0.8943325610166015,0.96337890625,1.0,0.01953125
2026-04-28T08:50,10,40,0.01953125,40,52,0.0,6.0226309660495945,0.8981063981231515,0.96337890625,1.0,0.01953125
2026-04-28T09:50,10,40,0.01953125,40,52,0.0,6.015118161173493,0.9016199706016635,0.96337890625,1.0,0.01953125
2026-04-28T10:50,10,40,0.01953125,40,52,0.0,6.007952822640339,0.9032732886547788,0.96337890625,1.0,0.01953125
2026-04-28T11:50,12,40,0.01953125,40,52,0.0,6.000876713835474,0.904819941027048,0.96337890625,1.0,0.01953125
2026-04-28T12:50,14,40,0.01953125,40,52,0.0,5.994066935378007,0.9062699276260502,0.96337890625,1.0,0.01953125
2026-04-28T13:50,14,40,0.01953125,40,53,0.0,5.987381247515165,0.9076320362493554,0.96337890625,1.0,0.01953125
2026-04-28T14:50,16,40,0.01953125,40,55,0.0,5.982848501858273,0.9062447738972882,0.96337890625,1.0,0.01953125
2026-04-28T15:50,16,40,0.01953125,40,57,0.0,5.97904940665488,0.9062024062077059,0.96337890625,1.0,0.01953125
2026-04-28T16:50,16,40,0.01953125,40,62,0.0,5.975774844238411,0.9061623922786557,0.96337890625,1.0,0.01953125
2026-04-28T17:50,15,40,0.01953125,40,68,0.0,5.97340498414633,0.9061245412646894,0.96337890625,1.0,0.01953125
2026-04-28T18:50,15,40,0.01953125,40,70,0.0,5.972071455509582,0.906088682409353,0.96337890625,1.0,0.01953125
2026-04-28T19:50,13,40,0.01953125,40,71,0.0,5.9753211757336535,0.9027986592136716,0.96337890625,1.0,0.01953125
2026-04-28T20:50,12,40,0.01953125,40,65,0.0,5.98167425478658,0.9006832381878753,0.96337890625,1.0,0.01953125
2026-04-28T21:50,10,40,0.01953125,40,59,0.0,5.990542228030179,0.8997023083852217,0.96337890625,1.0,0.01953125
2026-04-28T22:50,9,40,0.01953125,40,58,0.0,5.998697133633111,0.9009289084759337,0.96337890625,1.0,0.01953125
2026-04-28T23:50,9,40,0.01953125,71,51,0.02500000037252903,6.009121160689939,0.8999878900527508,0.96337890625,1.0,0.01953125
2026-04-29T00:50,9,40,0.01953125,40,48,0.0,6.019461961817848,0.9011522451014411,0.96337890625,1.0,0.01953125
2026-04-29T01:50,9,40,0.01953125,40,45,0.0,6.029875800267885,0.9012324597605625,0.96337890625,1.0,0.01953125
2026-04-29T02:50,9,40,0.01953125,40,45,0.0,6.038715830183366,0.9033795802005503,0.96337890625,1.0,0.01953125
2026-04-29T03:50,9,40,0.01953125,71,44,0.02500000037252903,6.046097751371069,0.9043974510940519,0.96337890625,1.0,0.01953125
2026-04-29T04:50,10,40,0.01953125,288,66,0.20000000298023224,6.052186129131498,0.9001834971040603,0.96337890625,1.0,0.01953125
2026-04-29T05:50,10,40,0.01953125,102,70,0.05000000074505806,6.0554857415306635,0.8968966999138266,0.96337890625,1.0,0.01953125
2026-04-29T06:50,11,40,0.01953125,43,62,0.0,6.055388616414461,0.8930013191070394,0.96337890625,1.0,0.01953125
2026-04-29T07:50,12,40,0.01953125,41,52,0.0,6.052754831266588,0.8899842429438153,0.96337890625,1.0,0.01953125
2026-04-29T08:50,13,40,0.01953125,40,52,0.0,6.049909199928136,0.8920999305795111,0.96337890625,1.0,0.01953125
2026-04-29T09:50,14,40,0.01953125,40,52,0.0,6.047144196367382,0.8932153943835793,0.96337890625,1.0,0.01953125
2026-04-29T10:50,14,40,0.01953125,40,52,0.0,6.044198787657935,0.8951928870801796,0.96337890625,1.0,0.01953125
2026-04-29T11:50,15,40,0.01953125,40,52,0.0,6.0411642564796155,0.8962115529913605,0.96337890625,1.0,0.01953125
2026-04-29T12:50,15,40,0.01953125,40,52,0.0,6.0381424133047945,0.8971938379771418,0.96337890625,1.0,0.01953125
2026-04-29T13:50,15,40,0.01953125,40,56,0.0,6.03536308068215,0.8973266110786289,0.96337890625,1.0,0.01953125
2026-04-29T14:50,15,40,0.01953125,40,60,0.0,6.032865183437015,0.8966910680648434,0.96337890625,1.0,0.01953125
2026-04-29T15:50,15,40,0.01953125,40,61,0.0,6.0303412177745495,0.8976152789823059,0.96337890625,1.0,0.01953125
2026-04-29T16:50,15,40,0.01953125,40,68,0.0,6.027851177645559,0.8977343894119658,0.96337890625,1.0,0.01953125
2026-04-29T17:50,15,40,0.01953125,40,72,0.0,6.02564674908465,0.8978495945816369,0.96337890625,1.0,0.01953125
2026-04-29T18:50,14,40,0.01953125,40,74,0.0,6.023864504873971,0.897246619125144,0.96337890625,1.0,0.01953125
2026-04-29T19:50,14,40,0.01953125,40,71,0.0,6.024626501062296,0.8953502883101064,0.96337890625,1.0,0.01953125
2026-04-29T20:50,13,40,0.01953125,40,68,0.0,6.026352297467024,0.8948052074971213,0.96337890625,1.0,0.01953125
2026-04-29T21:50,13,40,0.01953125,40,63,0.0,6.029511329799496,0.8942768984014591,0.96337890625,1.0,0.01953125
2026-04-29T22:50,12,40,0.01953125,40,62,0.0,6.0325487991050295,0.8951396652771206,0.96337890625,1.0,0.01953125
2026-04-29T23:50,12,40,0.01953125,40,55,0.0,6.036913465511102,0.8946221346950602,0.96337890625,1.0,0.01953125
2026-04-30T00:50,12,40,0.01953125,40,52,0.0,6.041574043869562,0.8954544490700611,0.96337890625,1.0,0.01953125
2026-04-30T01:50,12,40,0.01953125,40,49,0.0,6.04655657457767,0.8955893397322618,0.96337890625,1.0,0.01953125
2026-04-30T02:50,12,40,0.01953125,40,49,0.0,6.050986201455485,0.8970809205932295,0.96337890625,1.0,0.01953125
2026-04-30T03:50,12,40,0.01953125,40,51,0.0,6.054844195834882,0.8978434359679041,0.96337890625,1.0,0.01953125
2026-04-30T04:50,11,40,0.01953125,133,71,0.07500000298023224,6.058246070600261,0.8951251612957729,0.96337890625,1.0,0.01953125
2026-04-30T05:50,11,40,0.01953125,42,76,0.0,6.06018130039113,0.8929882472339488,0.96337890625,1.0,0.01953125
2026-04-30T06:50,12,40,0.01953125,44,68,0.0,6.0601794998664005,0.8904090501034153,0.96337890625,1.0,0.01953125
2026-04-30T07:20,13,40,0.01953125,44,55,0.0,6.059343918715832,0.8894460203444606,0.96337890625,1.0,0.01953125
2026-04-30T07:50,13,40,0.01953125,42,53,0.0,6.057789605432829,0.8896475451394269,0.96337890625,1.0,0.01953125
2026-04-30T08:20,14,40,0.01953125,40,53,0.0,6.056125079994635,0.8910806939038499,0.96337890625,1.0,0.01953125
2026-04-30T08:50,15,40,0.01953125,40,53,0.0,6.054360425607605,0.8924770952640569,0.96337890625,1.0,0.01953125
2026-04-30T09:20,15,40,0.01953125,40,53,0.0,6.052504855518419,0.8938381446910942,0.96337890625,1.0,0.01953125
2026-04-30T09:50,14,40,0.01953125,40,53,0.0,6.050566798424437,0.8951651678824556,0.96337890625,1.0,0.01953125
2026-04-30T10:20,15,40,0.01953125,40,53,0.0,6.048749065808538,0.8958571968245873,0.96337890625,1.0,0.01953125
2026-04-30T10:50,15,40,0.01953125,40,53,0.0,6.046851966479257,0.8971272310096533,0.96337890625,1.0,0.01953125
2026-04-30T11:20,15,40,0.01953125,40,53,0.0,6.044973641635297,0.8977789452408035,0.96337890625,1.0,0.01953125
2026-04-30T11:50,17,40,0.01953125,40,53,0.0,6.043149011636183,0.8984151424664502,0.96337890625,1.0,0.01953125
2026-04-30T12:20,16,40,0.01953125,40,53,0.0,6.041253827242724,0.8996102584374331,0.96337890625,1.0,0.01953125
2026-04-30T12:50,16,40,0.01953125,40,53,0.0,6.039294612995659,0.9007775810137421,0.96337890625,1.0,0.01953125
2026-04-30T13:20,17,40,0.01953125,40,53,0.0,6.037490215117775,0.9013573733261717,0.96337890625,1.0,0.01953125
2026-04-30T13:50,18,40,0.01953125,40,59,0.0,6.035640809956143,0.9019239885405916,0.96337890625,1.0,0.01953125
2026-04-30T14:20,18,40,0.01953125,40,61,0.0,6.033969499358822,0.9019558752397074,0.96337890625,1.0,0.01953125
2026-04-30T14:50,18,40,0.01953125,40,62,0.0,6.032309176922344,0.9025032489836565,0.96337890625,1.0,0.01953125
2026-04-30T15:20,18,40,0.01953125,40,62,0.0,6.0305706617990555,0.9030385925354308,0.96337890625,1.0,0.01953125
2026-04-30T15:50,18,40,0.01953125,40,65,0.0,6.028895834173941,0.9035622981839058,0.96337890625,1.0,0.01953125
2026-04-30T16:20,18,40,0.01953125,40,66,0.0,6.027355882957095,0.9040747413453167,0.96337890625,1.0,0.01953125
2026-04-30T16:50,19,40,0.01953125,40,74,0.0,6.025863556229641,0.9040820515944293,0.96337890625,1.0,0.01953125
2026-04-30T17:20,18,40,0.01953125,40,74,0.0,6.024312065649255,0.9050917142092247,0.96337890625,1.0,0.01953125
2026-04-30T17:50,18,40,0.01953125,40,74,0.0,6.022861722077118,0.9055722121049111,0.96337890625,1.0,0.01953125
2026-04-30T18:20,17,40,0.01953125,40,74,0.0,6.021563164698603,0.9060428028274906,0.96337890625,1.0,0.01953125
2026-04-30T18:50,17,40,0.01953125,40,75,0.0,6.020619350647539,0.9060297324390661,0.96337890625,1.0,0.01953125
2026-04-30T19:20,16,40,0.01953125,40,74,0.0,6.02054033998872,0.9055694837909855,0.96337890625,1.0,0.01953125
2026-04-30T19:50,16,40,0.01953125,40,74,0.0,6.0208245615167115,0.9055614080006946,0.96337890625,1.0,0.01953125
2026-04-30T20:20,15,40,0.01953125,40,73,0.0,6.022045052868963,0.9051149100628567,0.96337890625,1.0,0.01953125
2026-04-30T20:50,14,40,0.01953125,40,73,0.0,6.0231040155189275,0.9060451560426327,0.96337890625,1.0,0.01953125
2026-04-30T21:20,14,40,0.01953125,40,70,0.0,6.024799741211281,0.9060326972923343,0.96337890625,1.0,0.01953125
2026-04-30T21:50,14,40,0.01953125,40,70,0.0,6.0265075950358975,0.906467185897169,0.96337890625,1.0,0.01953125
2026-04-30T22:20,13,40,0.01953125,40,70,0.0,6.028041520449031,0.9073579746029102,0.96337890625,1.0,0.01953125
2026-04-30T22:50,13,40,0.01953125,40,63,0.0,6.030362002919555,0.9073334833779951,0.96337890625,1.0,0.01953125
2026-04-30T23:20,13,40,0.01953125,40,62,0.0,6.032911912201225,0.9077436331800243,0.96337890625,1.0,0.01953125
2026-04-30T23:50,12,40,0.01953125,40,62,0.0,6.035515469924293,0.9081461876153493,0.96337890625,1.0,0.01953125
2026-05-01T00:20,11,40,0.01953125,40,55,0.0,6.038447795312692,0.9085413557307601,0.96337890625,1.0,0.01953125
2026-05-01T00:50,12,40,0.01953125,40,52,0.0,6.0417671228386025,0.9089293389713452,0.96337890625,1.0,0.01953125
2026-05-01T01:20,11,40,0.01953125,40,52,0.0,6.0448547539427055,0.9097497953770087,0.96337890625,1.0,0.01953125
2026-05-01T01:50,11,40,0.01953125,40,52,0.0,6.047704473246712,0.9101200607057418,0.96337890625,1.0,0.01953125
2026-05-01T02:20,11,40,0.01953125,40,52,0.0,6.0503492665656635,0.9109154583986113,0.96337890625,1.0,0.01953125
2026-05-01T02:50,12,40,0.01953125,40,52,0.0,6.052800570993271,0.9116969017459919,0.96337890625,1.0,0.01953125
2026-05-01T03:20,12,40,0.01953125,40,52,0.0,6.055069006937978,0.9124647547742877,0.96337890625,1.0,0.01953125
2026-05-01T03:50,10,40,0.01953125,40,55,0.0,6.057143041398531,0.9127988475106742,0.96337890625,1.0,0.01953125
2026-05-01T04:20,10,40,0.01953125,40,57,0.0,6.059175154938436,0.9123515506625408,0.96337890625,1.0,0.01953125
2026-05-01T04:50,10,40,0.01953125,40,69,0.0,6.061103385260798,0.9115535020821957,0.96337890625,1.0,0.01953125
2026-05-01T05:20,10,40,0.01953125,43,74,0.0,6.062628544721606,0.9111241879157829,0.96337890625,1.0,0.01953125
2026-05-01T05:50,10,40,0.01953125,44,75,0.0,6.063919586919517,0.9114583156181107,0.96337890625,1.0,0.01953125
2026-05-01T06:20,11,40,0.01953125,44,75,0.0,6.064942270334948,0.9110368842186145,0.96337890625,1.0,0.01953125
2026-05-01T06:50,11,40,0.01953125,44,69,0.0,6.065246384774516,0.9099445964609028,0.96337890625,1.0,0.01953125
2026-05-01T07:20,12,40,0.01953125,75,57,0.02500000037252903,6.065135428979034,0.9091985576131053,0.96337890625,1.0,0.01953125
2026-05-01T07:50,13,40,0.01953125,44,53,0.0,6.0644361823316455,0.9088055459894437,0.96337890625,1.0,0.01953125
2026-05-01T08:20,14,40,0.01953125,44,53,0.0,6.063685613007027,0.9095351016215282,0.96337890625,1.0,0.01953125
2026-05-01T08:50,15,40,0.01953125,44,53,0.0,6.062886518526832,0.9102530770054843,0.96337890625,1.0,0.01953125
2026-05-01T10:20,17,40,0.01953125,43,53,0.0,6.062137523540942,0.9105756473613082,0.96337890625,1.0,0.01953125
2026-05-01T10:50,18,40,0.01953125,43,53,0.0,6.0613413808383125,0.911274275116298,0.96337890625,1.0,0.01953125
2026-05-01T11:20,20,40,0.01953125,42,53,0.0,6.06051371312078,0.911583928116909,0.96337890625,1.0,0.01953125
2026-05-01T11:50,20,40,0.01953125,41,52,0.0,6.059679749535978,0.911888817225203,0.96337890625,1.0,0.01953125
2026-05-01T12:20,21,40,0.01953125,41,52,0.0,6.058804120141442,0.9125614216738656,0.96337890625,1.0,0.01953125
2026-05-01T12:50,22,40,0.01953125,41,52,0.0,6.0582105187322375,0.9128542859959963,0.96337890625,1.0,0.01953125
2026-05-01T13:20,24,40,0.01953125,41,52,0.0,6.0573159516906845,0.9131427463433581,0.96337890625,1.0,0.01953125
2026-05-01T13:50,24,40,0.01953125,41,55,0.0,6.056338018001844,0.9134269013124012,0.96337890625,1.0,0.01953125
2026-05-01T14:20,24,40,0.01953125,41,60,0.0,6.055306644870832,0.9137068465781991,0.96337890625,1.0,0.01953125
2026-05-01T14:50,24,40,0.01953125,72,64,0.02500000037252903,6.054294112490295,0.9136410749471969,0.96337890625,1.0,0.01953125
2026-05-01T15:20,24,40,0.01953125,72,65,0.02500000037252903,6.0533013095147306,0.9139153701095906,0.96337890625,1.0,0.01953125
2026-05-01T15:50,24,40,0.01953125,41,67,0.0,6.052242888000274,0.9141856899797756,0.96337890625,1.0,0.01953125
2026-05-01T16:20,24,40,0.01953125,40,69,0.0,6.0512306124643125,0.9144521203554256,0.96337890625,1.0,0.01953125
2026-05-01T16:50,24,40,0.01953125,40,75,0.0,6.050180104577135,0.9143829045297576,0.96337890625,1.0,0.01953125
2026-05-01T17:20,23,40,0.01953125,40,75,0.0,6.049102699197745,0.9149901179728089,0.96337890625,1.0,0.01953125
2026-05-01T17:50,23,40,0.01953125,40,76,0.0,6.048030154982055,0.9152452545518394,0.96337890625,1.0,0.01953125
2026-05-01T18:20,22,40,0.01953125,40,77,0.0,6.047017613292136,0.915496822787107,0.96337890625,1.0,0.01953125
2026-05-01T18:50,22,40,0.01953125,40,77,0.0,6.046342716569845,0.9154222747452653,0.96337890625,1.0,0.01953125
2026-05-01T19:20,21,40,0.01953125,40,77,0.0,6.045599841097849,0.9156691522449195,0.96337890625,1.0,0.01953125
2026-05-01T19:50,20,40,0.01953125,40,77,0.0,6.0454653965834355,0.9150014307787339,0.96337890625,1.0,0.01953125
2026-05-01T20:20,20,40,0.01953125,40,76,0.0,6.045574901770435,0.9149317741391634,0.96337890625,1.0,0.01953125
2026-05-01T20:50,19,40,0.01953125,40,75,0.0,6.045804665840808,0.9151769615584605,0.96337890625,1.0,0.01953125
2026-05-01T21:20,19,40,0.01953125,40,69,0.0,6.046416302614862,0.9151070618484165,0.96337890625,1.0,0.01953125
2026-05-01T21:50,18,40,0.01953125,40,69,0.0,6.047041448968104,0.9153478115173944,0.96337890625,1.0,0.01953125
2026-05-01T22:20,18,40,0.01953125,40,67,0.0,6.047879862423313,0.9155853724490352,0.96337890625,1.0,0.01953125
2026-05-01T22:50,18,40,0.01953125,40,66,0.0,6.0489150163274,0.9158198075789437,0.96337890625,1.0,0.01953125
2026-05-01T23:20,17,40,0.01953125,40,62,0.0,6.050115170696204,0.9160511781973502,0.96337890625,1.0,0.01953125
2026-05-01T23:50,16,40,0.01953125,40,56,0.0,6.051513524314641,0.9162795440025306,0.96337890625,1.0,0.01953125
2026-05-02T00:20,16,40,0.01953125,40,56,0.0,6.052986809219308,0.9165049631521601,0.96337890625,1.0,0.01953125
2026-05-02T00:50,15,40,0.01953125,40,53,0.0,6.054726305436055,0.9167274923126919,0.96337890625,1.0,0.01953125
2026-05-02T01:20,14,40,0.01953125,40,53,0.0,6.056368960369287,0.9172578904508276,0.96337890625,1.0,0.01953125
2026-05-02T01:50,13,40,0.01953125,41,54,0.0,6.057904134408857,0.9174728374238929,0.96337890625,1.0,0.01953125
2026-05-02T02:20,13,40,0.01953125,41,54,0.0,6.059350447861912,0.9179918761822331,0.96337890625,1.0,0.01953125
2026-05-02T02:50,12,40,0.01953125,41,54,0.0,6.060711356440513,0.918504426956094,0.96337890625,1.0,0.01953125
2026-05-02T03:20,12,40,0.01953125,41,54,0.0,6.061990150806412,0.9190106106395965,0.96337890625,1.0,0.01953125
2026-05-02T03:50,12,40,0.01953125,41,58,0.0,6.0631789009308275,0.919209431019569,0.96337890625,1.0,0.01953125
2026-05-02T04:20,12,40,0.01953125,72,70,0.02500000037252903,6.064356357068826,0.918589629713816,0.96337890625,1.0,0.01953125
2026-05-02T04:50,11,40,0.01953125,44,71,0.0,6.065563847221702,0.91823521194897,0.96337890625,1.0,0.01953125
2026-05-02T05:20,11,40,0.01953125,44,74,0.0,6.066598814086267,0.9178850901570311,0.96337890625,1.0,0.01953125
2026-05-02T05:50,11,40,0.01953125,44,74,0.0,6.067622673421508,0.9180858999283451,0.96337890625,1.0,0.01953125
2026-05-02T06:20,11,40,0.01953125,44,75,0.0,6.068323829127189,0.9177408652957145,0.96337890625,1.0,0.01953125
2026-05-02T06:50,11,40,0.01953125,44,74,0.0,6.068587461267509,0.9169077516795363,0.96337890625,1.0,0.01953125
2026-05-02T07:20,11,40,0.01953125,44,64,0.0,6.068605251984247,0.916323574558248,0.96337890625,1.0,0.01953125
2026-05-02T07:50,11,40,0.01953125,44,56,0.0,6.068388112182383,0.9162555647359165,0.96337890625,1.0,0.01953125
2026-05-02T08:20,12,40,0.01953125,44,54,0.0,6.067991669203314,0.9164600322649178,0.96337890625,1.0,0.01953125
2026-05-02T08:50,13,40,0.01953125,44,54,0.0,6.067565114374842,0.9169457297517497,0.96337890625,1.0,0.01953125
2026-05-02T09:20,14,40,0.01953125,44,54,0.0,6.067109624087237,0.9174258122387338,0.96337890625,1.0,0.01953125
2026-05-02T09:50,15,40,0.01953125,43,54,0.0,6.066689382497209,0.9176200289051497,0.96337890625,1.0,0.01953125
2026-05-02T10:20,16,40,0.01953125,43,54,0.0,6.066240585937981,0.9180907715971203,0.96337890625,1.0,0.01953125
2026-05-02T10:50,17,40,0.01953125,43,54,0.0,6.0657643463717195,0.9185561649403187,0.96337890625,1.0,0.01953125
2026-05-02T11:20,17,40,0.01953125,42,54,0.0,6.065261731382567,0.9187407036253741,0.96337890625,1.0,0.01953125
2026-05-02T11:50,19,40,0.01953125,41,54,0.0,6.064743678034359,0.918923168842058,0.96337890625,1.0,0.01953125
2026-05-02T12:20,19,40,0.01953125,41,54,0.0,6.064200990436296,0.9193761120328845,0.96337890625,1.0,0.01953125
2026-05-02T12:50,21,40,0.01953125,41,54,0.0,6.063657147055068,0.9195530198115636,0.96337890625,1.0,0.01953125
2026-05-02T13:20,21,40,0.01953125,41,52,0.0,6.063211991493924,0.9197279728081579,0.96337890625,1.0,0.01953125
2026-05-02T13:50,22,40,0.01953125,41,60,0.0,6.06257033752857,0.9199010032443501,0.96337890625,1.0,0.01953125
2026-05-02T14:20,22,40,0.01953125,41,66,0.0,6.061880779490191,0.91957621697678,0.96337890625,1.0,0.01953125
2026-05-02T14:50,22,40,0.01953125,41,66,0.0,6.0611721240860765,0.9200133027540802,0.96337890625,1.0,0.01953125
2026-05-02T15:20,22,40,0.01953125,41,71,0.0,6.060438596446337,0.920181984967275,0.96337890625,1.0,0.01953125
2026-05-02T15:50,23,40,0.01953125,41,71,0.0,6.059687608958888,0.9206111140803541,0.96337890625,1.0,0.01953125
2026-05-02T16:20,22,40,0.01953125,40,75,0.0,6.05888593039432,0.9205263589503091,0.96337890625,1.0,0.01953125
2026-05-02T16:50,21,40,0.01953125,40,76,0.0,6.058091249960124,0.9206896204037388,0.96337890625,1.0,0.01953125
2026-05-02T17:20,20,40,0.01953125,40,76,0.0,6.057299216126399,0.9208511542227408,0.96337890625,1.0,0.01953125
2026-05-02T17:50,20,40,0.01953125,40,76,0.0,6.056691416331014,0.9210109876857534,0.96337890625,1.0,0.01953125
2026-05-02T18:20,17,40,0.01953125,40,77,0.0,6.056110454772571,0.9211691474999387,0.96337890625,1.0,0.01953125
2026-05-02T18:50,17,40,0.01953125,40,77,0.0,6.055594516534609,0.921083693110678,0.96337890625,1.0,0.01953125
2026-05-02T19:20,16,40,0.01953125,40,77,0.0,6.055236839740398,0.9207696072203587,0.96337890625,1.0,0.01953125
2026-05-02T19:50,17,40,0.01953125,40,77,0.0,6.055019888562792,0.9206870932901605,0.96337890625,1.0,0.01953125
2026-05-02T20:20,16,40,0.01953125,40,73,0.0,6.055205998338064,0.9203782626388216,0.96337890625,1.0,0.01953125
2026-05-02T20:50,16,40,0.01953125,40,70,0.0,6.055508663923595,0.9205356159528844,0.96337890625,1.0,0.01953125
2026-05-02T21:20,16,40,0.01953125,40,70,0.0,6.055774958267267,0.9209389884607377,0.96337890625,1.0,0.01953125
2026-05-02T21:50,16,40,0.01953125,40,70,0.0,6.056051583858422,0.9210919203987902,0.96337890625,1.0,0.01953125
2026-05-02T22:20,15,40,0.01953125,40,65,0.0,6.056684624956016,0.9210098600187052,0.96337890625,1.0,0.01953125
2026-05-02T22:50,15,40,0.01953125,40,65,0.0,6.057275006194884,0.9214048107186117,0.96337890625,1.0,0.01953125
2026-05-02T23:20,15,40,0.01953125,40,63,0.0,6.0579749017666416,0.9215531425667537,0.96337890625,1.0,0.01953125
2026-05-02T23:50,15,40,0.01953125,40,57,0.0,6.058827939436949,0.9217000057827356,0.96337890625,1.0,0.01953125
2026-05-03T00:20,15,40,0.01953125,40,56,0.0,6.059738681250833,0.9218454220704813,0.96337890625,1.0,0.01953125
2026-05-03T00:50,15,40,0.01953125,40,54,0.0,6.060850931387411,0.9219894127083472,0.96337890625,1.0,0.01953125
2026-05-03T01:20,15,40,0.01953125,40,54,0.0,6.061911336676378,0.9223699521585504,0.96337890625,1.0,0.01953125
2026-05-03T01:50,15,40,0.01953125,41,54,0.0,6.062913163480818,0.9225099985664951,0.96337890625,1.0,0.01953125
2026-05-03T02:20,15,40,0.01953125,41,54,0.0,6.0638664269974765,0.9228843463995071,0.96337890625,1.0,0.01953125
2026-05-03T02:50,14,40,0.01953125,41,54,0.0,6.0647725728506,0.9232550947341249,0.96337890625,1.0,0.01953125
2026-05-03T03:20,14,40,0.01953125,41,54,0.0,6.065632994674927,0.9236222952377894,0.96337890625,1.0,0.01953125
2026-05-03T03:50,14,40,0.01953125,41,64,0.0,6.066467027659923,0.9235324838545708,0.96337890625,1.0,0.01953125
2026-05-03T04:20,14,40,0.01953125,41,70,0.0,6.067357851771294,0.9232335863779098,0.96337890625,1.0,0.01953125
2026-05-03T04:50,14,40,0.01953125,44,75,0.0,6.068205937679476,0.9229375086887641,0.96337890625,1.0,0.01953125
2026-05-03T05:20,14,40,0.01953125,44,74,0.0,6.068938083060327,0.9226442110718174,0.96337890625,1.0,0.01953125
2026-05-03T05:50,14,40,0.01953125,44,74,0.0,6.069680245185151,0.9227777405163188,0.96337890625,1.0,0.01953125
2026-05-03T06:20,14,40,0.01953125,44,77,0.0,6.070258238548609,0.9224879143570758,0.96337890625,1.0,0.01953125
2026-05-03T06:50,14,40,0.01953125,44,74,0.0,6.07046711822787,0.9218179600210604,0.96337890625,1.0,0.01953125
2026-05-03T07:20,14,40,0.01953125,44,65,0.0,6.070507465436889,0.9213403741139671,0.96337890625,1.0,0.01953125
2026-05-03T07:50,14,40,0.01953125,44,58,0.0,6.0705323559839215,0.9214774343803945,0.96337890625,1.0,0.01953125
2026-05-03T08:20,15,40,0.01953125,44,56,0.0,6.070274478479901,0.9214011077611318,0.96337890625,1.0,0.01953125
2026-05-03T08:50,15,40,0.01953125,44,56,0.0,6.0699971013805145,0.9217583754531267,0.96337890625,1.0,0.01953125
2026-05-03T09:20,15,40,0.01953125,44,56,0.0,6.069700816037734,0.9221124099533388,0.96337890625,1.0,0.01953125
2026-05-03T09:50,16,40,0.01953125,43,56,0.0,6.0694323903317615,0.9222435230265,0.96337890625,1.0,0.01953125
2026-05-03T10:20,16,40,0.01953125,43,56,0.0,6.069145119627678,0.9225922067797444,0.96337890625,1.0,0.01953125
2026-05-03T10:50,17,40,0.01953125,43,56,0.0,6.068839573904717,0.922937777285192,0.96337890625,1.0,0.01953125
2026-05-03T11:20,17,40,0.01953125,42,56,0.0,6.0685119023458,0.9230634738847918,0.96337890625,1.0,0.01953125
2026-05-03T11:50,17,40,0.01953125,41,56,0.0,6.068169231645337,0.923188058125103,0.96337890625,1.0,0.01953125
2026-05-03T12:20,17,40,0.01953125,41,56,0.0,6.067809940965241,0.9235264367236707,0.96337890625,1.0,0.01953125
2026-05-03T12:50,19,40,0.01953125,41,56,0.0,6.067440589405728,0.9236478975810016,0.96337890625,1.0,0.01953125
2026-05-03T13:20,18,40,0.01953125,41,56,0.0,6.067055474638434,0.9239813128754077,0.96337890625,1.0,0.01953125
2026-05-03T13:50,19,40,0.01953125,41,60,0.0,6.066606194544213,0.9240997398289718,0.96337890625,1.0,0.01953125
2026-05-03T14:20,19,40,0.01953125,41,66,0.0,6.066095562403737,0.9238242652681496,0.96337890625,1.0,0.01953125
2026-05-03T14:50,19,40,0.01953125,41,66,0.0,6.06557219737017,0.9241526089523387,0.96337890625,1.0,0.01953125
2026-05-03T15:20,19,40,0.01953125,41,71,0.0,6.06502410366928,0.9242687759190459,0.96337890625,1.0,0.01953125
2026-05-03T15:50,20,40,0.01953125,41,71,0.0,6.0644642734323195,0.9245924136287935,0.96337890625,1.0,0.01953125
2026-05-03T16:20,19,40,0.01953125,40,74,0.0,6.0638500751817235,0.9245080284846792,0.96337890625,1.0,0.01953125
2026-05-03T16:50,19,40,0.01953125,40,76,0.0,6.063238739471632,0.9244243584689046,0.96337890625,1.0,0.01953125
2026-05-03T17:20,20,40,0.01953125,40,76,0.0,6.062617395513308,0.9247432430323269,0.96337890625,1.0,0.01953125
2026-05-03T17:50,19,40,0.01953125,40,76,0.0,6.062097566719157,0.9248544878607421,0.96337890625,1.0,0.01953125
2026-05-03T18:20,19,40,0.01953125,40,77,0.0,6.061625465075488,0.924964801770091,0.96337890625,1.0,0.01953125
2026-05-03T18:50,19,40,0.01953125,40,77,0.0,6.061161278683714,0.925074196396862,0.96337890625,1.0,0.01953125
2026-05-03T19:20,19,40,0.01953125,40,77,0.0,6.060770514307834,0.9248061089274935,0.96337890625,1.0,0.01953125
2026-05-03T19:50,18,40,0.01953125,40,77,0.0,6.060536231195864,0.9245402370570455,0.96337890625,1.0,0.01953125
2026-05-03T20:20,18,40,0.01953125,40,77,0.0,6.060492121724522,0.9244588447430737,0.96337890625,1.0,0.01953125
2026-05-03T20:50,18,40,0.01953125,40,71,0.0,6.060644638428143,0.9243781195792165,0.96337890625,1.0,0.01953125
2026-05-03T21:20,18,40,0.01953125,40,71,0.0,6.060775166248551,0.9246867803156278,0.96337890625,1.0,0.01953125
2026-05-03T21:50,17,40,0.01953125,40,71,0.0,6.060913228333154,0.9247946369492842,0.96337890625,1.0,0.01953125
2026-05-03T22:20,17,40,0.01953125,40,66,0.0,6.0613210185828335,0.924713532770388,0.96337890625,1.0,0.01953125
2026-05-03T22:50,16,40,0.01953125,40,66,0.0,6.061702831838807,0.9250171072350236,0.96337890625,1.0,0.01953125
2026-05-03T23:20,16,40,0.01953125,40,63,0.0,6.06217306673422,0.9251223377770319,0.96337890625,1.0,0.01953125
2026-05-03T23:50,15,40,0.01953125,40,57,0.0,6.062766810592089,0.9252267264747044,0.96337890625,1.0,0.01953125
2026-05-04T00:20,15,40,0.01953125,40,56,0.0,6.063404621734776,0.9253302833899252,0.96337890625,1.0,0.01953125
2026-05-04T00:50,15,40,0.01953125,40,55,0.0,6.064203097803049,0.9254330184248665,0.96337890625,1.0,0.01953125
2026-05-04T01:20,14,40,0.01953125,40,55,0.0,6.0649693909059,0.9257277495773373,0.96337890625,1.0,0.01953125
2026-05-04T01:50,14,40,0.01953125,41,56,0.0,6.065698913977759,0.9258281108474861,0.96337890625,1.0,0.01953125
2026-05-04T02:20,15,40,0.01953125,41,56,0.0,6.06639790950785,0.9261189810010253,0.96337890625,1.0,0.01953125
2026-05-04T02:50,14,40,0.01953125,41,56,0.0,6.067067114111169,0.92640757873149,0.96337890625,1.0,0.01953125
2026-05-04T03:20,13,40,0.01953125,41,58,0.0,6.067701882873732,0.9265041232196753,0.96337890625,1.0,0.01953125
2026-05-04T03:50,13,40,0.01953125,42,66,0.0,6.068362163339289,0.9264198510551104,0.96337890625,1.0,0.01953125
2026-05-04T04:20,13,40,0.01953125,44,70,0.0,6.069130907682156,0.9261651995694885,0.96337890625,1.0,0.01953125
2026-05-04T04:50,13,40,0.01953125,44,75,0.0,6.069775759141896,0.9260828792048441,0.96337890625,1.0,0.01953125
2026-05-04T05:20,13,40,0.01953125,44,74,0.0,6.070333465411997,0.9258314701514886,0.96337890625,1.0,0.01953125
2026-05-04T05:50,13,40,0.01953125,44,74,0.0,6.0708943221868665,0.9259283710753193,0.96337890625,1.0,0.01953125
2026-05-04T06:20,13,40,0.01953125,44,77,0.0,6.07134579656524,0.9256794613612651,0.96337890625,1.0,0.01953125
2026-05-04T06:50,12,40,0.01953125,44,73,0.0,6.071607778629389,0.9251192277113276,0.96337890625,1.0,0.01953125
2026-05-04T07:20,12,40,0.01953125,44,65,0.0,6.071648603214689,0.9247156903168766,0.96337890625,1.0,0.01953125
2026-05-04T07:50,12,40,0.01953125,44,61,0.0,6.071680918867759,0.9248153287449903,0.96337890625,1.0,0.01953125
2026-05-04T08:20,12,40,0.01953125,44,59,0.0,6.071492146991628,0.9247402222881248,0.96337890625,1.0,0.01953125
2026-05-04T08:50,12,40,0.01953125,44,59,0.0,6.071289835315313,0.9250210423542139,0.96337890625,1.0,0.01953125
2026-05-04T09:20,12,40,0.01953125,44,59,0.0,6.071074319837097,0.9252997745387708,0.96337890625,1.0,0.01953125
2026-05-04T09:50,13,40,0.01953125,43,58,0.0,6.070882163014023,0.9253957735671275,0.96337890625,1.0,0.01953125
2026-05-04T10:20,13,40,0.01953125,43,58,0.0,6.070676757139779,0.9256710659155883,0.96337890625,1.0,0.01953125
2026-05-04T10:50,13,40,0.01953125,43,58,0.0,6.07045843035221,0.9259443340556047,0.96337890625,1.0,0.01953125
2026-05-04T11:20,14,40,0.01953125,42,58,0.0,6.070223014284993,0.9260369171257129,0.96337890625,1.0,0.01953125
2026-05-04T11:50,14,40,0.01953125,41,58,0.0,6.069975391119525,0.9261288244069881,0.96337890625,1.0,0.01953125
2026-05-04T12:20,14,40,0.01953125,41,58,0.0,6.069715862151072,0.9263974468636899,0.96337890625,1.0,0.01953125
2026-05-04T12:50,14,40,0.01953125,41,58,0.0,6.069441935661079,0.9264873818830066,0.96337890625,1.0,0.01953125
2026-05-04T13:20,15,40,0.01953125,41,58,0.0,6.069156732498071,0.9267527703960644,0.96337890625,1.0,0.01953125
2026-05-04T13:50,15,40,0.01953125,41,60,0.0,6.068816864612615,0.9268407802586509,0.96337890625,1.0,0.01953125
2026-05-04T14:20,15,40,0.01953125,41,67,0.0,6.068415725119147,0.9266028746529894,0.96337890625,1.0,0.01953125
2026-05-04T14:50,15,40,0.01953125,41,67,0.0,6.068005488088282,0.9268650072435144,0.96337890625,1.0,0.01953125
2026-05-04T15:20,15,40,0.01953125,41,71,0.0,6.067572160449564,0.9269516780796411,0.96337890625,1.0,0.01953125
2026-05-04T15:50,15,40,0.01953125,41,71,0.0,6.067130399621556,0.9272107146821955,0.96337890625,1.0,0.01953125
2026-05-04T16:20,15,40,0.01953125,40,74,0.0,6.066635900247121,0.9271313902655159,0.96337890625,1.0,0.01953125
2026-05-04T16:50,14,40,0.01953125,40,76,0.0,6.066145622350635,0.9272162075962542,0.96337890625,1.0,0.01953125
2026-05-04T17:20,14,40,0.01953125,40,77,0.0,6.065637930841716,0.9273004297176537,0.96337890625,1.0,0.01953125
2026-05-04T17:50,15,40,0.01953125,40,77,0.0,6.0652067556602605,0.9273840628731692,0.96337890625,1.0,0.01953125
2026-05-04T18:20,15,40,0.01953125,40,77,0.0,6.064813275154474,0.9274671132192387,0.96337890625,1.0,0.01953125
2026-05-04T18:50,15,40,0.01953125,40,77,0.0,6.064400663621984,0.927388275689873,0.96337890625,1.0,0.01953125
2026-05-04T19:20,15,40,0.01953125,40,77,0.0,6.064115231633348,0.9271567076642302,0.96337890625,1.0,0.01953125
2026-05-04T19:50,15,40,0.01953125,40,75,0.0,6.064060586548,0.9267809321832562,0.96337890625,1.0,0.01953125
2026-05-04T20:20,14,40,0.01953125,40,74,0.0,6.064063195133304,0.9268649135578676,0.96337890625,1.0,0.01953125
2026-05-04T20:50,14,40,0.01953125,40,72,0.0,6.0641395082228655,0.926948319717584,0.96337890625,1.0,0.01953125
2026-05-04T21:20,13,40,0.01953125,40,72,0.0,6.0642011663450255,0.9271976428584796,0.96337890625,1.0,0.01953125
2026-05-04T21:50,14,40,0.01953125,40,72,0.0,6.064298876331547,0.9272793498970398,0.96337890625,1.0,0.01953125
2026-05-04T22:20,13,40,0.01953125,40,65,0.0,6.064581728802149,0.9272030195745479,0.96337890625,1.0,0.01953125
2026-05-04T22:50,13,40,0.01953125,40,63,0.0,6.064937867474064,0.9272841563739415,0.96337890625,1.0,0.01953125
2026-05-04T23:20,13,40,0.01953125,40,57,0.0,6.065395096108184,0.927364746797582,0.96337890625,1.0,0.01953125
2026-05-04T23:50,12,40,0.01953125,40,57,0.0,6.065832654186775,0.9276084892579927,0.96337890625,1.0,0.01953125
2026-05-05T00:20,12,40,0.01953125,40,56,0.0,6.066459030124161,0.9275320792764005,0.96337890625,1.0,0.01953125
2026-05-05T00:50,12,40,0.01953125,40,56,0.0,6.067063234949745,0.9277736390121458,0.96337890625,1.0,0.01953125
2026-05-05T01:20,12,40,0.01953125,40,56,0.0,6.067645723585753,0.9280135936998132,0.96337890625,1.0,0.01953125
2026-05-05T01:50,11,40,0.01953125,41,58,0.0,6.068203180459426,0.9280904344895324,0.96337890625,1.0,0.01953125
2026-05-05T02:20,11,40,0.01953125,41,58,0.0,6.068739861596137,0.9283277597882469,0.96337890625,1.0,0.01953125
2026-05-05T02:50,11,40,0.01953125,41,58,0.0,6.069256188017639,0.928563523736312,0.96337890625,1.0,0.01953125
2026-05-05T03:20,11,40,0.01953125,41,58,0.0,6.069839272674719,0.9286378056656852,0.96337890625,1.0,0.01953125
2026-05-05T03:50,11,40,0.01953125,41,68,0.0,6.0703505953240136,0.9285597798457382,0.96337890625,1.0,0.01953125
2026-05-05T04:20,11,40,0.01953125,44,72,0.0,6.070956049562692,0.9283379731240227,0.96337890625,1.0,0.01953125
2026-05-05T04:50,11,40,0.01953125,44,74,0.0,6.071512492278992,0.928117606705695,0.96337890625,1.0,0.01953125
2026-05-05T05:20,11,40,0.01953125,44,75,0.0,6.071950833608757,0.9280420219097603,0.96337890625,1.0,0.01953125
2026-05-05T05:50,11,40,0.01953125,44,75,0.0,6.072395694392937,0.9281167880074551,0.96337890625,1.0,0.01953125
2026-05-05T06:20,11,40,0.01953125,44,77,0.0,6.072759211245606,0.927899258516367,0.96337890625,1.0,0.01953125
2026-05-05T06:50,11,40,0.01953125,44,74,0.0,6.0729731591343405,0.9274180999242561,0.96337890625,1.0,0.01953125
2026-05-05T07:20,11,40,0.01953125,44,66,0.0,6.073010306602558,0.9270691022190086,0.96337890625,1.0,0.01953125
2026-05-05T07:50,11,40,0.01953125,44,62,0.0,6.073042753625991,0.9271460143526905,0.96337890625,1.0,0.01953125
2026-05-05T08:20,12,40,0.01953125,44,60,0.0,6.072896281919479,0.927074953687323,0.96337890625,1.0,0.01953125
2026-05-05T08:50,12,40,0.01953125,44,60,0.0,6.072739869626844,0.9273057291503378,0.96337890625,1.0,0.01953125
2026-05-05T09:20,12,40,0.01953125,44,60,0.0,6.072573725367648,0.9275350486167405,0.96337890625,1.0,0.01953125
2026-05-05T09:50,13,40,0.01953125,43,59,0.0,6.072427767600268,0.9276095280619555,0.96337890625,1.0,0.01953125
2026-05-05T10:20,13,40,0.01953125,43,59,0.0,6.072271997609167,0.9278364574410717,0.96337890625,1.0,0.01953125
2026-05-05T10:50,13,40,0.01953125,43,59,0.0,6.072106621048689,0.9280619685115685,0.96337890625,1.0,0.01953125
2026-05-05T11:20,14,40,0.01953125,42,59,0.0,6.071929674479813,0.9281341103922026,0.96337890625,1.0,0.01953125
2026-05-05T11:50,15,40,0.01953125,41,59,0.0,6.0717425095583994,0.9282058041866216,0.96337890625,1.0,0.01953125
2026-05-05T12:20,15,40,0.01953125,41,59,0.0,6.071546377605591,0.9284280772386754,0.96337890625,1.0,0.01953125
2026-05-05T12:50,16,40,0.01953125,41,59,0.0,6.071334336324659,0.928498421173726,0.96337890625,1.0,0.01953125
2026-05-05T13:20,16,40,0.01953125,41,59,0.0,6.0711138066231465,0.928718426031653,0.96337890625,1.0,0.01953125
2026-05-05T13:50,16,40,0.01953125,41,60,0.0,6.070846624219302,0.9287874477683508,0.96337890625,1.0,0.01953125
2026-05-05T14:20,16,40,0.01953125,41,68,0.0,6.070520870565756,0.9285785109748057,0.96337890625,1.0,0.01953125
2026-05-05T14:50,16,40,0.01953125,41,68,0.0,6.070188253685694,0.9287962594169556,0.96337890625,1.0,0.01953125
2026-05-05T15:20,16,40,0.01953125,41,72,0.0,6.069834374098036,0.9288644152004759,0.96337890625,1.0,0.01953125
2026-05-05T15:50,16,40,0.01953125,41,72,0.0,6.069474104649814,0.9290799775786562,0.96337890625,1.0,0.01953125
2026-05-05T16:20,16,40,0.01953125,40,75,0.0,6.06906479869555,0.9290065090807204,0.96337890625,1.0,0.01953125
2026-05-05T16:50,15,40,0.01953125,40,77,0.0,6.068657155300425,0.9290734157166072,0.96337890625,1.0,0.01953125
2026-05-05T17:20,15,40,0.01953125,40,77,0.0,6.068232772668896,0.9291399205108369,0.96337890625,1.0,0.01953125
2026-05-05T17:50,15,40,0.01953125,40,77,0.0,6.067869119929118,0.9292060270727659,0.96337890625,1.0,0.01953125
2026-05-05T18:20,15,40,0.01953125,40,77,0.0,6.067535973999627,0.9292717389686537,0.96337890625,1.0,0.01953125
2026-05-05T18:50,14,40,0.01953125,40,77,0.0,6.067227562588493,0.9290669573535061,0.96337890625,1.0,0.01953125
2026-05-05T19:20,14,40,0.01953125,40,77,0.0,6.06702269260248,0.9288633910595165,0.96337890625,1.0,0.01953125
2026-05-05T19:50,14,40,0.01953125,40,75,0.0,6.0670038144327565,0.9285359307847306,0.96337890625,1.0,0.01953125
2026-05-05T20:20,13,40,0.01953125,40,75,0.0,6.06697498148049,0.9287467392484925,0.96337890625,1.0,0.01953125
2026-05-05T20:50,13,40,0.01953125,40,73,0.0,6.067008135833645,0.9288128356395119,0.96337890625,1.0,0.01953125
2026-05-05T21:20,13,40,0.01953125,40,73,0.0,6.067030856869867,0.9290215956522992,0.96337890625,1.0,0.01953125
2026-05-05T21:50,12,40,0.01953125,40,71,0.0,6.067158421302848,0.9289506608836138,0.96337890625,1.0,0.01953125
2026-05-05T22:20,12,40,0.01953125,40,67,0.0,6.067355605492436,0.9290155846483705,0.96337890625,1.0,0.01953125
2026-05-05T22:50,11,40,0.01953125,40,64,0.0,6.067622307650398,0.9290801309493784,0.96337890625,1.0,0.01953125
2026-05-05T23:20,12,40,0.01953125,40,57,0.0,6.067973314927792,0.9291443030689314,0.96337890625,1.0,0.01953125
2026-05-05T23:50,11,40,0.01953125,40,57,0.0,6.068310261969917,0.9293490883201772,0.96337890625,1.0,0.01953125
2026-05-06T00:20,11,40,0.01953125,40,56,0.0,6.068803385056975,0.9292782318834097,0.96337890625,1.0,0.01953125
2026-05-06T00:50,11,40,0.01953125,40,56,0.0,6.069280640208078,0.9294814553550091,0.96337890625,1.0,0.01953125
2026-05-06T01:20,10,40,0.01953125,40,56,0.0,6.069742307632989,0.9296835142221868,0.96337890625,1.0,0.01953125
2026-05-06T01:50,10,40,0.01953125,41,58,0.0,6.070185884289689,0.9297450456449665,0.96337890625,1.0,0.01953125
2026-05-06T02:20,10,40,0.01953125,41,58,0.0,6.0706144566888325,0.9299452022100806,0.96337890625,1.0,0.01953125
2026-05-06T02:50,10,40,0.01953125,41,58,0.0,6.071028287106042,0.930144221521984,0.96337890625,1.0,0.01953125
2026-05-06T03:20,10,40,0.01953125,41,59,0.0,6.0714994891817975,0.9302039248949956,0.96337890625,1.0,0.01953125
2026-05-06T03:50,10,40,0.01953125,42,68,0.0,6.071911427123481,0.9301320547816254,0.96337890625,1.0,0.01953125
2026-05-06T04:20,9,40,0.01953125,44,74,0.0,6.072406306991606,0.9299358098844351,0.96337890625,1.0,0.01953125
2026-05-06T04:50,9,40,0.01953125,44,75,0.0,6.072832492065577,0.9297406674866671,0.96337890625,1.0,0.01953125
2026-05-06T05:20,9,40,0.01953125,44,74,0.0,6.073271088083205,0.9298008323177833,0.96337890625,1.0,0.01953125
2026-05-06T05:50,9,40,0.01953125,44,75,0.0,6.073666242534126,0.9296071571333177,0.96337890625,1.0,0.01953125
2026-05-06T06:20,8,40,0.01953125,44,77,0.0,6.073967467347203,0.9295379503021994,0.96337890625,1.0,0.01953125
2026-05-06T06:50,8,40,0.01953125,44,75,0.0,6.074225433863348,0.9292286277129762,0.96337890625,1.0,0.01953125
2026-05-06T07:20,8,40,0.01953125,44,69,0.0,6.074371855107188,0.9290381470718851,0.96337890625,1.0,0.01953125
2026-05-06T07:50,9,40,0.01953125,44,63,0.0,6.074405288373344,0.9288487188100264,0.96337890625,1.0,0.01953125
2026-05-06T08:20,9,40,0.01953125,44,62,0.0,6.0743650179353885,0.9289103463400129,0.96337890625,1.0,0.01953125
2026-05-06T08:50,10,40,0.01953125,44,62,0.0,6.074241155126644,0.9289716352571974,0.96337890625,1.0,0.01953125
2026-05-06T09:20,10,40,0.01953125,44,62,0.0,6.074109801695135,0.9291662335167666,0.96337890625,1.0,0.01953125
2026-05-06T09:50,11,40,0.01953125,43,61,0.0,6.073996229931533,0.9292264883765434,0.96337890625,1.0,0.01953125
2026-05-06T10:20,11,40,0.01953125,43,61,0.0,6.0738750797829315,0.9294193317324656,0.96337890625,1.0,0.01953125
2026-05-06T10:50,11,40,0.01953125,43,61,0.0,6.073746488765772,0.9296111270266709,0.96337890625,1.0,0.01953125
2026-05-06T11:20,11,40,0.01953125,42,61,0.0,6.073609772583408,0.9296696863360706,0.96337890625,1.0,0.01953125
2026-05-06T11:50,12,40,0.01953125,42,61,0.0,6.073465893904667,0.929859768264892,0.96337890625,1.0,0.01953125
2026-05-06T12:20,12,40,0.01953125,41,61,0.0,6.073314194016983,0.9299173416986662,0.96337890625,1.0,0.01953125
2026-05-06T12:50,12,40,0.01953125,41,61,0.0,6.073147084100616,0.9299746055978502,0.96337890625,1.0,0.01953125
2026-05-06T13:50,12,40,0.01953125,41,62,0.0,6.072938420457996,0.9300315624519985,0.96337890625,1.0,0.01953125
2026-05-06T14:20,12,40,0.01953125,41,64,0.0,6.072713451604084,0.9299639965223457,0.96337890625,1.0,0.01953125
2026-05-06T14:50,12,40,0.01953125,41,68,0.0,6.072442386747816,0.9300206778974731,0.96337890625,1.0,0.01953125
2026-05-06T15:20,12,40,0.01953125,41,71,0.0,6.0721510678224435,0.9300770577759244,0.96337890625,1.0,0.01953125
2026-05-06T15:50,13,40,0.01953125,41,71,0.0,6.071854627095795,0.9302625297712138,0.96337890625,1.0,0.01953125
2026-05-06T16:20,13,40,0.01953125,40,73,0.0,6.071510769484514,0.9301950678002896,0.96337890625,1.0,0.01953125
2026-05-06T16:50,13,40,0.01953125,40,74,0.0,6.071166618023723,0.9302505412683498,0.96337890625,1.0,0.01953125
2026-05-06T17:20,13,40,0.01953125,40,76,0.0,6.070806017728002,0.9303057227707888,0.96337890625,1.0,0.01953125
2026-05-06T17:50,13,40,0.01953125,40,76,0.0,6.0704950250115,0.9303606146065482,0.96337890625,1.0,0.01953125
2026-05-06T18:20,12,40,0.01953125,40,77,0.0,6.070209181899947,0.9304152190504973,0.96337890625,1.0,0.01953125
2026-05-06T18:50,12,40,0.01953125,40,77,0.0,6.069945368957165,0.9302325817064466,0.96337890625,1.0,0.01953125
2026-05-06T19:50,12,40,0.01953125,40,76,0.0,6.069846321295934,0.929734919865499,0.96337890625,1.0,0.01953125
2026-05-06T20:20,12,40,0.01953125,40,75,0.0,6.069803517723422,0.92979072400142,0.96337890625,1.0,0.01953125
2026-05-06T20:50,12,40,0.01953125,40,73,0.0,6.069813252503321,0.9298462389967407,0.96337890625,1.0,0.01953125
2026-05-06T21:20,11,40,0.01953125,40,73,0.0,6.069815080544743,0.9300275148649662,0.96337890625,1.0,0.01953125
2026-05-06T21:50,11,40,0.01953125,40,68,0.0,6.0699691620155996,0.9298482303325282,0.96337890625,1.0,0.01953125
2026-05-06T22:20,11,40,0.01953125,40,68,0.0,6.070113815787165,0.9300285690720332,0.96337890625,1.0,0.01953125
2026-05-06T22:50,10,40,0.01953125,40,66,0.0,6.070318009664516,0.9300829048236309,0.96337890625,1.0,0.01953125
2026-05-06T23:20,10,40,0.01953125,40,59,0.0,6.070592879812764,0.9301369626429954,0.96337890625,1.0,0.01953125
2026-05-06T23:50,10,40,0.01953125,40,59,0.0,6.0708571777761655,0.9303151846770694,0.96337890625,1.0,0.01953125
2026-05-07T00:20,10,40,0.01953125,40,56,0.0,6.071252039333525,0.9302501636085829,0.96337890625,1.0,0.01953125
2026-05-07T00:50,10,40,0.01953125,40,56,0.0,6.071634991565259,0.9304271936501856,0.96337890625,1.0,0.01953125
2026-05-07T01:20,10,40,0.01953125,40,56,0.0,6.072006219797047,0.930603327337147,0.96337890625,1.0,0.01953125
2026-05-07T01:50,10,40,0.01953125,41,58,0.0,6.072363032987223,0.9306553884100207,0.96337890625,1.0,0.01953125
2026-05-07T02:20,10,40,0.01953125,41,58,0.0,6.0727085196501545,0.9308300599757385,0.96337890625,1.0,0.01953125
2026-05-07T02:50,10,40,0.01953125,41,58,0.0,6.073042854543542,0.9310038537948949,0.96337890625,1.0,0.01953125
2026-05-07T03:20,10,40,0.01953125,42,60,0.0,6.07342736794355,0.931054519605422,0.96337890625,1.0,0.01953125
2026-05-07T03:50,10,40,0.01953125,42,64,0.0,6.073823959723435,0.9309887880683131,0.96337890625,1.0,0.01953125
2026-05-07T04:20,10,40,0.01953125,44,75,0.0,6.074228354891013,0.9307074739289453,0.96337890625,1.0,0.01953125
2026-05-07T04:50,9,40,0.01953125,44,76,0.0,6.074575965102454,0.9306429327121118,0.96337890625,1.0,0.01953125
2026-05-07T05:20,9,40,0.01953125,44,76,0.0,6.074967659844572,0.930578711799084,0.96337890625,1.0,0.01953125
2026-05-07T05:50,9,40,0.01953125,44,77,0.0,6.075293221213748,0.930514808811368,0.96337890625,1.0,0.01953125
2026-05-07T06:20,9,40,0.01953125,44,77,0.0,6.075539043665053,0.9304512213939621,0.96337890625,1.0,0.01953125
2026-05-07T06:50,9,40,0.01953125,44,75,0.0,6.075687496378974,0.9300751784293901,0.96337890625,1.0,0.01953125
2026-05-07T07:20,10,40,0.01953125,44,70,0.0,6.075808414358372,0.9300129836537943,0.96337890625,1.0,0.01953125
2026-05-07T07:50,10,40,0.01953125,44,63,0.0,6.075836411381281,0.9298425231945426,0.96337890625,1.0,0.01953125
2026-05-07T08:20,10,40,0.01953125,44,63,0.0,6.075801874333301,0.9298947896713168,0.96337890625,1.0,0.01953125
2026-05-07T08:50,11,40,0.01953125,44,63,0.0,6.075696955485899,0.9299468011896674,0.96337890625,1.0,0.01953125
2026-05-07T09:20,12,40,0.01953125,44,63,0.0,6.075586077949684,0.9301172469288653,0.96337890625,1.0,0.01953125
2026-05-07T09:50,12,40,0.01953125,43,62,0.0,6.075491978297047,0.9301684660193174,0.96337890625,1.0,0.01953125
2026-05-07T10:20,12,40,0.01953125,43,62,0.0,6.075391823265458,0.930337549636704,0.96337890625,1.0,0.01953125
2026-05-07T10:50,13,40,0.01953125,43,62,0.0,6.075285710155363,0.9305058164250212,0.96337890625,1.0,0.01953125
2026-05-07T11:20,13,40,0.01953125,42,62,0.0,6.075174381628571,0.9305557289449492,0.96337890625,1.0,0.01953125
2026-05-07T11:50,13,40,0.01953125,41,62,0.0,6.075058534886411,0.930605401500839,0.96337890625,1.0,0.01953125
2026-05-07T12:20,14,40,0.01953125,41,62,0.0,6.0749369892876794,0.9307718154061128,0.96337890625,1.0,0.01953125
2026-05-07T12:50,13,40,0.01953125,41,62,0.0,6.074802479542176,0.9308207333410147,0.96337890625,1.0,0.01953125
2026-05-07T13:20,14,40,0.01953125,41,62,0.0,6.074662538790151,0.9309858389893655,0.96337890625,1.0,0.01953125
2026-05-07T13:50,14,40,0.01953125,41,63,0.0,6.074486723386406,0.9310340144017601,0.96337890625,1.0,0.01953125
2026-05-07T14:20,13,40,0.01953125,41,66,0.0,6.0742954523361306,0.930971610340858,0.96337890625,1.0,0.01953125
2026-05-07T14:50,14,40,0.01953125,41,69,0.0,6.074064189717202,0.9310195911509391,0.96337890625,1.0,0.01953125
2026-05-07T15:20,14,40,0.01953125,41,72,0.0,6.073814709185184,0.9310673451013981,0.96337890625,1.0,0.01953125
2026-05-07T15:50,14,40,0.01953125,41,72,0.0,6.073561075112929,0.9312299221176684,0.96337890625,1.0,0.01953125
2026-05-07T16:20,14,40,0.01953125,40,74,0.0,6.073264097054817,0.9311676444297725,0.96337890625,1.0,0.01953125
2026-05-07T16:50,14,40,0.01953125,40,76,0.0,6.072966419936994,0.9312147145418977,0.96337890625,1.0,0.01953125
2026-05-07T17:20,14,40,0.01953125,40,76,0.0,6.072653661606883,0.9312615641851137,0.96337890625,1.0,0.01953125
2026-05-07T17:50,13,40,0.01953125,40,76,0.0,6.07238365118459,0.9313081949047632,0.96337890625,1.0,0.01953125
2026-05-07T18:20,13,40,0.01953125,40,77,0.0,6.072135338681006,0.9313546082317805,0.96337890625,1.0,0.01953125
2026-05-07T18:50,13,40,0.01953125,40,77,0.0,6.071902885518359,0.9311897489481694,0.96337890625,1.0,0.01953125
2026-05-07T19:20,13,40,0.01953125,40,77,0.0,6.07173049961761,0.9310256546728352,0.96337890625,1.0,0.01953125
2026-05-07T19:50,13,40,0.01953125,40,76,0.0,6.071687283423957,0.9307644420883653,0.96337890625,1.0,0.01953125
2026-05-07T20:20,12,40,0.01953125,40,76,0.0,6.071638220409595,0.9309243394507478,0.96337890625,1.0,0.01953125
2026-05-07T20:50,12,40,0.01953125,40,72,0.0,6.071635007496322,0.9309711025215874,0.96337890625,1.0,0.01953125
2026-05-07T21:20,12,40,0.01953125,40,72,0.0,6.0716256416927665,0.9311297896422275,0.96337890625,1.0,0.01953125
2026-05-07T21:50,12,40,0.01953125,40,68,0.0,6.071745110048812,0.930967714703321,0.96337890625,1.0,0.01953125
2026-05-07T22:20,12,40,0.01953125,40,66,0.0,6.071916617142759,0.9310140574893435,0.96337890625,1.0,0.01953125
2026-05-07T22:50,12,40,0.01953125,40,66,0.0,6.072080380205926,0.9311715596411944,0.96337890625,1.0,0.01953125
2026-05-07T23:20,11,40,0.01953125,40,61,0.0,6.072305045964206,0.9312172269590849,0.96337890625,1.0,0.01953125
2026-05-07T23:50,11,40,0.01953125,40,61,0.0,6.07252151419939,0.9313735514432685,0.96337890625,1.0,0.01953125
2026-05-08T00:20,11,40,0.01953125,40,58,0.0,6.0728510418367625,0.9313132075732429,0.96337890625,1.0,0.01953125
2026-05-08T00:50,10,40,0.01953125,40,58,0.0,6.0731713304370425,0.9314686075561088,0.96337890625,1.0,0.01953125
2026-05-08T01:20,10,40,0.01953125,40,58,0.0,6.073482508107374,0.9316233059589166,0.96337890625,1.0,0.01953125
2026-05-08T01:50,9,40,0.01953125,41,59,0.0,6.0737824256220865,0.9316674415585479,0.96337890625,1.0,0.01953125
2026-05-08T02:20,9,40,0.01953125,41,59,0.0,6.074073508253455,0.9318209978696522,0.96337890625,1.0,0.01953125
2026-05-08T02:50,9,40,0.01953125,41,59,0.0,6.074355877606675,0.9319738655874333,0.96337890625,1.0,0.01953125
2026-05-08T03:20,9,40,0.01953125,42,61,0.0,6.07468287207058,0.932016920725258,0.96337890625,1.0,0.01953125
2026-05-08T03:50,9,40,0.01953125,43,65,0.0,6.075020974984648,0.9319560836360541,0.96337890625,1.0,0.01953125
2026-05-08T04:20,8,40,0.01953125,44,74,0.0,6.075368897507851,0.9317968609916065,0.96337890625,1.0,0.01953125
2026-05-08T04:50,8,40,0.01953125,44,76,0.0,6.075664836736311,0.9316383460033565,0.96337890625,1.0,0.01953125
2026-05-08T05:20,8,40,0.01953125,44,76,0.0,6.075938523826577,0.9315787530072558,0.96337890625,1.0,0.01953125
2026-05-08T05:50,8,40,0.01953125,44,76,0.0,6.076218242488594,0.9315194236969783,0.96337890625,1.0,0.01953125
2026-05-08T06:20,9,40,0.01953125,44,76,0.0,6.076443055135689,0.9313625709212213,0.96337890625,1.0,0.01953125
2026-05-08T06:50,9,40,0.01953125,44,75,0.0,6.076570367804474,0.9311132741090201,0.96337890625,1.0,0.01953125
2026-05-08T07:20,10,40,0.01953125,44,70,0.0,6.076693577783236,0.9310553590115538,0.96337890625,1.0,0.01953125
2026-05-08T07:50,11,40,0.01953125,44,63,0.0,6.076719345504761,0.9309005558476668,0.96337890625,1.0,0.01953125
2026-05-08T08:20,12,40,0.01953125,44,63,0.0,6.0766911572588125,0.9309450174589304,0.96337890625,1.0,0.01953125
2026-05-08T08:50,13,40,0.01953125,44,62,0.0,6.076602156079846,0.9309892849146864,0.96337890625,1.0,0.01953125
2026-05-08T09:20,14,40,0.01953125,44,62,0.0,6.076508328112464,0.9311396350564843,0.96337890625,1.0,0.01953125
2026-05-08T09:50,15,40,0.01953125,43,61,0.0,6.076429614043501,0.9311832869633075,0.96337890625,1.0,0.01953125
2026-05-08T10:20,16,40,0.01953125,43,61,0.0,6.076345984982931,0.9313325639980943,0.96337890625,1.0,0.01953125
2026-05-08T10:50,16,40,0.01953125,42,61,0.0,6.076258034354165,0.9313756093405121,0.96337890625,1.0,0.01953125
2026-05-08T11:20,16,40,0.01953125,42,61,0.0,6.0761653031320355,0.9315238261669905,0.96337890625,1.0,0.01953125
2026-05-08T11:50,17,40,0.01953125,41,61,0.0,6.076068870489904,0.9315662737661891,0.96337890625,1.0,0.01953125
2026-05-08T12:20,17,40,0.01953125,41,61,0.0,6.075967782439285,0.9317134430699177,0.96337890625,1.0,0.01953125
2026-05-08T12:50,17,40,0.01953125,41,61,0.0,6.075854202767727,0.9317553015873538,0.96337890625,1.0,0.01953125
2026-05-08T13:20,17,40,0.01953125,41,61,0.0,6.075736183875592,0.9319014358451967,0.96337890625,1.0,0.01953125
2026-05-08T13:50,17,40,0.01953125,41,64,0.0,6.075586000595224,0.9319427137861153,0.96337890625,1.0,0.01953125
2026-05-08T14:20,18,40,0.01953125,41,69,0.0,6.07538848286904,0.9317903095270385,0.96337890625,1.0,0.01953125
2026-05-08T14:50,18,40,0.01953125,41,69,0.0,6.0751873333228605,0.9319354365280448,0.96337890625,1.0,0.01953125
2026-05-08T15:20,18,40,0.01953125,41,72,0.0,6.074969386422508,0.9319763793638559,0.96337890625,1.0,0.01953125
2026-05-08T15:50,18,40,0.01953125,41,72,0.0,6.074748028862704,0.9321204972041868,0.96337890625,1.0,0.01953125
2026-05-08T16:20,18,40,0.01953125,40,74,0.0,6.074486264414956,0.9320626566281988,0.96337890625,1.0,0.01953125
2026-05-08T16:50,18,40,0.01953125,40,76,0.0,6.074223595097047,0.932103071935302,0.96337890625,1.0,0.01953125
2026-05-08T17:20,18,40,0.01953125,40,76,0.0,6.073986567114819,0.932045511583358,0.96337890625,1.0,0.01953125
2026-05-08T17:50,18,40,0.01953125,40,76,0.0,6.073746378006971,0.932188273113645,0.96337890625,1.0,0.01953125
2026-05-08T19:20,16,40,0.01953125,40,77,0.0,6.073590516320234,0.9317059657477348,0.96337890625,1.0,0.01953125
2026-05-08T19:50,15,40,0.01953125,40,76,0.0,6.07354453881052,0.9314684675310697,0.96337890625,1.0,0.01953125
2026-05-08T20:20,15,40,0.01953125,40,76,0.0,6.073493838957753,0.9316115396239067,0.96337890625,1.0,0.01953125
2026-05-08T20:50,14,40,0.01953125,40,72,0.0,6.073483679621308,0.9316523895667633,0.96337890625,1.0,0.01953125
2026-05-08T21:20,13,40,0.01953125,40,72,0.0,6.0734685457311075,0.9317944843909489,0.96337890625,1.0,0.01953125
2026-05-08T21:50,13,40,0.01953125,40,70,0.0,6.073563136180558,0.931646498150053,0.96337890625,1.0,0.01953125
2026-05-08T22:20,13,40,0.01953125,40,68,0.0,6.073703194474223,0.9316870219886556,0.96337890625,1.0,0.01953125
2026-05-08T22:50,12,40,0.01953125,40,68,0.0,6.073837042662088,0.9318281645052079,0.96337890625,1.0,0.01953125
2026-05-08T23:20,13,40,0.01953125,40,63,0.0,6.074024057564941,0.9318681466653933,0.96337890625,1.0,0.01953125
2026-05-08T23:50,12,40,0.01953125,40,63,0.0,6.074204497109683,0.9320083356640242,0.96337890625,1.0,0.01953125
2026-05-09T00:20,12,40,0.01953125,40,60,0.0,6.074483779438176,0.9319523881673053,0.96337890625,1.0,0.01953125
2026-05-09T00:50,10,40,0.01953125,40,60,0.0,6.074755657605457,0.9320918299948313,0.96337890625,1.0,0.01953125
2026-05-09T01:20,10,40,0.01953125,40,60,0.0,6.075020224532625,0.9322307015081343,0.96337890625,1.0,0.01953125
2026-05-09T01:50,10,40,0.01953125,41,61,0.0,6.075275246993547,0.9322694541830057,0.96337890625,1.0,0.01953125
2026-05-09T02:20,11,40,0.01953125,41,61,0.0,6.075523164053305,0.9324073982681726,0.96337890625,1.0,0.01953125
2026-05-09T02:50,11,40,0.01953125,41,61,0.0,6.0757640643060995,0.932544781605026,0.96337890625,1.0,0.01953125
2026-05-09T03:20,10,40,0.01953125,42,63,0.0,6.076045269238357,0.9325826613830992,0.96337890625,1.0,0.01953125
2026-05-09T03:50,10,40,0.01953125,43,67,0.0,6.076335853029845,0.9325263440620036,0.96337890625,1.0,0.01953125
2026-05-09T04:20,10,40,0.01953125,44,75,0.0,6.076634814246597,0.9323807658240584,0.96337890625,1.0,0.01953125
2026-05-09T04:50,10,40,0.01953125,44,77,0.0,6.076887793436718,0.9322357745951372,0.96337890625,1.0,0.01953125
2026-05-09T05:20,9,40,0.01953125,44,76,0.0,6.077177477326948,0.9321804951789736,0.96337890625,1.0,0.01953125
2026-05-09T05:50,10,40,0.01953125,44,76,0.0,6.07741810893204,0.9321254377684975,0.96337890625,1.0,0.01953125
2026-05-09T06:20,10,40,0.01953125,44,76,0.0,6.077610540178239,0.9319818299098013,0.96337890625,1.0,0.01953125
2026-05-09T06:50,11,40,0.01953125,44,75,0.0,6.077717893049136,0.9317542298863454,0.96337890625,1.0,0.01953125
2026-05-09T07:20,11,40,0.01953125,44,70,0.0,6.07778478552969,0.9316119362464106,0.96337890625,1.0,0.01953125
2026-05-09T07:50,12,40,0.01953125,44,63,0.0,6.0778061524365725,0.9315584501279156,0.96337890625,1.0,0.01953125
2026-05-09T08:20,13,40,0.01953125,44,63,0.0,6.077780386086625,0.9315975377264587,0.96337890625,1.0,0.01953125
2026-05-09T08:50,14,40,0.01953125,44,62,0.0,6.077701413308003,0.9316364702154839,0.96337890625,1.0,0.01953125
2026-05-09T09:20,15,40,0.01953125,43,61,0.0,6.077635828466533,0.9316752485164337,0.96337890625,1.0,0.01953125
2026-05-09T09:50,16,40,0.01953125,43,61,0.0,6.077566110491184,0.9318102776695633,0.96337890625,1.0,0.01953125
2026-05-09T10:20,16,40,0.01953125,43,61,0.0,6.077492313307327,0.9319447741633117,0.96337890625,1.0,0.01953125
2026-05-09T10:50,17,40,0.01953125,42,61,0.0,6.0774149221604015,0.9319827165610121,0.96337890625,1.0,0.01953125
2026-05-09T11:20,18,40,0.01953125,42,61,0.0,6.077333553106244,0.9321163458015602,0.96337890625,1.0,0.01953125
2026-05-09T11:50,18,40,0.01953125,41,61,0.0,6.077249933530024,0.9321538029905672,0.96337890625,1.0,0.01953125
2026-05-09T12:20,18,40,0.01953125,41,61,0.0,6.077162422450087,0.9322865744132862,0.96337890625,1.0,0.01953125
2026-05-09T12:50,19,40,0.01953125,41,61,0.0,6.0770641158149505,0.9323235528073913,0.96337890625,1.0,0.01953125
2026-05-09T13:20,19,40,0.01953125,41,61,0.0,6.076962085346467,0.9324554757064023,0.96337890625,1.0,0.01953125
2026-05-09T13:50,19,40,0.01953125,41,64,0.0,6.076831277294608,0.9324919816139678,0.96337890625,1.0,0.01953125
2026-05-09T14:20,20,40,0.01953125,41,70,0.0,6.076657447721367,0.9323521236230263,0.96337890625,1.0,0.01953125
2026-05-09T14:50,20,40,0.01953125,41,70,0.0,6.076480551888278,0.9324832241586406,0.96337890625,1.0,0.01953125
2026-05-09T15:20,19,40,0.01953125,41,72,0.0,6.076288527987733,0.9325194645610323,0.96337890625,1.0,0.01953125
2026-05-09T15:50,20,40,0.01953125,41,72,0.0,6.076093615088444,0.9326497358649685,0.96337890625,1.0,0.01953125
2026-05-09T16:20,20,40,0.01953125,40,75,0.0,6.075862302351952,0.9325960020863499,0.96337890625,1.0,0.01953125
2026-05-09T16:50,19,40,0.01953125,40,77,0.0,6.0756304149376295,0.9326318165288667,0.96337890625,1.0,0.01953125
2026-05-09T17:20,18,40,0.01953125,40,77,0.0,6.0754210340365855,0.9325783234160702,0.96337890625,1.0,0.01953125
2026-05-09T17:50,18,40,0.01953125,40,77,0.0,6.075208966397052,0.9327074837160394,0.96337890625,1.0,0.01953125
2026-05-09T18:20,18,40,0.01953125,40,77,0.0,6.075035882805619,0.9327428795639918,0.96337890625,1.0,0.01953125
2026-05-09T18:50,17,40,0.01953125,40,77,0.0,6.074868962383456,0.9326894807571176,0.96337890625,1.0,0.01953125
2026-05-09T19:20,17,40,0.01953125,40,77,0.0,6.0747236577782235,0.9324713709236409,0.96337890625,1.0,0.01953125
2026-05-09T19:50,16,40,0.01953125,40,76,0.0,6.0746751516994495,0.9322540904051202,0.96337890625,1.0,0.01953125
2026-05-09T20:20,15,40,0.01953125,40,76,0.0,6.074622796110937,0.9323826405182035,0.96337890625,1.0,0.01953125
2026-05-09T20:50,15,40,0.01953125,40,72,0.0,6.074606829925492,0.9324183164115311,0.96337890625,1.0,0.01953125
2026-05-09T21:20,14,40,0.01953125,40,72,0.0,6.074586802010371,0.9325460700667078,0.96337890625,1.0,0.01953125
2026-05-09T21:50,14,40,0.01953125,40,70,0.0,6.074620349268652,0.9324936471133024,0.96337890625,1.0,0.01953125
2026-05-09T22:20,14,40,0.01953125,40,66,0.0,6.074738065781419,0.9324414216098157,0.96337890625,1.0,0.01953125
2026-05-09T22:50,13,40,0.01953125,40,66,0.0,6.0748507184440665,0.9325684114188199,0.96337890625,1.0,0.01953125
2026-05-09T23:20,13,40,0.01953125,40,61,0.0,6.075010668630267,0.9326034041032032,0.96337890625,1.0,0.01953125
2026-05-09T23:50,13,40,0.01953125,40,61,0.0,6.075165253444795,0.9327296149569425,0.96337890625,1.0,0.01953125
2026-05-10T00:20,12,40,0.01953125,40,61,0.0,6.0754081374881865,0.93267733886312,0.96337890625,1.0,0.01953125
2026-05-10T00:50,12,40,0.01953125,40,61,0.0,6.07564497748091,0.9328029408428531,0.96337890625,1.0,0.01953125
2026-05-10T01:20,11,40,0.01953125,40,61,0.0,6.075875842478413,0.9329280750312277,0.96337890625,1.0,0.01953125
2026-05-10T01:50,11,40,0.01953125,41,61,0.0,6.0760996468758295,0.9329620739850638,0.96337890625,1.0,0.01953125
2026-05-10T02:20,10,40,0.01953125,41,61,0.0,6.076317622511588,0.9330864486158893,0.96337890625,1.0,0.01953125
2026-05-10T02:50,10,40,0.01953125,42,62,0.0,6.076572402434034,0.9331200283632584,0.96337890625,1.0,0.01953125
2026-05-10T03:20,9,40,0.01953125,42,62,0.0,6.076821138071777,0.9332436512313484,0.96337890625,1.0,0.01953125
2026-05-10T03:50,10,40,0.01953125,43,67,0.0,6.077078967181122,0.9331911018836188,0.96337890625,1.0,0.01953125
2026-05-10T04:20,10,40,0.01953125,44,75,0.0,6.0773453467941385,0.9330571682084723,0.96337890625,1.0,0.01953125
2026-05-10T04:50,10,40,0.01953125,44,77,0.0,6.0775702583373645,0.9329237269365432,0.96337890625,1.0,0.01953125
2026-05-10T05:20,10,40,0.01953125,44,76,0.0,6.077780182054968,0.9327907753573552,0.96337890625,1.0,0.01953125
2026-05-10T05:50,10,40,0.01953125,44,76,0.0,6.077995600483422,0.9328245276226259,0.96337890625,1.0,0.01953125
2026-05-10T06:20,10,40,0.01953125,44,76,0.0,6.078168165617923,0.9326922435068242,0.96337890625,1.0,0.01953125
2026-05-10T06:50,10,40,0.01953125,44,75,0.0,6.078264428277034,0.9324832828766689,0.96337890625,1.0,0.01953125
2026-05-10T07:20,10,40,0.01953125,44,70,0.0,6.078359386704093,0.932432788563163,0.96337890625,1.0,0.01953125
2026-05-10T07:50,10,40,0.01953125,44,64,0.0,6.07842144144871,0.9323824778653427,0.96337890625,1.0,0.01953125
2026-05-10T08:20,11,40,0.01953125,44,63,0.0,6.078400136435357,0.9323323497834851,0.96337890625,1.0,0.01953125
2026-05-10T08:50,11,40,0.01953125,44,62,0.0,6.078331432133438,0.9323665656574193,0.96337890625,1.0,0.01953125
2026-05-10T09:20,12,40,0.01953125,44,62,0.0,6.078259359173563,0.932488868431999,0.96337890625,1.0,0.01953125
2026-05-10T09:50,12,40,0.01953125,43,61,0.0,6.0781991840251814,0.9325226782582863,0.96337890625,1.0,0.01953125
2026-05-10T10:20,12,40,0.01953125,43,61,0.0,6.078135576036966,0.9326442590181813,0.96337890625,1.0,0.01953125
2026-05-10T10:50,12,40,0.01953125,43,61,0.0,6.078068576025474,0.9327654024372133,0.96337890625,1.0,0.01953125
2026-05-10T11:20,12,40,0.01953125,42,61,0.0,6.077998581400848,0.9327985336935111,0.96337890625,1.0,0.01953125
2026-05-10T11:50,12,40,0.01953125,41,61,0.0,6.077926670496387,0.9328315461997864,0.96337890625,1.0,0.01953125
2026-05-10T12:20,12,40,0.01953125,41,61,0.0,6.077851471219803,0.932951704435565,0.96337890625,1.0,0.01953125
2026-05-10T12:50,12,40,0.01953125,41,61,0.0,6.077766194772358,0.93298432552085,0.96337890625,1.0,0.01953125
2026-05-10T13:20,12,40,0.01953125,41,61,0.0,6.077677767749154,0.9331037830511159,0.96337890625,1.0,0.01953125
2026-05-10T13:50,12,40,0.01953125,41,63,0.0,6.07756321602431,0.9331360174446104,0.96337890625,1.0,0.01953125
2026-05-10T14:20,12,40,0.01953125,41,66,0.0,6.077435196198905,0.9330856193759023,0.96337890625,1.0,0.01953125
2026-05-10T14:50,12,40,0.01953125,41,70,0.0,6.077277531504927,0.9331177716681348,0.96337890625,1.0,0.01953125
2026-05-10T15:20,12,40,0.01953125,41,71,0.0,6.07710574716268,0.9331498101469436,0.96337890625,1.0,0.01953125
2026-05-10T15:50,12,40,0.01953125,41,71,0.0,6.076931511497259,0.9332679200230092,0.96337890625,1.0,0.01953125
2026-05-10T16:20,12,40,0.01953125,40,74,0.0,6.07672302106877,0.9332176448638185,0.96337890625,1.0,0.01953125
2026-05-10T16:50,12,40,0.01953125,40,76,0.0,6.076513820383192,0.9332493382922188,0.96337890625,1.0,0.01953125
2026-05-10T17:20,12,40,0.01953125,40,76,0.0,6.076323456958587,0.9331992725039406,0.96337890625,1.0,0.01953125
2026-05-10T17:50,13,40,0.01953125,40,76,0.0,6.076130829364225,0.9333164667627056,0.96337890625,1.0,0.01953125
2026-05-10T18:20,12,40,0.01953125,40,77,0.0,6.075980979057251,0.9332664587732121,0.96337890625,1.0,0.01953125
2026-05-10T18:50,12,40,0.01953125,40,77,0.0,6.075854782700839,0.9331391836989213,0.96337890625,1.0,0.01953125
2026-05-10T19:20,12,40,0.01953125,40,77,0.0,6.075715527598631,0.9330896596519108,0.96337890625,1.0,0.01953125
2026-05-10T19:50,12,40,0.01953125,40,77,0.0,6.075628627310639,0.9329631360571847,0.96337890625,1.0,0.01953125
2026-05-10T20:20,11,40,0.01953125,40,76,0.0,6.075575891768377,0.9329948862765551,0.96337890625,1.0,0.01953125
2026-05-10T20:50,11,40,0.01953125,40,72,0.0,6.07555631332151,0.9330265262521082,0.96337890625,1.0,0.01953125
2026-05-10T21:20,10,40,0.01953125,40,70,0.0,6.075572702443704,0.9329775407729225,0.96337890625,1.0,0.01953125
2026-05-10T21:50,9,40,0.01953125,40,69,0.0,6.075635711605106,0.933009101277113,0.96337890625,1.0,0.01953125
2026-05-10T22:20,9,40,0.01953125,40,66,0.0,6.075735244989522,0.9330405527640182,0.96337890625,1.0,0.01953125
2026-05-10T22:50,8,40,0.01953125,40,66,0.0,6.075830577999143,0.9331560000868389,0.96337890625,1.0,0.01953125
2026-05-10T23:20,8,40,0.01953125,40,61,0.0,6.075968133586155,0.9331870904691248,0.96337890625,1.0,0.01953125
2026-05-10T23:50,7,40,0.01953125,40,58,0.0,6.076167129924927,0.9332180740116095,0.96337890625,1.0,0.01953125
2026-05-11T00:20,7,40,0.01953125,40,61,0.0,6.076379448074152,0.9332489512640685,0.96337890625,1.0,0.01953125
2026-05-11T00:50,7,40,0.01953125,40,61,0.0,6.07658675462274,0.9333632510050546,0.96337890625,1.0,0.01953125
2026-05-11T01:20,6,40,0.01953125,40,61,0.0,6.076789102118252,0.9334771599776955,0.96337890625,1.0,0.01953125
2026-05-11T01:50,6,40,0.01953125,41,61,0.0,6.076985897386812,0.933507437029261,0.96337890625,1.0,0.01953125
2026-05-11T02:20,6,40,0.01953125,41,61,0.0,6.077177842352646,0.9336207122643049,0.96337890625,1.0,0.01953125
2026-05-11T02:50,6,40,0.01953125,41,61,0.0,6.077364987617389,0.9337336022094336,0.96337890625,1.0,0.01953125
2026-05-11T03:20,5,40,0.01953125,42,63,0.0,6.077585484343763,0.93376328966272,0.96337890625,1.0,0.01953125
2026-05-11T03:50,5,40,0.01953125,43,63,0.0,6.077837374756385,0.9337928764805715,0.96337890625,1.0,0.01953125
2026-05-11T04:20,5,40,0.01953125,43,75,0.0,6.078075198719619,0.9335972570925872,0.96337890625,1.0,0.01953125
2026-05-11T04:50,5,40,0.01953125,44,77,0.0,6.078275509806349,0.9335485487271636,0.96337890625,1.0,0.01953125
2026-05-11T05:20,5,40,0.01953125,44,77,0.0,6.078470754746841,0.9335783479910219,0.96337890625,1.0,0.01953125
2026-05-11T05:50,6,40,0.01953125,44,76,0.0,6.07866349684002,0.9333840777388178,0.96337890625,1.0,0.01953125
2026-05-11T06:20,7,40,0.01953125,44,77,0.0,6.0788320477079285,0.9334140532589125,0.96337890625,1.0,0.01953125
2026-05-11T06:50,8,40,0.01953125,44,76,0.0,6.078953263614006,0.9332207105826086,0.96337890625,1.0,0.01953125
2026-05-11T07:20,8,40,0.01953125,44,72,0.0,6.0790558569321975,0.9330988419154335,0.96337890625,1.0,0.01953125
2026-05-11T07:50,9,40,0.01953125,44,66,0.0,6.079114534872504,0.9329773808357741,0.96337890625,1.0,0.01953125
2026-05-11T08:20,10,40,0.01953125,44,64,0.0,6.079098785909266,0.9329302765351499,0.96337890625,1.0,0.01953125
2026-05-11T08:50,10,40,0.01953125,44,64,0.0,6.0790403281442495,0.9329607585945833,0.96337890625,1.0,0.01953125
2026-05-11T09:20,10,40,0.01953125,44,64,0.0,6.07897898341088,0.9330723047533278,0.96337890625,1.0,0.01953125
2026-05-11T09:50,9,40,0.01953125,43,63,0.0,6.078928673086935,0.9331024496161878,0.96337890625,1.0,0.01953125
2026-05-11T10:20,9,40,0.01953125,43,63,0.0,6.078875417560268,0.9332133908274379,0.96337890625,1.0,0.01953125
2026-05-11T10:50,10,40,0.01953125,43,63,0.0,6.078819248983557,0.9333239646836838,0.96337890625,1.0,0.01953125
2026-05-11T11:20,10,40,0.01953125,42,63,0.0,6.078760501252586,0.9333535441010582,0.96337890625,1.0,0.01953125
2026-05-11T11:50,10,40,0.01953125,42,63,0.0,6.078736142664513,0.9333830258965928,0.96337890625,1.0,0.01953125
2026-05-11T12:20,10,40,0.01953125,41,63,0.0,6.078672997083086,0.9334124105527685,0.96337890625,1.0,0.01953125
2026-05-11T12:50,9,40,0.01953125,41,63,0.0,6.07860705047259,0.9335219296143592,0.96337890625,1.0,0.01953125
2026-05-11T13:20,8,40,0.01953125,41,63,0.0,6.078531966305257,0.9335509896842785,0.96337890625,1.0,0.01953125
2026-05-11T13:50,9,40,0.01953125,41,65,0.0,6.078432776607019,0.93357995447528,0.96337890625,1.0,0.01953125
2026-05-11T14:20,10,40,0.01953125,41,67,0.0,6.078320253521083,0.9335327890911335,0.96337890625,1.0,0.01953125
2026-05-11T14:50,10,40,0.01953125,41,70,0.0,6.078180640208661,0.9335616889654863,0.96337890625,1.0,0.01953125
2026-05-11T15:20,10,40,0.01953125,41,71,0.0,6.078027563633953,0.9335904945498741,0.96337890625,1.0,0.01953125
2026-05-11T15:50,10,40,0.01953125,41,71,0.0,6.077872365835607,0.9336986533535387,0.96337890625,1.0,0.01953125
2026-05-11T16:20,11,40,0.01953125,40,74,0.0,6.077684663207464,0.9336516017298125,0.96337890625,1.0,0.01953125
2026-05-11T16:50,12,40,0.01953125,40,76,0.0,6.077495807265682,0.9336801210649835,0.96337890625,1.0,0.01953125
2026-05-11T17:20,11,40,0.01953125,40,76,0.0,6.077322749820565,0.9336332519948003,0.96337890625,1.0,0.01953125
2026-05-11T17:50,11,40,0.01953125,40,76,0.0,6.077147747761961,0.9337406415546793,0.96337890625,1.0,0.01953125
2026-05-11T18:20,12,40,0.01953125,40,77,0.0,6.07701024836223,0.9336938261479059,0.96337890625,1.0,0.01953125
2026-05-11T18:50,12,40,0.01953125,40,77,0.0,6.076892108115602,0.9335757153255366,0.96337890625,1.0,0.01953125
2026-05-11T19:20,11,40,0.01953125,40,77,0.0,6.076751762308138,0.9334579848922894,0.96337890625,1.0,0.01953125
2026-05-11T19:50,11,40,0.01953125,40,77,0.0,6.076667370690855,0.933411849715231,0.96337890625,1.0,0.01953125
2026-05-11T20:20,10,40,0.01953125,40,76,0.0,6.076614185273688,0.9334404334431281,0.96337890625,1.0,0.01953125
2026-05-11T20:50,10,40,0.01953125,40,72,0.0,6.076591065662118,0.9334689255565127,0.96337890625,1.0,0.01953125
2026-05-11T21:20,9,40,0.01953125,40,70,0.0,6.076595825040747,0.9334973264951346,0.96337890625,1.0,0.01953125
2026-05-11T21:50,9,40,0.01953125,40,69,0.0,6.076649890676189,0.9334514232655287,0.96337890625,1.0,0.01953125
2026-05-11T22:20,9,40,0.01953125,40,66,0.0,6.076732694877019,0.9334797615253846,0.96337890625,1.0,0.01953125
2026-05-11T22:50,8,40,0.01953125,40,66,0.0,6.076811976748671,0.9335856854720002,0.96337890625,1.0,0.01953125
2026-05-11T23:20,8,40,0.01953125,40,61,0.0,6.076929367957193,0.9336137201726727,0.96337890625,1.0,0.01953125
2026-05-11T23:50,8,40,0.01953125,40,58,0.0,6.0771026732127496,0.9336416658742958,0.96337890625,1.0,0.01953125
2026-05-12T00:20,7,40,0.01953125,40,59,0.0,6.077288092724267,0.9336695230000024,0.96337890625,1.0,0.01953125
2026-05-12T00:50,7,40,0.01953125,40,59,0.0,6.077469307296555,0.9337744762863948,0.96337890625,1.0,0.01953125
2026-05-12T01:20,7,40,0.01953125,40,59,0.0,6.07764635768202,0.933879097966827,0.96337890625,1.0,0.01953125
2026-05-12T01:50,7,40,0.01953125,41,61,0.0,6.077819009785451,0.9339064487779125,0.96337890625,1.0,0.01953125
2026-05-12T02:20,5,40,0.01953125,41,61,0.0,6.077987580027733,0.9340105331105457,0.96337890625,1.0,0.01953125
2026-05-12T02:50,6,40,0.01953125,42,62,0.0,6.078186804308719,0.9340375912537605,0.96337890625,1.0,0.01953125
2026-05-12T03:20,5,40,0.01953125,42,62,0.0,6.0783817856580145,0.9341411429158426,0.96337890625,1.0,0.01953125
2026-05-12T03:50,5,40,0.01953125,43,63,0.0,6.078605618075741,0.9341679115197284,0.96337890625,1.0,0.01953125
2026-05-12T04:20,5,40,0.01953125,43,75,0.0,6.078817515671179,0.9339863996365706,0.96337890625,1.0,0.01953125
2026-05-12T04:50,5,40,0.01953125,44,77,0.0,6.078994970141354,0.933940736363329,0.96337890625,1.0,0.01953125
2026-05-12T05:20,5,40,0.01953125,44,77,0.0,6.0791683630591455,0.9339676923318654,0.96337890625,1.0,0.01953125
2026-05-12T05:50,5,40,0.01953125,44,76,0.0,6.0793813713525084,0.9338532023380136,0.96337890625,1.0,0.01953125
2026-05-12T06:20,5,40,0.01953125,44,76,0.0,6.079549828448879,0.9338802105959563,0.96337890625,1.0,0.01953125
2026-05-12T06:50,6,40,0.01953125,44,76,0.0,6.079658899011016,0.9336378155139405,0.96337890625,1.0,0.01953125
2026-05-12T07:20,8,40,0.01953125,44,70,0.0,6.0797580749657625,0.9334588139676891,0.96337890625,1.0,0.01953125
2026-05-12T07:50,9,40,0.01953125,44,66,0.0,6.079812772711664,0.9334143915076183,0.96337890625,1.0,0.01953125
2026-05-12T08:20,10,40,0.01953125,44,65,0.0,6.079800490214897,0.9333701063658166,0.96337890625,1.0,0.01953125
2026-05-12T08:50,11,40,0.01953125,44,64,0.0,6.079749379564805,0.9333976517451829,0.96337890625,1.0,0.01953125
2026-05-12T09:20,12,40,0.01953125,44,64,0.0,6.079695773294804,0.933500274777933,0.96337890625,1.0,0.01953125
2026-05-12T09:50,12,40,0.01953125,43,63,0.0,6.079652463690517,0.9335275351431901,0.96337890625,1.0,0.01953125
2026-05-12T10:20,13,40,0.01953125,43,63,0.0,6.079606605491002,0.9336296433841376,0.96337890625,1.0,0.01953125
2026-05-12T10:50,14,40,0.01953125,42,63,0.0,6.07955848372446,0.9336566217105349,0.96337890625,1.0,0.01953125
2026-05-12T11:20,14,40,0.01953125,42,63,0.0,6.079507862513315,0.9337582195333365,0.96337890625,1.0,0.01953125
2026-05-12T11:50,14,40,0.01953125,41,63,0.0,6.079456293184197,0.9337849187575898,0.96337890625,1.0,0.01953125
2026-05-12T12:20,15,40,0.01953125,41,63,0.0,6.079402262847284,0.9338860104846775,0.96337890625,1.0,0.01953125
2026-05-12T12:50,16,40,0.01953125,41,63,0.0,6.079339551224696,0.9339124335055776,0.96337890625,1.0,0.01953125
2026-05-12T13:20,15,40,0.01953125,41,63,0.0,6.079274475111524,0.9340130234089177,0.96337890625,1.0,0.01953125
2026-05-12T13:50,15,40,0.01953125,41,65,0.0,6.079187182189204,0.9340391730879242,0.96337890625,1.0,0.01953125
2026-05-12T14:20,15,40,0.01953125,41,69,0.0,6.07906371610209,0.9339275280851792,0.96337890625,1.0,0.01953125
2026-05-12T14:50,17,40,0.01953125,41,69,0.0,6.078938292690551,0.9340276378911108,0.96337890625,1.0,0.01953125
2026-05-12T15:20,16,40,0.01953125,41,72,0.0,6.078800034100222,0.9340536467781063,0.96337890625,1.0,0.01953125
2026-05-12T15:50,16,40,0.01953125,41,72,0.0,6.07865992610992,0.9341532636258735,0.96337890625,1.0,0.01953125
2026-05-12T16:20,15,40,0.01953125,40,74,0.0,6.07848894281169,0.9341089327678584,0.96337890625,1.0,0.01953125
2026-05-12T16:50,16,40,0.01953125,40,76,0.0,6.078316501527677,0.934134701712779,0.96337890625,1.0,0.01953125
2026-05-12T17:20,15,40,0.01953125,40,77,0.0,6.078157478577535,0.934090532093304,0.96337890625,1.0,0.01953125
2026-05-12T17:50,15,40,0.01953125,40,77,0.0,6.077996770806371,0.9341894952583291,0.96337890625,1.0,0.01953125
2026-05-12T18:20,15,40,0.01953125,40,77,0.0,6.07786915077857,0.9341453759322476,0.96337890625,1.0,0.01953125
2026-05-12T18:50,13,40,0.01953125,40,77,0.0,6.077757710802672,0.9340350761423476,0.96337890625,1.0,0.01953125
2026-05-12T19:20,13,40,0.01953125,40,77,0.0,6.077624474287254,0.9339251060977087,0.96337890625,1.0,0.01953125
2026-05-12T19:50,14,40,0.01953125,40,76,0.0,6.077573249964619,0.9338154643218601,0.96337890625,1.0,0.01953125
2026-05-12T20:20,14,40,0.01953125,40,76,0.0,6.077519729284458,0.9339140999935116,0.96337890625,1.0,0.01953125
2026-05-12T20:50,14,40,0.01953125,40,73,0.0,6.077493578321027,0.933939852095002,0.96337890625,1.0,0.01953125
2026-05-12T21:20,13,40,0.01953125,40,73,0.0,6.077464998201987,0.9340380098184864,0.96337890625,1.0,0.01953125
2026-05-12T21:50,13,40,0.01953125,40,72,0.0,6.077508211058846,0.9339288512227306,0.96337890625,1.0,0.01953125
2026-05-12T22:20,13,40,0.01953125,40,69,0.0,6.0775776608505225,0.9339544670167639,0.96337890625,1.0,0.01953125
2026-05-12T22:50,13,40,0.01953125,40,69,0.0,6.077644117157023,0.9340521675093426,0.96337890625,1.0,0.01953125
2026-05-12T23:20,13,40,0.01953125,40,65,0.0,6.077745273200942,0.9340775254778593,0.96337890625,1.0,0.01953125
2026-05-12T23:50,12,40,0.01953125,40,61,0.0,6.07789771149224,0.934102808644109,0.96337890625,1.0,0.01953125
2026-05-13T00:20,12,40,0.01953125,40,61,0.0,6.078061250165934,0.9341280173385874,0.96337890625,1.0,0.01953125
2026-05-13T00:50,11,40,0.01953125,40,61,0.0,6.078221213095816,0.9342248879013249,0.96337890625,1.0,0.01953125
2026-05-13T01:20,11,40,0.01953125,40,61,0.0,6.0783776324982695,0.9343214739690174,0.96337890625,1.0,0.01953125
2026-05-13T01:50,10,40,0.01953125,41,61,0.0,6.078530540256226,0.9343462511511672,0.96337890625,1.0,0.01953125
2026-05-13T02:20,9,40,0.01953125,41,61,0.0,6.07867996792346,0.93444237669853,0.96337890625,1.0,0.01953125
2026-05-13T02:50,9,40,0.01953125,42,63,0.0,6.078857738239867,0.9344669046744023,0.96337890625,1.0,0.01953125
2026-05-13T03:20,9,40,0.01953125,42,63,0.0,6.079031886697554,0.9345625734267025,0.96337890625,1.0,0.01953125
2026-05-13T03:50,10,40,0.01953125,43,67,0.0,6.079214629827253,0.9345191322187363,0.96337890625,1.0,0.01953125
2026-05-13T04:20,10,40,0.01953125,44,75,0.0,6.079405463084941,0.9344113388913133,0.96337890625,1.0,0.01953125
2026-05-13T04:50,10,40,0.01953125,44,77,0.0,6.079564665275502,0.9343038589165861,0.96337890625,1.0,0.01953125
2026-05-13T05:20,10,40,0.01953125,44,76,0.0,6.079752204306617,0.9342609823503237,0.96337890625,1.0,0.01953125
2026-05-13T05:50,10,40,0.01953125,44,76,0.0,6.079908407917913,0.9342182300639637,0.96337890625,1.0,0.01953125
2026-05-13T06:20,10,40,0.01953125,44,76,0.0,6.080043304579768,0.9341756015179405,0.96337890625,1.0,0.01953125
2026-05-13T06:50,11,40,0.01953125,44,76,0.0,6.080136371372379,0.9340079804437552,0.96337890625,1.0,0.01953125
2026-05-13T07:20,10,40,0.01953125,44,70,0.0,6.080227792479364,0.9339018579846432,0.96337890625,1.0,0.01953125
2026-05-13T07:50,11,40,0.01953125,44,65,0.0,6.080248990818027,0.9337960413539436,0.96337890625,1.0,0.01953125
2026-05-13T08:20,11,40,0.01953125,44,65,0.0,6.080239081649017,0.9338211110961612,0.96337890625,1.0,0.01953125
2026-05-13T08:50,12,40,0.01953125,44,64,0.0,6.080193600152773,0.9338461087988896,0.96337890625,1.0,0.01953125
2026-05-13T09:20,12,40,0.01953125,44,64,0.0,6.080145941424631,0.9339410211248597,0.96337890625,1.0,0.01953125
2026-05-13T09:50,12,40,0.01953125,43,63,0.0,6.080107936850982,0.9339657754100605,0.96337890625,1.0,0.01953125
2026-05-13T10:20,13,40,0.01953125,43,63,0.0,6.080067706813376,0.9340602449731362,0.96337890625,1.0,0.01953125
2026-05-13T10:50,10,40,0.01953125,43,63,0.0,6.080025272199096,0.9341544446231747,0.96337890625,1.0,0.01953125
2026-05-13T11:20,9,40,0.01953125,42,63,0.0,6.079980877068579,0.9341787885141475,0.96337890625,1.0,0.01953125
2026-05-13T11:50,12,40,0.01953125,41,63,0.0,6.079935865020376,0.9342030630493054,0.96337890625,1.0,0.01953125
2026-05-13T12:20,12,40,0.01953125,41,63,0.0,6.079888697185974,0.934296657554214,0.96337890625,1.0,0.01953125
2026-05-13T12:50,12,40,0.01953125,41,63,0.0,6.079833329719692,0.9343206957000109,0.96337890625,1.0,0.01953125
2026-05-13T13:20,11,40,0.01953125,41,63,0.0,6.079775889359998,0.9344138578337696,0.96337890625,1.0,0.01953125
2026-05-13T13:50,12,40,0.01953125,41,65,0.0,6.079697853383276,0.9344376618767745,0.96337890625,1.0,0.01953125
2026-05-13T14:20,12,40,0.01953125,41,67,0.0,6.0796072121653575,0.9343956876800067,0.96337890625,1.0,0.01953125
2026-05-13T14:50,9,40,0.01953125,41,70,0.0,6.079493166030204,0.9344194501440111,0.96337890625,1.0,0.01953125
2026-05-13T15:20,11,40,0.01953125,41,72,0.0,6.079367042619962,0.9344431455770873,0.96337890625,1.0,0.01953125
2026-05-13T15:50,10,40,0.01953125,41,72,0.0,6.079239293833168,0.9345354791748661,0.96337890625,1.0,0.01953125
2026-05-13T16:20,10,40,0.01953125,40,73,0.0,6.079082310136905,0.9344936035427802,0.96337890625,1.0,0.01953125
2026-05-13T16:50,11,40,0.01953125,40,76,0.0,6.078923914042573,0.9345170949875167,0.96337890625,1.0,0.01953125
2026-05-13T17:20,12,40,0.01953125,40,77,0.0,6.078777034617767,0.9344753626029086,0.96337890625,1.0,0.01953125
2026-05-13T17:50,9,40,0.01953125,40,77,0.0,6.078628680221701,0.9345671338037449,0.96337890625,1.0,0.01953125
2026-05-13T18:20,10,40,0.01953125,40,77,0.0,6.0785102837883125,0.9345254481687213,0.96337890625,1.0,0.01953125
2026-05-13T18:50,10,40,0.01953125,40,77,0.0,6.078405536514395,0.9344220119509984,0.96337890625,1.0,0.01953125
2026-05-13T19:20,10,40,0.01953125,40,77,0.0,6.078288489679938,0.9343806449953651,0.96337890625,1.0,0.01953125
2026-05-13T19:50,10,40,0.01953125,40,76,0.0,6.078210233292528,0.9342776985765401,0.96337890625,1.0,0.01953125
2026-05-13T20:20,10,40,0.01953125,40,75,0.0,6.078158346301316,0.9343012615996534,0.96337890625,1.0,0.01953125
2026-05-13T20:50,9,40,0.01953125,40,73,0.0,6.078131655999714,0.9343247591699252,0.96337890625,1.0,0.01953125
2026-05-13T21:20,9,40,0.01953125,40,71,0.0,6.078127745444452,0.9343481915596965,0.96337890625,1.0,0.01953125
2026-05-13T21:50,9,40,0.01953125,40,70,0.0,6.078164210981381,0.9343072133231345,0.96337890625,1.0,0.01953125
2026-05-13T22:20,9,40,0.01953125,40,68,0.0,6.078224786948666,0.9343306051611318,0.96337890625,1.0,0.01953125
2026-05-13T22:50,9,40,0.01953125,40,68,0.0,6.078282777604909,0.9344213087451634,0.96337890625,1.0,0.01953125
2026-05-13T23:20,9,40,0.01953125,40,64,0.0,6.078372799665672,0.9344444786809563,0.96337890625,1.0,0.01953125
2026-05-13T23:50,9,40,0.01953125,40,59,0.0,6.078510155132674,0.9344675847877252,0.96337890625,1.0,0.01953125
2026-05-14T00:20,8,40,0.01953125,40,61,0.0,6.078657735432757,0.9344906273288633,0.96337890625,1.0,0.01953125
2026-05-14T00:50,9,40,0.01953125,40,61,0.0,6.078802226881876,0.934580612730884,0.96337890625,1.0,0.01953125
2026-05-14T01:20,8,40,0.01953125,40,61,0.0,6.07894365547742,0.9346703512593738,0.96337890625,1.0,0.01953125
2026-05-14T01:50,8,40,0.01953125,41,61,0.0,6.07908225254893,0.9346930213428475,0.96337890625,1.0,0.01953125
2026-05-14T02:20,9,40,0.01953125,41,61,0.0,6.079217836598549,0.9347823605749367,0.96337890625,1.0,0.01953125
2026-05-14T02:50,9,40,0.01953125,42,63,0.0,6.07937954443898,0.9348048157001009,0.96337890625,1.0,0.01953125
2026-05-14T03:20,8,40,0.01953125,42,63,0.0,6.07953811534326,0.934893758652761,0.96337890625,1.0,0.01953125
2026-05-14T03:50,8,40,0.01953125,43,73,0.0,6.0797090008097285,0.9347923572326334,0.96337890625,1.0,0.01953125
2026-05-14T04:20,8,40,0.01953125,44,75,0.0,6.079883455046143,0.9347514994741698,0.96337890625,1.0,0.01953125
2026-05-14T04:50,8,40,0.01953125,44,77,0.0,6.080028308403615,0.9346505668883067,0.96337890625,1.0,0.01953125
2026-05-14T05:20,8,40,0.01953125,44,76,0.0,6.080199544720085,0.9346100123942411,0.96337890625,1.0,0.01953125
2026-05-14T05:50,8,40,0.01953125,44,76,0.0,6.080342060779756,0.9345695678039534,0.96337890625,1.0,0.01953125
2026-05-14T06:20,8,40,0.01953125,44,77,0.0,6.08046675066128,0.9345920981752541,0.96337890625,1.0,0.01953125
2026-05-14T06:50,8,40,0.01953125,44,76,0.0,6.080552217347835,0.9343801869314736,0.96337890625,1.0,0.01953125
2026-05-14T07:20,8,40,0.01953125,44,70,0.0,6.0806365179376085,0.9342804364987444,0.96337890625,1.0,0.01953125
2026-05-14T07:50,8,40,0.01953125,44,67,0.0,6.080684381388211,0.9342406541109589,0.96337890625,1.0,0.01953125
2026-05-14T08:20,8,40,0.01953125,44,66,0.0,6.080679486676342,0.9342009788090085,0.96337890625,1.0,0.01953125
2026-05-14T08:50,9,40,0.01953125,44,65,0.0,6.080638283990296,0.9342238531818394,0.96337890625,1.0,0.01953125
2026-05-14T09:20,9,40,0.01953125,44,65,0.0,6.080595167625881,0.9343121433117967,0.96337890625,1.0,0.01953125
2026-05-14T09:50,9,40,0.01953125,43,65,0.0,6.080561141454666,0.9343348073451524,0.96337890625,1.0,0.01953125
2026-05-14T10:20,9,40,0.01953125,43,65,0.0,6.08052515757094,0.934422712556203,0.96337890625,1.0,0.01953125
2026-05-14T10:50,10,40,0.01953125,43,65,0.0,6.080487233149879,0.9345103827265825,0.96337890625,1.0,0.01953125
2026-05-14T11:20,10,40,0.01953125,42,65,0.0,6.080447775388801,0.9345326913106526,0.96337890625,1.0,0.01953125
2026-05-14T11:50,9,40,0.01953125,42,65,0.0,6.080435758987977,0.9345549404051652,0.96337890625,1.0,0.01953125
2026-05-14T12:20,8,40,0.01953125,41,65,0.0,6.080393915111537,0.9345771302477617,0.96337890625,1.0,0.01953125
2026-05-14T12:50,9,40,0.01953125,41,65,0.0,6.080344309527702,0.9345992610748194,0.96337890625,1.0,0.01953125
2026-05-14T13:20,9,40,0.01953125,41,65,0.0,6.080292873795773,0.9346861146457692,0.96337890625,1.0,0.01953125
2026-05-14T13:50,9,40,0.01953125,41,67,0.0,6.080222247969871,0.9347080422287259,0.96337890625,1.0,0.01953125
2026-05-14T14:20,10,40,0.01953125,41,69,0.0,6.080139490409619,0.9346683784704917,0.96337890625,1.0,0.01953125
2026-05-14T14:50,12,40,0.01953125,41,71,0.0,6.080034965261687,0.934690271504519,0.96337890625,1.0,0.01953125
2026-05-14T15:20,12,40,0.01953125,41,73,0.0,6.079919159568033,0.9347121066969769,0.96337890625,1.0,0.01953125
2026-05-14T15:50,9,40,0.01953125,41,73,0.0,6.079801914268211,0.9347982384823371,0.96337890625,1.0,0.01953125
2026-05-14T16:20,9,40,0.01953125,40,74,0.0,6.079657042435294,0.9347586649201232,0.96337890625,1.0,0.01953125
2026-05-14T16:50,11,40,0.01953125,40,76,0.0,6.079510692414315,0.9347803239296953,0.96337890625,1.0,0.01953125
2026-05-14T17:20,11,40,0.01953125,40,77,0.0,6.079374317676008,0.9347408779123921,0.96337890625,1.0,0.01953125
2026-05-14T17:50,11,40,0.01953125,40,77,0.0,6.079236640787632,0.9348265198048956,0.96337890625,1.0,0.01953125
2026-05-14T18:20,9,40,0.01953125,40,77,0.0,6.0791262936041015,0.9347871166397015,0.96337890625,1.0,0.01953125
2026-05-14T18:50,10,40,0.01953125,40,77,0.0,6.079027554860789,0.9346898365345174,0.96337890625,1.0,0.01953125
2026-05-14T19:20,9,40,0.01953125,40,77,0.0,6.078916930666469,0.9346507150550761,0.96337890625,1.0,0.01953125
2026-05-14T19:50,10,40,0.01953125,40,76,0.0,6.0788423715115005,0.9345538670148986,0.96337890625,1.0,0.01953125
2026-05-14T20:20,9,40,0.01953125,40,73,0.0,6.078817357415159,0.9345150248216093,0.96337890625,1.0,0.01953125
2026-05-14T20:50,9,40,0.01953125,40,73,0.0,6.078790487260818,0.9346002917163728,0.96337890625,1.0,0.01953125
2026-05-14T21:20,9,40,0.01953125,40,71,0.0,6.07879439429959,0.9346219031864361,0.96337890625,1.0,0.01953125
2026-05-14T21:50,9,40,0.01953125,40,70,0.0,6.078821643796582,0.9345831239677028,0.96337890625,1.0,0.01953125
2026-05-14T22:20,9,40,0.01953125,40,68,0.0,6.078874668717966,0.9346047016437437,0.96337890625,1.0,0.01953125
2026-05-14T22:50,9,40,0.01953125,40,68,0.0,6.078925439996411,0.9346894105794382,0.96337890625,1.0,0.01953125
2026-05-14T23:20,9,40,0.01953125,40,64,0.0,6.07900585672126,0.9347107949282296,0.96337890625,1.0,0.01953125
2026-05-14T23:50,8,40,0.01953125,40,60,0.0,6.079130128484219,0.9347321240203058,0.96337890625,1.0,0.01953125
2026-05-15T00:20,8,40,0.01953125,40,61,0.0,6.079263876153119,0.9347533980695635,0.96337890625,1.0,0.01953125
2026-05-15T00:50,8,40,0.01953125,40,61,0.0,6.079394931562814,0.9348374787421543,0.96337890625,1.0,0.01953125
2026-05-15T01:20,8,40,0.01953125,40,61,0.0,6.079523315973178,0.9349213429908774,0.96337890625,1.0,0.01953125
2026-05-15T02:20,8,40,0.01953125,41,62,0.0,6.079649411464723,0.9349422917944817,0.96337890625,1.0,0.01953125
2026-05-15T02:50,8,40,0.01953125,42,64,0.0,6.079799637935302,0.9349631868142515,0.96337890625,1.0,0.01953125
2026-05-15T03:20,8,40,0.01953125,42,64,0.0,6.0799471034704595,0.9350465673439768,0.96337890625,1.0,0.01953125
2026-05-15T03:50,8,40,0.01953125,44,74,0.0,6.080105480958689,0.9349510725282728,0.96337890625,1.0,0.01953125
2026-05-15T04:20,7,40,0.01953125,44,75,0.0,6.080267208816519,0.9349124674544028,0.96337890625,1.0,0.01953125
2026-05-15T04:50,7,40,0.01953125,44,77,0.0,6.080400604983656,0.9348173878232721,0.96337890625,1.0,0.01953125
2026-05-15T05:20,7,40,0.01953125,44,76,0.0,6.080558455592664,0.9347790517479387,0.96337890625,1.0,0.01953125
2026-05-15T05:50,7,40,0.01953125,44,76,0.0,6.080689727723044,0.934740813344135,0.96337890625,1.0,0.01953125
2026-05-15T06:20,7,40,0.01953125,44,76,0.0,6.08081352471871,0.9347026722390686,0.96337890625,1.0,0.01953125
2026-05-15T06:50,8,40,0.01953125,44,76,0.0,6.080892002029133,0.9345546152453489,0.96337890625,1.0,0.01953125
2026-05-15T07:20,8,40,0.01953125,44,70,0.0,6.080969351735913,0.934460593038539,0.96337890625,1.0,0.01953125
2026-05-15T07:50,8,40,0.01953125,44,66,0.0,6.080987447109168,0.9343668091643191,0.96337890625,1.0,0.01953125
2026-05-15T08:20,9,40,0.01953125,44,66,0.0,6.080982104175429,0.9343881416998011,0.96337890625,1.0,0.01953125
2026-05-15T08:50,9,40,0.01953125,44,65,0.0,6.080942936365193,0.9344094202971404,0.96337890625,1.0,0.01953125
2026-05-15T09:20,10,40,0.01953125,44,65,0.0,6.080902077325206,0.934492236685654,0.96337890625,1.0,0.01953125
2026-05-15T09:50,10,40,0.01953125,43,65,0.0,6.080869656286884,0.9345133303496004,0.96337890625,1.0,0.01953125
2026-05-15T10:20,10,40,0.01953125,43,65,0.0,6.080835504646473,0.9345958072635178,0.96337890625,1.0,0.01953125
2026-05-15T10:50,10,40,0.01953125,43,65,0.0,6.080799636685956,0.9346780766883435,0.96337890625,1.0,0.01953125
2026-05-15T11:20,10,40,0.01953125,42,65,0.0,6.0807625827715155,0.9346988573862164,0.96337890625,1.0,0.01953125
2026-05-15T11:50,12,40,0.01953125,41,65,0.0,6.080725204605534,0.9347195859367923,0.96337890625,1.0,0.01953125
2026-05-15T12:20,11,40,0.01953125,41,65,0.0,6.080686140426557,0.9348013909669466,0.96337890625,1.0,0.01953125
2026-05-15T12:50,12,40,0.01953125,41,65,0.0,6.080639708742302,0.934821939303903,0.96337890625,1.0,0.01953125
2026-05-15T13:20,12,40,0.01953125,41,65,0.0,6.080591653990947,0.9349034118797731,0.96337890625,1.0,0.01953125
2026-05-15T13:50,13,40,0.01953125,41,67,0.0,6.080525723084341,0.9349237815430881,0.96337890625,1.0,0.01953125
2026-05-15T14:20,13,40,0.01953125,41,69,0.0,6.0804482076021,0.9348861732179244,0.96337890625,1.0,0.01953125
2026-05-15T14:50,13,40,0.01953125,41,71,0.0,6.080350429960198,0.9349065136151564,0.96337890625,1.0,0.01953125
2026-05-15T15:20,13,40,0.01953125,41,73,0.0,6.080242169225858,0.9349268034143853,0.96337890625,1.0,0.01953125
2026-05-15T15:50,14,40,0.01953125,41,73,0.0,6.080132627724649,0.9350076396834357,0.96337890625,1.0,0.01953125
2026-05-15T16:20,14,40,0.01953125,40,74,0.0,6.079997096276895,0.9349701139577267,0.96337890625,1.0,0.01953125
2026-05-15T17:20,14,40,0.01953125,40,77,0.0,6.079870068598736,0.9348777905405288,0.96337890625,1.0,0.01953125
2026-05-15T17:50,14,40,0.01953125,40,77,0.0,6.07974187454533,0.9349583873344142,0.96337890625,1.0,0.01953125
2026-05-15T18:20,14,40,0.01953125,40,77,0.0,6.079638901775762,0.9349210616452021,0.96337890625,1.0,0.01953125
2026-05-15T18:50,13,40,0.01953125,40,77,0.0,6.079545919014903,0.934829140724997,0.96337890625,1.0,0.01953125
2026-05-15T19:20,13,40,0.01953125,40,77,0.0,6.079433547194359,0.9347374464901685,0.96337890625,1.0,0.01953125
2026-05-15T19:50,13,40,0.01953125,40,75,0.0,6.07938717609053,0.9346459781032092,0.96337890625,1.0,0.01953125
2026-05-15T20:20,13,40,0.01953125,40,73,0.0,6.079362342678004,0.9346663637539987,0.96337890625,1.0,0.01953125
2026-05-15T20:50,13,40,0.01953125,40,73,0.0,6.079335863027664,0.9347466262063894,0.96337890625,1.0,0.01953125
2026-05-15T21:20,12,40,0.01953125,40,71,0.0,6.079337986966342,0.9347668383364369,0.96337890625,1.0,0.01953125
2026-05-15T21:50,12,40,0.01953125,40,69,0.0,6.079387496052944,0.9346757823045037,0.96337890625,1.0,0.01953125
2026-05-15T22:20,12,40,0.01953125,40,69,0.0,6.079434995665074,0.9347557385073133,0.96337890625,1.0,0.01953125
2026-05-15T22:50,11,40,0.01953125,40,69,0.0,6.079480501039458,0.9348354992181847,0.96337890625,1.0,0.01953125
2026-05-15T23:20,11,40,0.01953125,40,65,0.0,6.079553894139832,0.9348555041180344,0.96337890625,1.0,0.01953125
2026-05-15T23:50,9,40,0.01953125,40,60,0.0,6.079668349704379,0.9348754602254455,0.96337890625,1.0,0.01953125
2026-05-16T00:20,10,40,0.01953125,40,62,0.0,6.07979167945555,0.9348953677187095,0.96337890625,1.0,0.01953125
2026-05-16T00:50,9,40,0.01953125,40,62,0.0,6.0799126253356395,0.9349745704343801,0.96337890625,1.0,0.01953125
2026-05-16T01:20,9,40,0.01953125,40,62,0.0,6.080031205115201,0.9350535806768657,0.96337890625,1.0,0.01953125
2026-05-16T01:50,9,40,0.01953125,41,62,0.0,6.08014807815828,0.9350731995257956,0.96337890625,1.0,0.01953125
2026-05-16T02:20,9,40,0.01953125,41,62,0.0,6.080262616292025,0.9351518986778855,0.96337890625,1.0,0.01953125
2026-05-16T02:50,9,40,0.01953125,42,64,0.0,6.080399583239633,0.9351713509944922,0.96337890625,1.0,0.01953125
2026-05-16T03:20,8,40,0.01953125,42,64,0.0,6.080534118961329,0.9352497411383925,0.96337890625,1.0,0.01953125
2026-05-16T03:50,8,40,0.01953125,44,74,0.0,6.080678712949021,0.9351594215431518,0.96337890625,1.0,0.01953125
2026-05-16T04:20,7,40,0.01953125,44,75,0.0,6.080826565185485,0.9351227538510153,0.96337890625,1.0,0.01953125
2026-05-16T04:50,7,40,0.01953125,44,77,0.0,6.080947924438373,0.9350328048900852,0.96337890625,1.0,0.01953125
2026-05-16T05:20,7,40,0.01953125,44,77,0.0,6.081092324188915,0.9349963778141187,0.96337890625,1.0,0.01953125
2026-05-16T05:50,7,40,0.01953125,44,77,0.0,6.0812123744802875,0.9349600383032387,0.96337890625,1.0,0.01953125
2026-05-16T06:20,7,40,0.01953125,44,76,0.0,6.0813319616690515,0.9349237860420847,0.96337890625,1.0,0.01953125
2026-05-16T06:50,8,40,0.01953125,44,76,0.0,6.081404203375151,0.9347838076633552,0.96337890625,1.0,0.01953125
2026-05-16T07:20,9,40,0.01953125,44,70,0.0,6.081475961138192,0.9346948032425357,0.96337890625,1.0,0.01953125
2026-05-16T07:50,9,40,0.01953125,44,67,0.0,6.08151689767454,0.9346589983400471,0.96337890625,1.0,0.01953125
2026-05-16T08:20,9,40,0.01953125,44,66,0.0,6.08151242767328,0.9346232789928808,0.96337890625,1.0,0.01953125
2026-05-16T08:50,10,40,0.01953125,44,65,0.0,6.081476526316604,0.9346430835671078,0.96337890625,1.0,0.01953125
2026-05-16T09:20,11,40,0.01953125,44,65,0.0,6.081439112431039,0.9347209821564199,0.96337890625,1.0,0.01953125
2026-05-16T09:50,12,40,0.01953125,43,65,0.0,6.081409711476917,0.9347406232636087,0.96337890625,1.0,0.01953125
2026-05-16T10:20,13,40,0.01953125,43,65,0.0,6.081378761799671,0.9348182206200135,0.96337890625,1.0,0.01953125
2026-05-16T10:50,13,40,0.01953125,42,65,0.0,6.081346889962012,0.9348376995886301,0.96337890625,1.0,0.01953125
2026-05-16T11:20,13,40,0.01953125,42,65,0.0,6.081313489751603,0.9349149976911346,0.96337890625,1.0,0.01953125
2026-05-16T11:50,14,40,0.01953125,41,65,0.0,6.081280100343016,0.9349343158362816,0.96337890625,1.0,0.01953125
2026-05-16T12:20,14,40,0.01953125,41,65,0.0,6.081245197172369,0.9350113166459428,0.96337890625,1.0,0.01953125
2026-05-16T12:50,14,40,0.01953125,41,65,0.0,6.081203415434576,0.9350304752695234,0.96337890625,1.0,0.01953125
2026-05-16T13:20,15,40,0.01953125,41,56,0.0,6.081185467503588,0.9350495886543235,0.96337890625,1.0,0.01953125
2026-05-16T13:50,14,40,0.01953125,41,67,0.0,6.081125419624133,0.9350686569603855,0.96337890625,1.0,0.01953125
2026-05-16T14:20,14,40,0.01953125,41,71,0.0,6.081036598763921,0.9349807847098776,0.96337890625,1.0,0.01953125
2026-05-16T14:50,14,40,0.01953125,41,71,0.0,6.08094656090878,0.9350572779043366,0.96337890625,1.0,0.01953125
2026-05-16T15:20,14,40,0.01953125,41,74,0.0,6.080846725982397,0.9350762699540319,0.96337890625,1.0,0.01953125
2026-05-16T15:50,14,40,0.01953125,41,74,0.0,6.0807457348857525,0.9351524715151188,0.96337890625,1.0,0.01953125
2026-05-16T16:20,14,40,0.01953125,40,74,0.0,6.080620198378793,0.9351168436525711,0.96337890625,1.0,0.01953125
2026-05-16T16:50,14,40,0.01953125,40,76,0.0,6.080493295581007,0.9351356992363447,0.96337890625,1.0,0.01953125
2026-05-16T17:20,14,40,0.01953125,40,77,0.0,6.0803743277115165,0.9351001743305263,0.96337890625,1.0,0.01953125
2026-05-16T17:50,14,40,0.01953125,40,77,0.0,6.080254315841592,0.9351759918838787,0.96337890625,1.0,0.01953125
2026-05-16T18:20,13,40,0.01953125,40,77,0.0,6.080157590089821,0.9351405028674002,0.96337890625,1.0,0.01953125
2026-05-16T18:50,13,40,0.01953125,40,77,0.0,6.080069468860084,0.9350534686172972,0.96337890625,1.0,0.01953125
2026-05-16T19:20,12,40,0.01953125,40,77,0.0,6.0799626828372455,0.934966637008056,0.96337890625,1.0,0.01953125
2026-05-16T19:50,12,40,0.01953125,40,75,0.0,6.0799176558108465,0.9348800073327898,0.96337890625,1.0,0.01953125
2026-05-16T20:20,12,40,0.01953125,40,73,0.0,6.079892580748437,0.9348989846903536,0.96337890625,1.0,0.01953125
2026-05-16T20:50,12,40,0.01953125,40,73,0.0,6.079866045169467,0.9349745079099703,0.96337890625,1.0,0.01953125
2026-05-16T21:20,12,40,0.01953125,40,71,0.0,6.079866004473851,0.934993331785156,0.96337890625,1.0,0.01953125
2026-05-16T21:50,12,40,0.01953125,40,71,0.0,6.079909575049163,0.9349070722764682,0.96337890625,1.0,0.01953125
2026-05-16T22:20,12,40,0.01953125,40,71,0.0,6.079951368313273,0.934982324216033,0.96337890625,1.0,0.01953125
2026-05-16T22:50,12,40,0.01953125,40,71,0.0,6.079991397003327,0.9350574023635896,0.96337890625,1.0,0.01953125
2026-05-16T23:20,12,40,0.01953125,40,62,0.0,6.0800977366980025,0.9350224594597814,0.96337890625,1.0,0.01953125
2026-05-16T23:50,12,40,0.01953125,40,62,0.0,6.080201995249777,0.9350973183774545,0.96337890625,1.0,0.01953125
2026-05-17T00:20,11,40,0.01953125,40,62,0.0,6.080314556914511,0.9351158709595231,0.96337890625,1.0,0.01953125
2026-05-17T00:50,12,40,0.01953125,40,62,0.0,6.08042501042905,0.9351904504181903,0.96337890625,1.0,0.01953125
2026-05-17T01:20,12,40,0.01953125,40,62,0.0,6.080533370642236,0.9352648586266654,0.96337890625,1.0,0.01953125
2026-05-17T01:50,12,40,0.01953125,41,62,0.0,6.080640367082351,0.9352831552477302,0.96337890625,1.0,0.01953125
2026-05-17T02:20,12,40,0.01953125,41,62,0.0,6.080745295464479,0.9353572867995655,0.96337890625,1.0,0.01953125
2026-05-17T02:50,11,40,0.01953125,42,64,0.0,6.080871457452293,0.9353754357988739,0.96337890625,1.0,0.01953125
2026-05-17T03:20,11,40,0.01953125,42,64,0.0,6.080995463973461,0.9354492924436753,0.96337890625,1.0,0.01953125
2026-05-17T03:50,11,40,0.01953125,43,69,0.0,6.081126242760268,0.9354142611791983,0.96337890625,1.0,0.01953125
2026-05-17T04:20,11,40,0.01953125,44,75,0.0,6.081263157650046,0.9353288003526304,0.96337890625,1.0,0.01953125
2026-05-17T04:50,11,40,0.01953125,44,77,0.0,6.081375146102329,0.935243534197649,0.96337890625,1.0,0.01953125
2026-05-17T05:20,11,40,0.01953125,44,76,0.0,6.081508972604608,0.935208856575993,0.96337890625,1.0,0.01953125
2026-05-17T05:50,11,40,0.01953125,44,76,0.0,6.08162044159075,0.9351742577671132,0.96337890625,1.0,0.01953125
2026-05-17T06:20,11,40,0.01953125,44,75,0.0,6.0817318623094705,0.9351397375026351,0.96337890625,1.0,0.01953125
2026-05-17T06:50,11,40,0.01953125,44,76,0.0,6.081799537611483,0.9350071321519312,0.96337890625,1.0,0.01953125
2026-05-17T07:20,11,40,0.01953125,44,70,0.0,6.081866968720809,0.9349227131079076,0.96337890625,1.0,0.01953125
2026-05-17T07:50,11,40,0.01953125,44,66,0.0,6.0818837664891765,0.9348384850571962,0.96337890625,1.0,0.01953125
2026-05-17T08:20,12,40,0.01953125,44,66,0.0,6.081880422758809,0.9348569946923804,0.96337890625,1.0,0.01953125
2026-04-27T07:20,9,40,0.01953125,75,70,0.02500000037252903,6.081943358051847,0.9347253071342421,0.96337890625,1.0,0.01953125
2026-04-27T07:50,10,40,0.01953125,44,67,0.0,6.081977794862387,0.9346915265227738,0.96337890625,1.0,0.01953125
2026-04-27T08:20,11,40,0.01953125,44,66,0.0,6.081988656457689,0.9347101391192517,0.96337890625,1.0,0.01953125
2026-04-27T08:50,12,40,0.01953125,44,65,0.0,6.081952463436866,0.9346764515665438,0.96337890625,1.0,0.01953125
2026-04-27T09:50,14,40,0.01953125,43,65,0.0,6.081924153762739,0.9346950392751152,0.96337890625,1.0,0.01953125
2026-04-27T10:50,16,40,0.01953125,42,65,0.0,6.081895014060665,0.9347135852604351,0.96337890625,1.0,0.01953125
2026-04-27T11:50,18,40,0.01953125,41,65,0.0,6.081866010241008,0.9347320896628282,0.96337890625,1.0,0.01953125
2026-04-27T12:50,18,40,0.01953125,41,65,0.0,6.081830277412425,0.9347505526219909,0.96337890625,1.0,0.01953125
2026-04-27T13:20,19,40,0.01953125,41,65,0.0,6.081793215638589,0.9348235385810267,0.96337890625,1.0,0.01953125
2026-04-27T13:50,19,40,0.01953125,41,68,0.0,6.081740131921744,0.934841858104618,0.96337890625,1.0,0.01953125
2026-04-27T14:50,20,40,0.01953125,41,71,0.0,6.081659059365041,0.9347588483481161,0.96337890625,1.0,0.01953125
2026-04-27T15:50,21,40,0.01953125,41,74,0.0,6.081568391280824,0.9347771991439322,0.96337890625,1.0,0.01953125
2026-04-27T16:50,20,40,0.01953125,40,74,0.0,6.081474127708332,0.9346944462676907,0.96337890625,1.0,0.01953125
2026-04-27T17:50,19,40,0.01953125,40,77,0.0,6.081364377911698,0.9346611508933794,0.96337890625,1.0,0.01953125
2026-04-27T18:50,18,40,0.01953125,40,77,0.0,6.081280429890501,0.9345317294125889,0.96337890625,1.0,0.01953125
2026-04-27T19:50,17,40,0.01953125,40,75,0.0,6.081236073476477,0.9342737892684844,0.96337890625,1.0,0.01953125
2026-04-27T20:50,16,40,0.01953125,40,74,0.0,6.08120994634159,0.9342925761009974,0.96337890625,1.0,0.01953125
2026-04-27T21:50,14,40,0.01953125,40,71,0.0,6.081228988542744,0.9342108181166984,0.96337890625,1.0,0.01953125
2026-04-27T22:50,14,40,0.01953125,40,70,0.0,6.081264962570397,0.9342296330437763,0.96337890625,1.0,0.01953125
2026-04-27T23:50,12,40,0.01953125,40,63,0.0,6.081361665941961,0.9341970720180505,0.96337890625,1.0,0.01953125
2026-04-28T00:50,10,40,0.01953125,40,62,0.0,6.081464786039346,0.9342158605833674,0.96337890625,1.0,0.01953125
2026-04-28T01:50,11,40,0.01953125,41,63,0.0,6.081565465094637,0.9342346077185512,0.96337890625,1.0,0.01953125
2026-04-28T02:50,10,40,0.01953125,42,65,0.0,6.081685357300311,0.9342533135604858,0.96337890625,1.0,0.01953125
2026-04-28T03:50,10,40,0.01953125,44,74,0.0,6.081808816543173,0.9341721384259627,0.96337890625,1.0,0.01953125
2026-04-28T04:50,9,40,0.01953125,44,77,0.0,6.081912660356939,0.9340002764911844,0.96337890625,1.0,0.01953125
2026-04-28T05:50,9,40,0.01953125,44,77,0.0,6.0820151256399075,0.9338731431670249,0.96337890625,1.0,0.01953125
2026-04-28T06:50,10,40,0.01953125,44,75,0.0,6.082071063506164,0.9336190362771208,0.96337890625,1.0,0.01953125
2026-04-28T07:50,10,40,0.01953125,44,67,0.0,6.0821025121879675,0.9334925990174328,0.96337890625,1.0,0.01953125
2026-04-28T08:50,10,40,0.01953125,44,67,0.0,6.0820867615247,0.9334611649974593,0.96337890625,1.0,0.01953125
2026-04-28T09:50,10,40,0.01953125,43,67,0.0,6.082058582293224,0.9334297996857266,0.96337890625,1.0,0.01953125
2026-04-28T10:50,10,40,0.01953125,42,67,0.0,6.082029360962904,0.9334492207692522,0.96337890625,1.0,0.01953125
2026-04-28T11:50,12,40,0.01953125,41,67,0.0,6.082000141732535,0.9334685994949073,0.96337890625,1.0,0.01953125
2026-04-28T12:50,14,40,0.01953125,41,67,0.0,6.081964179513881,0.9334879360011168,0.96337890625,1.0,0.01953125
2026-04-28T13:50,14,40,0.01953125,41,68,0.0,6.081912643866763,0.9335072304257023,0.96337890625,1.0,0.01953125
2026-04-28T14:50,16,40,0.01953125,41,75,0.0,6.081833839560792,0.9334278368233688,0.96337890625,1.0,0.01953125
2026-04-28T15:50,16,40,0.01953125,41,75,0.0,6.081745664834067,0.9334471546033599,0.96337890625,1.0,0.01953125
2026-04-28T16:50,16,40,0.01953125,40,77,0.0,6.0816460056469035,0.9333221379694971,0.96337890625,1.0,0.01953125
2026-04-28T17:50,15,40,0.01953125,40,77,0.0,6.081539224549461,0.9333415284074447,0.96337890625,1.0,0.01953125
2026-04-28T18:50,15,40,0.01953125,40,77,0.0,6.0814572823168636,0.9332168966864213,0.96337890625,1.0,0.01953125
2026-04-28T19:50,13,40,0.01953125,40,76,0.0,6.081413825306165,0.9329670704841381,0.96337890625,1.0,0.01953125
2026-04-28T20:50,12,40,0.01953125,40,75,0.0,6.081388074393019,0.9329867815443011,0.96337890625,1.0,0.01953125
2026-04-28T21:50,10,40,0.01953125,40,71,0.0,6.081423744275048,0.932862935844881,0.96337890625,1.0,0.01953125
2026-04-28T22:50,9,40,0.01953125,40,71,0.0,6.081457891975456,0.9329352818191861,0.96337890625,1.0,0.01953125
2026-04-28T23:50,9,40,0.01953125,40,64,0.0,6.081550882355229,0.9329049552561535,0.96337890625,1.0,0.01953125
2026-04-29T00:50,9,40,0.01953125,40,63,0.0,6.081650191574699,0.9329246483281309,0.96337890625,1.0,0.01953125
2026-04-29T01:50,9,40,0.01953125,41,63,0.0,6.081747314475039,0.9329442990949054,0.96337890625,1.0,0.01953125
2026-04-29T02:50,9,40,0.01953125,42,65,0.0,6.081863162177015,0.9329639076926525,0.96337890625,1.0,0.01953125
2026-04-29T03:50,9,40,0.01953125,44,74,0.0,6.081982352682925,0.9328862026643419,0.96337890625,1.0,0.01953125
2026-04-29T04:50,10,40,0.01953125,44,77,0.0,6.08208257674178,0.9327201336869473,0.96337890625,1.0,0.01953125
2026-04-29T05:50,10,40,0.01953125,44,77,0.0,6.082181686288583,0.9325976328147493,0.96337890625,1.0,0.01953125
2026-04-29T06:50,11,40,0.01953125,44,75,0.0,6.082235864015836,0.9323514042108603,0.96337890625,1.0,0.01953125
2026-04-29T07:50,12,40,0.01953125,44,67,0.0,6.082245773211998,0.9321864376938558,0.96337890625,1.0,0.01953125
2026-04-29T08:50,13,40,0.01953125,44,67,0.0,6.082211472049443,0.9321572004519241,0.96337890625,1.0,0.01953125
2026-04-29T09:50,14,40,0.01953125,43,67,0.0,6.082184370634747,0.9321775011034078,0.96337890625,1.0,0.01953125
2026-04-29T10:50,14,40,0.01953125,42,67,0.0,6.082156155071276,0.932197758562016,0.96337890625,1.0,0.01953125
2026-04-29T11:50,15,40,0.01953125,41,67,0.0,6.082127940121323,0.932217972965452,0.96337890625,1.0,0.01953125
2026-04-29T12:50,15,40,0.01953125,41,67,0.0,6.082093077095608,0.9322381444508336,0.96337890625,1.0,0.01953125
2026-04-29T13:50,15,40,0.01953125,41,68,0.0,6.082043064618105,0.9322582731546981,0.96337890625,1.0,0.01953125
2026-04-29T14:50,15,40,0.01953125,41,75,0.0,6.081966467342959,0.9321822210817368,0.96337890625,1.0,0.01953125
2026-04-29T15:50,15,40,0.01953125,41,75,0.0,6.081880714353905,0.9322023663633382,0.96337890625,1.0,0.01953125
2026-04-29T16:50,15,40,0.01953125,40,77,0.0,6.081783637723482,0.9320818372426389,0.96337890625,1.0,0.01953125
2026-04-29T17:50,15,40,0.01953125,40,77,0.0,6.081679634466173,0.9321020459807091,0.96337890625,1.0,0.01953125
2026-04-29T18:50,14,40,0.01953125,40,77,0.0,6.081601494313723,0.9319392566682588,0.96337890625,1.0,0.01953125
2026-04-29T19:50,14,40,0.01953125,40,76,0.0,6.0815587880547275,0.9317360861499387,0.96337890625,1.0,0.01953125
2026-04-29T20:50,13,40,0.01953125,40,76,0.0,6.081533294141789,0.9317565950194601,0.96337890625,1.0,0.01953125
2026-04-29T21:50,13,40,0.01953125,40,73,0.0,6.081550097593105,0.9316816302678929,0.96337890625,1.0,0.01953125
2026-04-29T22:50,12,40,0.01953125,40,71,0.0,6.0815826818854095,0.9317021532531107,0.96337890625,1.0,0.01953125
2026-04-29T23:50,12,40,0.01953125,40,64,0.0,6.081672509050062,0.9316738843669707,0.96337890625,1.0,0.01953125
2026-04-30T00:50,12,40,0.01953125,40,63,0.0,6.081768557121279,0.9316943724464553,0.96337890625,1.0,0.01953125
2026-04-30T01:50,12,40,0.01953125,41,63,0.0,6.0818626493822325,0.931714817618967,0.96337890625,1.0,0.01953125
2026-04-30T02:50,12,40,0.01953125,42,65,0.0,6.0819750007265805,0.9317352200191512,0.96337890625,1.0,0.01953125
2026-04-30T03:50,12,40,0.01953125,43,70,0.0,6.082091820276669,0.9317070347367508,0.96337890625,1.0,0.01953125
2026-04-30T04:50,11,40,0.01953125,44,77,0.0,6.082201400400948,0.9315060153213498,0.96337890625,1.0,0.01953125
2026-04-30T05:50,11,40,0.01953125,44,77,0.0,6.082297713662419,0.9313878461898173,0.96337890625,1.0,0.01953125
2026-04-30T06:50,12,40,0.01953125,44,75,0.0,6.082350663737282,0.9311490334954263,0.96337890625,1.0,0.01953125
2026-04-30T07:20,13,40,0.01953125,44,70,0.0,6.082405296388851,0.9311215755050688,0.96337890625,1.0,0.01953125
2026-04-30T07:50,13,40,0.01953125,44,67,0.0,6.082414165258486,0.9310481280422559,0.96337890625,1.0,0.01953125
2026-04-30T08:20,14,40,0.01953125,44,67,0.0,6.082421715326033,0.9311197291554,0.96337890625,1.0,0.01953125
2026-04-30T08:50,15,40,0.01953125,44,67,0.0,6.08238678724122,0.931092387013913,0.96337890625,1.0,0.01953125
2026-04-30T09:20,15,40,0.01953125,43,67,0.0,6.082359049246943,0.9311132441384531,0.96337890625,1.0,0.01953125
2026-04-30T09:50,14,40,0.01953125,43,67,0.0,6.082330146336334,0.9311845554799247,0.96337890625,1.0,0.01953125
2026-04-30T10:20,15,40,0.01953125,43,67,0.0,6.082300086406665,0.9312557193315484,0.96337890625,1.0,0.01953125
2026-04-30T10:50,15,40,0.01953125,42,67,0.0,6.0822693375357275,0.9312763430845067,0.96337890625,1.0,0.01953125
2026-04-30T11:20,15,40,0.01953125,42,67,0.0,6.082237444902875,0.9313472653310654,0.96337890625,1.0,0.01953125
2026-04-30T11:50,17,40,0.01953125,41,67,0.0,6.082206146902254,0.9313677521835025,0.96337890625,1.0,0.01953125
2026-04-30T12:20,16,40,0.01953125,41,67,0.0,6.082173711653616,0.9314384342100901,0.96337890625,1.0,0.01953125
2026-04-30T12:50,16,40,0.01953125,41,67,0.0,6.082135521409144,0.9314587851133668,0.96337890625,1.0,0.01953125
2026-04-30T13:20,17,40,0.01953125,41,63,0.0,6.082118459342079,0.9314790941853933,0.96337890625,1.0,0.01953125
2026-04-30T13:50,18,40,0.01953125,41,68,0.0,6.082065201755558,0.9314993615550132,0.96337890625,1.0,0.01953125
2026-04-30T14:20,18,40,0.01953125,41,71,0.0,6.081999640151412,0.931471938522405,0.96337890625,1.0,0.01953125
2026-04-30T14:50,18,40,0.01953125,41,75,0.0,6.0819217714795,0.9314921716921516,0.96337890625,1.0,0.01953125
2026-04-30T15:20,18,40,0.01953125,41,75,0.0,6.081835758833454,0.9315123634429222,0.96337890625,1.0,0.01953125
2026-04-30T15:50,18,40,0.01953125,41,75,0.0,6.081748863594493,0.9315823917011605,0.96337890625,1.0,0.01953125
2026-04-30T16:20,18,40,0.01953125,40,75,0.0,6.081658927470151,0.9315549959024484,0.96337890625,1.0,0.01953125
2026-04-30T16:50,19,40,0.01953125,40,77,0.0,6.081563174517864,0.9315276560135295,0.96337890625,1.0,0.01953125
2026-04-30T17:20,18,40,0.01953125,40,77,0.0,6.081466593017014,0.9315974545293159,0.96337890625,1.0,0.01953125
2026-04-30T17:50,18,40,0.01953125,40,77,0.0,6.081364235811879,0.9316174362580997,0.96337890625,1.0,0.01953125
2026-04-30T18:20,17,40,0.01953125,40,77,0.0,6.081282305363331,0.9315901162870965,0.96337890625,1.0,0.01953125
2026-04-30T18:50,17,40,0.01953125,40,77,0.0,6.081205169835814,0.9315628518444896,0.96337890625,1.0,0.01953125
2026-04-30T19:20,16,40,0.01953125,40,77,0.0,6.081121721062362,0.9314906714022912,0.96337890625,1.0,0.01953125
2026-04-30T19:50,16,40,0.01953125,40,75,0.0,6.081085371326003,0.9313757537012562,0.96337890625,1.0,0.01953125
2026-04-30T20:20,15,40,0.01953125,40,75,0.0,6.081047964633578,0.9314452818130078,0.96337890625,1.0,0.01953125
2026-04-30T20:50,14,40,0.01953125,40,74,0.0,6.081027871837879,0.9314652962162285,0.96337890625,1.0,0.01953125
2026-04-30T21:20,14,40,0.01953125,40,74,0.0,6.081006661614612,0.9315345931866874,0.96337890625,1.0,0.01953125
2026-04-30T21:50,14,40,0.01953125,40,72,0.0,6.081028254327147,0.9314628058362756,0.96337890625,1.0,0.01953125
2026-04-30T22:20,13,40,0.01953125,40,71,0.0,6.081065630229973,0.9314827419678183,0.96337890625,1.0,0.01953125
2026-04-30T22:50,13,40,0.01953125,40,71,0.0,6.081101657236175,0.9315518117843832,0.96337890625,1.0,0.01953125
2026-04-30T23:20,13,40,0.01953125,40,67,0.0,6.0811599527908555,0.9315716181292077,0.96337890625,1.0,0.01953125
2026-04-30T23:50,12,40,0.01953125,40,65,0.0,6.081250869765093,0.9315913846222317,0.96337890625,1.0,0.01953125
2026-05-01T00:20,11,40,0.01953125,40,64,0.0,6.081348478864976,0.9316111113836114,0.96337890625,1.0,0.01953125
2026-05-01T00:50,12,40,0.01953125,40,64,0.0,6.0814444826966865,0.931679774926399,0.96337890625,1.0,0.01953125
2026-05-01T01:20,11,40,0.01953125,40,64,0.0,6.081538891126657,0.9317483007288799,0.96337890625,1.0,0.01953125
2026-05-01T01:50,11,40,0.01953125,41,64,0.0,6.081632470640291,0.9317678109608102,0.96337890625,1.0,0.01953125
2026-05-01T02:20,11,40,0.01953125,41,64,0.0,6.081724470508444,0.9318361114503388,0.96337890625,1.0,0.01953125
2026-05-01T02:50,12,40,0.01953125,42,64,0.0,6.081834417923469,0.9318554948510837,0.96337890625,1.0,0.01953125
2026-05-01T03:20,12,40,0.01953125,42,64,0.0,6.08194271990202,0.9319235712798039,0.96337890625,1.0,0.01953125
2026-05-01T03:50,10,40,0.01953125,44,74,0.0,6.082054960668105,0.9318522554564499,0.96337890625,1.0,0.01953125
2026-05-01T04:20,10,40,0.01953125,44,75,0.0,6.082172356543982,0.9318252461337235,0.96337890625,1.0,0.01953125
2026-05-01T04:50,10,40,0.01953125,44,77,0.0,6.082267931495712,0.9317982906144288,0.96337890625,1.0,0.01953125
2026-05-01T05:20,10,40,0.01953125,44,77,0.0,6.082380292485394,0.9317273123315081,0.96337890625,1.0,0.01953125
2026-05-01T05:50,10,40,0.01953125,44,77,0.0,6.082472804599741,0.9317005077514189,0.96337890625,1.0,0.01953125
2026-05-01T06:20,11,40,0.01953125,44,76,0.0,6.082564900904056,0.9316737564078346,0.96337890625,1.0,0.01953125
2026-05-01T06:50,11,40,0.01953125,44,75,0.0,6.08261535367739,0.9315210818258604,0.96337890625,1.0,0.01953125
2026-05-01T07:20,12,40,0.01953125,44,70,0.0,6.082667405990071,0.9314945613332299,0.96337890625,1.0,0.01953125
2026-05-01T07:50,13,40,0.01953125,44,67,0.0,6.082676306383061,0.931424235150008,0.96337890625,1.0,0.01953125
2026-05-01T08:20,14,40,0.01953125,44,67,0.0,6.082684007887868,0.931492064788831,0.96337890625,1.0,0.01953125
2026-05-01T08:50,15,40,0.01953125,44,65,0.0,6.0826516593426065,0.9314656515872234,0.96337890625,1.0,0.01953125
2026-05-01T10:20,17,40,0.01953125,43,65,0.0,6.0826259514047045,0.9314851519432035,0.96337890625,1.0,0.01953125
2026-05-01T10:50,18,40,0.01953125,42,65,0.0,6.0825992878702,0.931504613836943,0.96337890625,1.0,0.01953125
2026-05-01T11:20,20,40,0.01953125,41,65,0.0,6.0825728363340925,0.9315240373821235,0.96337890625,1.0,0.01953125
2026-05-01T11:50,20,40,0.01953125,41,65,0.0,6.0825453312717,0.9315914349831254,0.96337890625,1.0,0.01953125
2026-05-01T12:20,21,40,0.01953125,41,65,0.0,6.082516779476673,0.931658700042139,0.96337890625,1.0,0.01953125
2026-05-01T12:50,22,40,0.01953125,41,65,0.0,6.082482454485483,0.9316779149853148,0.96337890625,1.0,0.01953125
2026-05-01T13:20,24,40,0.01953125,41,65,0.0,6.08244711921615,0.9317449631551035,0.96337890625,1.0,0.01953125
2026-05-01T13:50,24,40,0.01953125,41,68,0.0,6.0823982570199435,0.9317640558502408,0.96337890625,1.0,0.01953125
2026-05-01T14:20,24,40,0.01953125,41,68,0.0,6.082351091700685,0.9317831111453876,0.96337890625,1.0,0.01953125
2026-05-01T14:50,24,40,0.01953125,41,71,0.0,6.082278004804535,0.9317566716088088,0.96337890625,1.0,0.01953125
2026-05-01T15:20,24,40,0.01953125,41,71,0.0,6.0822040742664605,0.931823380629719,0.96337890625,1.0,0.01953125
2026-05-01T15:50,24,40,0.01953125,41,74,0.0,6.0821222227279055,0.931842322164451,0.96337890625,1.0,0.01953125
2026-05-01T16:20,24,40,0.01953125,40,74,0.0,6.082042098679589,0.9318612267400906,0.96337890625,1.0,0.01953125
2026-05-01T16:50,24,40,0.01953125,40,75,0.0,6.081957738346915,0.93183481414557,0.96337890625,1.0,0.01953125
2026-05-01T17:20,23,40,0.01953125,40,76,0.0,6.0818657453872085,0.931853689216699,0.96337890625,1.0,0.01953125
2026-05-01T17:50,23,40,0.01953125,40,77,0.0,6.081768147163713,0.9318725275658998,0.96337890625,1.0,0.01953125
2026-05-01T18:20,22,40,0.01953125,40,77,0.0,6.0816874307510735,0.9318913293002333,0.96337890625,1.0,0.01953125
2026-05-01T18:50,22,40,0.01953125,40,77,0.0,6.081607470404398,0.9318649900531089,0.96337890625,1.0,0.01953125
2026-05-01T19:20,21,40,0.01953125,40,77,0.0,6.081525608910489,0.9317957370232601,0.96337890625,1.0,0.01953125
2026-05-01T19:50,20,40,0.01953125,40,77,0.0,6.08143763671278,0.9317695414493634,0.96337890625,1.0,0.01953125
2026-05-01T20:20,20,40,0.01953125,40,76,0.0,6.081400529917985,0.9317005149003119,0.96337890625,1.0,0.01953125
2026-05-01T20:50,19,40,0.01953125,40,76,0.0,6.081379752895389,0.931719392073711,0.96337890625,1.0,0.01953125
2026-05-01T21:20,19,40,0.01953125,40,76,0.0,6.081357961928722,0.9317853636755721,0.96337890625,1.0,0.01953125
2026-05-01T21:50,18,40,0.01953125,40,73,0.0,6.081373772855313,0.9317165217379307,0.96337890625,1.0,0.01953125
2026-05-01T22:20,18,40,0.01953125,40,73,0.0,6.081388425603913,0.931782368872224,0.96337890625,1.0,0.01953125
2026-05-01T22:50,18,40,0.01953125,40,71,0.0,6.081420493252325,0.931801094443826,0.96337890625,1.0,0.01953125
2026-05-01T23:20,17,40,0.01953125,71,67,0.02500000037252903,6.0817112045422,0.9318197839700545,0.962890625,1.0,0.01953125
2026-05-01T23:50,16,40,0.01953125,71,65,0.02500000037252903,6.081976221189938,0.9318384375548863,0.962890625,1.0,0.01953125
2026-05-02T00:20,16,40,0.01953125,71,64,0.02500000037252903,6.082237133184782,0.9318570553018989,0.962890625,1.0,0.01953125
2026-05-02T00:50,15,40,0.01953125,71,65,0.02500000037252903,6.08248511123912,0.9318756373142725,0.962890625,1.0,0.01953125
2026-05-02T01:20,14,40,0.01953125,40,65,0.0,6.082723198086311,0.931894183694791,0.962890625,1.0,0.01953125
2026-05-02T01:50,13,40,0.01953125,41,65,0.0,6.082809760654598,0.931912694545845,0.962890625,1.0,0.01953125
2026-05-02T02:20,13,40,0.01953125,41,65,0.0,6.082894889252254,0.9319778498620691,0.962890625,1.0,0.01953125
2026-05-02T02:50,12,40,0.01953125,42,66,0.0,6.082997366361584,0.9319962453327508,0.962890625,1.0,0.01953125
2026-05-02T03:20,12,40,0.01953125,42,66,0.0,6.083098347953122,0.9320611963878294,0.962890625,1.0,0.01953125
2026-05-02T03:50,12,40,0.01953125,44,72,0.0,6.08320362083397,0.9319928795174965,0.962890625,1.0,0.01953125
2026-05-02T04:20,12,40,0.01953125,44,76,0.0,6.0833141579077665,0.9319669205329821,0.962890625,1.0,0.01953125
2026-05-02T04:50,11,40,0.01953125,44,78,0.0,6.083414017299323,0.9318988235765499,0.962890625,1.0,0.01953125
2026-05-02T05:20,11,40,0.01953125,44,78,0.0,6.083520212124105,0.9318730034825301,0.962890625,1.0,0.01953125
2026-05-02T05:50,11,40,0.01953125,44,78,0.0,6.083607831334749,0.9318472324761418,0.962890625,1.0,0.01953125
2026-05-02T06:20,11,40,0.01953125,44,77,0.0,6.083695206220543,0.9318215104175337,0.962890625,1.0,0.01953125
2026-05-02T06:50,11,40,0.01953125,44,75,0.0,6.083743513324741,0.9316753588685397,0.962890625,1.0,0.01953125
2026-05-02T07:20,11,40,0.01953125,44,70,0.0,6.08379341104566,0.9316498484855001,0.962890625,1.0,0.01953125
2026-05-02T07:50,11,40,0.01953125,44,67,0.0,6.083802627245063,0.9315824387012139,0.962890625,1.0,0.01953125
2026-05-02T08:20,12,40,0.01953125,44,67,0.0,6.083810741332402,0.9316471667629914,0.962890625,1.0,0.01953125
2026-05-02T08:50,13,40,0.01953125,44,67,0.0,6.083797137642916,0.9316656661443071,0.962890625,1.0,0.01953125
2026-05-02T09:20,14,40,0.01953125,44,66,0.0,6.083766411738786,0.93168413058817,0.962890625,1.0,0.01953125
2026-05-02T09:50,15,40,0.01953125,43,66,0.0,6.083742060886854,0.9317025601934595,0.962890625,1.0,0.01953125
2026-05-02T10:20,16,40,0.01953125,43,66,0.0,6.083716738399486,0.9317669310132584,0.962890625,1.0,0.01953125
2026-05-02T10:50,17,40,0.01953125,42,66,0.0,6.083690450272032,0.9317852479446914,0.962890625,1.0,0.01953125
2026-05-02T11:20,17,40,0.01953125,42,66,0.0,6.083663202460171,0.9318494198657218,0.962890625,1.0,0.01953125
2026-05-02T11:50,19,40,0.01953125,41,66,0.0,6.083636056283313,0.9318676248397156,0.962890625,1.0,0.01953125
2026-05-02T12:20,19,40,0.01953125,41,66,0.0,6.083607957256501,0.931931598900899,0.962890625,1.0,0.01953125
2026-05-02T12:50,21,40,0.01953125,41,66,0.0,6.083574316017483,0.9319496926281918,0.962890625,1.0,0.01953125
2026-05-02T13:20,21,40,0.01953125,41,56,0.0,6.083559911300275,0.9319677524403446,0.962890625,1.0,0.01953125
2026-05-02T13:50,22,40,0.01953125,41,68,0.0,6.083512410832583,0.9319857784326243,0.962890625,1.0,0.01953125
2026-05-02T14:20,22,40,0.01953125,41,71,0.0,6.0834424864406085,0.9319188741649409,0.962890625,1.0,0.01953125
2026-05-02T14:50,22,40,0.01953125,41,71,0.0,6.083371789116089,0.9319825013853476,0.962890625,1.0,0.01953125
2026-05-02T15:20,22,40,0.01953125,41,74,0.0,6.083293519008659,0.9320004631134613,0.962890625,1.0,0.01953125
2026-05-02T15:50,23,40,0.01953125,41,74,0.0,6.083214511818431,0.9320638955172733,0.962890625,1.0,0.01953125
2026-05-02T16:20,22,40,0.01953125,40,75,0.0,6.083133733356999,0.9319971678572191,0.962890625,1.0,0.01953125
2026-05-02T16:50,21,40,0.01953125,40,76,0.0,6.08304559213107,0.932015065756975,0.962890625,1.0,0.01953125
2026-05-02T17:20,20,40,0.01953125,40,77,0.0,6.082952079170236,0.9320329303583128,0.962890625,1.0,0.01953125
2026-05-02T17:50,20,40,0.01953125,40,77,0.0,6.082857899469106,0.9320960967799129,0.962890625,1.0,0.01953125
2026-05-02T18:20,17,40,0.01953125,40,78,0.0,6.082780936278692,0.9320295870487143,0.962890625,1.0,0.01953125
2026-05-02T18:50,17,40,0.01953125,40,78,0.0,6.082708352183529,0.932047388463507,0.962890625,1.0,0.01953125
2026-05-02T19:20,16,40,0.01953125,40,78,0.0,6.082623501787113,0.9319418596680651,0.962890625,1.0,0.01953125
2026-05-02T19:50,17,40,0.01953125,40,76,0.0,6.082587218909636,0.9318756774982605,0.962890625,1.0,0.01953125
2026-05-02T20:20,16,40,0.01953125,40,75,0.0,6.082566414052521,0.9318935718874344,0.962890625,1.0,0.01953125
2026-05-02T20:50,16,40,0.01953125,40,75,0.0,6.08254468320544,0.9319565168302371,0.962890625,1.0,0.01953125
2026-05-02T21:20,16,40,0.01953125,40,73,0.0,6.08268224028074,0.9319743035295582,0.962890625,1.0,0.01953125
2026-05-02T21:50,16,40,0.01953125,40,71,0.0,6.082852037898802,0.9319083356446408,0.962890625,1.0,0.01953125
2026-05-02T22:20,15,40,0.01953125,40,71,0.0,6.08301578019623,0.9319710929389776,0.962890625,1.0,0.01953125
2026-05-02T22:50,15,40,0.01953125,40,68,0.0,6.0831895116902075,0.931988817081939,0.962890625,1.0,0.01953125
2026-05-02T23:20,15,40,0.01953125,40,68,0.0,6.083358230544794,0.9320513848675123,0.962890625,1.0,0.01953125
2026-05-02T23:50,15,40,0.01953125,40,66,0.0,6.083545212076459,0.9320690026316001,0.962890625,1.0,0.01953125
2026-05-03T00:20,15,40,0.01953125,40,65,0.0,6.083742733639634,0.9320865880398311,0.962890625,1.0,0.01953125
2026-05-03T00:50,15,40,0.01953125,40,65,0.0,6.083951864214263,0.932104141181258,0.962890625,1.0,0.01953125
2026-05-03T01:20,15,40,0.01953125,40,65,0.0,6.084142251310498,0.932121662144607,0.962890625,1.0,0.01953125
2026-05-03T01:50,15,40,0.01953125,40,65,0.0,6.084328860325676,0.9321838217946578,0.962890625,1.0,0.01953125
2026-05-03T02:20,15,40,0.01953125,41,65,0.0,6.084529192428757,0.9322012377968539,0.962890625,1.0,0.01953125
2026-05-03T02:50,14,40,0.01953125,41,65,0.0,6.084725999795102,0.9322632110712626,0.962890625,1.0,0.01953125
2026-05-03T03:20,14,40,0.01953125,42,66,0.0,6.084924628308997,0.9322805227617867,0.962890625,1.0,0.01953125
2026-05-03T03:50,14,40,0.01953125,43,70,0.0,6.085134993500078,0.9322554145336847,0.962890625,1.0,0.01953125
2026-05-03T04:20,14,40,0.01953125,44,76,0.0,6.0853373469417145,0.932189972146944,0.962890625,1.0,0.01953125
2026-05-03T04:50,14,40,0.01953125,44,78,0.0,6.085531243207905,0.9321649921220031,0.962890625,1.0,0.01953125
2026-05-03T05:20,14,40,0.01953125,44,78,0.0,6.0856306616984455,0.9320997511066773,0.962890625,1.0,0.01953125
2026-05-03T05:50,14,40,0.01953125,44,78,0.0,6.085712613701407,0.9320748985190911,0.962890625,1.0,0.01953125
2026-05-03T06:20,14,40,0.01953125,44,77,0.0,6.085803232983846,0.9320500910769866,0.962890625,1.0,0.01953125
2026-05-03T06:50,14,40,0.01953125,44,76,0.0,6.0858508057585246,0.9319467623357023,0.962890625,1.0,0.01953125
2026-05-03T07:20,14,40,0.01953125,44,68,0.0,6.085882737900564,0.9318436209538766,0.962890625,1.0,0.01953125
2026-05-03T07:50,14,40,0.01953125,44,67,0.0,6.085890782317344,0.9318190904138475,0.962890625,1.0,0.01953125
2026-05-03T08:20,15,40,0.01953125,44,67,0.0,6.0858978175267815,0.9318807925944684,0.962890625,1.0,0.01953125
2026-05-03T08:50,15,40,0.01953125,44,66,0.0,6.085888558554567,0.9318982778743967,0.962890625,1.0,0.01953125
2026-05-03T09:20,15,40,0.01953125,43,65,0.0,6.085865617051053,0.9318737644388841,0.962890625,1.0,0.01953125
2026-05-03T09:50,16,40,0.01953125,43,65,0.0,6.085841779555569,0.9319352502110512,0.962890625,1.0,0.01953125
2026-05-03T10:20,16,40,0.01953125,43,65,0.0,6.085817051363845,0.9319966250981467,0.962890625,1.0,0.01953125
2026-05-03T10:50,17,40,0.01953125,42,65,0.0,6.08579126296558,0.9320139430144503,0.962890625,1.0,0.01953125
2026-05-03T11:20,17,40,0.01953125,42,65,0.0,6.085764595145152,0.9320751365850944,0.962890625,1.0,0.01953125
2026-05-03T11:50,17,40,0.01953125,41,65,0.0,6.085738108456504,0.9320923527502114,0.962890625,1.0,0.01953125
2026-05-03T12:20,17,40,0.01953125,41,65,0.0,6.085710747946321,0.9321533659103639,0.962890625,1.0,0.01953125
2026-05-03T12:50,19,40,0.01953125,41,65,0.0,6.0856780558963655,0.9321704809429355,0.962890625,1.0,0.01953125
2026-05-03T13:20,18,40,0.01953125,41,65,0.0,6.085644520115994,0.9322313145923141,0.962890625,1.0,0.01953125
2026-05-03T13:50,19,40,0.01953125,41,67,0.0,6.085598662645378,0.9322483291062952,0.962890625,1.0,0.01953125
2026-05-03T14:20,19,40,0.01953125,41,70,0.0,6.085531017025856,0.9321840648154919,0.962890625,1.0,0.01953125
2026-05-03T14:50,19,40,0.01953125,41,70,0.0,6.085462662948055,0.9322447230759432,0.962890625,1.0,0.01953125
2026-05-03T15:20,19,40,0.01953125,41,75,0.0,6.085387063251372,0.9322616799920461,0.962890625,1.0,0.01953125
2026-05-03T15:50,20,40,0.01953125,41,75,0.0,6.085310787682593,0.9323221606349104,0.962890625,1.0,0.01953125
2026-05-03T16:20,19,40,0.01953125,40,75,0.0,6.085232593527627,0.9322580597924878,0.962890625,1.0,0.01953125
2026-05-03T16:50,19,40,0.01953125,40,76,0.0,6.085147308541311,0.9322749594826862,0.962890625,1.0,0.01953125
2026-05-03T17:20,20,40,0.01953125,40,78,0.0,6.08505682117064,0.9322918290754842,0.962890625,1.0,0.01953125
2026-05-03T17:50,19,40,0.01953125,40,78,0.0,6.084965723264044,0.9323520676617161,0.962890625,1.0,0.01953125
2026-05-03T18:20,19,40,0.01953125,40,78,0.0,6.084891596857617,0.9323275430724718,0.962890625,1.0,0.01953125
2026-05-03T18:50,19,40,0.01953125,40,78,0.0,6.084820664812085,0.9323030620437768,0.962890625,1.0,0.01953125
2026-05-03T19:20,19,40,0.01953125,40,78,0.0,6.084749832209359,0.9322786244596758,0.962890625,1.0,0.01953125
2026-05-03T19:50,18,40,0.01953125,40,76,0.0,6.084713191516516,0.9321416556239649,0.962890625,1.0,0.01953125
2026-05-03T20:20,18,40,0.01953125,40,75,0.0,6.08478807262602,0.9321585536368711,0.962890625,1.0,0.01953125
2026-05-03T20:50,18,40,0.01953125,40,75,0.0,6.08486055908892,0.9322185903150685,0.962890625,1.0,0.01953125
2026-05-03T21:20,18,40,0.01953125,40,73,0.0,6.084943748088608,0.9322353904228317,0.962890625,1.0,0.01953125
2026-05-03T21:50,17,40,0.01953125,40,70,0.0,6.085063071366449,0.9321719891205845,0.962890625,1.0,0.01953125
2026-05-03T22:20,17,40,0.01953125,40,70,0.0,6.085180012318099,0.9322318549730818,0.962890625,1.0,0.01953125
2026-05-03T22:50,16,40,0.01953125,40,68,0.0,6.0853091891235085,0.9322485989388861,0.962890625,1.0,0.01953125
2026-05-03T23:20,16,40,0.01953125,40,68,0.0,6.085436044296117,0.9323082918032571,0.962890625,1.0,0.01953125
2026-05-03T23:50,15,40,0.01953125,40,66,0.0,6.085582469432682,0.9323249390043064,0.962890625,1.0,0.01953125
2026-05-04T00:20,15,40,0.01953125,40,65,0.0,6.085755843530056,0.932300697109634,0.962890625,1.0,0.01953125
2026-05-04T00:50,15,40,0.01953125,40,65,0.0,6.08592683916374,0.9323601868309789,0.962890625,1.0,0.01953125
2026-05-04T01:20,14,40,0.01953125,40,65,0.0,6.086081622587378,0.9323767446232212,0.962890625,1.0,0.01953125
2026-05-04T01:50,14,40,0.01953125,40,65,0.0,6.0862341653556085,0.9324360632682884,0.962890625,1.0,0.01953125
2026-05-04T02:20,15,40,0.01953125,41,65,0.0,6.086401173354092,0.9324525255372866,0.962890625,1.0,0.01953125
2026-05-04T02:50,14,40,0.01953125,41,65,0.0,6.086565953037217,0.9325116739387426,0.962890625,1.0,0.01953125
2026-05-04T03:20,13,40,0.01953125,42,65,0.0,6.086733563615308,0.9325280412513028,0.962890625,1.0,0.01953125
2026-05-04T03:50,13,40,0.01953125,44,72,0.0,6.086914903304604,0.9324650491840195,0.962890625,1.0,0.01953125
2026-05-04T04:20,13,40,0.01953125,44,75,0.0,6.087087863588695,0.9324408542980613,0.962890625,1.0,0.01953125
2026-05-04T04:50,13,40,0.01953125,44,77,0.0,6.08725353644346,0.932416701637035,0.962890625,1.0,0.01953125
2026-05-04T05:20,13,40,0.01953125,44,77,0.0,6.087347327668317,0.9323539713969671,0.962890625,1.0,0.01953125
2026-05-04T05:50,13,40,0.01953125,44,78,0.0,6.087424643259918,0.9323299364957168,0.962890625,1.0,0.01953125
2026-05-04T06:20,13,40,0.01953125,44,77,0.0,6.087510361950063,0.9323059434306744,0.962890625,1.0,0.01953125
2026-05-04T06:50,12,40,0.01953125,44,76,0.0,6.087552587928721,0.9322067050608929,0.962890625,1.0,0.01953125
2026-05-04T07:20,12,40,0.01953125,44,70,0.0,6.087596374970424,0.9321443752704657,0.962890625,1.0,0.01953125
2026-05-04T07:50,12,40,0.01953125,44,67,0.0,6.087603430560741,0.9320821536914798,0.962890625,1.0,0.01953125
2026-05-04T08:20,12,40,0.01953125,44,67,0.0,6.087609558814153,0.9321410590221898,0.962890625,1.0,0.01953125
2026-05-04T08:50,12,40,0.01953125,44,67,0.0,6.087596173353922,0.9321575914772791,0.962890625,1.0,0.01953125
2026-05-04T09:20,12,40,0.01953125,44,65,0.0,6.087567443445635,0.9321740953047404,0.962890625,1.0,0.01953125
2026-05-04T09:50,13,40,0.01953125,43,65,0.0,6.087544271454681,0.9321905705788669,0.962890625,1.0,0.01953125
2026-05-04T10:20,13,40,0.01953125,43,65,0.0,6.087520279654107,0.9322491785558946,0.962890625,1.0,0.01953125
2026-05-04T10:50,13,40,0.01953125,42,65,0.0,6.087495151454277,0.9322655605365848,0.962890625,1.0,0.01953125
2026-05-04T11:20,14,40,0.01953125,42,65,0.0,6.087469214088302,0.9323240026758975,0.962890625,1.0,0.01953125
2026-05-04T11:50,14,40,0.01953125,41,65,0.0,6.08744344176058,0.9323402919082417,0.962890625,1.0,0.01953125
2026-05-04T12:20,14,40,0.01953125,41,65,0.0,6.0874168652202005,0.932398569003928,0.962890625,1.0,0.01953125
2026-05-04T12:50,14,40,0.01953125,41,65,0.0,6.087385152827821,0.9324147660290496,0.962890625,1.0,0.01953125
2026-05-04T13:20,15,40,0.01953125,41,65,0.0,6.087352663750258,0.9324728788699532,0.962890625,1.0,0.01953125
2026-05-04T13:50,15,40,0.01953125,41,67,0.0,6.087308425974235,0.9324889842250437,0.962890625,1.0,0.01953125
2026-05-04T14:20,15,40,0.01953125,41,70,0.0,6.087243008963674,0.9324271611624291,0.962890625,1.0,0.01953125
2026-05-04T14:50,15,40,0.01953125,41,70,0.0,6.087176940200673,0.9324851138543996,0.962890625,1.0,0.01953125
2026-05-04T15:20,15,40,0.01953125,41,74,0.0,6.08710402686182,0.9325011673234148,0.962890625,1.0,0.01953125
2026-05-04T15:50,15,40,0.01953125,41,74,0.0,6.087030491178789,0.9325589574198845,0.962890625,1.0,0.01953125
2026-05-04T16:20,15,40,0.01953125,40,74,0.0,6.0869534996452295,0.9325351789317253,0.962890625,1.0,0.01953125
2026-05-04T16:50,14,40,0.01953125,40,77,0.0,6.086871099498275,0.9325114410905546,0.962890625,1.0,0.01953125
2026-05-04T17:20,14,40,0.01953125,40,78,0.0,6.086783656821307,0.9325274172400889,0.962890625,1.0,0.01953125
2026-05-04T17:50,15,40,0.01953125,40,78,0.0,6.0866956527252745,0.9325849877031945,0.962890625,1.0,0.01953125
2026-05-04T18:20,15,40,0.01953125,40,78,0.0,6.086622693324722,0.9325235044368482,0.962890625,1.0,0.01953125
2026-05-04T18:50,15,40,0.01953125,40,78,0.0,6.086555499824277,0.9324998574183857,0.962890625,1.0,0.01953125
2026-05-04T19:20,15,40,0.01953125,40,78,0.0,6.086487200277658,0.9324762506501675,0.962890625,1.0,0.01953125
2026-05-04T19:50,15,40,0.01953125,40,76,0.0,6.08645060028563,0.9323790615069121,0.962890625,1.0,0.01953125
2026-05-04T20:20,14,40,0.01953125,40,75,0.0,6.086503586931702,0.9323950686867661,0.962890625,1.0,0.01953125
2026-05-04T20:50,14,40,0.01953125,40,73,0.0,6.086567364722652,0.9324110486897443,0.962890625,1.0,0.01953125
2026-05-04T21:20,13,40,0.01953125,40,73,0.0,6.0866295228421485,0.9324683760445452,0.962890625,1.0,0.01953125
2026-05-04T21:50,14,40,0.01953125,40,71,0.0,6.086726525344391,0.9324073563328796,0.962890625,1.0,0.01953125
2026-05-04T22:20,13,40,0.01953125,40,68,0.0,6.086835554885267,0.93242328533869,0.962890625,1.0,0.01953125
2026-05-04T22:50,13,40,0.01953125,40,68,0.0,6.086942860507344,0.9324804568400955,0.962890625,1.0,0.01953125
2026-05-04T23:20,13,40,0.01953125,40,66,0.0,6.087069288362195,0.9324962971235741,0.962890625,1.0,0.01953125
2026-05-04T23:50,12,40,0.01953125,40,66,0.0,6.087193962726659,0.9325533103861384,0.962890625,1.0,0.01953125
2026-05-05T00:20,12,40,0.01953125,40,65,0.0,6.087346436116095,0.9325298577231643,0.962890625,1.0,0.01953125
2026-05-05T00:50,12,40,0.01953125,40,65,0.0,6.087482223296654,0.9325456162851138,0.962890625,1.0,0.01953125
2026-05-05T01:20,12,40,0.01953125,40,65,0.0,6.08761625668022,0.9326024439040816,0.962890625,1.0,0.01953125
2026-05-05T01:50,11,40,0.01953125,40,65,0.0,6.0877485558167335,0.9326591758536573,0.962890625,1.0,0.01953125
2026-05-05T02:20,11,40,0.01953125,41,65,0.0,6.087895114877953,0.9326747858926325,0.962890625,1.0,0.01953125
2026-05-05T02:50,11,40,0.01953125,41,65,0.0,6.0880399185969,0.9327313617028068,0.962890625,1.0,0.01953125
2026-05-05T03:20,11,40,0.01953125,42,66,0.0,6.08818783391665,0.9327468849190053,0.962890625,1.0,0.01953125
2026-05-05T03:50,11,40,0.01953125,43,71,0.0,6.088347740333095,0.9327234075866587,0.962890625,1.0,0.01953125
2026-05-05T04:20,11,40,0.01953125,44,77,0.0,6.088501450173226,0.9326628390273062,0.962890625,1.0,0.01953125
2026-05-05T04:50,11,40,0.01953125,44,78,0.0,6.088648423260598,0.9326394714106685,0.962890625,1.0,0.01953125
2026-05-05T05:20,11,40,0.01953125,44,78,0.0,6.088736884665073,0.9325790744607676,0.962890625,1.0,0.01953125
2026-05-05T05:50,11,40,0.01953125,44,78,0.0,6.088809762745302,0.932555815957675,0.962890625,1.0,0.01953125
2026-05-05T06:20,11,40,0.01953125,44,78,0.0,6.088882814170811,0.9325325963159072,0.962890625,1.0,0.01953125
2026-05-05T06:50,11,40,0.01953125,44,76,0.0,6.088922810274487,0.9324034186710507,0.962890625,1.0,0.01953125
2026-05-05T07:20,11,40,0.01953125,44,70,0.0,6.088964047469774,0.9323803648646211,0.962890625,1.0,0.01953125
2026-05-05T07:50,11,40,0.01953125,44,68,0.0,6.088970455391477,0.9323204354907998,0.962890625,1.0,0.01953125
2026-05-05T08:20,12,40,0.01953125,44,68,0.0,6.088976007885106,0.932376788167327,0.962890625,1.0,0.01953125
2026-05-05T08:50,12,40,0.01953125,44,68,0.0,6.088963014159108,0.9323924643104451,0.962890625,1.0,0.01953125
2026-05-05T09:20,12,40,0.01953125,44,66,0.0,6.088935586301676,0.9324081143918123,0.962890625,1.0,0.01953125
2026-05-05T09:50,13,40,0.01953125,43,66,0.0,6.0889134537409415,0.9324237384763665,0.962890625,1.0,0.01953125
2026-05-05T10:20,13,40,0.01953125,43,66,0.0,6.088890563070747,0.9324798183614484,0.962890625,1.0,0.01953125
2026-05-05T10:50,13,40,0.01953125,42,66,0.0,6.0888664740691025,0.9324953570793866,0.962890625,1.0,0.01953125
2026-05-05T11:20,14,40,0.01953125,42,66,0.0,6.088841637019233,0.9325512847040102,0.962890625,1.0,0.01953125
2026-05-05T11:50,15,40,0.01953125,41,66,0.0,6.088816949911326,0.9325667385347147,0.962890625,1.0,0.01953125
2026-05-05T12:20,15,40,0.01953125,41,66,0.0,6.088791519165125,0.9326225145987886,0.962890625,1.0,0.01953125
2026-05-05T12:50,16,40,0.01953125,41,66,0.0,6.088761133705929,0.9326378840182897,0.962890625,1.0,0.01953125
2026-05-05T13:20,16,40,0.01953125,41,66,0.0,6.088730029891747,0.9326935092172837,0.962890625,1.0,0.01953125
2026-05-05T13:50,16,40,0.01953125,41,67,0.0,6.088687699202597,0.9327087946982886,0.962890625,1.0,0.01953125
2026-05-05T14:20,16,40,0.01953125,41,70,0.0,6.088624770647056,0.9326492368430378,0.962890625,1.0,0.01953125
2026-05-05T14:50,16,40,0.01953125,41,70,0.0,6.088561239479646,0.9327047152311407,0.962890625,1.0,0.01953125
2026-05-05T15:20,16,40,0.01953125,41,74,0.0,6.088491084477982,0.9327199537471605,0.962890625,1.0,0.01953125
2026-05-05T15:50,16,40,0.01953125,41,74,0.0,6.088420353981193,0.9327752827325658,0.962890625,1.0,0.01953125
2026-05-05T16:20,16,40,0.01953125,40,75,0.0,6.088347533507293,0.9327158659975999,0.962890625,1.0,0.01953125
2026-05-05T16:50,15,40,0.01953125,40,77,0.0,6.088268099835679,0.9327310578253482,0.962890625,1.0,0.01953125
2026-05-05T17:20,15,40,0.01953125,40,78,0.0,6.088183774248113,0.9327462247280306,0.962890625,1.0,0.01953125
2026-05-05T17:50,15,40,0.01953125,40,78,0.0,6.088098930018913,0.9328013507733355,0.962890625,1.0,0.01953125
2026-05-05T18:20,15,40,0.01953125,40,78,0.0,6.088028237366765,0.9327421073380412,0.962890625,1.0,0.01953125
2026-05-05T18:50,14,40,0.01953125,40,78,0.0,6.0879628700545725,0.9327192102819233,0.962890625,1.0,0.01953125
2026-05-05T19:20,14,40,0.01953125,40,78,0.0,6.087884478468604,0.9326601308918963,0.962890625,1.0,0.01953125
2026-05-05T19:50,14,40,0.01953125,40,76,0.0,6.087848242877288,0.9326011480368205,0.962890625,1.0,0.01953125
2026-05-05T20:20,13,40,0.01953125,40,75,0.0,6.087888178692544,0.9326163467014396,0.962890625,1.0,0.01953125
2026-05-05T20:50,13,40,0.01953125,40,73,0.0,6.087938600047115,0.9326315205721522,0.962890625,1.0,0.01953125
2026-05-05T21:20,13,40,0.01953125,40,73,0.0,6.087987734634943,0.9326864256083607,0.962890625,1.0,0.01953125
2026-05-05T21:50,12,40,0.01953125,40,71,0.0,6.088070227204579,0.9326276134672131,0.962890625,1.0,0.01953125
2026-05-05T22:20,12,40,0.01953125,40,68,0.0,6.088164250028597,0.9326427411309461,0.962890625,1.0,0.01953125
2026-05-05T22:50,11,40,0.01953125,40,68,0.0,6.088256867107864,0.9326975031300266,0.962890625,1.0,0.01953125
2026-05-05T23:20,12,40,0.01953125,40,66,0.0,6.088367899564978,0.9327125494412087,0.962890625,1.0,0.01953125
2026-05-05T23:50,11,40,0.01953125,40,65,0.0,6.0884905595705066,0.9327275713265608,0.962890625,1.0,0.01953125
2026-05-06T00:20,11,40,0.01953125,40,65,0.0,6.088626860841063,0.9327425688455134,0.962890625,1.0,0.01953125
2026-05-06T00:50,11,40,0.01953125,40,65,0.0,6.088747426451854,0.9327575420573041,0.962890625,1.0,0.01953125
2026-05-06T01:20,10,40,0.01953125,40,65,0.0,6.088866526709202,0.9328119893916706,0.962890625,1.0,0.01953125
2026-05-06T01:50,10,40,0.01953125,41,51,0.0,6.089016681849544,0.9328268822094729,0.962890625,1.0,0.01953125
2026-05-06T02:20,10,40,0.01953125,41,65,0.0,6.0891481522480415,0.9328417509483455,0.962890625,1.0,0.01953125
2026-05-06T02:50,10,40,0.01953125,41,65,0.0,6.089278139922225,0.9328959983223776,0.962890625,1.0,0.01953125
2026-05-06T03:20,10,40,0.01953125,42,66,0.0,6.089411342146247,0.93291078727627,0.962890625,1.0,0.01953125
2026-05-06T03:50,10,40,0.01953125,44,74,0.0,6.089559843954353,0.9328523633480464,0.962890625,1.0,0.01953125
2026-05-06T04:20,9,40,0.01953125,44,75,0.0,6.089713660202335,0.9328671636291481,0.962890625,1.0,0.01953125
2026-05-06T04:50,9,40,0.01953125,44,78,0.0,6.089853358091795,0.932774824381606,0.962890625,1.0,0.01953125
2026-05-06T05:20,9,40,0.01953125,44,78,0.0,6.089936913558332,0.9327522878412844,0.962890625,1.0,0.01953125
2026-05-06T05:50,9,40,0.01953125,44,78,0.0,6.090005692420307,0.9327297875333428,0.962890625,1.0,0.01953125
2026-05-06T06:20,8,40,0.01953125,44,78,0.0,6.090074689890703,0.9327073233704741,0.962890625,1.0,0.01953125
2026-05-06T06:50,8,40,0.01953125,44,77,0.0,6.090111906703111,0.9326154088398251,0.962890625,1.0,0.01953125
2026-05-06T07:20,8,40,0.01953125,44,70,0.0,6.09015087365614,0.9325575497439464,0.962890625,1.0,0.01953125
2026-05-06T07:50,9,40,0.01953125,44,68,0.0,6.090171941346808,0.9325352775925185,0.962890625,1.0,0.01953125
2026-05-06T08:20,9,40,0.01953125,44,68,0.0,6.090177039442269,0.9325502369476848,0.962890625,1.0,0.01953125
2026-05-06T08:50,10,40,0.01953125,44,68,0.0,6.09018135007272,0.9326041967581267,0.962890625,1.0,0.01953125
2026-05-06T09:20,10,40,0.01953125,44,66,0.0,6.090155190031242,0.9325819407293527,0.962890625,1.0,0.01953125
2026-05-06T09:50,11,40,0.01953125,43,66,0.0,6.090134154137598,0.9325968269685426,0.962890625,1.0,0.01953125
2026-05-06T10:20,11,40,0.01953125,43,66,0.0,6.090112414841448,0.9326506204027257,0.962890625,1.0,0.01953125
2026-05-06T10:50,11,40,0.01953125,42,66,0.0,6.090089427746264,0.9326654281314277,0.962890625,1.0,0.01953125
2026-05-06T11:20,11,40,0.01953125,42,66,0.0,6.090065746765625,0.9327190811767413,0.962890625,1.0,0.01953125
2026-05-06T11:50,12,40,0.01953125,41,66,0.0,6.090042272264755,0.9327338108192719,0.962890625,1.0,0.01953125
2026-05-06T12:20,12,40,0.01953125,41,66,0.0,6.090018107540828,0.9327873240962653,0.962890625,1.0,0.01953125
2026-05-06T12:50,12,40,0.01953125,41,66,0.0,6.089989228858232,0.9328019760740863,0.962890625,1.0,0.01953125
2026-05-06T13:50,12,40,0.01953125,41,67,0.0,6.089949529706186,0.9328166047763271,0.962890625,1.0,0.01953125
2026-05-06T14:20,12,40,0.01953125,41,69,0.0,6.089901971510741,0.9327943391413949,0.962890625,1.0,0.01953125
2026-05-06T14:50,12,40,0.01953125,41,70,0.0,6.08984160444709,0.9328089506981385,0.962890625,1.0,0.01953125
2026-05-06T15:20,12,40,0.01953125,41,74,0.0,6.0897747598784315,0.9328235390986909,0.962890625,1.0,0.01953125
2026-05-06T15:50,13,40,0.01953125,41,74,0.0,6.089707378028767,0.9328767271120727,0.962890625,1.0,0.01953125
2026-05-06T16:20,13,40,0.01953125,40,74,0.0,6.0896364685299815,0.9328544843728717,0.962890625,1.0,0.01953125
2026-05-06T16:50,13,40,0.01953125,40,77,0.0,6.089560366611455,0.9328322768000566,0.962890625,1.0,0.01953125
2026-05-06T17:20,13,40,0.01953125,40,78,0.0,6.089479461932154,0.9328468006826752,0.962890625,1.0,0.01953125
2026-05-06T17:50,13,40,0.01953125,40,78,0.0,6.089398074036916,0.9328998024185217,0.962890625,1.0,0.01953125
2026-05-06T18:20,12,40,0.01953125,40,78,0.0,6.089331121480581,0.932877611647499,0.962890625,1.0,0.01953125
2026-05-06T18:50,12,40,0.01953125,40,78,0.0,6.089267727170274,0.9328205490033947,0.962890625,1.0,0.01953125
2026-05-06T19:50,12,40,0.01953125,40,76,0.0,6.0892826896698455,0.9326680371024334,0.962890625,1.0,0.01953125
2026-05-06T20:20,12,40,0.01953125,40,75,0.0,6.089313482946015,0.9326826330702483,0.962890625,1.0,0.01953125
2026-05-06T20:50,12,40,0.01953125,40,73,0.0,6.089354284176286,0.9326972060884282,0.962890625,1.0,0.01953125
2026-05-06T21:20,11,40,0.01953125,40,73,0.0,6.08939400162817,0.9327500755259079,0.962890625,1.0,0.01953125
2026-05-06T21:50,11,40,0.01953125,40,71,0.0,6.089465425443014,0.932693336939372,0.962890625,1.0,0.01953125
2026-05-06T22:20,11,40,0.01953125,40,68,0.0,6.08954775888076,0.9327078672729059,0.962890625,1.0,0.01953125
2026-05-06T22:50,10,40,0.01953125,40,68,0.0,6.089628890962014,0.9327606040540399,0.962890625,1.0,0.01953125
2026-05-06T23:20,10,40,0.01953125,40,66,0.0,6.089727609700873,0.9327750589546987,0.962890625,1.0,0.01953125
2026-05-06T23:50,10,40,0.01953125,40,66,0.0,6.089825083779642,0.932827660630008,0.962890625,1.0,0.01953125
2026-05-07T00:20,10,40,0.01953125,40,65,0.0,6.089946689232143,0.9328057171148648,0.962890625,1.0,0.01953125
2026-05-07T00:50,10,40,0.01953125,40,65,0.0,6.090054770807583,0.9328201028922711,0.962890625,1.0,0.01953125
2026-05-07T01:20,10,40,0.01953125,40,65,0.0,6.090161583139177,0.9328725462155403,0.962890625,1.0,0.01953125
2026-05-07T01:50,10,40,0.01953125,41,65,0.0,6.090281774053009,0.9328868574214524,0.962890625,1.0,0.01953125
2026-05-07T02:20,10,40,0.01953125,41,65,0.0,6.090400663574811,0.9329391669636025,0.962890625,1.0,0.01953125
2026-05-07T02:50,10,40,0.01953125,41,65,0.0,6.090518260568942,0.9329913950267149,0.962890625,1.0,0.01953125
2026-05-07T03:20,10,40,0.01953125,42,66,0.0,6.090639055777691,0.9330055803319044,0.962890625,1.0,0.01953125
2026-05-07T03:50,10,40,0.01953125,44,75,0.0,6.090774556904978,0.9329491725060468,0.962890625,1.0,0.01953125
2026-05-07T04:20,10,40,0.01953125,44,76,0.0,6.090915313406451,0.9329633685741814,0.962890625,1.0,0.01953125
2026-05-07T04:50,9,40,0.01953125,44,78,0.0,6.091042566558909,0.9328742524636284,0.962890625,1.0,0.01953125
2026-05-07T05:20,9,40,0.01953125,44,78,0.0,6.091121143339036,0.9328524430394999,0.962890625,1.0,0.01953125
2026-05-07T05:50,9,40,0.01953125,44,78,0.0,6.091185673616003,0.9328306674284318,0.962890625,1.0,0.01953125
2026-05-07T06:20,9,40,0.01953125,44,78,0.0,6.091250539681999,0.9328089255518505,0.962890625,1.0,0.01953125
2026-05-07T06:50,9,40,0.01953125,44,77,0.0,6.091285172125512,0.9327202048805114,0.962890625,1.0,0.01953125
2026-05-07T07:20,10,40,0.01953125,44,70,0.0,6.091321651218984,0.9326643231414539,0.962890625,1.0,0.01953125
2026-05-07T07:50,10,40,0.01953125,44,68,0.0,6.091341179564767,0.9326427602215315,0.962890625,1.0,0.01953125
2026-05-07T08:20,10,40,0.01953125,44,68,0.0,6.091345609498538,0.9326571052037506,0.962890625,1.0,0.01953125
2026-05-07T08:50,11,40,0.01953125,44,68,0.0,6.091333317165425,0.9326714280486513,0.962890625,1.0,0.01953125
2026-05-07T09:20,12,40,0.01953125,44,66,0.0,6.091308194500707,0.9326857288074382,0.962890625,1.0,0.01953125
2026-05-07T09:50,12,40,0.01953125,43,66,0.0,6.091288120202705,0.9327000075311574,0.962890625,1.0,0.01953125
2026-05-07T10:20,12,40,0.01953125,43,66,0.0,6.091267389578664,0.9327518166092705,0.962890625,1.0,0.01953125
2026-05-07T10:50,13,40,0.01953125,42,66,0.0,6.091245432345073,0.932766022528952,0.962890625,1.0,0.01953125
2026-05-07T11:20,13,40,0.01953125,42,66,0.0,6.091222827588461,0.9328177012203209,0.962890625,1.0,0.01953125
2026-05-07T11:50,13,40,0.01953125,41,66,0.0,6.091200542022326,0.9328318347156933,0.962890625,1.0,0.01953125
2026-05-07T12:20,14,40,0.01953125,41,66,0.0,6.091177611740464,0.9328833835762339,0.962890625,1.0,0.01953125
2026-05-07T12:50,13,40,0.01953125,41,66,0.0,6.091150295218763,0.9328974450245611,0.962890625,1.0,0.01953125
2026-05-07T13:20,14,40,0.01953125,41,66,0.0,6.091122354641371,0.9329488646069177,0.962890625,1.0,0.01953125
2026-05-07T13:50,14,40,0.01953125,41,67,0.0,6.091084108413718,0.9329628543830191,0.962890625,1.0,0.01953125
2026-05-07T14:20,13,40,0.01953125,41,68,0.0,6.091038244560474,0.9329412775279149,0.962890625,1.0,0.01953125
2026-05-07T14:50,14,40,0.01953125,41,70,0.0,6.090980148020115,0.9329552517134403,0.962890625,1.0,0.01953125
2026-05-07T15:20,14,40,0.01953125,41,74,0.0,6.090915848559642,0.9329692045480328,0.962890625,1.0,0.01953125
2026-05-07T15:50,14,40,0.01953125,41,74,0.0,6.090851048076515,0.9330203730941793,0.962890625,1.0,0.01953125
2026-05-07T16:20,14,40,0.01953125,40,74,0.0,6.09078288792622,0.9329988181984262,0.962890625,1.0,0.01953125
2026-05-07T16:50,14,40,0.01953125,40,77,0.0,6.090709760787417,0.932977296160746,0.962890625,1.0,0.01953125
2026-05-07T17:20,14,40,0.01953125,40,78,0.0,6.090632002518299,0.9329911896992338,0.962890625,1.0,0.01953125
2026-05-07T17:50,13,40,0.01953125,40,78,0.0,6.090553793092961,0.9330421857496909,0.962890625,1.0,0.01953125
2026-05-07T18:20,13,40,0.01953125,40,78,0.0,6.090489417369137,0.93302067983259,0.962890625,1.0,0.01953125
2026-05-07T18:50,13,40,0.01953125,40,78,0.0,6.090428352182576,0.9329655464256345,0.962890625,1.0,0.01953125
2026-05-07T19:20,13,40,0.01953125,40,78,0.0,6.0903548721578336,0.9329104967444298,0.962890625,1.0,0.01953125
2026-05-07T19:50,13,40,0.01953125,40,76,0.0,6.090320094712029,0.9328555305984014,0.962890625,1.0,0.01953125
2026-05-07T20:20,12,40,0.01953125,40,75,0.0,6.090344421108005,0.9328694532531373,0.962890625,1.0,0.01953125
2026-05-07T20:50,12,40,0.01953125,40,73,0.0,6.090378330858547,0.9328833548129418,0.962890625,1.0,0.01953125
2026-05-07T21:20,12,40,0.01953125,40,72,0.0,6.090429431007541,0.9328972353257218,0.962890625,1.0,0.01953125
2026-05-07T21:50,12,40,0.01953125,40,71,0.0,6.090492672197438,0.9328759529274131,0.962890625,1.0,0.01953125
2026-05-07T22:20,12,40,0.01953125,40,69,0.0,6.090566305211091,0.9328898180515761,0.962890625,1.0,0.01953125
2026-05-07T22:50,12,40,0.01953125,40,69,0.0,6.090638880934555,0.9329405055001777,0.962890625,1.0,0.01953125
2026-05-07T23:20,11,40,0.01953125,40,66,0.0,6.090728285377129,0.9329543009769287,0.962890625,1.0,0.01953125
2026-05-07T23:50,11,40,0.01953125,40,65,0.0,6.090828530183189,0.9329680756460224,0.962890625,1.0,0.01953125
2026-05-08T00:20,11,40,0.01953125,40,65,0.0,6.090941449654224,0.9329818295544995,0.962890625,1.0,0.01953125
2026-05-08T00:50,10,40,0.01953125,40,65,0.0,6.091040051379755,0.932995562749259,0.962890625,1.0,0.01953125
2026-05-08T01:20,10,40,0.01953125,40,65,0.0,6.091137526865099,0.9330459799330444,0.962890625,1.0,0.01953125
2026-05-08T01:50,9,40,0.01953125,41,65,0.0,6.091247885956749,0.9330596442430159,0.962890625,1.0,0.01953125
2026-05-08T02:20,9,40,0.01953125,41,65,0.0,6.091357086678394,0.9331099375230737,0.962890625,1.0,0.01953125
2026-05-08T02:50,9,40,0.01953125,41,65,0.0,6.091465136024684,0.933160155287696,0.962890625,1.0,0.01953125
2026-05-08T03:20,9,40,0.01953125,42,66,0.0,6.091576383081755,0.9331737031923526,0.962890625,1.0,0.01953125
2026-05-08T03:50,9,40,0.01953125,43,72,0.0,6.091698589346804,0.9331524049926296,0.962890625,1.0,0.01953125
2026-05-08T04:20,8,40,0.01953125,44,76,0.0,6.0918293156775585,0.9330979575853536,0.962890625,1.0,0.01953125
2026-05-08T04:50,8,40,0.01953125,44,78,0.0,6.09190490255363,0.9330119425109498,0.962890625,1.0,0.01953125
2026-05-08T05:20,8,40,0.01953125,44,78,0.0,6.091979378658391,0.9330255607380883,0.962890625,1.0,0.01953125
2026-05-08T05:50,8,40,0.01953125,44,78,0.0,6.092040481901633,0.9330044369294364,0.962890625,1.0,0.01953125
2026-05-08T06:20,9,40,0.01953125,44,78,0.0,6.092101947955582,0.9329833446724032,0.962890625,1.0,0.01953125
2026-05-08T06:50,9,40,0.01953125,44,77,0.0,6.09213456975857,0.93289767189144,0.962890625,1.0,0.01953125
2026-05-08T07:20,10,40,0.01953125,44,70,0.0,6.092169110758863,0.9328436580542944,0.962890625,1.0,0.01953125
2026-05-08T07:50,11,40,0.01953125,44,67,0.0,6.092173815960466,0.9327897247146705,0.962890625,1.0,0.01953125
2026-05-08T08:20,12,40,0.01953125,44,67,0.0,6.092177837134607,0.9328397695957467,0.962890625,1.0,0.01953125
2026-05-08T08:50,13,40,0.01953125,44,67,0.0,6.092181177523,0.9328897400052737,0.962890625,1.0,0.01953125
2026-05-08T09:20,14,40,0.01953125,44,66,0.0,6.092157062208166,0.9328688271166167,0.962890625,1.0,0.01953125
2026-05-08T09:50,15,40,0.01953125,43,66,0.0,6.0921378388588305,0.9328824606122175,0.962890625,1.0,0.01953125
2026-05-08T10:20,16,40,0.01953125,43,66,0.0,6.092118003899882,0.9329322880356679,0.962890625,1.0,0.01953125
2026-05-08T10:50,16,40,0.01953125,42,66,0.0,6.092096908168483,0.9329458542256972,0.962890625,1.0,0.01953125
2026-05-08T11:20,16,40,0.01953125,42,66,0.0,6.092075209173069,0.9329955607829798,0.962890625,1.0,0.01953125
2026-05-08T11:50,17,40,0.01953125,41,66,0.0,6.092053866610541,0.9330090600062482,0.962890625,1.0,0.01953125
2026-05-08T12:20,17,40,0.01953125,41,66,0.0,6.092031923084269,0.9330586461942524,0.962890625,1.0,0.01953125
2026-05-08T12:50,17,40,0.01953125,41,66,0.0,6.09200578703316,0.9330720787874484,0.962890625,1.0,0.01953125
2026-05-08T13:20,17,40,0.01953125,41,66,0.0,6.091979068960698,0.933121545100244,0.962890625,1.0,0.01953125
2026-05-08T13:50,17,40,0.01953125,41,67,0.0,6.091942538242695,0.9331349113979508,0.962890625,1.0,0.01953125
2026-05-08T14:20,18,40,0.01953125,41,70,0.0,6.09188733329526,0.9330812805528446,0.962890625,1.0,0.01953125
2026-05-08T14:50,18,40,0.01953125,41,70,0.0,6.0918316386862745,0.9331306306409325,0.962890625,1.0,0.01953125
2026-05-08T15:20,18,40,0.01953125,41,74,0.0,6.091769923495281,0.933143960693662,0.962890625,1.0,0.01953125
2026-05-08T15:50,18,40,0.01953125,41,74,0.0,6.091707740303846,0.9331931919449922,0.962890625,1.0,0.01953125
2026-05-08T16:20,18,40,0.01953125,40,74,0.0,6.091642217262846,0.9331722712038715,0.962890625,1.0,0.01953125
2026-05-08T16:50,18,40,0.01953125,40,77,0.0,6.0915719010494485,0.9331513812285465,0.962890625,1.0,0.01953125
2026-05-08T17:20,18,40,0.01953125,40,78,0.0,6.091497082126844,0.9331646568574713,0.962890625,1.0,0.01953125
2026-05-08T17:50,18,40,0.01953125,40,78,0.0,6.091421841926826,0.9332137283282074,0.962890625,1.0,0.01953125
2026-05-08T19:20,16,40,0.01953125,40,78,0.0,6.09135112757094,0.9330181692220727,0.962890625,1.0,0.01953125
2026-05-08T19:50,15,40,0.01953125,40,76,0.0,6.09131754152775,0.9329649778342847,0.962890625,1.0,0.01953125
2026-05-08T20:20,15,40,0.01953125,40,75,0.0,6.091337554847394,0.9329783511195305,0.962890625,1.0,0.01953125
2026-05-08T20:50,14,40,0.01953125,40,73,0.0,6.091366718546088,0.932991704824564,0.962890625,1.0,0.01953125
2026-05-08T21:20,13,40,0.01953125,40,72,0.0,6.0914123108393206,0.9330050389923552,0.962890625,1.0,0.01953125
2026-05-08T21:50,13,40,0.01953125,40,71,0.0,6.091469374028396,0.9329843934263973,0.962890625,1.0,0.01953125
2026-05-08T22:20,13,40,0.01953125,40,69,0.0,6.091536257269781,0.9329977134547162,0.962890625,1.0,0.01953125
2026-05-08T22:50,12,40,0.01953125,40,69,0.0,6.0916021900054815,0.9330466202332163,0.962890625,1.0,0.01953125
2026-05-08T23:20,13,40,0.01953125,40,66,0.0,6.091684257200622,0.9330598754425248,0.962890625,1.0,0.01953125
2026-05-08T23:50,12,40,0.01953125,40,66,0.0,6.091765333155185,0.9331086656207737,0.962890625,1.0,0.01953125
2026-05-09T00:20,12,40,0.01953125,40,65,0.0,6.091869931178729,0.933088019764358,0.962890625,1.0,0.01953125
2026-05-09T00:50,10,40,0.01953125,40,65,0.0,6.091960775997988,0.9331012159014983,0.962890625,1.0,0.01953125
2026-05-09T01:20,10,40,0.01953125,40,65,0.0,6.0920506036341475,0.9331498695626608,0.962890625,1.0,0.01953125
2026-05-09T01:50,10,40,0.01953125,41,65,0.0,6.092152788177047,0.9331630015703879,0.962890625,1.0,0.01953125
2026-05-09T02:20,11,40,0.01953125,41,65,0.0,6.0922539245067115,0.9332115396956091,0.962890625,1.0,0.01953125
2026-05-09T02:50,11,40,0.01953125,41,65,0.0,6.092354018419456,0.9332600073736239,0.962890625,1.0,0.01953125
2026-05-09T03:20,10,40,0.01953125,42,66,0.0,6.092457192360912,0.9332730309449231,0.962890625,1.0,0.01953125
2026-05-09T03:50,10,40,0.01953125,44,75,0.0,6.092573887781123,0.9332202715864696,0.962890625,1.0,0.01953125
2026-05-09T04:20,10,40,0.01953125,44,76,0.0,6.092695620049405,0.9332333050698938,0.962890625,1.0,0.01953125
2026-05-09T04:50,10,40,0.01953125,44,78,0.0,6.092804674230582,0.9331500550793812,0.962890625,1.0,0.01953125
2026-05-09T05:20,9,40,0.01953125,44,78,0.0,6.092874915779719,0.9331295285787901,0.962890625,1.0,0.01953125
2026-05-09T05:50,10,40,0.01953125,44,78,0.0,6.09293245101289,0.9331090317407721,0.962890625,1.0,0.01953125
2026-05-09T06:20,10,40,0.01953125,44,78,0.0,6.09299029540376,0.9330885645010762,0.962890625,1.0,0.01953125
2026-05-09T06:50,11,40,0.01953125,44,77,0.0,6.0930205563003375,0.9330056592007017,0.962890625,1.0,0.01953125
2026-05-09T07:20,11,40,0.01953125,44,71,0.0,6.093052838201562,0.9329533588813638,0.962890625,1.0,0.01953125
2026-05-09T07:50,12,40,0.01953125,44,68,0.0,6.093056698927005,0.9329011339227167,0.962890625,1.0,0.01953125
2026-05-09T08:20,13,40,0.01953125,44,68,0.0,6.093059921583655,0.9329494412417068,0.962890625,1.0,0.01953125
2026-05-09T08:50,14,40,0.01953125,44,68,0.0,6.093062509096346,0.9329976790537631,0.962890625,1.0,0.01953125
2026-05-09T09:20,15,40,0.01953125,43,67,0.0,6.0930442912203935,0.9329455348677279,0.962890625,1.0,0.01953125
2026-05-09T09:50,16,40,0.01953125,43,67,0.0,6.093025498782402,0.9329937061788863,0.962890625,1.0,0.01953125
2026-05-09T10:20,16,40,0.01953125,43,67,0.0,6.093006134486838,0.9330418083280759,0.962890625,1.0,0.01953125
2026-05-09T10:50,17,40,0.01953125,42,67,0.0,6.092985590690672,0.9330548482878083,0.962890625,1.0,0.01953125
2026-05-09T11:20,18,40,0.01953125,42,67,0.0,6.092964482585474,0.9331028376438744,0.962890625,1.0,0.01953125
2026-05-09T11:50,18,40,0.01953125,41,67,0.0,6.092943877047312,0.9331158152044412,0.962890625,1.0,0.01953125
2026-05-09T12:20,18,40,0.01953125,41,67,0.0,6.092922708668709,0.933163692215748,0.962890625,1.0,0.01953125
2026-05-09T12:50,19,40,0.01953125,41,67,0.0,6.092897620865574,0.9331766076806832,0.962890625,1.0,0.01953125
2026-05-09T13:20,19,40,0.01953125,41,67,0.0,6.0928719873474675,0.9332243727931344,0.962890625,1.0,0.01953125
2026-05-09T13:50,19,40,0.01953125,41,68,0.0,6.092838541497252,0.9332040424588265,0.962890625,1.0,0.01953125
2026-05-09T14:20,20,40,0.01953125,41,70,0.0,6.092785520562446,0.9331837411471225,0.962890625,1.0,0.01953125
2026-05-09T14:50,20,40,0.01953125,41,74,0.0,6.092726662905001,0.933196605463134,0.962890625,1.0,0.01953125
2026-05-09T15:20,19,40,0.01953125,41,74,0.0,6.092667363332866,0.9332442201420627,0.962890625,1.0,0.01953125
2026-05-09T15:50,20,40,0.01953125,41,74,0.0,6.092607624008207,0.9332917669938133,0.962890625,1.0,0.01953125
2026-05-09T16:20,20,40,0.01953125,40,74,0.0,6.0925448483178215,0.9332714610420468,0.962890625,1.0,0.01953125
2026-05-09T16:50,19,40,0.01953125,40,77,0.0,6.092477568945716,0.9332511839749913,0.962890625,1.0,0.01953125
2026-05-09T17:20,18,40,0.01953125,40,78,0.0,6.092405966285211,0.9332639546418144,0.962890625,1.0,0.01953125
2026-05-09T17:50,18,40,0.01953125,40,78,0.0,6.092333966353184,0.9333113524013018,0.962890625,1.0,0.01953125
2026-05-09T18:20,18,40,0.01953125,40,78,0.0,6.092274731594798,0.933291090195738,0.962890625,1.0,0.01953125
2026-05-09T18:50,17,40,0.01953125,40,78,0.0,6.092216967615934,0.9332708567308913,0.962890625,1.0,0.01953125
2026-05-09T19:20,17,40,0.01953125,40,78,0.0,6.092158958786226,0.9332192580487851,0.962890625,1.0,0.01953125
2026-05-09T19:50,16,40,0.01953125,40,76,0.0,6.09212610155866,0.9331377867740918,0.962890625,1.0,0.01953125
2026-05-09T20:20,15,40,0.01953125,40,75,0.0,6.092142064837419,0.9331505834658265,0.962890625,1.0,0.01953125
2026-05-09T20:50,15,40,0.01953125,40,73,0.0,6.092168122551143,0.9331633620575727,0.962890625,1.0,0.01953125
2026-05-09T21:20,14,40,0.01953125,40,72,0.0,6.092208641852414,0.9331761225877052,0.962890625,1.0,0.01953125
2026-05-09T21:50,14,40,0.01953125,40,71,0.0,6.092260153450845,0.9331560560496927,0.962890625,1.0,0.01953125
2026-05-09T22:20,14,40,0.01953125,40,69,0.0,6.09232100479352,0.9331688037251659,0.962890625,1.0,0.01953125
2026-05-09T22:50,13,40,0.01953125,40,69,0.0,6.092380997022114,0.9332159343290268,0.962890625,1.0,0.01953125
2026-05-09T23:20,13,40,0.01953125,40,67,0.0,6.092456511048217,0.9332286218398557,0.962890625,1.0,0.01953125
2026-05-09T23:50,13,40,0.01953125,40,67,0.0,6.092531127130614,0.9332756439371515,0.962890625,1.0,0.01953125
2026-05-10T00:20,12,40,0.01953125,40,66,0.0,6.092628453641928,0.9332555779701035,0.962890625,1.0,0.01953125
2026-05-10T00:50,12,40,0.01953125,40,66,0.0,6.092712602621157,0.9332682108352407,0.962890625,1.0,0.01953125
2026-05-10T01:20,11,40,0.01953125,40,66,0.0,6.092795827877376,0.9333151059787156,0.962890625,1.0,0.01953125
2026-05-10T01:50,11,40,0.01953125,41,66,0.0,6.092891020187376,0.9333276792976877,0.962890625,1.0,0.01953125
2026-05-10T02:20,10,40,0.01953125,41,66,0.0,6.092985258779246,0.9333744668911629,0.962890625,1.0,0.01953125
2026-05-10T02:50,10,40,0.01953125,41,66,0.0,6.093078548542677,0.93342118886389,0.962890625,1.0,0.01953125
2026-05-10T03:20,9,40,0.01953125,43,68,0.0,6.0931883790760395,0.9334011052730687,0.962890625,1.0,0.01953125
2026-05-10T03:50,10,40,0.01953125,44,75,0.0,6.093297717778375,0.9333810498105259,0.962890625,1.0,0.01953125
2026-05-10T04:20,10,40,0.01953125,44,76,0.0,6.093412081585253,0.9333935329892415,0.962890625,1.0,0.01953125
2026-05-10T04:50,10,40,0.01953125,44,78,0.0,6.093514193553913,0.9333129653565091,0.962890625,1.0,0.01953125
2026-05-10T05:20,10,40,0.01953125,44,78,0.0,6.093581362132736,0.9332930135321942,0.962890625,1.0,0.01953125
2026-05-10T05:50,10,40,0.01953125,44,78,0.0,6.09363643272924,0.9332730895735557,0.962890625,1.0,0.01953125
2026-05-10T06:20,10,40,0.01953125,44,78,0.0,6.0936918348222635,0.9332531934222567,0.962890625,1.0,0.01953125
2026-05-10T06:50,10,40,0.01953125,44,77,0.0,6.093720726003405,0.9331729483907082,0.962890625,1.0,0.01953125
2026-05-10T07:20,10,40,0.01953125,44,71,0.0,6.093751612778869,0.9331222809118848,0.962890625,1.0,0.01953125
2026-05-10T07:50,10,40,0.01953125,44,68,0.0,6.093767883483227,0.9331025313463207,0.962890625,1.0,0.01953125
2026-05-10T08:20,11,40,0.01953125,44,68,0.0,6.093770950068861,0.9331151388486512,0.962890625,1.0,0.01953125
2026-05-10T08:50,11,40,0.01953125,44,68,0.0,6.0937734226883284,0.9331616512694796,0.962890625,1.0,0.01953125
2026-05-10T09:20,12,40,0.01953125,44,67,0.0,6.093751032172769,0.9331419155179108,0.962890625,1.0,0.01953125
2026-05-10T09:50,12,40,0.01953125,43,67,0.0,6.093733138819546,0.9331544694044921,0.962890625,1.0,0.01953125
2026-05-10T10:20,12,40,0.01953125,43,67,0.0,6.093714709665118,0.9332008576977575,0.962890625,1.0,0.01953125
2026-05-10T10:50,12,40,0.01953125,42,67,0.0,6.093695072973643,0.9332133532972703,0.962890625,1.0,0.01953125
2026-05-10T11:20,12,40,0.01953125,42,67,0.0,6.093674907671103,0.9332596364897184,0.962890625,1.0,0.01953125
2026-05-10T11:50,12,40,0.01953125,41,67,0.0,6.093655261763215,0.933272074076772,0.962890625,1.0,0.01953125
2026-05-10T12:20,12,40,0.01953125,41,67,0.0,6.093635088406747,0.9333182525722207,0.962890625,1.0,0.01953125
2026-05-10T12:50,12,40,0.01953125,41,67,0.0,6.093611152952091,0.9333306324198161,0.962890625,1.0,0.01953125
2026-05-10T13:20,12,40,0.01953125,41,67,0.0,6.093586705859548,0.9333767066199405,0.962890625,1.0,0.01953125
2026-05-10T13:50,12,40,0.01953125,41,68,0.0,6.093553271852794,0.9333890289994815,0.962890625,1.0,0.01953125
2026-05-10T14:20,12,40,0.01953125,41,68,0.0,6.093512827822138,0.9333692725300284,0.962890625,1.0,0.01953125
2026-05-10T14:50,12,40,0.01953125,41,74,0.0,6.093456090426367,0.9333495433108779,0.962890625,1.0,0.01953125
2026-05-10T15:20,12,40,0.01953125,41,74,0.0,6.093398938817999,0.9333954774643508,0.962890625,1.0,0.01953125
2026-05-10T15:50,12,40,0.01953125,41,74,0.0,6.093341374955893,0.9334413483476398,0.962890625,1.0,0.01953125
2026-05-10T16:20,12,40,0.01953125,40,74,0.0,6.093280818911118,0.9334216102584549,0.962890625,1.0,0.01953125
2026-05-10T16:50,12,40,0.01953125,40,76,0.0,6.093215902713927,0.9334018993193238,0.962890625,1.0,0.01953125
2026-05-10T17:20,12,40,0.01953125,40,78,0.0,6.09314677570005,0.9334141451013691,0.962890625,1.0,0.01953125
2026-05-10T17:50,13,40,0.01953125,40,78,0.0,6.093077276344732,0.9334598771445686,0.962890625,1.0,0.01953125
2026-05-10T18:20,12,40,0.01953125,40,78,0.0,6.093018585483384,0.9334097777891359,0.962890625,1.0,0.01953125
2026-05-10T18:50,12,40,0.01953125,40,78,0.0,6.092966617716197,0.9333597471570988,0.962890625,1.0,0.01953125
2026-05-10T19:20,12,40,0.01953125,40,78,0.0,6.092905135860935,0.9333719882571935,0.962890625,1.0,0.01953125
2026-05-10T19:50,12,40,0.01953125,40,76,0.0,6.0928730262568,0.9332930908804294,0.962890625,1.0,0.01953125
2026-05-10T20:20,11,40,0.01953125,40,75,0.0,6.092885726196703,0.9333053608471062,0.962890625,1.0,0.01953125
2026-05-10T20:50,11,40,0.01953125,40,73,0.0,6.092906889527701,0.9333176140286028,0.962890625,1.0,0.01953125
2026-05-10T21:20,10,40,0.01953125,40,72,0.0,6.092941835441735,0.9332980954303344,0.962890625,1.0,0.01953125
2026-05-10T21:50,9,40,0.01953125,40,71,0.0,6.092988610347853,0.9333103368352285,0.962890625,1.0,0.01953125
2026-05-10T22:20,9,40,0.01953125,40,69,0.0,6.09304427987826,0.9333225615283067,0.962890625,1.0,0.01953125
2026-05-10T22:50,8,40,0.01953125,40,69,0.0,6.093099166453529,0.9333680440920664,0.962890625,1.0,0.01953125
2026-05-10T23:20,8,40,0.01953125,40,67,0.0,6.09316895168101,0.9333802127819799,0.962890625,1.0,0.01953125
2026-05-10T23:50,7,40,0.01953125,40,66,0.0,6.093248539221162,0.9333923648932968,0.962890625,1.0,0.01953125
2026-05-11T00:20,7,40,0.01953125,40,66,0.0,6.093338239524371,0.9334045004598738,0.962890625,1.0,0.01953125
2026-05-11T00:50,7,40,0.01953125,40,66,0.0,6.093416394590597,0.933416619515476,0.962890625,1.0,0.01953125
2026-05-11T01:20,6,40,0.01953125,40,66,0.0,6.093493705213663,0.9334618835402786,0.962890625,1.0,0.01953125
2026-05-11T01:50,6,40,0.01953125,41,66,0.0,6.09358256182426,0.9334739471467017,0.962890625,1.0,0.01953125
2026-05-11T02:20,6,40,0.01953125,41,66,0.0,6.093670545375442,0.93351911079426,0.962890625,1.0,0.01953125
2026-05-11T02:50,6,40,0.01953125,41,66,0.0,6.093757660068628,0.933564213161428,0.962890625,1.0,0.01953125
2026-05-11T03:20,5,40,0.01953125,42,67,0.0,6.093857478106886,0.9335761828556882,0.962890625,1.0,0.01953125
2026-05-11T03:50,5,40,0.01953125,43,68,0.0,6.093959715547041,0.9335881363308505,0.962890625,1.0,0.01953125
2026-05-11T04:20,5,40,0.01953125,44,76,0.0,6.094067351571647,0.9335386285312216,0.962890625,1.0,0.01953125
2026-05-11T04:50,5,40,0.01953125,44,77,0.0,6.09416222427501,0.9335191584880759,0.962890625,1.0,0.01953125
2026-05-11T05:20,5,40,0.01953125,44,78,0.0,6.094226486368235,0.9334697642742766,0.962890625,1.0,0.01953125
2026-05-11T05:50,6,40,0.01953125,44,78,0.0,6.094281370313566,0.9334503670719034,0.962890625,1.0,0.01953125
2026-05-11T06:20,7,40,0.01953125,44,78,0.0,6.094334913158994,0.9334309960642667,0.962890625,1.0,0.01953125
2026-05-11T06:50,8,40,0.01953125,44,77,0.0,6.094362572374126,0.93332596690213,0.962890625,1.0,0.01953125
2026-05-11T07:20,8,40,0.01953125,44,71,0.0,6.0943923295319635,0.9332768361869425,0.962890625,1.0,0.01953125
2026-05-11T07:50,9,40,0.01953125,44,68,0.0,6.094408164968213,0.9332576212735834,0.962890625,1.0,0.01953125
2026-05-11T08:20,10,40,0.01953125,44,68,0.0,6.0944113760942065,0.9332697168230255,0.962890625,1.0,0.01953125
2026-05-11T08:50,10,40,0.01953125,44,68,0.0,6.0944140297723335,0.9333146228009374,0.962890625,1.0,0.01953125
2026-05-11T09:20,10,40,0.01953125,44,67,0.0,6.094392919019884,0.9332954212420678,0.962890625,1.0,0.01953125
2026-05-11T09:50,9,40,0.01953125,43,67,0.0,6.094376180152853,0.9333074670021169,0.962890625,1.0,0.01953125
2026-05-11T10:20,9,40,0.01953125,43,67,0.0,6.09435893730994,0.9333522571518804,0.962890625,1.0,0.01953125
2026-05-11T10:50,10,40,0.01953125,43,67,0.0,6.0943411927080655,0.9333969871806376,0.962890625,1.0,0.01953125
2026-05-11T11:20,10,40,0.01953125,42,67,0.0,6.0943222696044685,0.9334089405844032,0.962890625,1.0,0.01953125
2026-05-11T11:50,10,40,0.01953125,42,67,0.0,6.094316664833943,0.9334208779648393,0.962890625,1.0,0.01953125
2026-05-11T12:20,10,40,0.01953125,41,67,0.0,6.094297749186241,0.9334327993541429,0.962890625,1.0,0.01953125
2026-05-11T12:50,9,40,0.01953125,41,67,0.0,6.09427520990855,0.9334447047844248,0.962890625,1.0,0.01953125
2026-05-11T13:20,8,40,0.01953125,41,67,0.0,6.09425218904641,0.9334892233765422,0.962890625,1.0,0.01953125
2026-05-11T13:50,9,40,0.01953125,41,68,0.0,6.094220522007733,0.9335010751738807,0.962890625,1.0,0.01953125
2026-05-11T14:20,10,40,0.01953125,41,68,0.0,6.094182042179713,0.9334818773312541,0.962890625,1.0,0.01953125
2026-05-11T14:50,10,40,0.01953125,41,74,0.0,6.094127659561506,0.9334627051199261,0.962890625,1.0,0.01953125
2026-05-11T15:20,10,40,0.01953125,41,74,0.0,6.094072886858714,0.9335070929083719,0.962890625,1.0,0.01953125
2026-05-11T15:50,10,40,0.01953125,41,74,0.0,6.094017725855329,0.9335514215130996,0.962890625,1.0,0.01953125
2026-05-11T16:20,11,40,0.01953125,40,74,0.0,6.093959552472212,0.9335322412887483,0.962890625,1.0,0.01953125
2026-05-11T16:50,12,40,0.01953125,40,76,0.0,6.093897034898741,0.9335130866039768,0.962890625,1.0,0.01953125
2026-05-11T17:20,11,40,0.01953125,40,78,0.0,6.09383041313112,0.9335248673262596,0.962890625,1.0,0.01953125
2026-05-11T17:50,11,40,0.01953125,40,78,0.0,6.09376344111547,0.9335690662176651,0.962890625,1.0,0.01953125
2026-05-11T18:20,12,40,0.01953125,40,78,0.0,6.093706639379419,0.9335204921645497,0.962890625,1.0,0.01953125
2026-05-11T18:50,12,40,0.01953125,40,78,0.0,6.093656106830548,0.933471982618809,0.962890625,1.0,0.01953125
2026-05-11T19:20,11,40,0.01953125,40,78,0.0,6.093596348196708,0.9334837593471278,0.962890625,1.0,0.01953125
2026-05-11T19:50,11,40,0.01953125,40,76,0.0,6.093564834808278,0.9334072991739414,0.962890625,1.0,0.01953125
2026-05-11T20:20,10,40,0.01953125,40,75,0.0,6.093574709192031,0.9334191031587136,0.962890625,1.0,0.01953125
2026-05-11T20:50,10,40,0.01953125,40,73,0.0,6.093592679050661,0.9334308915090688,0.962890625,1.0,0.01953125
2026-05-11T21:20,9,40,0.01953125,40,72,0.0,6.093625129543232,0.9334426642560482,0.962890625,1.0,0.01953125
2026-05-11T21:50,9,40,0.01953125,40,70,0.0,6.093667625725944,0.933423695499769,0.962890625,1.0,0.01953125
2026-05-11T22:20,9,40,0.01953125,40,68,0.0,6.093718605047363,0.933435457440744,0.962890625,1.0,0.01953125
2026-05-11T22:50,8,40,0.01953125,40,68,0.0,6.093768866730284,0.9334794234530024,0.962890625,1.0,0.01953125
2026-05-11T23:20,8,40,0.01953125,40,66,0.0,6.093833447518935,0.9334911330825352,0.962890625,1.0,0.01953125
2026-05-11T23:50,8,40,0.01953125,40,65,0.0,6.093907464164958,0.9335028272640079,0.962890625,1.0,0.01953125
2026-05-12T00:20,7,40,0.01953125,40,66,0.0,6.093991253495783,0.9335145060279705,0.962890625,1.0,0.01953125
2026-05-12T00:50,7,40,0.01953125,40,66,0.0,6.094063913514473,0.9335261694048922,0.962890625,1.0,0.01953125
2026-05-12T01:20,7,40,0.01953125,40,66,0.0,6.0941357977117105,0.9335699309786875,0.962890625,1.0,0.01953125
2026-05-12T01:50,7,40,0.01953125,41,66,0.0,6.09421883256721,0.9335815425452773,0.962890625,1.0,0.01953125
2026-05-12T02:20,5,40,0.01953125,41,66,0.0,6.0943010643849975,0.9336252101701653,0.962890625,1.0,0.01953125
2026-05-12T02:50,6,40,0.01953125,41,66,0.0,6.094382496823916,0.9336688204131547,0.962890625,1.0,0.01953125
2026-05-12T03:20,5,40,0.01953125,43,68,0.0,6.094479379511168,0.9336498401665025,0.962890625,1.0,0.01953125
2026-05-12T03:50,5,40,0.01953125,43,72,0.0,6.094576821541544,0.9336613688226894,0.962890625,1.0,0.01953125
2026-05-12T04:20,5,40,0.01953125,44,76,0.0,6.094678166411018,0.9336424183544528,0.962890625,1.0,0.01953125
2026-05-12T04:50,5,40,0.01953125,44,77,0.0,6.094765752224203,0.9336234927230029,0.962890625,1.0,0.01953125
2026-05-12T05:20,5,40,0.01953125,44,78,0.0,6.094826986851614,0.9335755828497587,0.962890625,1.0,0.01953125
2026-05-12T05:50,5,40,0.01953125,44,78,0.0,6.094879295299292,0.9335567257305912,0.962890625,1.0,0.01953125
2026-05-12T06:20,5,40,0.01953125,44,78,0.0,6.094930460120261,0.9335378932773744,0.962890625,1.0,0.01953125
2026-05-12T06:50,6,40,0.01953125,44,78,0.0,6.094966068965971,0.933490133292408,0.962890625,1.0,0.01953125
2026-05-12T07:20,8,40,0.01953125,44,71,0.0,6.094994705907473,0.9333884269857362,0.962890625,1.0,0.01953125
2026-05-12T07:50,9,40,0.01953125,44,68,0.0,6.095010020431394,0.9333697412662688,0.962890625,1.0,0.01953125
2026-05-12T08:20,10,40,0.01953125,44,68,0.0,6.095013272237133,0.9333813849524586,0.962890625,1.0,0.01953125
2026-05-12T08:50,11,40,0.01953125,44,69,0.0,6.095003220630577,0.9333930134578319,0.962890625,1.0,0.01953125
2026-05-12T09:20,12,40,0.01953125,44,67,0.0,6.094983179522185,0.9334046268120582,0.962890625,1.0,0.01953125
2026-05-12T09:50,12,40,0.01953125,43,67,0.0,6.094967392127643,0.9334162250447294,0.962890625,1.0,0.01953125
2026-05-12T10:20,13,40,0.01953125,43,67,0.0,6.09495113018581,0.9334595456530282,0.962890625,1.0,0.01953125
2026-05-12T10:50,14,40,0.01953125,42,67,0.0,6.094933711751111,0.9334710930955135,0.962890625,1.0,0.01953125
2026-05-12T11:20,14,40,0.01953125,42,67,0.0,6.094915825018034,0.9335143217549705,0.962890625,1.0,0.01953125
2026-05-12T11:50,14,40,0.01953125,41,67,0.0,6.094898480782559,0.9335258186318798,0.962890625,1.0,0.01953125
2026-05-12T12:20,15,40,0.01953125,41,67,0.0,6.094880668946296,0.9335689556736501,0.962890625,1.0,0.01953125
2026-05-12T12:50,16,40,0.01953125,41,67,0.0,6.094859320808089,0.9335804022083593,0.962890625,1.0,0.01953125
2026-05-12T13:20,15,40,0.01953125,41,67,0.0,6.094837518855858,0.9336234479619507,0.962890625,1.0,0.01953125
2026-05-12T13:50,15,40,0.01953125,41,68,0.0,6.094807387635443,0.9336348443766094,0.962890625,1.0,0.01953125
2026-05-12T14:20,15,40,0.01953125,41,69,0.0,6.0947606906672664,0.9335874853292971,0.962890625,1.0,0.01953125
2026-05-12T14:50,17,40,0.01953125,41,69,0.0,6.09471361044381,0.9336304429713868,0.962890625,1.0,0.01953125
2026-05-12T15:20,16,40,0.01953125,41,73,0.0,6.094660988800862,0.9336418127640331,0.962890625,1.0,0.01953125
2026-05-12T15:50,16,40,0.01953125,41,73,0.0,6.09460800098987,0.9336846798100511,0.962890625,1.0,0.01953125
2026-05-12T16:20,15,40,0.01953125,40,74,0.0,6.094551989148659,0.9336660079087935,0.962890625,1.0,0.01953125
2026-05-12T16:50,16,40,0.01953125,40,76,0.0,6.094491683186523,0.9336473601003116,0.962890625,1.0,0.01953125
2026-05-12T17:20,15,40,0.01953125,40,78,0.0,6.0944273749116995,0.9336586896632353,0.962890625,1.0,0.01953125
2026-05-12T17:50,15,40,0.01953125,40,78,0.0,6.094369563501077,0.9336700046262069,0.962890625,1.0,0.01953125
2026-05-12T18:20,15,40,0.01953125,40,78,0.0,6.094314485030933,0.9336513902669897,0.962890625,1.0,0.01953125
2026-05-12T18:50,13,40,0.01953125,40,78,0.0,6.09426520372679,0.9336042948525831,0.962890625,1.0,0.01953125
2026-05-12T19:20,13,40,0.01953125,40,78,0.0,6.094202151448368,0.9335857466917531,0.962890625,1.0,0.01953125
2026-05-12T19:50,14,40,0.01953125,40,76,0.0,6.094171120949673,0.9335387539986858,0.962890625,1.0,0.01953125
2026-05-12T20:20,14,40,0.01953125,40,75,0.0,6.094178520714999,0.9335501096558446,0.962890625,1.0,0.01953125
2026-05-12T20:50,14,40,0.01953125,40,73,0.0,6.094193662770364,0.93356145073578,0.962890625,1.0,0.01953125
2026-05-12T21:20,13,40,0.01953125,40,72,0.0,6.0942227031810985,0.9335727772665428,0.962890625,1.0,0.01953125
2026-05-12T21:50,13,40,0.01953125,40,71,0.0,6.094261406110981,0.9335543087585272,0.962890625,1.0,0.01953125
2026-05-12T22:20,13,40,0.01953125,40,69,0.0,6.094308235682849,0.9335656253526569,0.962890625,1.0,0.01953125
2026-05-12T22:50,13,40,0.01953125,40,69,0.0,6.0943544041566025,0.9336081569625463,0.962890625,1.0,0.01953125
2026-05-12T23:20,13,40,0.01953125,40,67,0.0,6.094414351905013,0.9336194246242434,0.962890625,1.0,0.01953125
2026-05-12T23:50,12,40,0.01953125,40,67,0.0,6.0944736060248434,0.9336618674473737,0.962890625,1.0,0.01953125
2026-05-13T00:20,12,40,0.01953125,40,66,0.0,6.094553281592798,0.9336434010175427,0.962890625,1.0,0.01953125
2026-05-13T00:50,11,40,0.01953125,40,66,0.0,6.094621132415685,0.9336546245878988,0.962890625,1.0,0.01953125
2026-05-13T01:20,11,40,0.01953125,40,66,0.0,6.094688266845158,0.9336969636915441,0.962890625,1.0,0.01953125
2026-05-13T01:50,10,40,0.01953125,41,66,0.0,6.094766180030953,0.933708138786253,0.962890625,1.0,0.01953125
2026-05-13T02:20,9,40,0.01953125,41,66,0.0,6.094843350980413,0.9337503898131579,0.962890625,1.0,0.01953125
2026-05-13T02:50,9,40,0.01953125,41,66,0.0,6.094919782915412,0.9337925870170986,0.962890625,1.0,0.01953125
2026-05-13T03:20,9,40,0.01953125,42,67,0.0,6.094999193086535,0.9338036799039083,0.962890625,1.0,0.01953125
2026-05-13T03:50,10,40,0.01953125,44,75,0.0,6.095090331942442,0.9337570268736126,0.962890625,1.0,0.01953125
2026-05-13T04:20,10,40,0.01953125,44,76,0.0,6.095186210719597,0.9337681282628825,0.962890625,1.0,0.01953125
2026-05-13T04:50,10,40,0.01953125,44,78,0.0,6.095271216506845,0.933694693504254,0.962890625,1.0,0.01953125
2026-05-13T05:20,10,40,0.01953125,44,78,0.0,6.095329794782802,0.9336763234796558,0.962890625,1.0,0.01953125
2026-05-13T05:50,10,40,0.01953125,44,78,0.0,6.09537790565815,0.9336579767672715,0.962890625,1.0,0.01953125
2026-05-13T06:20,10,40,0.01953125,44,78,0.0,6.095426551804236,0.9336396533227531,0.962890625,1.0,0.01953125
2026-05-13T06:50,11,40,0.01953125,44,76,0.0,6.095456912514234,0.9335664861268463,0.962890625,1.0,0.01953125
2026-05-13T07:20,10,40,0.01953125,44,71,0.0,6.095484511537511,0.9335201901358091,0.962890625,1.0,0.01953125
2026-05-13T07:50,11,40,0.01953125,44,68,0.0,6.0954882481540595,0.9334739527472922,0.962890625,1.0,0.01953125
2026-05-13T08:20,11,40,0.01953125,44,68,0.0,6.095491489591749,0.9335160312085526,0.962890625,1.0,0.01953125
2026-05-13T08:50,12,40,0.01953125,44,69,0.0,6.095481900610485,0.9335272217780763,0.962890625,1.0,0.01953125
2026-05-13T09:20,12,40,0.01953125,44,67,0.0,6.0954627512065045,0.9335383982091674,0.962890625,1.0,0.01953125
2026-05-13T09:50,12,40,0.01953125,43,67,0.0,6.095447743740499,0.9335495605286027,0.962890625,1.0,0.01953125
2026-05-13T10:20,13,40,0.01953125,43,67,0.0,6.095432288886436,0.9335914850960926,0.962890625,1.0,0.01953125
2026-05-13T10:50,10,40,0.01953125,42,67,0.0,6.095415659457238,0.9336025998672773,0.962890625,1.0,0.01953125
2026-05-13T11:20,9,40,0.01953125,42,67,0.0,6.095398588616995,0.9336444381786402,0.962890625,1.0,0.01953125
2026-05-13T11:50,12,40,0.01953125,41,67,0.0,6.095382070850804,0.9336555056056027,0.962890625,1.0,0.01953125
2026-05-13T12:20,12,40,0.01953125,41,67,0.0,6.095365112176912,0.9336972579620497,0.962890625,1.0,0.01953125
2026-05-13T12:50,12,40,0.01953125,41,67,0.0,6.0953447460104435,0.933708278247731,0.962890625,1.0,0.01953125
2026-05-13T13:20,11,40,0.01953125,41,67,0.0,6.095323951763141,0.9337499449490209,0.962890625,1.0,0.01953125
2026-05-13T13:50,12,40,0.01953125,41,68,0.0,6.09529512370869,0.9337609182952811,0.962890625,1.0,0.01953125
2026-05-13T14:20,12,40,0.01953125,41,68,0.0,6.095259786489814,0.9337427142692086,0.962890625,1.0,0.01953125
2026-05-13T14:50,9,40,0.01953125,41,73,0.0,6.09520937233689,0.9337245330838213,0.962890625,1.0,0.01953125
2026-05-13T15:20,11,40,0.01953125,41,73,0.0,6.095158611166891,0.9337660851006967,0.962890625,1.0,0.01953125
2026-05-13T15:50,10,40,0.01953125,41,73,0.0,6.0951075044693,0.9338075850473755,0.962890625,1.0,0.01953125
2026-05-13T16:20,10,40,0.01953125,40,73,0.0,6.095053425960323,0.9337893973953495,0.962890625,1.0,0.01953125
2026-05-13T16:50,11,40,0.01953125,40,77,0.0,6.09499518364647,0.9337712325063423,0.962890625,1.0,0.01953125
2026-05-13T17:20,12,40,0.01953125,40,78,0.0,6.094933036302819,0.9337821445011445,0.962890625,1.0,0.01953125
2026-05-13T17:50,9,40,0.01953125,40,78,0.0,6.094870577630993,0.9338235306608315,0.962890625,1.0,0.01953125
2026-05-13T18:20,10,40,0.01953125,40,78,0.0,6.0948171910896205,0.9337777102895749,0.962890625,1.0,0.01953125
2026-05-13T18:50,10,40,0.01953125,40,78,0.0,6.094766941811566,0.9337595980514177,0.962890625,1.0,0.01953125
2026-05-13T19:20,10,40,0.01953125,40,78,0.0,6.09471039607347,0.9337415084111873,0.962890625,1.0,0.01953125
2026-05-13T19:50,10,40,0.01953125,40,76,0.0,6.094680113500915,0.9336694637165304,0.962890625,1.0,0.01953125
2026-05-13T20:20,10,40,0.01953125,40,75,0.0,6.094685676507417,0.9336803983261744,0.962890625,1.0,0.01953125
2026-05-13T20:50,9,40,0.01953125,40,73,0.0,6.094698677470693,0.9336913193186208,0.962890625,1.0,0.01953125
2026-05-13T21:20,9,40,0.01953125,40,72,0.0,6.094725077816918,0.9337022267192907,0.962890625,1.0,0.01953125
2026-05-13T21:50,9,40,0.01953125,40,71,0.0,6.0947607820427985,0.9336842290066307,0.962890625,1.0,0.01953125
2026-05-13T22:20,9,40,0.01953125,40,69,0.0,6.0948042806440155,0.933695127255971,0.962890625,1.0,0.01953125
2026-05-13T22:50,9,40,0.01953125,40,69,0.0,6.094847166671054,0.9337363104067437,0.962890625,1.0,0.01953125
2026-05-13T23:20,9,40,0.01953125,40,67,0.0,6.094903367957049,0.9337471627976738,0.962890625,1.0,0.01953125
2026-05-13T23:50,9,40,0.01953125,40,67,0.0,6.094958925906647,0.9337882625726132,0.962890625,1.0,0.01953125
2026-05-14T00:20,8,40,0.01953125,40,66,0.0,6.095033271414769,0.9337702673104863,0.962890625,1.0,0.01953125
2026-05-14T00:50,9,40,0.01953125,40,66,0.0,6.095097229128779,0.9337810784907122,0.962890625,1.0,0.01953125
2026-05-14T01:20,8,40,0.01953125,40,66,0.0,6.095160521570712,0.9338220809188914,0.962890625,1.0,0.01953125
2026-05-14T01:50,8,40,0.01953125,41,66,0.0,6.095234241911452,0.933832846656067,0.962890625,1.0,0.01953125
2026-05-14T02:20,9,40,0.01953125,41,66,0.0,6.095307272461868,0.9338737663551047,0.962890625,1.0,0.01953125
2026-05-14T02:50,9,40,0.01953125,41,66,0.0,6.095379616087213,0.9339146354735502,0.962890625,1.0,0.01953125
2026-05-14T03:20,8,40,0.01953125,42,67,0.0,6.0954548928617704,0.9339253240941319,0.962890625,1.0,0.01953125
2026-05-14T03:50,8,40,0.01953125,44,75,0.0,6.095541513235377,0.9338799782868387,0.962890625,1.0,0.01953125
2026-05-14T04:20,8,40,0.01953125,44,76,0.0,6.095632778444534,0.9338906750998605,0.962890625,1.0,0.01953125
2026-05-14T04:50,8,40,0.01953125,44,78,0.0,6.0957134764192125,0.933819337950096,0.962890625,1.0,0.01953125
2026-05-14T05:20,8,40,0.01953125,44,78,0.0,6.0957698214428095,0.9338014344176325,0.962890625,1.0,0.01953125
2026-05-14T05:50,8,40,0.01953125,44,78,0.0,6.095816091782757,0.9337835529338544,0.962890625,1.0,0.01953125
2026-05-14T06:20,8,40,0.01953125,44,78,0.0,6.095863285558679,0.9337942827549381,0.962890625,1.0,0.01953125
2026-05-14T06:50,8,40,0.01953125,44,75,0.0,6.095892327016059,0.9336983316448662,0.962890625,1.0,0.01953125
2026-05-14T07:20,8,40,0.01953125,44,71,0.0,6.095918979036543,0.9336533204491895,0.962890625,1.0,0.01953125
2026-05-14T07:50,8,40,0.01953125,44,68,0.0,6.0959333743035655,0.9336355738793569,0.962890625,1.0,0.01953125
2026-05-14T08:20,8,40,0.01953125,44,68,0.0,6.095936592977552,0.933646368193854,0.962890625,1.0,0.01953125
2026-05-14T08:50,9,40,0.01953125,44,68,0.0,6.09593174686733,0.9336571492637935,0.962890625,1.0,0.01953125
2026-05-14T09:20,9,40,0.01953125,44,67,0.0,6.095913410062979,0.9336679171135369,0.962890625,1.0,0.01953125
2026-05-14T09:50,9,40,0.01953125,43,67,0.0,6.095899109123325,0.933678671767386,0.962890625,1.0,0.01953125
2026-05-14T10:20,9,40,0.01953125,43,67,0.0,6.095884385733299,0.933719284950627,0.962890625,1.0,0.01953125
2026-05-14T10:50,10,40,0.01953125,42,67,0.0,6.095868473867597,0.9337299950040202,0.962890625,1.0,0.01953125
2026-05-14T11:20,10,40,0.01953125,42,67,0.0,6.09585214527101,0.9337705271171676,0.962890625,1.0,0.01953125
2026-05-14T11:50,9,40,0.01953125,42,67,0.0,6.095847805447958,0.9337811927559682,0.962890625,1.0,0.01953125
2026-05-14T12:20,8,40,0.01953125,41,67,0.0,6.095831597252868,0.9337918453640557,0.962890625,1.0,0.01953125
2026-05-14T12:50,9,40,0.01953125,41,67,0.0,6.095812101738031,0.9338024849652956,0.962890625,1.0,0.01953125
2026-05-14T13:20,9,40,0.01953125,41,67,0.0,6.0957922018739055,0.9338428739311496,0.962890625,1.0,0.01953125
2026-05-14T13:50,9,40,0.01953125,41,68,0.0,6.095764544117617,0.9338534694422862,0.962890625,1.0,0.01953125
2026-05-14T14:20,10,40,0.01953125,41,68,0.0,6.095730491880432,0.9338357414930599,0.962890625,1.0,0.01953125
2026-05-14T14:50,12,40,0.01953125,41,73,0.0,6.095681793578875,0.9338180351369507,0.962890625,1.0,0.01953125
2026-05-14T15:20,12,40,0.01953125,41,73,0.0,6.0956327673671025,0.9338583163085046,0.962890625,1.0,0.01953125
2026-05-14T15:50,9,40,0.01953125,41,73,0.0,6.095579223566081,0.9338688766466352,0.962890625,1.0,0.01953125
2026-05-14T16:20,9,40,0.01953125,40,73,0.0,6.0955269137482535,0.9338794241454489,0.962890625,1.0,0.01953125
2026-05-14T16:50,11,40,0.01953125,40,77,0.0,6.095470514929848,0.9338617342794807,0.962890625,1.0,0.01953125
2026-05-14T17:20,11,40,0.01953125,40,78,0.0,6.0954103042881975,0.9338722733067519,0.962890625,1.0,0.01953125
2026-05-14T17:50,11,40,0.01953125,40,78,0.0,6.095356051773094,0.9338827995439415,0.962890625,1.0,0.01953125
2026-05-14T18:20,9,40,0.01953125,40,78,0.0,6.09530412854314,0.9338651398139343,0.962890625,1.0,0.01953125
2026-05-14T18:50,10,40,0.01953125,40,78,0.0,6.095255164707374,0.9338475014896603,0.962890625,1.0,0.01953125
2026-05-14T19:20,9,40,0.01953125,40,78,0.0,6.095200099620634,0.9338298845322237,0.962890625,1.0,0.01953125
2026-05-14T19:50,10,40,0.01953125,40,76,0.0,6.095170475709876,0.933759879649445,0.962890625,1.0,0.01953125
2026-05-14T20:20,9,40,0.01953125,40,75,0.0,6.09517441896095,0.9337704420405796,0.962890625,1.0,0.01953125
2026-05-14T20:50,9,40,0.01953125,40,73,0.0,6.095185470620951,0.9337809916597782,0.962890625,1.0,0.01953125
2026-05-14T21:20,9,40,0.01953125,40,72,0.0,6.095209455363423,0.9337915285301924,0.962890625,1.0,0.01953125
2026-05-14T21:50,9,40,0.01953125,40,71,0.0,6.095242409106106,0.9337739985641488,0.962890625,1.0,0.01953125
2026-05-14T22:20,9,40,0.01953125,40,68,0.0,6.095282879708329,0.9337845269368893,0.962890625,1.0,0.01953125
2026-05-14T22:50,9,40,0.01953125,40,68,0.0,6.095322780732636,0.9338244638928984,0.962890625,1.0,0.01953125
2026-05-14T23:20,9,40,0.01953125,40,66,0.0,6.095375523535713,0.9338349491540812,0.962890625,1.0,0.01953125
2026-05-14T23:50,8,40,0.01953125,40,65,0.0,6.095436896592833,0.9338454217824191,0.962890625,1.0,0.01953125
2026-05-15T00:20,8,40,0.01953125,40,66,0.0,6.095507210824446,0.9338558818007291,0.962890625,1.0,0.01953125
2026-05-15T00:50,8,40,0.01953125,40,66,0.0,6.095567508336806,0.9338663292317727,0.962890625,1.0,0.01953125
2026-05-15T01:20,8,40,0.01953125,40,66,0.0,6.0956271863618525,0.9339060969231546,0.962890625,1.0,0.01953125
2026-05-15T02:20,8,40,0.01953125,41,66,0.0,6.09569696258569,0.9339165016198325,0.962890625,1.0,0.01953125
2026-05-15T02:50,8,40,0.01953125,41,66,0.0,6.095766096055053,0.9339561914086495,0.962890625,1.0,0.01953125
2026-05-15T03:20,8,40,0.01953125,42,67,0.0,6.095838116698067,0.9339665535459764,0.962890625,1.0,0.01953125
2026-05-15T03:50,8,40,0.01953125,44,75,0.0,6.095921012425693,0.9339224615020248,0.962890625,1.0,0.01953125
2026-05-15T04:20,7,40,0.01953125,44,76,0.0,6.096008436880324,0.9339328314364932,0.962890625,1.0,0.01953125
2026-05-15T04:50,7,40,0.01953125,44,78,0.0,6.096085446588487,0.9338634779234586,0.962890625,1.0,0.01953125
2026-05-15T05:20,7,40,0.01953125,44,78,0.0,6.096139791022639,0.9338460518317451,0.962890625,1.0,0.01953125
2026-05-15T05:50,7,40,0.01953125,44,78,0.0,6.096192962377907,0.9338286465971132,0.962890625,1.0,0.01953125
2026-05-15T06:20,7,40,0.01953125,44,78,0.0,6.096238418285127,0.9338390478325187,0.962890625,1.0,0.01953125
2026-05-15T06:50,8,40,0.01953125,44,75,0.0,6.096266250989752,0.9337457655431854,0.962890625,1.0,0.01953125
2026-05-15T07:20,8,40,0.01953125,44,71,0.0,6.096291846423955,0.933701989767042,0.962890625,1.0,0.01953125
2026-05-15T07:50,8,40,0.01953125,44,68,0.0,6.096305590181038,0.9336847121043523,0.962890625,1.0,0.01953125
2026-05-15T08:20,9,40,0.01953125,44,68,0.0,6.096308564777158,0.9336951743955758,0.962890625,1.0,0.01953125
2026-05-15T08:50,9,40,0.01953125,44,68,0.0,6.096303739044359,0.9337056242094098,0.962890625,1.0,0.01953125
2026-05-15T09:20,10,40,0.01953125,44,67,0.0,6.0962858667581274,0.9337160615681618,0.962890625,1.0,0.01953125
2026-05-15T09:50,10,40,0.01953125,43,67,0.0,6.096271940847698,0.9337264864940862,0.962890625,1.0,0.01953125
2026-05-15T10:20,10,40,0.01953125,43,67,0.0,6.096257615611445,0.93376593501403,0.962890625,1.0,0.01953125
2026-05-15T10:50,10,40,0.01953125,42,67,0.0,6.096242091254841,0.9337763178677962,0.962890625,1.0,0.01953125
2026-05-15T11:20,10,40,0.01953125,42,67,0.0,6.0962261730517895,0.9338156898547952,0.962890625,1.0,0.01953125
2026-05-15T11:50,12,40,0.01953125,41,67,0.0,6.096210783043237,0.9338260308068691,0.962890625,1.0,0.01953125
2026-05-15T12:20,11,40,0.01953125,41,67,0.0,6.096194999510726,0.9338653265130408,0.962890625,1.0,0.01953125
2026-05-15T12:50,12,40,0.01953125,41,67,0.0,6.09617603943467,0.9338756257330302,0.962890625,1.0,0.01953125
2026-05-15T13:20,12,40,0.01953125,41,67,0.0,6.096156697019934,0.9339148454093451,0.962890625,1.0,0.01953125
2026-05-15T13:50,13,40,0.01953125,41,68,0.0,6.0961298507828126,0.9339251030660053,0.962890625,1.0,0.01953125
2026-05-15T14:20,13,40,0.01953125,41,69,0.0,6.096096773127591,0.9339078262897588,0.962890625,1.0,0.01953125
2026-05-15T14:50,13,40,0.01953125,41,70,0.0,6.096057183648648,0.9339180759557774,0.962890625,1.0,0.01953125
2026-05-15T15:20,13,40,0.01953125,41,73,0.0,6.096009614159933,0.9339283134920137,0.962890625,1.0,0.01953125
2026-05-15T15:50,14,40,0.01953125,40,73,0.0,6.09597067899047,0.933938538919987,0.962890625,1.0,0.01953125
2026-05-15T16:20,14,40,0.01953125,40,73,0.0,6.095919830913058,0.9339487522611662,0.962890625,1.0,0.01953125
2026-05-15T17:20,14,40,0.01953125,40,78,0.0,6.095861568278242,0.9339053478689736,0.962890625,1.0,0.01953125
2026-05-15T17:50,14,40,0.01953125,40,78,0.0,6.0958090084718135,0.9339155687451992,0.962890625,1.0,0.01953125
2026-05-15T18:20,14,40,0.01953125,40,78,0.0,6.095758620835259,0.9338983689434391,0.962890625,1.0,0.01953125
2026-05-15T18:50,13,40,0.01953125,40,78,0.0,6.095713129324858,0.9338550710350286,0.962890625,1.0,0.01953125
2026-05-15T19:20,13,40,0.01953125,40,78,0.0,6.095655120608668,0.9338379271539012,0.962890625,1.0,0.01953125
2026-05-15T19:50,13,40,0.01953125,40,75,0.0,6.095626272670056,0.9337947158400763,0.962890625,1.0,0.01953125
2026-05-15T20:20,13,40,0.01953125,40,75,0.0,6.095629073813855,0.9338049717531751,0.962890625,1.0,0.01953125
2026-05-15T20:50,13,40,0.01953125,40,74,0.0,6.095638714891057,0.9338152156004939,0.962890625,1.0,0.01953125
2026-05-15T21:20,12,40,0.01953125,40,73,0.0,6.095660845013491,0.9338254474033126,0.962890625,1.0,0.01953125
2026-05-15T21:50,12,40,0.01953125,40,72,0.0,6.095691649666419,0.9338083712913025,0.962890625,1.0,0.01953125
2026-05-15T22:20,12,40,0.01953125,40,69,0.0,6.095729727341204,0.9338185950968829,0.962890625,1.0,0.01953125
2026-05-15T22:50,11,40,0.01953125,40,69,0.0,6.095767271602615,0.9338574339495256,0.962890625,1.0,0.01953125
2026-05-15T23:20,11,40,0.01953125,40,67,0.0,6.09581724424903,0.9338676169866198,0.962890625,1.0,0.01953125
2026-05-15T23:50,9,40,0.01953125,40,66,0.0,6.095875579548578,0.9338777880858042,0.962890625,1.0,0.01953125
2026-05-16T00:20,10,40,0.01953125,40,66,0.0,6.095942558366672,0.9338879472680592,0.962890625,1.0,0.01953125
2026-05-16T00:50,9,40,0.01953125,40,66,0.0,6.095999886912768,0.9338980945543164,0.962890625,1.0,0.01953125
2026-05-16T01:20,9,40,0.01953125,40,66,0.0,6.096056634653118,0.9339367732584976,0.962890625,1.0,0.01953125
2026-05-16T01:50,9,40,0.01953125,41,66,0.0,6.096123194453477,0.9339468801233728,0.962890625,1.0,0.01953125
2026-05-16T02:20,9,40,0.01953125,41,66,0.0,6.096189151279285,0.9339854851028448,0.962890625,1.0,0.01953125
2026-05-16T02:50,9,40,0.01953125,41,66,0.0,6.096254507451351,0.9340240449830418,0.962890625,1.0,0.01953125
2026-05-16T03:20,8,40,0.01953125,42,67,0.0,6.09632273943657,0.9340340832009122,0.962890625,1.0,0.01953125
2026-05-16T03:50,8,40,0.01953125,44,74,0.0,6.096401474109623,0.9339911608164772,0.962890625,1.0,0.01953125
2026-05-16T04:20,7,40,0.01953125,44,76,0.0,6.096484605473105,0.9340012065024123,0.962890625,1.0,0.01953125
2026-05-16T04:50,7,40,0.01953125,44,78,0.0,6.096557613630546,0.9339337126863744,0.962890625,1.0,0.01953125
2026-05-16T05:20,7,40,0.01953125,44,78,0.0,6.096609602032726,0.9339167226992314,0.962890625,1.0,0.01953125
2026-05-16T05:50,7,40,0.01953125,44,78,0.0,6.096660450759004,0.9338997524908861,0.962890625,1.0,0.01953125
2026-05-16T06:20,7,40,0.01953125,44,78,0.0,6.096703594877581,0.9338828020268204,0.962890625,1.0,0.01953125
2026-05-16T06:50,8,40,0.01953125,44,75,0.0,6.096730146765279,0.9338155340129571,0.962890625,1.0,0.01953125
2026-05-16T07:20,9,40,0.01953125,44,71,0.0,6.096754776853196,0.9337729132007934,0.962890625,1.0,0.01953125
2026-05-16T07:50,9,40,0.01953125,44,68,0.0,6.096768041818583,0.9337560659252772,0.962890625,1.0,0.01953125
2026-05-16T08:20,9,40,0.01953125,44,68,0.0,6.096770952248555,0.933766201413536,0.962890625,1.0,0.01953125
2026-05-16T08:50,10,40,0.01953125,44,69,0.0,6.096762314533508,0.9337763251436876,0.962890625,1.0,0.01953125
2026-05-16T09:20,11,40,0.01953125,44,67,0.0,6.09674514663184,0.933786437136181,0.962890625,1.0,0.01953125
2026-05-16T09:50,12,40,0.01953125,43,67,0.0,6.096731830567794,0.933796537411418,0.962890625,1.0,0.01953125
2026-05-16T10:20,13,40,0.01953125,43,67,0.0,6.096718135857854,0.9338348717846598,0.962890625,1.0,0.01953125
2026-05-16T10:50,13,40,0.01953125,42,67,0.0,6.096703269163513,0.933844932340453,0.962890625,1.0,0.01953125
2026-05-16T11:20,13,40,0.01953125,42,67,0.0,6.096688028977827,0.9338831943807419,0.962890625,1.0,0.01953125
2026-05-16T11:50,14,40,0.01953125,41,67,0.0,6.096673361497195,0.9338932153736982,0.962890625,1.0,0.01953125
2026-05-16T12:20,14,40,0.01953125,41,67,0.0,6.096658320611835,0.9339314053128237,0.962890625,1.0,0.01953125
2026-05-16T12:50,14,40,0.01953125,41,67,0.0,6.096640239011663,0.9339413868987835,0.962890625,1.0,0.01953125
2026-05-16T13:20,15,40,0.01953125,41,56,0.0,6.096634855242975,0.9339513569653134,0.962890625,1.0,0.01953125
2026-05-16T13:50,14,40,0.01953125,41,68,0.0,6.096609148717152,0.9339613155323433,0.962890625,1.0,0.01953125
2026-05-16T14:20,14,40,0.01953125,41,68,0.0,6.096577394398509,0.9339444859007754,0.962890625,1.0,0.01953125
2026-05-16T14:50,14,40,0.01953125,41,70,0.0,6.0965393200669915,0.9339544369527882,0.962890625,1.0,0.01953125
2026-05-16T15:20,14,40,0.01953125,41,73,0.0,6.096493561173462,0.9339643765470556,0.962890625,1.0,0.01953125
2026-05-16T15:50,14,40,0.01953125,40,73,0.0,6.096456166976939,0.9339743047033547,0.962890625,1.0,0.01953125
2026-05-16T16:20,14,40,0.01953125,40,73,0.0,6.096407198595632,0.9339842214414179,0.962890625,1.0,0.01953125
2026-05-16T16:50,14,40,0.01953125,40,77,0.0,6.096354369333162,0.9339674270065444,0.962890625,1.0,0.01953125
2026-05-16T17:20,14,40,0.01953125,40,78,0.0,6.0962979150328165,0.9339773363030341,0.962890625,1.0,0.01953125
2026-05-16T17:50,14,40,0.01953125,40,78,0.0,6.096246912984678,0.9339872342226049,0.962890625,1.0,0.01953125
2026-05-16T18:20,13,40,0.01953125,40,78,0.0,6.096197935070997,0.9339704669653125,0.962890625,1.0,0.01953125
2026-05-16T18:50,13,40,0.01953125,40,78,0.0,6.096153564039313,0.9339283194018456,0.962890625,1.0,0.01953125
2026-05-16T19:20,12,40,0.01953125,40,78,0.0,6.0960970199884414,0.933911605124115,0.962890625,1.0,0.01953125
2026-05-16T19:50,12,40,0.01953125,40,75,0.0,6.096068784271719,0.9338695395520388,0.962890625,1.0,0.01953125
2026-05-16T20:20,12,40,0.01953125,40,75,0.0,6.096070377061215,0.933879470847198,0.962890625,1.0,0.01953125
2026-05-16T20:50,12,40,0.01953125,40,74,0.0,6.096078543945912,0.9338893907793193,0.962890625,1.0,0.01953125
2026-05-16T21:20,12,40,0.01953125,40,73,0.0,6.096098754697756,0.9338992993678931,0.962890625,1.0,0.01953125
2026-05-16T21:50,12,40,0.01953125,40,72,0.0,6.096127345228627,0.9338826494281183,0.962890625,1.0,0.01953125
2026-05-16T22:20,12,40,0.01953125,40,69,0.0,6.096162935796152,0.9338925505490588,0.962890625,1.0,0.01953125
2026-05-16T22:50,12,40,0.01953125,40,69,0.0,6.096198027482206,0.9339302831115309,0.962890625,1.0,0.01953125
2026-05-16T23:20,12,40,0.01953125,40,67,0.0,6.09624513083064,0.9339401457636035,0.962890625,1.0,0.01953125
2026-05-16T23:50,12,40,0.01953125,40,66,0.0,6.0963003217957175,0.9339499971697789,0.962890625,1.0,0.01953125
2026-05-17T00:20,11,40,0.01953125,40,66,0.0,6.09636494134486,0.9339598373492806,0.962890625,1.0,0.01953125
2026-05-17T00:50,12,40,0.01953125,40,66,0.0,6.096419223526399,0.9339696663212884,0.962890625,1.0,0.01953125
2026-05-17T01:20,12,40,0.01953125,40,66,0.0,6.096472961870691,0.9340072476153571,0.962890625,1.0,0.01953125
2026-05-17T01:50,12,40,0.01953125,41,66,0.0,6.096536239674135,0.934017038437075,0.962890625,1.0,0.01953125
2026-05-17T02:20,12,40,0.01953125,41,66,0.0,6.096598952533797,0.9340545500695723,0.962890625,1.0,0.01953125
2026-05-17T02:50,11,40,0.01953125,41,66,0.0,6.0966611025489135,0.9340920190752147,0.962890625,1.0,0.01953125
2026-05-17T03:20,11,40,0.01953125,42,67,0.0,6.096726111334461,0.9341017450792577,0.962890625,1.0,0.01953125
2026-05-17T03:50,11,40,0.01953125,44,74,0.0,6.096801332245841,0.9340599535759659,0.962890625,1.0,0.01953125
2026-05-17T04:20,11,40,0.01953125,44,76,0.0,6.09688086505587,0.93406968673457,0.962890625,1.0,0.01953125
2026-05-17T04:50,11,40,0.01953125,44,78,0.0,6.09695053862063,0.9340039906639618,0.962890625,1.0,0.01953125
2026-05-17T05:20,11,40,0.01953125,44,78,0.0,6.097000669444908,0.9339874229099097,0.962890625,1.0,0.01953125
2026-05-17T05:50,11,40,0.01953125,44,78,0.0,6.09704170405757,0.9339708739188859,0.962890625,1.0,0.01953125
2026-05-17T06:20,11,40,0.01953125,44,78,0.0,6.0970833759201435,0.9339543436590347,0.962890625,1.0,0.01953125
2026-05-17T06:50,11,40,0.01953125,44,76,0.0,6.0971093021774845,0.9338888614613667,0.962890625,1.0,0.01953125
2026-05-17T07:20,11,40,0.01953125,44,71,0.0,6.0971331599994265,0.9338473556698561,0.962890625,1.0,0.01953125
2026-05-17T07:50,11,40,0.01953125,44,68,0.0,6.097136464248182,0.9338058967775449,0.962890625,1.0,0.01953125
2026-05-17T08:20,12,40,0.01953125,44,68,0.0,6.097139373081446,0.9338432734592064,0.962890625,1.0,0.01953125
2026-04-27T07:20,9,40,0.01953125,44,71,0.0,6.09716210343198,0.933801863663958,0.962890625,1.0,0.01953125
2026-04-27T07:50,10,40,0.01953125,44,69,0.0,6.097173873096599,0.9337854846685254,0.962890625,1.0,0.01953125
2026-04-27T08:20,11,40,0.01953125,44,68,0.0,6.097175672000677,0.9337953121924976,0.962890625,1.0,0.01953125
2026-04-27T08:50,12,40,0.01953125,44,69,0.0,6.097166403620239,0.9338051286432033,0.962890625,1.0,0.01953125
2026-04-27T09:50,14,40,0.01953125,43,67,0.0,6.097153195966868,0.9337887754766034,0.962890625,1.0,0.01953125
2026-04-27T10:50,16,40,0.01953125,42,67,0.0,6.097138845590723,0.9337985845574804,0.962890625,1.0,0.01953125
2026-04-27T11:50,18,40,0.01953125,41,67,0.0,6.097125071097865,0.9338083826045207,0.962890625,1.0,0.01953125
2026-04-27T12:50,18,40,0.01953125,41,67,0.0,6.097108313793988,0.933818169636331,0.962890625,1.0,0.01953125
2026-04-27T13:20,19,40,0.01953125,41,58,0.0,6.0971039166455165,0.9338279456714765,0.962890625,1.0,0.01953125
2026-04-27T13:50,19,40,0.01953125,41,68,0.0,6.097079721614025,0.9338377107284802,0.962890625,1.0,0.01953125
2026-04-27T14:50,20,40,0.01953125,41,70,0.0,6.097041106080162,0.933796536433054,0.962890625,1.0,0.01953125
2026-04-27T15:50,21,40,0.01953125,40,74,0.0,6.097005812356044,0.9337802522874169,0.962890625,1.0,0.01953125
2026-04-27T16:50,20,40,0.01953125,40,77,0.0,6.0969553429365835,0.9337391563591609,0.962890625,1.0,0.01953125
2026-04-27T17:50,19,40,0.01953125,40,78,0.0,6.09690122225619,0.9337489492755957,0.962890625,1.0,0.01953125
2026-04-27T18:50,18,40,0.01953125,40,78,0.0,6.096856215869641,0.9336842420353416,0.962890625,1.0,0.01953125
2026-04-27T19:50,17,40,0.01953125,40,75,0.0,6.09682852482448,0.9335546636456042,0.962890625,1.0,0.01953125
2026-04-27T20:50,16,40,0.01953125,40,74,0.0,6.09683558212017,0.9335385603128952,0.962890625,1.0,0.01953125
2026-04-27T21:50,14,40,0.01953125,40,72,0.0,6.096862311261026,0.9334977143408248,0.962890625,1.0,0.01953125
2026-04-27T22:50,14,40,0.01953125,40,69,0.0,6.096895512772281,0.9335076147865535,0.962890625,1.0,0.01953125
2026-04-27T23:50,12,40,0.01953125,40,66,0.0,6.096948232248657,0.9334915646972042,0.962890625,1.0,0.01953125
2026-04-28T00:50,10,40,0.01953125,40,67,0.0,6.097000269509989,0.9335014575250489,0.962890625,1.0,0.01953125
2026-04-28T01:50,11,40,0.01953125,41,67,0.0,6.097061332176747,0.9335113393179492,0.962890625,1.0,0.01953125
2026-04-28T02:50,10,40,0.01953125,41,67,0.0,6.097121855239921,0.9335484010017184,0.962890625,1.0,0.01953125
2026-04-28T03:50,10,40,0.01953125,44,75,0.0,6.097194800200613,0.9334841299249386,0.962890625,1.0,0.01953125
2026-04-28T04:50,9,40,0.01953125,44,78,0.0,6.0972618600027,0.9333974337377743,0.962890625,1.0,0.01953125
2026-04-28T05:50,9,40,0.01953125,44,78,0.0,6.097300908058918,0.9333333182032411,0.962890625,1.0,0.01953125
2026-04-28T06:50,10,40,0.01953125,44,76,0.0,6.097324806308518,0.9332253077007825,0.962890625,1.0,0.01953125
2026-04-28T07:50,10,40,0.01953125,44,70,0.0,6.0973358855880875,0.9331388999576345,0.962890625,1.0,0.01953125
2026-04-28T08:50,10,40,0.01953125,44,69,0.0,6.097326596489203,0.9331231349603035,0.962890625,1.0,0.01953125
2026-04-28T09:50,10,40,0.01953125,43,70,0.0,6.097313387456378,0.9331073874699103,0.962890625,1.0,0.01953125
2026-04-28T10:50,10,40,0.01953125,42,70,0.0,6.097298968064842,0.9331174385935092,0.962890625,1.0,0.01953125
2026-04-28T11:50,12,40,0.01953125,41,70,0.0,6.097285075469152,0.9331274785677752,0.962890625,1.0,0.01953125
2026-04-28T12:50,14,40,0.01953125,41,70,0.0,6.0972682198715065,0.9331375074112493,0.962890625,1.0,0.01953125
2026-04-28T13:50,14,40,0.01953125,41,70,0.0,6.097244379082863,0.9331475251424316,0.962890625,1.0,0.01953125
2026-04-28T14:50,16,40,0.01953125,41,76,0.0,6.097201669454581,0.9330838674973815,0.962890625,1.0,0.01953125
2026-04-28T15:50,16,40,0.01953125,40,76,0.0,6.09716684244975,0.9330939038253824,0.962890625,1.0,0.01953125
2026-04-28T16:50,16,40,0.01953125,40,78,0.0,6.0971170523001526,0.9330537330358103,0.962890625,1.0,0.01953125
2026-04-28T17:50,15,40,0.01953125,40,78,0.0,6.097068946185881,0.9330380935508606,0.962890625,1.0,0.01953125
2026-04-28T18:50,15,40,0.01953125,40,78,0.0,6.097024939387428,0.9329746370451318,0.962890625,1.0,0.01953125
2026-04-28T19:50,13,40,0.01953125,40,76,0.0,6.096997540407304,0.9328675999373115,0.962890625,1.0,0.01953125
2026-04-28T20:50,12,40,0.01953125,40,75,0.0,6.097003989553296,0.9328520890680094,0.962890625,1.0,0.01953125
2026-04-28T21:50,10,40,0.01953125,40,72,0.0,6.097029821591072,0.9328121624420916,0.962890625,1.0,0.01953125
2026-04-28T22:50,9,40,0.01953125,40,69,0.0,6.09706202067726,0.932822309823433,0.962890625,1.0,0.01953125
2026-04-28T23:50,9,40,0.01953125,40,66,0.0,6.097113409567583,0.9328068495451621,0.962890625,1.0,0.01953125
2026-04-29T00:50,9,40,0.01953125,40,67,0.0,6.097164167946562,0.9328169886765774,0.962890625,1.0,0.01953125
2026-04-29T01:50,9,40,0.01953125,41,67,0.0,6.097223823945036,0.9328271166476938,0.962890625,1.0,0.01953125
2026-04-29T02:50,9,40,0.01953125,41,67,0.0,6.097282956644822,0.9328640654284157,0.962890625,1.0,0.01953125
2026-04-29T03:50,9,40,0.01953125,44,75,0.0,6.097354385772629,0.9328010185635192,0.962890625,1.0,0.01953125
2026-04-29T04:50,10,40,0.01953125,44,78,0.0,6.097420032032167,0.9327158409586919,0.962890625,1.0,0.01953125
2026-04-29T05:50,10,40,0.01953125,44,78,0.0,6.09745844872868,0.9326529447353108,0.962890625,1.0,0.01953125
2026-04-29T06:50,11,40,0.01953125,44,76,0.0,6.097481980254157,0.9325467304049306,0.962890625,1.0,0.01953125
2026-04-29T07:50,12,40,0.01953125,44,69,0.0,6.097483706359497,0.9324406326015174,0.962890625,1.0,0.01953125
2026-04-29T08:50,13,40,0.01953125,44,69,0.0,6.097474637141429,0.932450928039891,0.962890625,1.0,0.01953125
2026-04-29T09:50,14,40,0.01953125,43,70,0.0,6.097461721635845,0.9324357559723414,0.962890625,1.0,0.01953125
2026-04-29T10:50,14,40,0.01953125,42,70,0.0,6.097447562283744,0.9324460428048841,0.962890625,1.0,0.01953125
2026-04-29T11:50,15,40,0.01953125,41,70,0.0,6.097433915696936,0.9324563183765262,0.962890625,1.0,0.01953125
2026-04-29T12:50,15,40,0.01953125,41,70,0.0,6.0974173528002105,0.9324665827057487,0.962890625,1.0,0.01953125
2026-04-29T13:50,15,40,0.01953125,41,70,0.0,6.097393911712735,0.9324768358109917,0.962890625,1.0,0.01953125
2026-04-29T14:50,15,40,0.01953125,41,76,0.0,6.097351816001215,0.9324143795172053,0.962890625,1.0,0.01953125
2026-04-29T15:50,15,40,0.01953125,40,76,0.0,6.097317470813871,0.9324246499337415,0.962890625,1.0,0.01953125
2026-04-29T16:50,15,40,0.01953125,40,78,0.0,6.097268369119877,0.9323853707123143,0.962890625,1.0,0.01953125
2026-04-29T17:50,15,40,0.01953125,40,78,0.0,6.097220866140342,0.9323703006272349,0.962890625,1.0,0.01953125
2026-04-29T18:50,14,40,0.01953125,40,78,0.0,6.097179009752909,0.932286008084787,0.962890625,1.0,0.01953125
2026-04-29T19:50,14,40,0.01953125,40,76,0.0,6.097151861003727,0.93220180741432,0.962890625,1.0,0.01953125
2026-04-29T20:50,13,40,0.01953125,40,75,0.0,6.097157720844912,0.9321868619335725,0.962890625,1.0,0.01953125
2026-04-29T21:50,13,40,0.01953125,40,72,0.0,6.097182682850125,0.9321478190671302,0.962890625,1.0,0.01953125
2026-04-29T22:50,12,40,0.01953125,40,69,0.0,6.097213909796815,0.932158195396362,0.962890625,1.0,0.01953125
2026-04-29T23:50,12,40,0.01953125,40,66,0.0,6.097264039221954,0.9321432980115689,0.962890625,1.0,0.01953125
2026-04-30T00:50,12,40,0.01953125,40,67,0.0,6.097313587228598,0.9321536655192775,0.962890625,1.0,0.01953125
2026-04-30T01:50,12,40,0.01953125,41,67,0.0,6.097371908464313,0.932164021764077,0.962890625,1.0,0.01953125
2026-04-30T02:50,12,40,0.01953125,41,67,0.0,6.097429721904045,0.932200849113825,0.962890625,1.0,0.01953125
2026-04-30T03:50,12,40,0.01953125,44,75,0.0,6.097499708426921,0.9321389831176599,0.962890625,1.0,0.01953125
2026-04-30T04:50,11,40,0.01953125,44,78,0.0,6.097564010908604,0.9320552731364561,0.962890625,1.0,0.01953125
2026-04-30T05:50,11,40,0.01953125,44,78,0.0,6.097601828849423,0.9319935531066704,0.962890625,1.0,0.01953125
2026-04-30T06:50,12,40,0.01953125,44,77,0.0,6.097620865263703,0.9318890768778925,0.962890625,1.0,0.01953125
2026-04-30T07:20,13,40,0.01953125,44,71,0.0,6.0976419649375755,0.9318504066231016,0.962890625,1.0,0.01953125
2026-04-30T07:50,13,40,0.01953125,44,69,0.0,6.097643478632622,0.9318117782192358,0.962890625,1.0,0.01953125
2026-04-30T08:20,14,40,0.01953125,44,69,0.0,6.097644633179917,0.9318486566517835,0.962890625,1.0,0.01953125
2026-04-30T08:50,15,40,0.01953125,44,69,0.0,6.097635202552218,0.9318591273845096,0.962890625,1.0,0.01953125
2026-04-30T09:20,15,40,0.01953125,43,70,0.0,6.0976221143095914,0.9318444881502457,0.962890625,1.0,0.01953125
2026-04-30T09:50,14,40,0.01953125,43,70,0.0,6.097608697994158,0.931881289182562,0.962890625,1.0,0.01953125
2026-04-30T10:20,15,40,0.01953125,43,70,0.0,6.097594954765213,0.93191805049439,0.962890625,1.0,0.01953125
2026-04-30T10:50,15,40,0.01953125,42,70,0.0,6.097580070949843,0.9319284612072813,0.962890625,1.0,0.01953125
2026-04-30T11:20,15,40,0.01953125,42,70,0.0,6.097564864715171,0.931965157454609,0.962890625,1.0,0.01953125
2026-04-30T11:50,17,40,0.01953125,41,70,0.0,6.097550314831597,0.9319755315681546,0.962890625,1.0,0.01953125
2026-04-30T12:20,16,40,0.01953125,41,70,0.0,6.097535442164597,0.9320121629458777,0.962890625,1.0,0.01953125
2026-04-30T12:50,16,40,0.01953125,41,70,0.0,6.097517907122668,0.9320225005934822,0.962890625,1.0,0.01953125
2026-04-30T13:20,17,40,0.01953125,41,70,0.0,6.097493787574564,0.9320328271193573,0.962890625,1.0,0.01953125
2026-04-30T13:50,18,40,0.01953125,41,70,0.0,6.097470573674054,0.932043142541441,0.962890625,1.0,0.01953125
2026-04-30T14:20,18,40,0.01953125,41,74,0.0,6.097432935944355,0.9320284830907265,0.962890625,1.0,0.01953125
2026-04-30T14:50,18,40,0.01953125,41,74,0.0,6.097395030191652,0.9320649876647916,0.962890625,1.0,0.01953125
2026-04-30T15:20,18,40,0.01953125,41,75,0.0,6.097360847572722,0.9320752692131171,0.962890625,1.0,0.01953125
2026-04-30T15:50,18,40,0.01953125,40,76,0.0,6.097326031730019,0.9320855397297384,0.962890625,1.0,0.01953125
2026-04-30T16:20,18,40,0.01953125,40,76,0.0,6.0972805713657126,0.9320957992324008,0.962890625,1.0,0.01953125
2026-04-30T16:50,19,40,0.01953125,40,78,0.0,6.0972317154303175,0.9320811508430812,0.962890625,1.0,0.01953125
2026-04-30T17:20,18,40,0.01953125,40,78,0.0,6.097179601853838,0.9320914017061513,0.962890625,1.0,0.01953125
2026-04-30T17:50,18,40,0.01953125,40,78,0.0,6.097132477206514,0.9321016415939934,0.962890625,1.0,0.01953125
2026-04-30T18:20,17,40,0.01953125,40,78,0.0,6.0970842670514145,0.9321118705242242,0.962890625,1.0,0.01953125
2026-04-30T18:50,17,40,0.01953125,40,78,0.0,6.097041667068107,0.9320735567519005,0.962890625,1.0,0.01953125
2026-04-30T19:20,16,40,0.01953125,40,78,0.0,6.0969937656019075,0.9320589593964809,0.962890625,1.0,0.01953125
2026-04-30T19:50,16,40,0.01953125,40,75,0.0,6.096968370693337,0.9319981275902766,0.962890625,1.0,0.01953125
2026-04-30T20:20,15,40,0.01953125,40,74,0.0,6.096969037398454,0.9320083899419076,0.962890625,1.0,0.01953125
2026-04-30T20:50,14,40,0.01953125,40,74,0.0,6.096975735119873,0.9320186413411888,0.962890625,1.0,0.01953125
2026-04-30T21:20,14,40,0.01953125,40,74,0.0,6.096982058236437,0.9320548980658069,0.962890625,1.0,0.01953125
2026-04-30T21:50,14,40,0.01953125,40,72,0.0,6.097007735681275,0.9320167372013151,0.962890625,1.0,0.01953125
2026-04-30T22:20,13,40,0.01953125,40,69,0.0,6.0970397036778,0.9320269677687065,0.962890625,1.0,0.01953125
2026-04-30T22:50,13,40,0.01953125,40,69,0.0,6.097071243788818,0.9320631621415666,0.962890625,1.0,0.01953125
2026-04-30T23:20,13,40,0.01953125,40,67,0.0,6.097113839406069,0.9320733571123243,0.962890625,1.0,0.01953125
2026-04-30T23:50,12,40,0.01953125,40,66,0.0,6.097163865605931,0.9320835412373684,0.962890625,1.0,0.01953125
2026-05-01T00:20,11,40,0.01953125,40,66,0.0,6.097222607064321,0.9320937145339966,0.962890625,1.0,0.01953125
2026-05-01T00:50,12,40,0.01953125,40,66,0.0,6.097271854962266,0.9321038770194701,0.962890625,1.0,0.01953125
2026-05-01T01:20,11,40,0.01953125,40,66,0.0,6.097320635828889,0.9321399344400652,0.962890625,1.0,0.01953125
2026-05-01T01:50,11,40,0.01953125,41,66,0.0,6.097378171159889,0.9321500616044787,0.962890625,1.0,0.01953125
2026-05-01T02:20,11,40,0.01953125,41,66,0.0,6.097435221178809,0.9321860562667574,0.962890625,1.0,0.01953125
2026-05-01T02:50,12,40,0.01953125,41,66,0.0,6.097491787544614,0.9322220127586627,0.962890625,1.0,0.01953125
2026-05-01T03:20,12,40,0.01953125,42,67,0.0,6.097551051126408,0.9322320803259316,0.962890625,1.0,0.01953125
2026-05-01T03:50,10,40,0.01953125,44,74,0.0,6.097619408438071,0.9321940681627711,0.962890625,1.0,0.01953125
2026-05-01T04:20,10,40,0.01953125,44,75,0.0,6.097691760441535,0.9322041398642176,0.962890625,1.0,0.01953125
2026-05-01T04:50,10,40,0.01953125,44,78,0.0,6.0977543469086894,0.932143810593486,0.962890625,1.0,0.01953125
2026-05-01T05:20,10,40,0.01953125,44,78,0.0,6.097800168478493,0.9321293304740617,0.962890625,1.0,0.01953125
2026-05-01T05:50,10,40,0.01953125,44,78,0.0,6.097837305100054,0.9321148656613174,0.962890625,1.0,0.01953125
2026-05-01T06:20,11,40,0.01953125,44,78,0.0,6.097874906798303,0.9321004161309955,0.962890625,1.0,0.01953125
2026-05-01T06:50,11,40,0.01953125,44,76,0.0,6.097897542870298,0.9320402690359854,0.962890625,1.0,0.01953125
2026-05-01T07:20,12,40,0.01953125,44,71,0.0,6.097918184826094,0.932002498506826,0.962890625,1.0,0.01953125
2026-05-01T07:50,13,40,0.01953125,44,69,0.0,6.097919828731403,0.931964767819997,0.962890625,1.0,0.01953125
2026-05-01T08:20,14,40,0.01953125,44,69,0.0,6.097921130880761,0.9320006324653213,0.962890625,1.0,0.01953125
2026-05-01T08:50,15,40,0.01953125,44,69,0.0,6.097912152879928,0.9320107583239776,0.962890625,1.0,0.01953125
2026-05-01T10:20,17,40,0.01953125,43,69,0.0,6.09789961693498,0.9319964092699692,0.962890625,1.0,0.01953125
2026-05-01T10:50,18,40,0.01953125,42,69,0.0,6.097885872846694,0.9320065266925615,0.962890625,1.0,0.01953125
2026-05-01T11:20,20,40,0.01953125,41,69,0.0,6.097872662120265,0.9320166334708373,0.962890625,1.0,0.01953125
2026-05-01T11:50,20,40,0.01953125,41,69,0.0,6.097859141335935,0.9320523765657527,0.962890625,1.0,0.01953125
2026-05-01T12:20,21,40,0.01953125,41,69,0.0,6.097845311560846,0.9320880820956708,0.962890625,1.0,0.01953125
2026-05-01T12:50,22,40,0.01953125,41,69,0.0,6.097828829533545,0.9320981301156812,0.962890625,1.0,0.01953125
2026-05-01T13:20,24,40,0.01953125,41,69,0.0,6.097812046678823,0.9321337741418673,0.962890625,1.0,0.01953125
2026-05-01T13:50,24,40,0.01953125,41,70,0.0,6.097790881353437,0.9321437876455678,0.962890625,1.0,0.01953125
2026-05-01T14:20,24,40,0.01953125,41,70,0.0,6.097768441549511,0.932153790647429,0.962890625,1.0,0.01953125
2026-05-01T14:50,24,40,0.01953125,41,72,0.0,6.097731823559598,0.9321394343131075,0.962890625,1.0,0.01953125
2026-05-01T15:20,24,40,0.01953125,41,76,0.0,6.097690612154582,0.9321494291155601,0.962890625,1.0,0.01953125
2026-05-01T15:50,24,40,0.01953125,41,76,0.0,6.09764915578402,0.9321849529746619,0.962890625,1.0,0.01953125
2026-05-01T16:20,24,40,0.01953125,40,76,0.0,6.097615175591099,0.9321949134975402,0.962890625,1.0,0.01953125
2026-05-01T16:50,24,40,0.01953125,40,77,0.0,6.0975719749278054,0.932180565689624,0.962890625,1.0,0.01953125
2026-05-01T17:20,23,40,0.01953125,40,78,0.0,6.097524227582668,0.9321905180923974,0.962890625,1.0,0.01953125
2026-05-01T17:50,23,40,0.01953125,40,78,0.0,6.097473264785024,0.9322004600955859,0.962890625,1.0,0.01953125
2026-05-01T18:20,22,40,0.01953125,40,78,0.0,6.0974306863988295,0.9321861318682576,0.962890625,1.0,0.01953125
2026-05-01T18:50,22,40,0.01953125,40,78,0.0,6.097386314630651,0.9321960657828333,0.962890625,1.0,0.01953125
2026-05-01T19:20,21,40,0.01953125,40,78,0.0,6.097338965779448,0.9321586474471506,0.962890625,1.0,0.01953125
2026-05-01T19:50,20,40,0.01953125,40,78,0.0,6.0972956977773185,0.9321212681295447,0.962890625,1.0,0.01953125
2026-05-01T20:20,20,40,0.01953125,40,76,0.0,6.097270398972021,0.9321070110355543,0.962890625,1.0,0.01953125
2026-05-01T20:50,19,40,0.01953125,40,75,0.0,6.097269877498469,0.9321169654632416,0.962890625,1.0,0.01953125
2026-05-01T21:20,19,40,0.01953125,40,75,0.0,6.097275178388316,0.932126909527131,0.962890625,1.0,0.01953125
2026-05-01T21:50,18,40,0.01953125,40,74,0.0,6.097290117889008,0.9321126717514987,0.962890625,1.0,0.01953125
2026-05-01T22:20,18,40,0.01953125,40,72,0.0,6.097313817941138,0.9321226077059676,0.962890625,1.0,0.01953125
2026-05-01T22:50,18,40,0.01953125,40,69,0.0,6.097343584703645,0.9321325333320014,0.962890625,1.0,0.01953125
2026-05-01T23:20,17,40,0.01953125,40,69,0.0,6.09737294843829,0.932167789158842,0.962890625,1.0,0.01953125
2026-05-01T23:50,16,40,0.01953125,40,67,0.0,6.097413051706458,0.9321776810191932,0.962890625,1.0,0.01953125
2026-05-02T00:20,16,40,0.01953125,40,66,0.0,6.097460392918391,0.9321875626129533,0.962890625,1.0,0.01953125
2026-05-02T00:50,15,40,0.01953125,40,67,0.0,6.0975074585199645,0.9321974339560977,0.962890625,1.0,0.01953125
2026-05-02T01:20,14,40,0.01953125,40,67,0.0,6.097554082256327,0.9322325830312889,0.962890625,1.0,0.01953125
2026-05-02T01:50,13,40,0.01953125,41,67,0.0,6.097609260686265,0.9322424208184205,0.962890625,1.0,0.01953125
2026-05-02T02:20,13,40,0.01953125,41,67,0.0,6.09766397973107,0.9322775101913783,0.962890625,1.0,0.01953125
2026-05-02T02:50,12,40,0.01953125,41,67,0.0,6.097718240917934,0.9323125632399335,0.962890625,1.0,0.01953125
2026-05-02T03:20,12,40,0.01953125,42,67,0.0,6.097775216581992,0.9323223443826936,0.962890625,1.0,0.01953125
2026-05-02T03:50,12,40,0.01953125,44,73,0.0,6.097841178370617,0.9322851896628882,0.962890625,1.0,0.01953125
2026-05-02T04:20,12,40,0.01953125,44,75,0.0,6.097911135028522,0.9322949748424915,0.962890625,1.0,0.01953125
2026-05-02T04:50,11,40,0.01953125,44,78,0.0,6.097971642142192,0.9322360320962823,0.962890625,1.0,0.01953125
2026-05-02T05:20,11,40,0.01953125,44,78,0.0,6.098016370224759,0.9322218482411794,0.962890625,1.0,0.01953125
2026-05-02T05:50,11,40,0.01953125,44,78,0.0,6.09805269337515,0.9322076790236977,0.962890625,1.0,0.01953125
2026-05-02T06:20,11,40,0.01953125,44,78,0.0,6.098089535758739,0.9321935244211904,0.962890625,1.0,0.01953125
2026-05-02T06:50,11,40,0.01953125,44,76,0.0,6.09811187995517,0.9321347555004486,0.962890625,1.0,0.01953125
2026-05-02T07:20,11,40,0.01953125,44,71,0.0,6.0981323592609495,0.9320978314204786,0.962890625,1.0,0.01953125
2026-05-02T07:50,11,40,0.01953125,44,69,0.0,6.098134394431686,0.9320609453673677,0.962890625,1.0,0.01953125
2026-05-02T08:20,12,40,0.01953125,44,69,0.0,6.098136102722463,0.9320959114273948,0.962890625,1.0,0.01953125
2026-05-02T08:50,13,40,0.01953125,44,69,0.0,6.098137485205507,0.9321308415141092,0.962890625,1.0,0.01953125
2026-05-02T09:20,14,40,0.01953125,44,69,0.0,6.098122059310801,0.9321167700813316,0.962890625,1.0,0.01953125
2026-05-02T09:50,15,40,0.01953125,43,69,0.0,6.098110061802464,0.9321265864955731,0.962890625,1.0,0.01953125
2026-05-02T10:20,16,40,0.01953125,43,69,0.0,6.098097766213134,0.9321614470058476,0.962890625,1.0,0.01953125
2026-05-02T10:50,17,40,0.01953125,42,69,0.0,6.098084264414906,0.9321712304068688,0.962890625,1.0,0.01953125
2026-05-02T11:20,17,40,0.01953125,42,69,0.0,6.098070468860591,0.9322060322383686,0.962890625,1.0,0.01953125
2026-05-02T11:50,19,40,0.01953125,41,69,0.0,6.098057152114688,0.9322157827409104,0.962890625,1.0,0.01953125
2026-05-02T12:20,19,40,0.01953125,41,69,0.0,6.098043541600983,0.9322505260608792,0.962890625,1.0,0.01953125
2026-05-02T12:50,21,40,0.01953125,41,69,0.0,6.098027354420572,0.9322602437791857,0.962890625,1.0,0.01953125
2026-05-02T13:20,21,40,0.01953125,41,56,0.0,6.098022566747059,0.9322699515459117,0.962890625,1.0,0.01953125
2026-05-02T13:50,22,40,0.01953125,41,70,0.0,6.098001804082993,0.9322796493763361,0.962890625,1.0,0.01953125
2026-05-02T14:20,22,40,0.01953125,41,72,0.0,6.097966222971654,0.9322429155998159,0.962890625,1.0,0.01953125
2026-05-02T14:50,22,40,0.01953125,41,72,0.0,6.097930398298794,0.9322775562360123,0.962890625,1.0,0.01953125
2026-05-02T15:20,22,40,0.01953125,41,72,0.0,6.097897990031893,0.9322872353141722,0.962890625,1.0,0.01953125
2026-05-02T15:50,23,40,0.01953125,40,76,0.0,6.09786493547157,0.9322969045056334,0.962890625,1.0,0.01953125
2026-05-02T16:20,22,40,0.01953125,40,76,0.0,6.097821748545131,0.9323065638255361,0.962890625,1.0,0.01953125
2026-05-02T16:50,21,40,0.01953125,40,78,0.0,6.097775267818792,0.9322925104280547,0.962890625,1.0,0.01953125
2026-05-02T17:20,20,40,0.01953125,40,78,0.0,6.097725649945385,0.9323021621372679,0.962890625,1.0,0.01953125
2026-05-02T17:50,20,40,0.01953125,40,78,0.0,6.097680649154226,0.9323118040078375,0.962890625,1.0,0.01953125
2026-05-02T18:20,17,40,0.01953125,40,78,0.0,6.097637377589627,0.9322977694183083,0.962890625,1.0,0.01953125
2026-05-02T18:50,17,40,0.01953125,40,78,0.0,6.097598088137665,0.9322837491206217,0.962890625,1.0,0.01953125
2026-05-02T19:20,16,40,0.01953125,40,78,0.0,6.097548209140485,0.9322472001980561,0.962890625,1.0,0.01953125
2026-05-02T19:50,17,40,0.01953125,40,75,0.0,6.097523544754338,0.93221068845649,0.962890625,1.0,0.01953125
2026-05-02T20:20,16,40,0.01953125,40,74,0.0,6.097522551902067,0.9322203523221426,0.962890625,1.0,0.01953125
2026-05-02T20:50,16,40,0.01953125,40,74,0.0,6.0975272231545885,0.9322300063667935,0.962890625,1.0,0.01953125
2026-05-02T21:20,16,40,0.01953125,40,73,0.0,6.097542543086903,0.9322396506054061,0.962890625,1.0,0.01953125
2026-05-02T21:50,16,40,0.01953125,40,72,0.0,6.09756512919851,0.9322257025110693,0.962890625,1.0,0.01953125
2026-05-02T22:20,15,40,0.01953125,40,69,0.0,6.097593592118671,0.9322353391471343,0.962890625,1.0,0.01953125
2026-05-02T22:50,15,40,0.01953125,40,69,0.0,6.097621673088702,0.9322697025654166,0.962890625,1.0,0.01953125
2026-05-02T23:20,15,40,0.01953125,40,67,0.0,6.09766023431733,0.9322793071318787,0.962890625,1.0,0.01953125
2026-05-02T23:50,15,40,0.01953125,40,67,0.0,6.097698393147834,0.9323136134605859,0.962890625,1.0,0.01953125
2026-05-03T00:20,15,40,0.01953125,40,66,0.0,6.097743636589695,0.9323231860675402,0.962890625,1.0,0.01953125
2026-05-03T00:50,15,40,0.01953125,40,66,0.0,6.0977886732343825,0.932332748985621,0.962890625,1.0,0.01953125
2026-05-03T01:20,15,40,0.01953125,40,66,0.0,6.097833291941896,0.9323669762243739,0.962890625,1.0,0.01953125
2026-05-03T01:50,15,40,0.01953125,41,66,0.0,6.097886255520639,0.9323765073345713,0.962890625,1.0,0.01953125
2026-05-03T02:20,15,40,0.01953125,41,66,0.0,6.097938784417425,0.9324106778715423,0.962890625,1.0,0.01953125
2026-05-03T02:50,14,40,0.01953125,41,66,0.0,6.097990880037295,0.9324448138928193,0.962890625,1.0,0.01953125
2026-05-03T03:20,14,40,0.01953125,42,67,0.0,6.098045667251325,0.9324542912771213,0.962890625,1.0,0.01953125
2026-05-03T03:50,14,40,0.01953125,44,74,0.0,6.098109241530395,0.9324179697962949,0.962890625,1.0,0.01953125
2026-05-03T04:20,14,40,0.01953125,44,75,0.0,6.098176742275754,0.932427451159078,0.962890625,1.0,0.01953125
2026-05-03T04:50,14,40,0.01953125,44,78,0.0,6.098231544437179,0.9323911798209328,0.962890625,1.0,0.01953125
2026-05-03T05:20,14,40,0.01953125,44,78,0.0,6.098275018806822,0.9323772607906764,0.962890625,1.0,0.01953125
2026-05-03T05:50,14,40,0.01953125,44,78,0.0,6.0983103470145394,0.9323410512516473,0.962890625,1.0,0.01953125
2026-05-03T06:20,14,40,0.01953125,44,78,0.0,6.098351058801706,0.9323271714597552,0.962890625,1.0,0.01953125
2026-05-03T06:50,14,40,0.01953125,44,78,0.0,6.098373890813498,0.9322910235446744,0.962890625,1.0,0.01953125
2026-05-03T07:20,14,40,0.01953125,44,71,0.0,6.098387997252477,0.9322133396604276,0.962890625,1.0,0.01953125
2026-05-03T07:50,14,40,0.01953125,44,68,0.0,6.098390131881087,0.9321995449695237,0.962890625,1.0,0.01953125
2026-05-03T08:20,15,40,0.01953125,44,68,0.0,6.098391954759521,0.9322335984376455,0.962890625,1.0,0.01953125
2026-05-03T08:50,15,40,0.01953125,44,68,0.0,6.098393466885638,0.9322676177155382,0.962890625,1.0,0.01953125
2026-05-03T09:20,15,40,0.01953125,44,69,0.0,6.0983786780151945,0.9322538165549996,0.962890625,1.0,0.01953125
2026-05-03T09:50,16,40,0.01953125,43,69,0.0,6.098367244158333,0.9322633279369655,0.962890625,1.0,0.01953125
2026-05-03T10:20,16,40,0.01953125,43,69,0.0,6.098355525694843,0.9322972811560448,0.962890625,1.0,0.01953125
2026-05-03T10:50,17,40,0.01953125,42,69,0.0,6.09834260340867,0.9323067612317156,0.962890625,1.0,0.01953125
2026-05-03T11:20,17,40,0.01953125,42,69,0.0,6.098329400675794,0.9323406586972982,0.962890625,1.0,0.01953125
2026-05-03T11:50,17,40,0.01953125,41,69,0.0,6.098316681088474,0.9323501075729228,0.962890625,1.0,0.01953125
2026-05-03T12:20,17,40,0.01953125,41,69,0.0,6.098303680976877,0.9323839494400699,0.962890625,1.0,0.01953125
2026-05-03T12:50,19,40,0.01953125,41,69,0.0,6.098288146876856,0.9323933672214473,0.962890625,1.0,0.01953125
2026-05-03T13:20,18,40,0.01953125,41,69,0.0,6.09827233961527,0.932427153644625,0.962890625,1.0,0.01953125
2026-05-03T13:50,19,40,0.01953125,41,70,0.0,6.098251381094342,0.9324133348389892,0.962890625,1.0,0.01953125
2026-05-03T14:20,19,40,0.01953125,41,71,0.0,6.09821684838957,0.932399529831462,0.962890625,1.0,0.01953125
2026-05-03T14:50,19,40,0.01953125,41,76,0.0,6.0981778963502125,0.9324089210402263,0.962890625,1.0,0.01953125
2026-05-03T15:20,19,40,0.01953125,41,76,0.0,6.098138721178061,0.9324426323015529,0.962890625,1.0,0.01953125
2026-05-03T15:50,20,40,0.01953125,41,76,0.0,6.098107566078989,0.9324519926604231,0.962890625,1.0,0.01953125
2026-05-03T16:20,19,40,0.01953125,40,77,0.0,6.098066631856184,0.9324381959051175,0.962890625,1.0,0.01953125
2026-05-03T16:50,19,40,0.01953125,40,78,0.0,6.098021352419183,0.9324475491502818,0.962890625,1.0,0.01953125
2026-05-03T17:20,20,40,0.01953125,40,78,0.0,6.097972995935989,0.932456893084102,0.962890625,1.0,0.01953125
2026-05-03T17:50,19,40,0.01953125,40,78,0.0,6.097929083076902,0.9324662277204756,0.962890625,1.0,0.01953125
2026-05-03T18:20,19,40,0.01953125,40,78,0.0,6.097888336077114,0.9324755530732726,0.962890625,1.0,0.01953125
2026-05-03T18:50,19,40,0.01953125,40,78,0.0,6.097849034748957,0.9324617788941912,0.962890625,1.0,0.01953125
2026-05-03T19:20,19,40,0.01953125,40,78,0.0,6.097807568765349,0.93242601304093,0.962890625,1.0,0.01953125
2026-05-03T19:50,18,40,0.01953125,40,75,0.0,6.097783263559603,0.9323692880186564,0.962890625,1.0,0.01953125
2026-05-03T20:20,18,40,0.01953125,40,74,0.0,6.097781550415509,0.9323786429686199,0.962890625,1.0,0.01953125
2026-05-03T20:50,18,40,0.01953125,40,74,0.0,6.0977853433336735,0.9323879886378791,0.962890625,1.0,0.01953125
2026-05-03T21:20,18,40,0.01953125,40,73,0.0,6.097799483163874,0.9323973250402375,0.962890625,1.0,0.01953125
2026-05-03T21:50,17,40,0.01953125,40,71,0.0,6.097820699665797,0.9323836305802384,0.962890625,1.0,0.01953125
2026-05-03T22:20,17,40,0.01953125,40,69,0.0,6.097847591117832,0.9323929598925786,0.962890625,1.0,0.01953125
2026-05-03T22:50,16,40,0.01953125,40,69,0.0,6.097874121192163,0.932426428724315,0.962890625,1.0,0.01953125
2026-05-03T23:20,16,40,0.01953125,40,67,0.0,6.097910854723116,0.9324357276275662,0.962890625,1.0,0.01953125
2026-05-03T23:50,15,40,0.01953125,40,67,0.0,6.097947207381191,0.932469142203418,0.962890625,1.0,0.01953125
2026-05-04T00:20,15,40,0.01953125,40,66,0.0,6.097998183260795,0.9324554460900015,0.962890625,1.0,0.01953125
2026-05-04T00:50,15,40,0.01953125,40,66,0.0,6.098041312491318,0.9324647168736504,0.962890625,1.0,0.01953125
2026-05-04T01:20,14,40,0.01953125,40,66,0.0,6.098084045828778,0.9324980676307498,0.962890625,1.0,0.01953125
2026-05-04T01:50,14,40,0.01953125,41,66,0.0,6.098134907687546,0.9325073082253028,0.962890625,1.0,0.01953125
2026-05-04T02:20,15,40,0.01953125,41,66,0.0,6.098185357667303,0.9325406050638695,0.962890625,1.0,0.01953125
2026-05-04T02:50,14,40,0.01953125,41,66,0.0,6.098235397063926,0.9325738690653174,0.962890625,1.0,0.01953125
2026-05-04T03:20,13,40,0.01953125,42,67,0.0,6.098288104166911,0.9325830586380772,0.962890625,1.0,0.01953125
2026-05-04T03:50,13,40,0.01953125,44,73,0.0,6.098349423008549,0.9325475325580974,0.962890625,1.0,0.01953125
2026-05-04T04:20,13,40,0.01953125,44,74,0.0,6.098414618109923,0.9325567260488099,0.962890625,1.0,0.01953125
2026-05-04T04:50,13,40,0.01953125,44,77,0.0,6.09846746296004,0.9325212478943957,0.962890625,1.0,0.01953125
2026-05-04T05:20,13,40,0.01953125,44,77,0.0,6.098509755691359,0.9325075935200069,0.962890625,1.0,0.01953125
2026-05-04T05:50,13,40,0.01953125,44,78,0.0,6.098544230550947,0.9324721744063191,0.962890625,1.0,0.01953125
2026-05-04T06:20,13,40,0.01953125,44,78,0.0,6.098583979330361,0.932458557566199,0.962890625,1.0,0.01953125
2026-05-04T06:50,12,40,0.01953125,44,77,0.0,6.098601597845519,0.9324024295016682,0.962890625,1.0,0.01953125
2026-05-04T07:20,12,40,0.01953125,44,71,0.0,6.09862126501245,0.9323671141785349,0.962890625,1.0,0.01953125
2026-05-04T07:50,12,40,0.01953125,44,68,0.0,6.098623481119117,0.9323318335122447,0.962890625,1.0,0.01953125
2026-05-04T08:20,12,40,0.01953125,44,68,0.0,6.098625399596131,0.9323650204501985,0.962890625,1.0,0.01953125
2026-05-04T08:50,12,40,0.01953125,44,68,0.0,6.09862702137366,0.9323981748519385,0.962890625,1.0,0.01953125
2026-05-04T09:20,12,40,0.01953125,44,69,0.0,6.098612845633884,0.9323846342982444,0.962890625,1.0,0.01953125
2026-05-04T09:50,13,40,0.01953125,43,69,0.0,6.0986019545539,0.9323938580386444,0.962890625,1.0,0.01953125
2026-05-04T10:20,13,40,0.01953125,43,69,0.0,6.098590791408616,0.9324269496401918,0.962890625,1.0,0.01953125
2026-05-04T10:50,13,40,0.01953125,42,69,0.0,6.098578427918835,0.9324361436531835,0.962890625,1.0,0.01953125
2026-05-04T11:20,14,40,0.01953125,42,69,0.0,6.098565796367554,0.9324691822137442,0.962890625,1.0,0.01953125
2026-05-04T11:50,14,40,0.01953125,41,69,0.0,6.09855362483342,0.9324783465978994,0.962890625,1.0,0.01953125
2026-05-04T12:20,14,40,0.01953125,41,69,0.0,6.098541185169297,0.9325113322615057,0.962890625,1.0,0.01953125
2026-05-04T12:50,14,40,0.01953125,41,69,0.0,6.098526253123223,0.9325204671149889,0.962890625,1.0,0.01953125
2026-05-04T13:20,15,40,0.01953125,41,69,0.0,6.098511059988026,0.9325534000251329,0.962890625,1.0,0.01953125
2026-05-04T13:50,15,40,0.01953125,41,70,0.0,6.09848994446129,0.9325625054457035,0.962890625,1.0,0.01953125
2026-05-04T14:20,15,40,0.01953125,41,72,0.0,6.098456395919285,0.9325273531350421,0.962890625,1.0,0.01953125
2026-05-04T14:50,15,40,0.01953125,41,76,0.0,6.098418483036545,0.9325364623743502,0.962890625,1.0,0.01953125
2026-05-04T15:20,15,40,0.01953125,41,76,0.0,6.098380356998507,0.9325693233278941,0.962890625,1.0,0.01953125
2026-05-04T15:50,15,40,0.01953125,40,76,0.0,6.098349064716577,0.9325784032640515,0.962890625,1.0,0.01953125
2026-05-04T16:20,15,40,0.01953125,40,77,0.0,6.098309145048289,0.9325648672550478,0.962890625,1.0,0.01953125
2026-05-04T16:50,14,40,0.01953125,40,78,0.0,6.098264977562122,0.9325739405259331,0.962890625,1.0,0.01953125
2026-05-04T17:20,14,40,0.01953125,40,78,0.0,6.098217791073978,0.9325830049749703,0.962890625,1.0,0.01953125
2026-05-04T17:50,15,40,0.01953125,40,78,0.0,6.098174885725153,0.9325920606150189,0.962890625,1.0,0.01953125
2026-05-04T18:20,15,40,0.01953125,40,78,0.0,6.098133509397278,0.9325785442692913,0.962890625,1.0,0.01953125
2026-05-04T18:50,15,40,0.01953125,40,78,0.0,6.098095822529122,0.9325435377508495,0.962890625,1.0,0.01953125
2026-05-04T19:20,15,40,0.01953125,40,78,0.0,6.098047979901519,0.9325300580647802,0.962890625,1.0,0.01953125
2026-05-04T19:50,15,40,0.01953125,40,75,0.0,6.09802401448327,0.9324951090144477,0.962890625,1.0,0.01953125
2026-05-04T20:20,14,40,0.01953125,40,74,0.0,6.098021647995649,0.9325041853126448,0.962890625,1.0,0.01953125
2026-05-04T20:50,14,40,0.01953125,40,74,0.0,6.098024643520041,0.9325132528159792,0.962890625,1.0,0.01953125
2026-05-04T21:20,13,40,0.01953125,40,73,0.0,6.0980377002496455,0.9325223115372282,0.962890625,1.0,0.01953125
2026-05-04T21:50,14,40,0.01953125,40,72,0.0,6.098057632316381,0.9325088747478887,0.962890625,1.0,0.01953125
2026-05-04T22:20,13,40,0.01953125,40,69,0.0,6.098083049507282,0.9325179268221253,0.962890625,1.0,0.01953125
2026-05-04T22:50,13,40,0.01953125,40,69,0.0,6.098108124277502,0.9325505583855576,0.962890625,1.0,0.01953125
2026-05-04T23:20,13,40,0.01953125,40,67,0.0,6.098143139630846,0.9325595815628459,0.962890625,1.0,0.01953125
2026-05-04T23:50,12,40,0.01953125,40,66,0.0,6.0981849530803505,0.9325685960220886,0.962890625,1.0,0.01953125
2026-05-05T00:20,12,40,0.01953125,40,66,0.0,6.098226581769407,0.9325776017759143,0.962890625,1.0,0.01953125
2026-05-05T00:50,12,40,0.01953125,40,66,0.0,6.098267833933977,0.932610141543397,0.962890625,1.0,0.01953125
2026-05-05T01:20,12,40,0.01953125,40,66,0.0,6.098308710736243,0.9326426499169892,0.962890625,1.0,0.01953125
2026-05-05T01:50,11,40,0.01953125,41,66,0.0,6.098357510586002,0.9326516069383384,0.962890625,1.0,0.01953125
2026-05-05T02:20,11,40,0.01953125,41,66,0.0,6.098405919796903,0.9326840639952355,0.962890625,1.0,0.01953125
2026-05-05T02:50,11,40,0.01953125,41,66,0.0,6.098453939566462,0.9327164897832918,0.962890625,1.0,0.01953125
2026-05-05T03:20,11,40,0.01953125,42,67,0.0,6.098504602516008,0.9327253983159889,0.962890625,1.0,0.01953125
2026-05-05T03:50,11,40,0.01953125,44,75,0.0,6.098563709478009,0.932690624359282,0.962890625,1.0,0.01953125
2026-05-05T04:20,11,40,0.01953125,44,76,0.0,6.098626638670655,0.9326995367632434,0.962890625,1.0,0.01953125
2026-05-05T04:50,11,40,0.01953125,44,78,0.0,6.098680879625301,0.9326444801677716,0.962890625,1.0,0.01953125
2026-05-05T05:20,11,40,0.01953125,44,78,0.0,6.098721915331136,0.9326534061802788,0.962890625,1.0,0.01953125
2026-05-05T05:50,11,40,0.01953125,44,78,0.0,6.098755440516125,0.9326187336106816,0.962890625,1.0,0.01953125
2026-05-05T06:20,11,40,0.01953125,44,78,0.0,6.09878954912795,0.9326053601930874,0.962890625,1.0,0.01953125
2026-05-05T06:50,11,40,0.01953125,44,76,0.0,6.0988104117261495,0.9325504544627558,0.962890625,1.0,0.01953125
2026-05-05T07:20,11,40,0.01953125,44,71,0.0,6.098829684488274,0.9325158811590705,0.962890625,1.0,0.01953125
2026-05-05T07:50,11,40,0.01953125,44,69,0.0,6.098831991028403,0.9324813410033275,0.962890625,1.0,0.01953125
2026-05-05T08:20,12,40,0.01953125,44,69,0.0,6.098834013102616,0.9325136930200963,0.962890625,1.0,0.01953125
2026-05-05T08:50,12,40,0.01953125,44,69,0.0,6.098835751579382,0.9325460140483434,0.962890625,1.0,0.01953125
2026-05-05T09:20,12,40,0.01953125,44,69,0.0,6.098822167512422,0.9325327138524188,0.962890625,1.0,0.01953125
2026-05-05T09:50,13,40,0.01953125,43,69,0.0,6.098811800611824,0.9325416549042574,0.962890625,1.0,0.01953125
2026-05-05T10:20,13,40,0.01953125,43,69,0.0,6.0988011733589556,0.9325739161883778,0.962890625,1.0,0.01953125
2026-05-05T10:50,13,40,0.01953125,42,69,0.0,6.098789350196155,0.9325828289971765,0.962890625,1.0,0.01953125
2026-05-05T11:20,14,40,0.01953125,42,69,0.0,6.098777270536783,0.9326150397812198,0.962890625,1.0,0.01953125
2026-05-05T11:50,15,40,0.01953125,41,69,0.0,6.09876565468459,0.932623924438533,0.962890625,1.0,0.01953125
2026-05-05T12:20,15,40,0.01953125,41,69,0.0,6.09875378221396,0.9326560848564622,0.962890625,1.0,0.01953125
2026-05-05T12:50,16,40,0.01953125,41,69,0.0,6.098739483243719,0.9326649414534748,0.962890625,1.0,0.01953125
2026-05-05T13:20,16,40,0.01953125,41,69,0.0,6.0987249343330925,0.9326970516387617,0.962890625,1.0,0.01953125
2026-05-05T13:50,16,40,0.01953125,41,70,0.0,6.09870461660784,0.932705880266291,0.962890625,1.0,0.01953125
2026-05-05T14:20,16,40,0.01953125,41,72,0.0,6.098672107245009,0.9326714635135577,0.962890625,1.0,0.01953125
2026-05-05T14:50,16,40,0.01953125,41,76,0.0,6.098635272447427,0.9326802959176917,0.962890625,1.0,0.01953125
2026-05-05T15:20,16,40,0.01953125,41,76,0.0,6.098598233623895,0.9327123376616624,0.962890625,1.0,0.01953125
2026-05-05T15:50,16,40,0.01953125,40,76,0.0,6.098567854734814,0.9327211422166259,0.962890625,1.0,0.01953125
2026-05-05T16:20,16,40,0.01953125,40,77,0.0,6.098529014549703,0.9327078472867855,0.962890625,1.0,0.01953125
2026-05-05T16:50,15,40,0.01953125,40,78,0.0,6.098486000960151,0.9327166456066087,0.962890625,1.0,0.01953125
2026-05-05T17:20,15,40,0.01953125,40,78,0.0,6.09844002417654,0.9327254355669833,0.962890625,1.0,0.01953125
2026-05-05T17:50,15,40,0.01953125,40,78,0.0,6.09839817581239,0.9327342171798171,0.962890625,1.0,0.01953125
2026-05-05T18:20,15,40,0.01953125,40,78,0.0,6.098357766262313,0.9327209412840326,0.962890625,1.0,0.01953125
2026-05-05T18:50,14,40,0.01953125,40,78,0.0,6.098320864251676,0.9326866643271992,0.962890625,1.0,0.01953125
2026-05-05T19:20,14,40,0.01953125,40,78,0.0,6.098273998047728,0.9326734235687519,0.962890625,1.0,0.01953125
2026-05-05T19:50,14,40,0.01953125,40,75,0.0,6.098250434233516,0.9326392016221692,0.962890625,1.0,0.01953125
2026-05-05T20:20,13,40,0.01953125,40,74,0.0,6.098247552686572,0.9326480032851596,0.962890625,1.0,0.01953125
2026-05-05T20:50,13,40,0.01953125,40,74,0.0,6.098249876330894,0.9326567966132421,0.962890625,1.0,0.01953125
2026-05-05T21:20,13,40,0.01953125,40,73,0.0,6.0982619902116015,0.9326655816182501,0.962890625,1.0,0.01953125
2026-05-05T21:50,12,40,0.01953125,40,72,0.0,6.098280788623636,0.9326523821495385,0.962890625,1.0,0.01953125
2026-05-05T22:20,12,40,0.01953125,40,69,0.0,6.098304893234011,0.93266116093443,0.962890625,1.0,0.01953125
2026-05-05T22:50,11,40,0.01953125,40,69,0.0,6.098328672782141,0.9326929845823816,0.962890625,1.0,0.01953125
2026-05-05T23:20,12,40,0.01953125,40,67,0.0,6.098362142814496,0.932701735894433,0.962890625,1.0,0.01953125
2026-05-05T23:50,11,40,0.01953125,40,66,0.0,6.098402225454253,0.9327104789427336,0.962890625,1.0,0.01953125
2026-05-06T00:20,11,40,0.01953125,40,66,0.0,6.09844211056044,0.932719213738983,0.962890625,1.0,0.01953125
2026-05-06T00:50,11,40,0.01953125,40,66,0.0,6.0984816381267155,0.9327509499589174,0.962890625,1.0,0.01953125
2026-05-06T01:20,10,40,0.01953125,40,66,0.0,6.0985208092290595,0.9327826562531375,0.962890625,1.0,0.01953125
2026-05-06T01:50,10,40,0.01953125,41,66,0.0,6.098567707734478,0.9327913446866635,0.962890625,1.0,0.01953125
2026-05-06T02:20,10,40,0.01953125,41,66,0.0,6.0986142351647725,0.9328230020843618,0.962890625,1.0,0.01953125
2026-05-06T02:50,10,40,0.01953125,41,66,0.0,6.098660392629248,0.9328546296728342,0.962890625,1.0,0.01953125
2026-05-06T03:20,10,40,0.01953125,43,68,0.0,6.098718086056903,0.9328414095669938,0.962890625,1.0,0.01953125
2026-05-06T03:50,10,40,0.01953125,44,75,0.0,6.098775115640589,0.9328282018977534,0.962890625,1.0,0.01953125
2026-05-06T04:20,9,40,0.01953125,44,76,0.0,6.098835914151977,0.932836848494038,0.962890625,1.0,0.01953125
2026-05-06T04:50,9,40,0.01953125,44,78,0.0,6.098888233699107,0.9327829692504702,0.962890625,1.0,0.01953125
2026-05-06T05:20,9,40,0.01953125,44,78,0.0,6.098928187503776,0.9327698076419739,0.962890625,1.0,0.01953125
2026-05-06T05:50,9,40,0.01953125,44,78,0.0,6.098960764522649,0.9327566583917956,0.962890625,1.0,0.01953125
2026-05-06T06:20,8,40,0.01953125,44,78,0.0,6.098993932428465,0.932743521482537,0.962890625,1.0,0.01953125
2026-05-06T06:50,8,40,0.01953125,44,76,0.0,6.099014253881128,0.9326897871001257,0.962890625,1.0,0.01953125
2026-05-06T07:20,8,40,0.01953125,44,72,0.0,6.099035545581316,0.9326766938594608,0.962890625,1.0,0.01953125
2026-05-06T07:50,9,40,0.01953125,44,70,0.0,6.099045731788991,0.9326428552570333,0.962890625,1.0,0.01953125
2026-05-06T08:20,9,40,0.01953125,44,69,0.0,6.0990478277769045,0.9326515562673088,0.962890625,1.0,0.01953125
2026-05-06T08:50,10,40,0.01953125,44,69,0.0,6.099049652464089,0.9326830864375956,0.962890625,1.0,0.01953125
2026-05-06T09:20,10,40,0.01953125,44,69,0.0,6.099042624958754,0.9326917604786613,0.962890625,1.0,0.01953125
2026-05-06T09:50,11,40,0.01953125,43,69,0.0,6.099032738259811,0.9326786969352953,0.962890625,1.0,0.01953125
2026-05-06T10:20,11,40,0.01953125,43,69,0.0,6.09902260220692,0.93271017019526,0.962890625,1.0,0.01953125
2026-05-06T10:50,11,40,0.01953125,42,69,0.0,6.099011275538726,0.9327188194204936,0.962890625,1.0,0.01953125
2026-05-06T11:20,11,40,0.01953125,42,69,0.0,6.098999703231535,0.9327502445398675,0.962890625,1.0,0.01953125
2026-05-06T11:50,12,40,0.01953125,41,69,0.0,6.098988620997004,0.9327588669804162,0.962890625,1.0,0.01953125
2026-05-06T12:20,12,40,0.01953125,41,69,0.0,6.098977292901466,0.9327902440840184,0.962890625,1.0,0.01953125
2026-05-06T12:50,12,40,0.01953125,41,69,0.0,6.0989636008462655,0.9327988398247419,0.962890625,1.0,0.01953125
2026-05-06T13:50,12,40,0.01953125,41,70,0.0,6.098946013453572,0.9328074275507887,0.962890625,1.0,0.01953125
2026-05-06T14:20,12,40,0.01953125,41,70,0.0,6.098921611828356,0.9327943588076438,0.962890625,1.0,0.01953125
2026-05-06T14:50,12,40,0.01953125,41,75,0.0,6.098885984231082,0.9327813022384562,0.962890625,1.0,0.01953125
2026-05-06T15:20,12,40,0.01953125,41,75,0.0,6.0988501605625824,0.932812595859388,0.962890625,1.0,0.01953125
2026-05-06T15:50,13,40,0.01953125,41,75,0.0,6.098810479576759,0.9328211611997024,0.962890625,1.0,0.01953125
2026-05-06T16:20,13,40,0.01953125,40,75,0.0,6.098771851206268,0.9328297185722585,0.962890625,1.0,0.01953125
2026-05-06T16:50,13,40,0.01953125,40,78,0.0,6.098730060749062,0.9328166698443131,0.962890625,1.0,0.01953125
2026-05-06T17:20,13,40,0.01953125,40,78,0.0,6.098685342702422,0.9328252213509818,0.962890625,1.0,0.01953125
2026-05-06T17:50,13,40,0.01953125,40,78,0.0,6.098644594931507,0.9328337649138448,0.962890625,1.0,0.01953125
2026-05-06T18:20,12,40,0.01953125,40,78,0.0,6.098605172545169,0.9328207324810909,0.962890625,1.0,0.01953125
2026-05-06T18:50,12,40,0.01953125,40,78,0.0,6.098569027295045,0.9327871567891178,0.962890625,1.0,0.01953125
2026-05-06T19:50,12,40,0.01953125,40,75,0.0,6.098545937624235,0.9327152600456061,0.962890625,1.0,0.01953125
2026-05-06T20:20,12,40,0.01953125,40,74,0.0,6.098542675088443,0.9327238387438673,0.962890625,1.0,0.01953125
2026-05-06T20:50,12,40,0.01953125,40,74,0.0,6.098544413675248,0.9327324094915277,0.962890625,1.0,0.01953125
2026-05-06T21:20,11,40,0.01953125,40,73,0.0,6.098555667917751,0.932740972299635,0.962890625,1.0,0.01953125
2026-05-06T21:50,11,40,0.01953125,40,72,0.0,6.098573366188958,0.9327280190276268,0.962890625,1.0,0.01953125
2026-05-06T22:20,11,40,0.01953125,40,69,0.0,6.098596162460874,0.9327365759425585,0.962890625,1.0,0.01953125
2026-05-06T22:50,10,40,0.01953125,40,69,0.0,6.098618649375792,0.9327676876095601,0.962890625,1.0,0.01953125
2026-05-06T23:20,10,40,0.01953125,40,67,0.0,6.098650538131874,0.9327762182727989,0.962890625,1.0,0.01953125
2026-05-06T23:50,10,40,0.01953125,40,66,0.0,6.0986888506897055,0.9327847410518758,0.962890625,1.0,0.01953125
2026-05-07T00:20,10,40,0.01953125,40,66,0.0,6.098726932170913,0.9327932559577157,0.962890625,1.0,0.01953125
2026-05-07T00:50,10,40,0.01953125,40,66,0.0,6.0987646734924645,0.9328242840020565,0.962890625,1.0,0.01953125
2026-05-07T01:20,10,40,0.01953125,40,66,0.0,6.09880207565412,0.9328552834095314,0.962890625,1.0,0.01953125
2026-05-07T01:50,10,40,0.01953125,41,67,0.0,6.0988470114596405,0.9328637539947645,0.962890625,1.0,0.01953125
2026-05-07T02:20,10,40,0.01953125,41,67,0.0,6.098891594125516,0.9328947066208618,0.962890625,1.0,0.01953125
2026-05-07T02:50,10,40,0.01953125,41,67,0.0,6.098935824682929,0.9329256307191932,0.962890625,1.0,0.01953125
2026-05-07T03:20,10,40,0.01953125,43,68,0.0,6.098991294612132,0.9329126580218384,0.962890625,1.0,0.01953125
2026-05-07T03:50,10,40,0.01953125,44,75,0.0,6.099046114096948,0.9328996972698772,0.962890625,1.0,0.01953125
2026-05-07T04:20,10,40,0.01953125,44,76,0.0,6.099104675937757,0.9329081279256182,0.962890625,1.0,0.01953125
2026-05-07T04:50,9,40,0.01953125,44,78,0.0,6.099154958785319,0.9328553559340157,0.962890625,1.0,0.01953125
2026-05-07T05:20,9,40,0.01953125,44,78,0.0,6.09919354595012,0.9328424394047412,0.962890625,1.0,0.01953125
2026-05-07T05:50,9,40,0.01953125,44,78,0.0,6.099224978964194,0.9328295347472766,0.962890625,1.0,0.01953125
2026-05-07T06:20,9,40,0.01953125,44,78,0.0,6.099257024235078,0.9328166419452623,0.962890625,1.0,0.01953125
2026-05-07T06:50,9,40,0.01953125,44,76,0.0,6.0992766287411255,0.9327640088765004,0.962890625,1.0,0.01953125
2026-05-07T07:20,10,40,0.01953125,44,72,0.0,6.099294570193045,0.9327308290267539,0.962890625,1.0,0.01953125
2026-05-07T07:50,10,40,0.01953125,44,70,0.0,6.099304467579927,0.932717999244981,0.962890625,1.0,0.01953125
2026-05-07T08:20,10,40,0.01953125,44,69,0.0,6.09930652683221,0.9327264822862237,0.962890625,1.0,0.01953125
2026-05-07T08:50,11,40,0.01953125,44,69,0.0,6.099308326041248,0.932757313412582,0.962890625,1.0,0.01953125
2026-05-07T09:20,12,40,0.01953125,44,69,0.0,6.0993015413998855,0.9327657706726747,0.962890625,1.0,0.01953125
2026-05-07T09:50,12,40,0.01953125,43,69,0.0,6.0992921157323305,0.9327529483897486,0.962890625,1.0,0.01953125
2026-05-07T10:20,12,40,0.01953125,43,69,0.0,6.099282450538637,0.9327837250724077,0.962890625,1.0,0.01953125
2026-05-07T10:50,13,40,0.01953125,42,69,0.0,6.099271621312102,0.932792158643827,0.962890625,1.0,0.01953125
2026-05-07T11:20,13,40,0.01953125,42,69,0.0,6.099260556098572,0.9328228892525862,0.962890625,1.0,0.01953125
2026-05-07T11:50,13,40,0.01953125,41,69,0.0,6.099250027909746,0.9328312972155398,0.962890625,1.0,0.01953125
2026-05-07T12:20,14,40,0.01953125,41,69,0.0,6.0992392633732075,0.9328619818673372,0.962890625,1.0,0.01953125
2026-05-07T12:50,13,40,0.01953125,41,69,0.0,6.099226232903803,0.9328703643012768,0.962890625,1.0,0.01953125
2026-05-07T13:20,14,40,0.01953125,41,69,0.0,6.099212972039487,0.9329010031126409,0.962890625,1.0,0.01953125
2026-05-07T13:50,14,40,0.01953125,41,70,0.0,6.09919423596704,0.9329093600967114,0.962890625,1.0,0.01953125
2026-05-07T14:20,13,40,0.01953125,41,70,0.0,6.099170541487219,0.9328965249597598,0.962890625,1.0,0.01953125
2026-05-07T14:50,14,40,0.01953125,41,75,0.0,6.099135883372272,0.9328837015230242,0.962890625,1.0,0.01953125
2026-05-07T15:20,14,40,0.01953125,41,75,0.0,6.099101037013649,0.9329142784243805,0.962890625,1.0,0.01953125
2026-05-07T15:50,14,40,0.01953125,41,75,0.0,6.099062396293092,0.9329226141410337,0.962890625,1.0,0.01953125
2026-05-07T16:20,14,40,0.01953125,40,75,0.0,6.0990248081488385,0.9329309422694152,0.962890625,1.0,0.01953125
2026-05-07T16:50,14,40,0.01953125,40,78,0.0,6.098984141996774,0.9329181265107678,0.962890625,1.0,0.01953125
2026-05-07T17:20,14,40,0.01953125,40,78,0.0,6.0989406129980415,0.9329264491054401,0.962890625,1.0,0.01953125
2026-05-07T17:50,13,40,0.01953125,40,78,0.0,6.098900940903391,0.9329347641341172,0.962890625,1.0,0.01953125
2026-05-07T18:20,13,40,0.01953125,40,78,0.0,6.098862547458832,0.9329219641071419,0.962890625,1.0,0.01953125
2026-05-07T18:50,13,40,0.01953125,40,78,0.0,6.098827323957945,0.9328890590899631,0.962890625,1.0,0.01953125
2026-05-07T19:20,13,40,0.01953125,40,78,0.0,6.098782515438965,0.9328762914302589,0.962890625,1.0,0.01953125
2026-05-07T19:50,13,40,0.01953125,40,75,0.0,6.098759881761773,0.9328434369950726,0.962890625,1.0,0.01953125
2026-05-07T20:20,12,40,0.01953125,40,74,0.0,6.098756287891521,0.932851770816025,0.962890625,1.0,0.01953125
2026-05-07T20:50,12,40,0.01953125,40,73,0.0,6.098758433714619,0.9328600970813825,0.962890625,1.0,0.01953125
2026-05-07T21:20,12,40,0.01953125,40,73,0.0,6.098768942807824,0.9328684158014159,0.962890625,1.0,0.01953125
2026-05-07T21:50,12,40,0.01953125,40,72,0.0,6.098785744887318,0.9328556864033002,0.962890625,1.0,0.01953125
2026-05-07T22:20,12,40,0.01953125,40,69,0.0,6.098807469863524,0.9328639995883576,0.962890625,1.0,0.01953125
2026-05-07T22:50,12,40,0.01953125,40,69,0.0,6.098828900263597,0.9328943778690869,0.962890625,1.0,0.01953125
2026-05-07T23:20,11,40,0.01953125,40,67,0.0,6.098859474555075,0.9329026660347701,0.962890625,1.0,0.01953125
2026-05-07T23:50,11,40,0.01953125,40,66,0.0,6.09889630592068,0.9329109467066329,0.962890625,1.0,0.01953125
2026-05-08T00:20,11,40,0.01953125,40,66,0.0,6.098932896656876,0.9329192198948337,0.962890625,1.0,0.01953125
2026-05-08T00:50,10,40,0.01953125,40,66,0.0,6.098969163485334,0.9329495183501658,0.962890625,1.0,0.01953125
2026-05-08T01:20,10,40,0.01953125,40,66,0.0,6.099005107335635,0.9329797894479761,0.962890625,1.0,0.01953125
2026-05-08T01:50,9,40,0.01953125,41,67,0.0,6.099048407220989,0.9329880203697934,0.962890625,1.0,0.01953125
2026-05-08T02:20,9,40,0.01953125,41,67,0.0,6.099091370734579,0.9330182467927209,0.962890625,1.0,0.01953125
2026-05-08T02:50,9,40,0.01953125,41,67,0.0,6.09913399883564,0.9330484459600822,0.962890625,1.0,0.01953125
2026-05-08T03:20,9,40,0.01953125,42,67,0.0,6.099179176264513,0.9330566348137257,0.962890625,1.0,0.01953125
2026-05-08T03:50,9,40,0.01953125,44,75,0.0,6.099232172201112,0.9330239359315029,0.962890625,1.0,0.01953125
2026-05-08T04:20,8,40,0.01953125,44,76,0.0,6.099288721682944,0.9330112110187746,0.962890625,1.0,0.01953125
2026-05-08T04:50,8,40,0.01953125,44,78,0.0,6.099337285054244,0.932978562011241,0.962890625,1.0,0.01953125
2026-05-08T05:20,8,40,0.01953125,44,78,0.0,6.099374762088562,0.9329658689580475,0.962890625,1.0,0.01953125
2026-05-08T05:50,8,40,0.01953125,44,78,0.0,6.099405274564385,0.9329531873194701,0.962890625,1.0,0.01953125
2026-05-08T06:20,9,40,0.01953125,44,78,0.0,6.099436403970001,0.9329405170801184,0.962890625,1.0,0.01953125
2026-05-08T06:50,9,40,0.01953125,44,76,0.0,6.0994554489808435,0.9328889633070282,0.962890625,1.0,0.01953125
2026-05-08T07:20,10,40,0.01953125,44,72,0.0,6.099472909710131,0.9328564424956104,0.962890625,1.0,0.01953125
2026-05-08T07:50,11,40,0.01953125,44,69,0.0,6.099475202283724,0.9328239508770211,0.962890625,1.0,0.01953125
2026-05-08T08:20,12,40,0.01953125,44,69,0.0,6.099477245066695,0.9328540881803513,0.962890625,1.0,0.01953125
2026-05-08T08:50,13,40,0.01953125,44,69,0.0,6.0994790387728015,0.9328841984547099,0.962890625,1.0,0.01953125
2026-05-08T09:20,14,40,0.01953125,44,69,0.0,6.099472485480859,0.932892416883101,0.962890625,1.0,0.01953125
2026-05-08T09:50,15,40,0.01953125,43,69,0.0,6.099463446397027,0.932879813607061,0.962890625,1.0,0.01953125
2026-05-08T10:20,16,40,0.01953125,43,69,0.0,6.099454177559695,0.9329098719081774,0.962890625,1.0,0.01953125
2026-05-08T10:50,16,40,0.01953125,42,69,0.0,6.099443750449793,0.9329180678080373,0.962890625,1.0,0.01953125
2026-05-08T11:20,16,40,0.01953125,42,69,0.0,6.099433097001242,0.9329480820953715,0.962890625,1.0,0.01953125
2026-05-08T11:50,17,40,0.01953125,41,69,0.0,6.099422979567173,0.9329562535757381,0.962890625,1.0,0.01953125
2026-05-08T12:20,17,40,0.01953125,41,69,0.0,6.0994126354080755,0.9329862239585831,0.962890625,1.0,0.01953125
2026-05-08T12:50,17,40,0.01953125,41,69,0.0,6.099400080390786,0.9329943710936307,0.962890625,1.0,0.01953125
2026-05-08T13:20,17,40,0.01953125,41,69,0.0,6.099387304316185,0.9330242976809047,0.962890625,1.0,0.01953125
2026-05-08T13:50,17,40,0.01953125,41,70,0.0,6.0993699683471005,0.9330116805412088,0.962890625,1.0,0.01953125
2026-05-08T14:20,18,40,0.01953125,41,72,0.0,6.099340382280223,0.9329990746617893,0.962890625,1.0,0.01953125
2026-05-08T14:50,18,40,0.01953125,41,75,0.0,6.099306635746257,0.9330072015295561,0.962890625,1.0,0.01953125
2026-05-08T15:20,18,40,0.01953125,41,75,0.0,6.099272708556019,0.9330370690277595,0.962890625,1.0,0.01953125
2026-05-08T15:50,18,40,0.01953125,40,75,0.0,6.099245008201396,0.9330451717207932,0.962890625,1.0,0.01953125
2026-05-08T16:20,18,40,0.01953125,40,77,0.0,6.0992092945681415,0.9330325733836177,0.962890625,1.0,0.01953125
2026-05-08T16:50,18,40,0.01953125,40,78,0.0,6.099169609510779,0.933040670863053,0.962890625,1.0,0.01953125
2026-05-08T17:20,18,40,0.01953125,40,78,0.0,6.099127112189176,0.9330487611351188,0.962890625,1.0,0.01953125
2026-05-08T17:50,18,40,0.01953125,40,78,0.0,6.09908834401639,0.9330568442094338,0.962890625,1.0,0.01953125
2026-05-08T19:20,16,40,0.01953125,40,78,0.0,6.099044620974837,0.9329541633803385,0.962890625,1.0,0.01953125
2026-05-08T19:50,15,40,0.01953125,40,75,0.0,6.099022540264963,0.9329219460260714,0.962890625,1.0,0.01953125
2026-05-08T20:20,15,40,0.01953125,40,74,0.0,6.099018760103558,0.9329300746649737,0.962890625,1.0,0.01953125
2026-05-08T20:50,14,40,0.01953125,40,73,0.0,6.099020515931521,0.9329381960848361,0.962890625,1.0,0.01953125
2026-05-08T21:20,13,40,0.01953125,40,73,0.0,6.099030422417802,0.9329463102952712,0.962890625,1.0,0.01953125
2026-05-08T21:50,13,40,0.01953125,40,69,0.0,6.099051423904146,0.9329141535987245,0.962890625,1.0,0.01953125
2026-05-08T22:20,13,40,0.01953125,40,69,0.0,6.099072143299347,0.9329439034197451,0.962890625,1.0,0.01953125
2026-05-08T22:50,12,40,0.01953125,40,69,0.0,6.099092581402532,0.9329736268668108,0.962890625,1.0,0.01953125
2026-05-08T23:20,13,40,0.01953125,40,67,0.0,6.099121923683888,0.9329817109985469,0.962890625,1.0,0.01953125
2026-05-08T23:50,12,40,0.01953125,40,66,0.0,6.099157352358145,0.9329897879698474,0.962890625,1.0,0.01953125
2026-05-09T00:20,12,40,0.01953125,40,66,0.0,6.099192491183481,0.9329978577902216,0.962890625,1.0,0.01953125
2026-05-09T00:50,10,40,0.01953125,40,66,0.0,6.099227320836789,0.9330275047558012,0.962890625,1.0,0.01953125
2026-05-09T01:20,10,40,0.01953125,40,66,0.0,6.099261842185747,0.9330571254967318,0.962890625,1.0,0.01953125
2026-05-09T01:50,10,40,0.01953125,41,67,0.0,6.099303529683863,0.9330651548454049,0.962890625,1.0,0.01953125
2026-05-09T02:20,11,40,0.01953125,41,67,0.0,6.099344896065262,0.9330947327707936,0.962890625,1.0,0.01953125
2026-05-09T02:50,11,40,0.01953125,41,67,0.0,6.099385942225571,0.9331242845672729,0.962890625,1.0,0.01953125
2026-05-09T03:20,10,40,0.01953125,43,68,0.0,6.099437712778561,0.9331117625452836,0.962890625,1.0,0.01953125
2026-05-09T03:50,10,40,0.01953125,44,75,0.0,6.0994888310726925,0.9330992515753882,0.962890625,1.0,0.01953125
2026-05-09T04:20,10,40,0.01953125,44,76,0.0,6.099543413410436,0.9330867516429604,0.962890625,1.0,0.01953125
2026-05-09T04:50,10,40,0.01953125,44,78,0.0,6.099590175520581,0.9330547315215479,0.962890625,1.0,0.01953125
2026-05-09T05:20,9,40,0.01953125,44,78,0.0,6.099626405280653,0.9330422622281322,0.962890625,1.0,0.01953125
2026-05-09T05:50,10,40,0.01953125,44,78,0.0,6.09965587081062,0.9330298039208784,0.962890625,1.0,0.01953125
2026-05-09T06:20,10,40,0.01953125,44,78,0.0,6.099685929258241,0.9330173565852734,0.962890625,1.0,0.01953125
2026-05-09T06:50,11,40,0.01953125,44,76,0.0,6.099704224911057,0.9329668127743566,0.962890625,1.0,0.01953125
2026-05-09T07:20,11,40,0.01953125,44,72,0.0,6.099721023802517,0.9329349158555289,0.962890625,1.0,0.01953125
2026-05-09T07:50,12,40,0.01953125,44,69,0.0,6.0997230968112595,0.9329030469902798,0.962890625,1.0,0.01953125
2026-05-09T08:20,13,40,0.01953125,44,69,0.0,6.0997249303100505,0.9329325401564379,0.962890625,1.0,0.01953125
2026-05-09T08:50,14,40,0.01953125,44,69,0.0,6.099726524969464,0.9329620074059298,0.962890625,1.0,0.01953125
2026-05-09T09:20,15,40,0.01953125,44,69,0.0,6.099714633003849,0.9329496226441186,0.962890625,1.0,0.01953125
2026-05-09T09:50,16,40,0.01953125,43,69,0.0,6.09970579522461,0.9329576427887855,0.962890625,1.0,0.01953125
2026-05-09T10:20,16,40,0.01953125,43,69,0.0,6.099696736808954,0.9329870602338102,0.962890625,1.0,0.01953125
2026-05-09T10:50,17,40,0.01953125,42,69,0.0,6.099686565868521,0.9329950569232667,0.962890625,1.0,0.01953125
2026-05-09T11:20,18,40,0.01953125,42,69,0.0,6.09967617750565,0.9330244321723139,0.962890625,1.0,0.01953125
2026-05-09T11:50,18,40,0.01953125,41,69,0.0,6.0996663875121175,0.9330324054764431,0.962890625,1.0,0.01953125
2026-05-09T12:20,18,40,0.01953125,41,69,0.0,6.099656379548385,0.9330617386321696,0.962890625,1.0,0.01953125
2026-05-09T12:50,19,40,0.01953125,41,69,0.0,6.099644248985318,0.9330696886205947,0.962890625,1.0,0.01953125
2026-05-09T13:20,19,40,0.01953125,41,69,0.0,6.099631905784145,0.9330989797853122,0.962890625,1.0,0.01953125
2026-05-09T13:50,19,40,0.01953125,41,70,0.0,6.0996151540683785,0.9330865838644795,0.962890625,1.0,0.01953125
2026-05-09T14:20,20,40,0.01953125,41,72,0.0,6.099586425283713,0.93307419878398,0.962890625,1.0,0.01953125
2026-05-09T14:50,20,40,0.01953125,41,75,0.0,6.099553614047027,0.9330821294279534,0.962890625,1.0,0.01953125
2026-05-09T15:20,19,40,0.01953125,41,72,0.0,6.09952740416175,0.9330900531425743,0.962890625,1.0,0.01953125
2026-05-09T15:50,20,40,0.01953125,41,75,0.0,6.099501352959778,0.9330979699369204,0.962890625,1.0,0.01953125
2026-05-09T16:20,20,40,0.01953125,41,75,0.0,6.099466556545367,0.9331058798200537,0.962890625,1.0,0.01953125
2026-05-09T16:50,19,40,0.01953125,40,78,0.0,6.099427995491379,0.933093513338789,0.962890625,1.0,0.01953125
2026-05-09T17:20,18,40,0.01953125,40,78,0.0,6.099386692863297,0.9331014182663321,0.962890625,1.0,0.01953125
2026-05-09T17:50,18,40,0.01953125,40,78,0.0,6.099349037600229,0.9331093163020465,0.962890625,1.0,0.01953125
2026-05-09T18:20,18,40,0.01953125,40,78,0.0,6.099312575395901,0.9330969644887392,0.962890625,1.0,0.01953125
2026-05-09T18:50,17,40,0.01953125,40,78,0.0,6.099279136883708,0.9330846234348513,0.962890625,1.0,0.01953125
2026-05-09T19:20,17,40,0.01953125,40,78,0.0,6.099236272351242,0.9330530084992156,0.962890625,1.0,0.01953125
2026-05-09T19:50,16,40,0.01953125,40,75,0.0,6.099214594771968,0.933021421078754,0.962890625,1.0,0.01953125
2026-05-09T20:20,15,40,0.01953125,40,74,0.0,6.099210535151126,0.9330293367338721,0.962890625,1.0,0.01953125
2026-05-09T20:50,15,40,0.01953125,40,73,0.0,6.09921183814156,0.9330372455058118,0.962890625,1.0,0.01953125
2026-05-09T21:20,14,40,0.01953125,40,73,0.0,6.0992211070144595,0.9330451474035473,0.962890625,1.0,0.01953125
2026-05-09T21:50,14,40,0.01953125,40,69,0.0,6.099241156704924,0.9330136182849005,0.962890625,1.0,0.01953125
2026-05-09T22:20,14,40,0.01953125,40,69,0.0,6.099260937174899,0.9330427048596791,0.962890625,1.0,0.01953125
2026-05-09T22:50,13,40,0.01953125,40,69,0.0,6.099280449169895,0.9330717661856949,0.962890625,1.0,0.01953125
2026-05-09T23:20,13,40,0.01953125,40,67,0.0,6.0993086627141055,0.9330796393943758,0.962890625,1.0,0.01953125
2026-05-09T23:50,13,40,0.01953125,40,67,0.0,6.099336593018711,0.9331086594987147,0.962890625,1.0,0.01953125
2026-05-10T00:20,12,40,0.01953125,40,66,0.0,6.099370509687997,0.9330963722188115,0.962890625,1.0,0.01953125
2026-05-10T00:50,12,40,0.01953125,40,66,0.0,6.099404131083857,0.9331253599258224,0.962890625,1.0,0.01953125
2026-05-10T01:20,11,40,0.01953125,40,66,0.0,6.099437458016536,0.933154322524382,0.962890625,1.0,0.01953125
2026-05-10T01:50,11,40,0.01953125,41,66,0.0,6.0994777896111625,0.9331621429528109,0.962890625,1.0,0.01953125
2026-05-10T02:20,10,40,0.01953125,41,66,0.0,6.099517814448017,0.9331910645698802,0.962890625,1.0,0.01953125
2026-05-10T02:50,10,40,0.01953125,41,66,0.0,6.0995575333637575,0.9332199611682497,0.962890625,1.0,0.01953125
2026-05-10T03:20,9,40,0.01953125,43,68,0.0,6.099607666849479,0.9332076576419175,0.962890625,1.0,0.01953125
2026-05-10T03:50,10,40,0.01953125,44,74,0.0,6.099657257322065,0.9331953647495752,0.962890625,1.0,0.01953125
2026-05-10T04:20,10,40,0.01953125,44,75,0.0,6.099710235859346,0.9331830824774423,0.962890625,1.0,0.01953125
2026-05-10T04:50,10,40,0.01953125,44,78,0.0,6.099755551101399,0.9331516843918645,0.962890625,1.0,0.01953125
2026-05-10T05:20,10,40,0.01953125,44,78,0.0,6.099790855975925,0.9331394315737246,0.962890625,1.0,0.01953125
2026-05-10T05:50,10,40,0.01953125,44,78,0.0,6.099819585354313,0.9331271893274725,0.962890625,1.0,0.01953125
2026-05-10T06:20,10,40,0.01953125,44,78,0.0,6.0998489115152275,0.9331149576394324,0.962890625,1.0,0.01953125
2026-05-10T06:50,10,40,0.01953125,44,76,0.0,6.099866771748005,0.9330654174931146,0.962890625,1.0,0.01953125
2026-05-10T07:20,10,40,0.01953125,44,72,0.0,6.099883177251961,0.9330341377424836,0.962890625,1.0,0.01953125
2026-05-10T07:50,10,40,0.01953125,44,69,0.0,6.099892314045123,0.9330219619315531,0.962890625,1.0,0.01953125
2026-05-10T08:20,11,40,0.01953125,44,69,0.0,6.099894157447304,0.9330297955735091,0.962890625,1.0,0.01953125
2026-05-10T08:50,11,40,0.01953125,44,69,0.0,6.09989577163882,0.9330586123568251,0.962890625,1.0,0.01953125
2026-05-10T09:20,12,40,0.01953125,44,69,0.0,6.099889516134118,0.9330664234965405,0.962890625,1.0,0.01953125
2026-05-10T09:50,12,40,0.01953125,43,69,0.0,6.0998810299902235,0.9330542547438601,0.962890625,1.0,0.01953125
2026-05-10T10:20,12,40,0.01953125,43,69,0.0,6.099872331867848,0.9330830238651563,0.962890625,1.0,0.01953125
2026-05-10T10:50,12,40,0.01953125,42,69,0.0,6.099862526379681,0.9330908144529269,0.962890625,1.0,0.01953125
2026-05-10T11:20,12,40,0.01953125,42,69,0.0,6.099852512019497,0.9331195431714958,0.962890625,1.0,0.01953125
2026-05-10T11:50,12,40,0.01953125,41,69,0.0,6.099843111314395,0.9331273113985447,0.962890625,1.0,0.01953125
2026-05-10T12:20,12,40,0.01953125,41,69,0.0,6.0998335011380815,0.933155999810643,0.962890625,1.0,0.01953125
2026-05-10T12:50,12,40,0.01953125,41,69,0.0,6.099821816977906,0.9331637457421973,0.962890625,1.0,0.01953125
2026-05-10T13:20,12,40,0.01953125,41,69,0.0,6.099809928435445,0.9331923939437652,0.962890625,1.0,0.01953125
2026-05-10T13:50,12,40,0.01953125,41,70,0.0,6.099793703832128,0.9331802129286916,0.962890625,1.0,0.01953125
2026-05-10T14:20,12,40,0.01953125,41,71,0.0,6.099772054858015,0.9331879385386558,0.962890625,1.0,0.01953125
2026-05-10T14:50,12,40,0.01953125,41,75,0.0,6.099740070351166,0.933175769859813,0.962890625,1.0,0.01953125
2026-05-10T15:20,12,40,0.01953125,41,72,0.0,6.099714534097035,0.9331834907594002,0.962890625,1.0,0.01953125
2026-05-10T15:50,12,40,0.01953125,41,75,0.0,6.099678767616839,0.9331912050542829,0.962890625,1.0,0.01953125
2026-05-10T16:20,12,40,0.01953125,40,75,0.0,6.099644034399609,0.9331989127529323,0.962890625,1.0,0.01953125
2026-05-10T16:50,12,40,0.01953125,40,78,0.0,6.099606378950475,0.9331867601854148,0.962890625,1.0,0.01953125
2026-05-10T17:20,12,40,0.01953125,40,78,0.0,6.099566028324748,0.9331944631978067,0.962890625,1.0,0.01953125
2026-05-10T17:50,13,40,0.01953125,40,78,0.0,6.0995292094431734,0.9332021596320499,0.962890625,1.0,0.01953125
2026-05-10T18:20,12,40,0.01953125,40,78,0.0,6.099493517898314,0.9331900212390195,0.962890625,1.0,0.01953125
2026-05-10T18:50,12,40,0.01953125,40,78,0.0,6.099460611224311,0.9331589952556747,0.962890625,1.0,0.01953125
2026-05-10T19:20,12,40,0.01953125,40,78,0.0,6.0994185783168655,0.933146885622202,0.962890625,1.0,0.01953125
2026-05-10T19:50,12,40,0.01953125,40,75,0.0,6.099397295763431,0.9331159044758494,0.962890625,1.0,0.01953125
2026-05-10T20:20,11,40,0.01953125,40,74,0.0,6.099392993516121,0.9331236179857425,0.962890625,1.0,0.01953125
2026-05-10T20:50,11,40,0.01953125,40,73,0.0,6.099393889862311,0.9331313249253547,0.962890625,1.0,0.01953125
2026-05-10T21:20,10,40,0.01953125,40,74,0.0,6.099401327863198,0.93311924769242,0.962890625,1.0,0.01953125
2026-05-10T21:50,9,40,0.01953125,40,69,0.0,6.099420453744663,0.9331071807379816,0.962890625,1.0,0.01953125
2026-05-10T22:20,9,40,0.01953125,40,69,0.0,6.099439322471337,0.9331356336598284,0.962890625,1.0,0.01953125
2026-05-10T22:50,8,40,0.01953125,40,69,0.0,6.099457934739752,0.9331640623870139,0.962890625,1.0,0.01953125
2026-05-10T23:20,8,40,0.01953125,40,67,0.0,6.099485025693877,0.933171735761348,0.962890625,1.0,0.01953125
2026-05-10T23:50,7,40,0.01953125,40,66,0.0,6.099517980551594,0.9331794026162477,0.962890625,1.0,0.01953125
2026-05-11T00:20,7,40,0.01953125,40,66,0.0,6.099550671025955,0.9331870629600177,0.962890625,1.0,0.01953125
2026-05-11T00:50,7,40,0.01953125,40,66,0.0,6.099583079349873,0.9332154215920381,0.962890625,1.0,0.01953125
2026-05-11T01:20,6,40,0.01953125,40,66,0.0,6.099615206280806,0.9332437561607305,0.962890625,1.0,0.01953125
2026-05-11T01:50,6,40,0.01953125,41,67,0.0,6.099654183532079,0.9332513794669368,0.962890625,1.0,0.01953125
2026-05-11T02:20,6,40,0.01953125,41,67,0.0,6.099692867582621,0.9332796747702573,0.962890625,1.0,0.01953125
2026-05-11T02:50,6,40,0.01953125,41,67,0.0,6.099731259214866,0.9333079460945072,0.962890625,1.0,0.01953125
2026-05-11T03:20,5,40,0.01953125,42,67,0.0,6.099777850946463,0.9333155325265701,0.962890625,1.0,0.01953125
2026-05-11T03:50,5,40,0.01953125,44,75,0.0,6.099825918693534,0.9332846898439928,0.962890625,1.0,0.01953125
2026-05-11T04:20,5,40,0.01953125,44,76,0.0,6.099877524985601,0.933292279696871,0.962890625,1.0,0.01953125
2026-05-11T04:50,5,40,0.01953125,44,76,0.0,6.099930698163688,0.9332802110103503,0.962890625,1.0,0.01953125
2026-05-11T05:20,5,40,0.01953125,44,78,0.0,6.099960539663367,0.933268152529907,0.962890625,1.0,0.01953125
2026-05-11T05:50,6,40,0.01953125,44,78,0.0,6.099997703272189,0.9332373820158535,0.962890625,1.0,0.01953125
2026-05-11T06:20,7,40,0.01953125,44,78,0.0,6.1000264462328,0.93322535181845,0.962890625,1.0,0.01953125
2026-05-11T06:50,8,40,0.01953125,44,76,0.0,6.100043903350218,0.933159706728061,0.962890625,1.0,0.01953125
2026-05-11T07:20,8,40,0.01953125,44,72,0.0,6.100062450163386,0.933147719475226,0.962890625,1.0,0.01953125
2026-05-11T07:50,9,40,0.01953125,44,70,0.0,6.100071502051475,0.9331170517101643,0.962890625,1.0,0.01953125
2026-05-11T08:20,10,40,0.01953125,44,70,0.0,6.100073439762462,0.9331246866576486,0.962890625,1.0,0.01953125
2026-05-11T08:50,10,40,0.01953125,44,70,0.0,6.100075157160991,0.9331528802973376,0.962890625,1.0,0.01953125
2026-05-11T09:20,10,40,0.01953125,44,70,0.0,6.100069217298095,0.9331604937115381,0.962890625,1.0,0.01953125
2026-05-11T09:50,9,40,0.01953125,43,70,0.0,6.1000611882835845,0.9331485313741541,0.962890625,1.0,0.01953125
2026-05-11T10:20,9,40,0.01953125,43,70,0.0,6.100052955206965,0.933176679360944,0.962890625,1.0,0.01953125
2026-05-11T10:50,10,40,0.01953125,42,70,0.0,6.100043620187538,0.9331842731458067,0.962890625,1.0,0.01953125
2026-05-11T11:20,10,40,0.01953125,42,70,0.0,6.100034084111183,0.9332123824124681,0.962890625,1.0,0.01953125
2026-05-11T11:50,10,40,0.01953125,42,70,0.0,6.100032685493243,0.9332199547967333,0.962890625,1.0,0.01953125
2026-05-11T12:20,10,40,0.01953125,41,70,0.0,6.100023564255193,0.9332275208149756,0.962890625,1.0,0.01953125
2026-05-11T12:50,9,40,0.01953125,41,70,0.0,6.100012432682612,0.9332350804752193,0.962890625,1.0,0.01953125
2026-05-11T13:20,8,40,0.01953125,41,70,0.0,6.1000011042627085,0.9332631211806056,0.962890625,1.0,0.01953125
2026-05-11T13:50,9,40,0.01953125,41,71,0.0,6.099985508965969,0.9332511559344181,0.962890625,1.0,0.01953125
2026-05-11T14:20,10,40,0.01953125,41,72,0.0,6.099964577099425,0.9332586961594541,0.962890625,1.0,0.01953125
2026-05-11T14:50,10,40,0.01953125,41,76,0.0,6.099933498508898,0.9332467428073579,0.962890625,1.0,0.01953125
2026-05-11T15:20,10,40,0.01953125,41,76,0.0,6.0998988102716725,0.9332542785597217,0.962890625,1.0,0.01953125
2026-05-11T15:50,10,40,0.01953125,41,76,0.0,6.099863968948084,0.9332822524580622,0.962890625,1.0,0.01953125
2026-05-11T16:20,11,40,0.01953125,40,76,0.0,6.09983014470458,0.933289767020164,0.962890625,1.0,0.01953125
2026-05-11T16:50,12,40,0.01953125,40,78,0.0,6.099793411560825,0.9332778206791849,0.962890625,1.0,0.01953125
2026-05-11T17:20,11,40,0.01953125,40,78,0.0,6.09975402806122,0.9332853308053949,0.962890625,1.0,0.01953125
2026-05-11T17:50,11,40,0.01953125,40,78,0.0,6.099718050119315,0.9332928346469807,0.962890625,1.0,0.01953125
2026-05-11T18:20,12,40,0.01953125,40,78,0.0,6.099683127216587,0.9332809020121479,0.962890625,1.0,0.01953125
2026-05-11T18:50,12,40,0.01953125,40,78,0.0,6.099650853345678,0.9332504606301525,0.962890625,1.0,0.01953125
2026-05-11T19:20,11,40,0.01953125,40,78,0.0,6.099609609426401,0.9332385556757571,0.962890625,1.0,0.01953125
2026-05-11T19:50,11,40,0.01953125,40,75,0.0,6.099588642327597,0.9332081574136866,0.962890625,1.0,0.01953125
2026-05-11T20:20,10,40,0.01953125,40,74,0.0,6.099584048691596,0.9332156778123427,0.962890625,1.0,0.01953125
2026-05-11T20:50,10,40,0.01953125,40,74,0.0,6.099583735296168,0.9332231919335376,0.962890625,1.0,0.01953125
2026-05-11T21:20,9,40,0.01953125,40,73,0.0,6.099591753363566,0.9332306997851275,0.962890625,1.0,0.01953125
2026-05-11T21:50,9,40,0.01953125,40,72,0.0,6.099605427550495,0.9332188278939588,0.962890625,1.0,0.01953125
2026-05-11T22:20,9,40,0.01953125,40,69,0.0,6.0996233390298285,0.9332263313055058,0.962890625,1.0,0.01953125
2026-05-11T22:50,8,40,0.01953125,40,69,0.0,6.099641005453956,0.9332541536674618,0.962890625,1.0,0.01953125
2026-05-11T23:20,8,40,0.01953125,40,67,0.0,6.099666938493961,0.9332616361158282,0.962890625,1.0,0.01953125
2026-05-11T23:50,8,40,0.01953125,40,66,0.0,6.099698611229848,0.9332691123340128,0.962890625,1.0,0.01953125
2026-05-12T00:20,7,40,0.01953125,40,66,0.0,6.09973003134192,0.9332765823297935,0.962890625,1.0,0.01953125
2026-05-12T00:50,7,40,0.01953125,40,66,0.0,6.09976118177118,0.9333043374952137,0.962890625,1.0,0.01953125
2026-05-12T01:20,7,40,0.01953125,40,66,0.0,6.099792063226378,0.9333320695794153,0.962890625,1.0,0.01953125
2026-05-12T01:50,7,40,0.01953125,41,67,0.0,6.099829647407113,0.9333395040942182,0.962890625,1.0,0.01953125
2026-05-12T02:20,5,40,0.01953125,41,67,0.0,6.099866951264138,0.9333671985254213,0.962890625,1.0,0.01953125
2026-05-12T02:50,6,40,0.01953125,41,67,0.0,6.0999039755298465,0.9333948699546051,0.962890625,1.0,0.01953125
2026-05-12T03:20,5,40,0.01953125,43,68,0.0,6.099951013573732,0.9333829841243049,0.962890625,1.0,0.01953125
2026-05-12T03:50,5,40,0.01953125,44,75,0.0,6.099997503971959,0.9333711081577645,0.962890625,1.0,0.01953125
2026-05-12T04:20,5,40,0.01953125,44,76,0.0,6.100047499266429,0.9333785110627987,0.962890625,1.0,0.01953125
2026-05-12T04:50,5,40,0.01953125,44,76,0.0,6.100099035794637,0.9333666467981632,0.962890625,1.0,0.01953125
2026-05-12T05:20,5,40,0.01953125,44,78,0.0,6.100132288562351,0.933336434808723,0.962890625,1.0,0.01953125
2026-05-12T05:50,5,40,0.01953125,44,78,0.0,6.100168483690692,0.9333245978037326,0.962890625,1.0,0.01953125
2026-05-12T06:20,5,40,0.01953125,44,78,0.0,6.100196485644719,0.9333127706016447,0.962890625,1.0,0.01953125
2026-05-12T06:50,6,40,0.01953125,44,78,0.0,6.1002154667705994,0.9332826184268426,0.962890625,1.0,0.01953125
2026-05-12T07:20,8,40,0.01953125,44,72,0.0,6.100233633346375,0.9332349970779615,0.962890625,1.0,0.01953125
2026-05-12T07:50,9,40,0.01953125,44,71,0.0,6.100242575260479,0.9332049020073251,0.962890625,1.0,0.01953125
2026-05-12T08:20,10,40,0.01953125,44,70,0.0,6.100244596058996,0.9332123491384486,0.962890625,1.0,0.01953125
2026-05-12T08:50,11,40,0.01953125,44,70,0.0,6.100246404957289,0.933239947341284,0.962890625,1.0,0.01953125
2026-05-12T09:20,12,40,0.01953125,44,70,0.0,6.100240748018493,0.9332473738447347,0.962890625,1.0,0.01953125
2026-05-12T09:50,12,40,0.01953125,43,70,0.0,6.100233142689297,0.933235612709688,0.962890625,1.0,0.01953125
2026-05-12T10:20,13,40,0.01953125,43,70,0.0,6.1002253407907245,0.9332631671410914,0.962890625,1.0,0.01953125
2026-05-12T10:50,14,40,0.01953125,42,70,0.0,6.10021644284368,0.9332705748741995,0.962890625,1.0,0.01953125
2026-05-12T11:20,14,40,0.01953125,42,70,0.0,6.10020735123566,0.9332980921629112,0.962890625,1.0,0.01953125
2026-05-12T11:50,14,40,0.01953125,41,70,0.0,6.100198898471066,0.9333054793929327,0.962890625,1.0,0.01953125
2026-05-12T12:20,15,40,0.01953125,41,70,0.0,6.100190251366861,0.9333329596239204,0.962890625,1.0,0.01953125
2026-05-12T12:50,16,40,0.01953125,41,70,0.0,6.100179637483086,0.93334032640834,0.962890625,1.0,0.01953125
2026-05-12T13:20,15,40,0.01953125,41,70,0.0,6.100168833878674,0.9333677696663027,0.962890625,1.0,0.01953125
2026-05-12T13:50,15,40,0.01953125,41,71,0.0,6.1001538305661205,0.933355997705437,0.962890625,1.0,0.01953125
2026-05-12T14:20,15,40,0.01953125,41,72,0.0,6.100127536950493,0.9333442354294419,0.962890625,1.0,0.01953125
2026-05-12T14:50,17,40,0.01953125,41,72,0.0,6.100103632903447,0.9333515854610069,0.962890625,1.0,0.01953125
2026-05-12T15:20,16,40,0.01953125,41,72,0.0,6.100079562315081,0.9333789789729424,0.962890625,1.0,0.01953125
2026-05-12T15:50,16,40,0.01953125,40,76,0.0,6.10005488501861,0.9333863086907821,0.962890625,1.0,0.01953125
2026-05-12T16:20,15,40,0.01953125,40,76,0.0,6.100022729788912,0.9333745532887582,0.962890625,1.0,0.01953125
2026-05-12T16:50,16,40,0.01953125,40,78,0.0,6.099986851112462,0.9333818788055506,0.962890625,1.0,0.01953125
2026-05-12T17:20,15,40,0.01953125,40,78,0.0,6.099948365552072,0.9333891983104293,0.962890625,1.0,0.01953125
2026-05-12T17:50,15,40,0.01953125,40,78,0.0,6.099913182541318,0.9333965118107921,0.962890625,1.0,0.01953125
2026-05-12T18:20,15,40,0.01953125,40,78,0.0,6.099878975119547,0.933384771504499,0.962890625,1.0,0.01953125
2026-05-12T18:50,13,40,0.01953125,40,78,0.0,6.099847264803687,0.9333548863998984,0.962890625,1.0,0.01953125
2026-05-12T19:20,13,40,0.01953125,40,78,0.0,6.099806735605323,0.9333431727654707,0.962890625,1.0,0.01953125
2026-05-12T19:50,14,40,0.01953125,40,75,0.0,6.0997860195215745,0.933313329171496,0.962890625,1.0,0.01953125
2026-05-12T20:20,14,40,0.01953125,40,74,0.0,6.099781108036605,0.9333206587593076,0.962890625,1.0,0.01953125
2026-05-12T20:50,14,40,0.01953125,40,73,0.0,6.09978110305911,0.9333279823490931,0.962890625,1.0,0.01953125
2026-05-12T21:20,13,40,0.01953125,40,73,0.0,6.099788466882472,0.9333352999482121,0.962890625,1.0,0.01953125
2026-05-12T21:50,13,40,0.01953125,40,69,0.0,6.099805682908216,0.933305508376802,0.962890625,1.0,0.01953125
2026-05-12T22:20,13,40,0.01953125,40,69,0.0,6.0998226639750905,0.9333327639925042,0.962890625,1.0,0.01953125
2026-05-12T22:50,13,40,0.01953125,40,69,0.0,6.09983941069314,0.9333599973405463,0.962890625,1.0,0.01953125
2026-05-12T23:20,13,40,0.01953125,40,67,0.0,6.099864221881966,0.9333672899150072,0.962890625,1.0,0.01953125
2026-05-12T23:50,12,40,0.01953125,40,66,0.0,6.099894653705931,0.9333745765363459,0.962890625,1.0,0.01953125
2026-05-13T00:20,12,40,0.01953125,40,66,0.0,6.099924860951207,0.9333818572118494,0.962890625,1.0,0.01953125
2026-05-13T00:50,11,40,0.01953125,40,66,0.0,6.099954810186922,0.9334090261118445,0.962890625,1.0,0.01953125
2026-05-13T01:20,11,40,0.01953125,40,66,0.0,6.099984502077245,0.9334361728602701,0.962890625,1.0,0.01953125
2026-05-13T01:50,10,40,0.01953125,41,67,0.0,6.100020755232094,0.9334434195348158,0.962890625,1.0,0.01953125
2026-05-13T02:20,9,40,0.01953125,41,67,0.0,6.100056740124337,0.9334705301582232,0.962890625,1.0,0.01953125
2026-05-13T02:50,9,40,0.01953125,41,67,0.0,6.100092457440548,0.9334976187045757,0.962890625,1.0,0.01953125
2026-05-13T03:20,9,40,0.01953125,43,68,0.0,6.100137991713619,0.9334859232573056,0.962890625,1.0,0.01953125
2026-05-13T03:50,10,40,0.01953125,44,75,0.0,6.100183010331816,0.933474237326266,0.962890625,1.0,0.01953125
2026-05-13T04:20,10,40,0.01953125,44,76,0.0,6.100231271773886,0.933462560899847,0.962890625,1.0,0.01953125
2026-05-13T04:50,10,40,0.01953125,44,77,0.0,6.100274082325997,0.9334508939664574,0.962890625,1.0,0.01953125
2026-05-13T05:20,10,40,0.01953125,44,78,0.0,6.100306659753656,0.9334212370068121,0.962890625,1.0,0.01953125
2026-05-13T05:50,10,40,0.01953125,44,78,0.0,6.100333194942295,0.9334095963357133,0.962890625,1.0,0.01953125
2026-05-13T06:20,10,40,0.01953125,44,78,0.0,6.100360376567598,0.9333979651170478,0.962890625,1.0,0.01953125
2026-05-13T06:50,11,40,0.01953125,44,76,0.0,6.100377012467192,0.9333512053171553,0.962890625,1.0,0.01953125
2026-05-13T07:20,10,40,0.01953125,44,72,0.0,6.100392431842784,0.9333216369240362,0.962890625,1.0,0.01953125
2026-05-13T07:50,11,40,0.01953125,44,70,0.0,6.100394664160759,0.9332920925117716,0.962890625,1.0,0.01953125
2026-05-13T08:20,11,40,0.01953125,44,70,0.0,6.100396692096346,0.9333191326039841,0.962890625,1.0,0.01953125
2026-05-13T08:50,12,40,0.01953125,44,70,0.0,6.10039851617695,0.9333461507836421,0.962890625,1.0,0.01953125
2026-05-13T09:20,12,40,0.01953125,44,70,0.0,6.100393067221303,0.9333533898931646,0.962890625,1.0,0.01953125
2026-05-13T09:50,12,40,0.01953125,43,70,0.0,6.100385771532568,0.9333418143931115,0.962890625,1.0,0.01953125
2026-05-13T10:20,13,40,0.01953125,43,70,0.0,6.100378286529409,0.9333687905912527,0.962890625,1.0,0.01953125
2026-05-13T10:50,10,40,0.01953125,42,70,0.0,6.100369711931455,0.9333760117569501,0.962890625,1.0,0.01953125
2026-05-13T11:20,9,40,0.01953125,42,70,0.0,6.100360950834182,0.9334029523102226,0.962890625,1.0,0.01953125
2026-05-13T11:50,12,40,0.01953125,41,70,0.0,6.100352839221442,0.9334101538299822,0.962890625,1.0,0.01953125
2026-05-13T12:20,12,40,0.01953125,41,70,0.0,6.100344540398839,0.9334370588183336,0.962890625,1.0,0.01953125
2026-05-13T12:50,12,40,0.01953125,41,70,0.0,6.100334316722827,0.9334442407461918,0.962890625,1.0,0.01953125
2026-05-13T13:20,11,40,0.01953125,41,70,0.0,6.100323910258758,0.9334711102493222,0.962890625,1.0,0.01953125
2026-05-13T13:50,12,40,0.01953125,41,71,0.0,6.100309384815109,0.9334595246135321,0.962890625,1.0,0.01953125
2026-05-13T14:20,12,40,0.01953125,41,72,0.0,6.100289720562804,0.9334666887876271,0.962890625,1.0,0.01953125
2026-05-13T14:50,9,40,0.01953125,41,73,0.0,6.1002664077081405,0.9334551142779395,0.962890625,1.0,0.01953125
2026-05-13T15:20,11,40,0.01953125,41,73,0.0,6.100242934456464,0.9334819360779081,0.962890625,1.0,0.01953125
2026-05-13T15:50,10,40,0.01953125,41,76,0.0,6.100209745723255,0.933489082563048,0.962890625,1.0,0.01953125
2026-05-13T16:20,10,40,0.01953125,40,76,0.0,6.100178317873984,0.933477513019028,0.962890625,1.0,0.01953125
2026-05-13T16:50,11,40,0.01953125,40,78,0.0,6.100143225001405,0.9334846555307736,0.962890625,1.0,0.01953125
2026-05-13T17:20,12,40,0.01953125,40,78,0.0,6.100105567432029,0.9334917922940189,0.962890625,1.0,0.01953125
2026-05-13T17:50,9,40,0.01953125,40,78,0.0,6.100071114779462,0.9334989233157007,0.962890625,1.0,0.01953125
2026-05-13T18:20,10,40,0.01953125,40,78,0.0,6.100037575017066,0.9334873684228363,0.962890625,1.0,0.01953125
2026-05-13T18:50,10,40,0.01953125,40,78,0.0,6.1000054809055895,0.9334758228184711,0.962890625,1.0,0.01953125
2026-05-13T19:20,10,40,0.01953125,40,78,0.0,6.099965685923501,0.9334464894691181,0.962890625,1.0,0.01953125
2026-05-13T19:50,10,40,0.01953125,40,75,0.0,6.0999453217210435,0.9334171796806884,0.962890625,1.0,0.01953125
2026-05-13T20:20,10,40,0.01953125,40,74,0.0,6.099940237013499,0.9334243263416737,0.962890625,1.0,0.01953125
2026-05-13T20:50,9,40,0.01953125,40,73,0.0,6.099947326220515,0.9334128245673641,0.962890625,1.0,0.01953125
2026-05-13T21:20,9,40,0.01953125,40,73,0.0,6.099954204543638,0.9334395342245773,0.962890625,1.0,0.01953125
2026-05-13T21:50,9,40,0.01953125,40,72,0.0,6.099966494914503,0.9334280355760357,0.962890625,1.0,0.01953125
2026-05-13T22:20,9,40,0.01953125,40,69,0.0,6.09998274868402,0.9334351664283881,0.962890625,1.0,0.01953125
2026-05-13T22:50,9,40,0.01953125,40,69,0.0,6.099998777885718,0.9334618350315819,0.962890625,1.0,0.01953125
2026-05-13T23:20,9,40,0.01953125,40,67,0.0,6.10002269487487,0.933468946636373,0.962890625,1.0,0.01953125
2026-05-13T23:50,9,40,0.01953125,40,66,0.0,6.100052117957966,0.9334760525473254,0.962890625,1.0,0.01953125
2026-05-14T00:20,8,40,0.01953125,40,66,0.0,6.100081342179617,0.933483152771274,0.962890625,1.0,0.01953125
2026-05-14T00:50,9,40,0.01953125,40,66,0.0,6.100110319054917,0.9335097595101656,0.962890625,1.0,0.01953125
2026-05-14T01:20,8,40,0.01953125,40,66,0.0,6.10013904920774,0.9335363449721766,0.962890625,1.0,0.01953125
2026-05-14T01:50,8,40,0.01953125,41,67,0.0,6.100174204647796,0.9335434125849756,0.962890625,1.0,0.01953125
2026-05-14T02:20,9,40,0.01953125,41,67,0.0,6.1002091028579635,0.9335699633590128,0.962890625,1.0,0.01953125
2026-05-14T02:50,9,40,0.01953125,41,67,0.0,6.100243744483361,0.9335964929263614,0.962890625,1.0,0.01953125
2026-05-14T03:20,8,40,0.01953125,43,68,0.0,6.100288013524063,0.9335849821127228,0.962890625,1.0,0.01953125
2026-05-14T03:50,8,40,0.01953125,44,75,0.0,6.100331775115154,0.9335734804856873,0.962890625,1.0,0.01953125
2026-05-14T04:20,8,40,0.01953125,44,76,0.0,6.1003811004903525,0.9335619880342618,0.962890625,1.0,0.01953125
2026-05-14T04:50,8,40,0.01953125,44,77,0.0,6.100422672269666,0.9335505047474706,0.962890625,1.0,0.01953125
2026-05-14T05:20,8,40,0.01953125,44,78,0.0,6.100454461906302,0.933521375457527,0.962890625,1.0,0.01953125
2026-05-14T05:50,8,40,0.01953125,44,78,0.0,6.100480363786639,0.9335099175010746,0.962890625,1.0,0.01953125
2026-05-14T06:20,8,40,0.01953125,44,78,0.0,6.100506992887888,0.9335169703066079,0.962890625,1.0,0.01953125
2026-05-14T06:50,8,40,0.01953125,44,76,0.0,6.1005232551781345,0.9334549722204102,0.962890625,1.0,0.01953125
2026-05-14T07:20,8,40,0.01953125,44,72,0.0,6.100540649957662,0.9334435543662681,0.962890625,1.0,0.01953125
2026-05-14T07:50,8,40,0.01953125,44,70,0.0,6.100549314307813,0.9334145255523911,0.962890625,1.0,0.01953125
2026-05-14T08:20,8,40,0.01953125,44,69,0.0,6.100551358941496,0.9334216050699429,0.962890625,1.0,0.01953125
2026-05-14T08:50,9,40,0.01953125,44,69,0.0,6.100553207303656,0.9334480670711075,0.962890625,1.0,0.01953125
2026-05-14T09:20,9,40,0.01953125,44,70,0.0,6.100547956489804,0.933455127637307,0.962890625,1.0,0.01953125
2026-05-14T09:50,9,40,0.01953125,43,70,0.0,6.100540962338357,0.9334437323939091,0.962890625,1.0,0.01953125
2026-05-14T10:20,9,40,0.01953125,43,70,0.0,6.100533785710808,0.9334701540960155,0.962890625,1.0,0.01953125
2026-05-14T10:50,10,40,0.01953125,42,70,0.0,6.100525526236508,0.9334771974920866,0.962890625,1.0,0.01953125
2026-05-14T11:20,10,40,0.01953125,42,70,0.0,6.100517087012266,0.9335035849583729,0.962890625,1.0,0.01953125
2026-05-14T11:50,9,40,0.01953125,42,70,0.0,6.100516310295258,0.9335106095131853,0.962890625,1.0,0.01953125
2026-05-14T12:20,8,40,0.01953125,41,70,0.0,6.100508356824723,0.9335176284995833,0.962890625,1.0,0.01953125
2026-05-14T12:50,9,40,0.01953125,41,70,0.0,6.100498536065351,0.9335246419241853,0.962890625,1.0,0.01953125
2026-05-14T13:20,9,40,0.01953125,41,70,0.0,6.100488539007682,0.9335509687986708,0.962890625,1.0,0.01953125
2026-05-14T13:50,9,40,0.01953125,41,71,0.0,6.100474485857299,0.9335395717028524,0.962890625,1.0,0.01953125
2026-05-14T14:20,10,40,0.01953125,41,72,0.0,6.100455387433022,0.9335465681177683,0.962890625,1.0,0.01953125
2026-05-14T14:50,12,40,0.01953125,41,76,0.0,6.100426682388827,0.9335351817794156,0.962890625,1.0,0.01953125
2026-05-14T15:20,12,40,0.01953125,41,73,0.0,6.100403834442401,0.9335421743972154,0.962890625,1.0,0.01953125
2026-05-14T15:50,9,40,0.01953125,41,76,0.0,6.100371427925769,0.9335491614872542,0.962890625,1.0,0.01953125
2026-05-14T16:20,9,40,0.01953125,40,76,0.0,6.100340727668826,0.9335377876205115,0.962890625,1.0,0.01953125
2026-05-14T16:50,11,40,0.01953125,40,78,0.0,6.100306408946526,0.933544770924056,0.962890625,1.0,0.01953125
2026-05-14T17:20,11,40,0.01953125,40,78,0.0,6.100269566381277,0.9335517487137406,0.962890625,1.0,0.01953125
2026-05-14T17:50,11,40,0.01953125,40,78,0.0,6.100235835993965,0.9335587209960932,0.962890625,1.0,0.01953125
2026-05-14T18:20,9,40,0.01953125,40,78,0.0,6.100202959725254,0.933547361305271,0.962890625,1.0,0.01953125
2026-05-14T18:50,10,40,0.01953125,40,78,0.0,6.100171464140166,0.9335360105731956,0.962890625,1.0,0.01953125
2026-05-14T19:20,9,40,0.01953125,40,78,0.0,6.100132397837553,0.933507208486363,0.962890625,1.0,0.01953125
2026-05-14T19:50,10,40,0.01953125,40,75,0.0,6.100112384595609,0.9334784290962105,0.962890625,1.0,0.01953125
2026-05-14T20:20,9,40,0.01953125,40,74,0.0,6.100107156690273,0.9334854165255523,0.962890625,1.0,0.01953125
2026-05-14T20:50,9,40,0.01953125,40,73,0.0,6.100113769363147,0.933474108056354,0.962890625,1.0,0.01953125
2026-05-14T21:20,9,40,0.01953125,40,73,0.0,6.100120179768157,0.933500289044919,0.962890625,1.0,0.01953125
2026-05-14T21:50,9,40,0.01953125,40,72,0.0,6.100131880773932,0.9334889836223057,0.962890625,1.0,0.01953125
2026-05-14T22:20,9,40,0.01953125,40,69,0.0,6.100147430127588,0.93349595591038,0.962890625,1.0,0.01953125
2026-05-14T22:50,9,40,0.01953125,40,69,0.0,6.100162764113788,0.9335220974371448,0.962890625,1.0,0.01953125
2026-05-14T23:20,9,40,0.01953125,40,67,0.0,6.100185800753681,0.9335290512346921,0.962890625,1.0,0.01953125
2026-05-14T23:50,8,40,0.01953125,40,66,0.0,6.100214233537324,0.933535999569712,0.962890625,1.0,0.01953125
2026-05-15T00:20,8,40,0.01953125,40,66,0.0,6.100242475701833,0.9335429424486383,0.962890625,1.0,0.01953125
2026-05-15T00:50,8,40,0.01953125,40,66,0.0,6.10027048061451,0.9335690244963429,0.962890625,1.0,0.01953125
2026-05-15T01:20,8,40,0.01953125,40,66,0.0,6.100298248862007,0.9335950860795142,0.962890625,1.0,0.01953125
2026-05-15T02:20,8,40,0.01953125,41,67,0.0,6.100332311942664,0.9336019976191674,0.962890625,1.0,0.01953125
2026-05-15T02:50,8,40,0.01953125,41,67,0.0,6.1003661282378685,0.9336280258443266,0.962890625,1.0,0.01953125
2026-05-15T03:20,8,40,0.01953125,43,68,0.0,6.1004093520640215,0.9336167146683536,0.962890625,1.0,0.01953125
2026-05-15T03:50,8,40,0.01953125,44,75,0.0,6.100452054491419,0.9336054123534666,0.962890625,1.0,0.01953125
2026-05-15T04:20,7,40,0.01953125,44,76,0.0,6.100500172979951,0.933594118889257,0.962890625,1.0,0.01953125
2026-05-15T04:50,7,40,0.01953125,44,77,0.0,6.100533536005261,0.9335828342653324,0.962890625,1.0,0.01953125
2026-05-15T05:20,7,40,0.01953125,44,78,0.0,6.100564357866281,0.933571558471317,0.962890625,1.0,0.01953125
2026-05-15T05:50,7,40,0.01953125,44,78,0.0,6.1005949418344745,0.9335429677625988,0.962890625,1.0,0.01953125
2026-05-15T06:20,7,40,0.01953125,44,78,0.0,6.10062097074559,0.9335498780614387,0.962890625,1.0,0.01953125
2026-05-15T06:50,8,40,0.01953125,44,76,0.0,6.100636828259368,0.9334890058065409,0.962890625,1.0,0.01953125
2026-05-15T07:20,8,40,0.01953125,44,72,0.0,6.100653800390015,0.9334777842826953,0.962890625,1.0,0.01953125
2026-05-15T07:50,8,40,0.01953125,44,70,0.0,6.1006622406796716,0.9334492748457552,0.962890625,1.0,0.01953125
2026-05-15T08:20,9,40,0.01953125,44,69,0.0,6.10066421208276,0.9334562109259072,0.962890625,1.0,0.01953125
2026-05-15T08:50,9,40,0.01953125,44,69,0.0,6.100665994388207,0.9334821741678402,0.962890625,1.0,0.01953125
2026-05-15T09:20,10,40,0.01953125,44,70,0.0,6.100660825635272,0.9334890920063844,0.962890625,1.0,0.01953125
2026-05-15T09:50,10,40,0.01953125,43,70,0.0,6.100653981392646,0.933477892323248,0.962890625,1.0,0.01953125
2026-05-15T10:20,10,40,0.01953125,43,70,0.0,6.100646961243057,0.9335038167611579,0.962890625,1.0,0.01953125
2026-05-15T10:50,10,40,0.01953125,42,70,0.0,6.100638865008728,0.9335107180838824,0.962890625,1.0,0.01953125
2026-05-15T11:20,10,40,0.01953125,42,70,0.0,6.100630595509583,0.933536609548803,0.962890625,1.0,0.01953125
2026-05-15T11:50,12,40,0.01953125,41,70,0.0,6.100623009483837,0.9335434927339515,0.962890625,1.0,0.01953125
2026-05-15T12:20,11,40,0.01953125,41,70,0.0,6.100615249402051,0.9335693512970901,0.962890625,1.0,0.01953125
2026-05-15T12:50,12,40,0.01953125,41,70,0.0,6.100605676107829,0.933576216392733,0.962890625,1.0,0.01953125
2026-05-15T13:20,12,40,0.01953125,41,70,0.0,6.100595932756845,0.9336020421250842,0.962890625,1.0,0.01953125
2026-05-15T13:50,13,40,0.01953125,41,71,0.0,6.100582193029211,0.9335908333659071,0.962890625,1.0,0.01953125
2026-05-15T14:20,13,40,0.01953125,41,72,0.0,6.100563506319505,0.933597682114481,0.962890625,1.0,0.01953125
2026-05-15T14:50,13,40,0.01953125,41,73,0.0,6.100540497450981,0.9336045255436384,0.962890625,1.0,0.01953125
2026-05-15T15:20,13,40,0.01953125,41,73,0.0,6.10051811018691,0.9336113636595745,0.962890625,1.0,0.01953125
2026-05-15T15:50,14,40,0.01953125,41,76,0.0,6.10048633328787,0.9336181964684747,0.962890625,1.0,0.01953125
2026-05-15T16:20,14,40,0.01953125,40,77,0.0,6.10045623348175,0.93360700318232,0.962890625,1.0,0.01953125
2026-05-15T17:20,14,40,0.01953125,40,78,0.0,6.100420209930335,0.933595818576496,0.962890625,1.0,0.01953125
2026-05-15T17:50,14,40,0.01953125,40,78,0.0,6.100387215436279,0.9336026494654954,0.962890625,1.0,0.01953125
2026-05-15T18:20,14,40,0.01953125,40,78,0.0,6.100355031942103,0.9335914752133825,0.962890625,1.0,0.01953125
2026-05-15T18:50,13,40,0.01953125,40,78,0.0,6.100325069315415,0.9335631536181328,0.962890625,1.0,0.01953125
2026-05-15T19:20,13,40,0.01953125,40,78,0.0,6.100286724160613,0.9335520033088583,0.962890625,1.0,0.01953125
2026-05-15T19:50,13,40,0.01953125,40,75,0.0,6.10026708397141,0.9335237189098531,0.962890625,1.0,0.01953125
2026-05-15T20:20,13,40,0.01953125,40,74,0.0,6.100261814720134,0.9335305644778551,0.962890625,1.0,0.01953125
2026-05-15T20:50,13,40,0.01953125,40,73,0.0,6.100268081086719,0.9335194397061165,0.962890625,1.0,0.01953125
2026-05-15T21:20,12,40,0.01953125,40,73,0.0,6.100274152801917,0.9335451376420631,0.962890625,1.0,0.01953125
2026-05-15T21:50,12,40,0.01953125,40,72,0.0,6.100285406338096,0.933534015836468,0.962890625,1.0,0.01953125
2026-05-15T22:20,12,40,0.01953125,40,69,0.0,6.100300404455832,0.9335408468508977,0.962890625,1.0,0.01953125
2026-05-15T22:50,11,40,0.01953125,40,69,0.0,6.1003151953442885,0.9335665067555884,0.962890625,1.0,0.01953125
2026-05-15T23:20,11,40,0.01953125,40,67,0.0,6.10033752386051,0.9335733199572247,0.962890625,1.0,0.01953125
2026-05-15T23:50,9,40,0.01953125,40,66,0.0,6.100365152925593,0.9335801279017609,0.962890625,1.0,0.01953125
2026-05-16T00:20,10,40,0.01953125,40,66,0.0,6.100392598632525,0.9335869305952794,0.962890625,1.0,0.01953125
2026-05-16T00:50,9,40,0.01953125,40,66,0.0,6.100419816013946,0.9336125331663684,0.962890625,1.0,0.01953125
2026-05-16T01:20,9,40,0.01953125,40,66,0.0,6.10044680562406,0.9336381160052253,0.962890625,1.0,0.01953125
2026-05-16T01:50,9,40,0.01953125,41,67,0.0,6.100479975050636,0.9336448884999055,0.962890625,1.0,0.01953125
2026-05-16T02:20,9,40,0.01953125,41,67,0.0,6.100512906927764,0.9336704391781881,0.962890625,1.0,0.01953125
2026-05-16T02:50,9,40,0.01953125,41,67,0.0,6.100545601828844,0.9336959701869726,0.962890625,1.0,0.01953125
2026-05-16T03:20,8,40,0.01953125,43,68,0.0,6.100587524140607,0.9336848374184366,0.962890625,1.0,0.01953125
2026-05-16T03:50,8,40,0.01953125,44,74,0.0,6.100628912911466,0.9336737132135686,0.962890625,1.0,0.01953125
2026-05-16T04:20,7,40,0.01953125,44,76,0.0,6.100675581880962,0.9336625975624914,0.962890625,1.0,0.01953125
2026-05-16T04:50,7,40,0.01953125,44,77,0.0,6.1007079255124195,0.9336514904553429,0.962890625,1.0,0.01953125
2026-05-16T05:20,7,40,0.01953125,44,78,0.0,6.100737833420543,0.9336403918822758,0.962890625,1.0,0.01953125
2026-05-16T05:50,7,40,0.01953125,44,78,0.0,6.1007675375532635,0.9336122907779737,0.962890625,1.0,0.01953125
2026-05-16T06:20,7,40,0.01953125,44,78,0.0,6.10079269604888,0.9336012157737447,0.962890625,1.0,0.01953125
2026-05-16T06:50,8,40,0.01953125,44,76,0.0,6.1008080936855755,0.933556925905137,0.962890625,1.0,0.01953125
2026-05-16T07:20,9,40,0.01953125,44,72,0.0,6.100822448286516,0.9335288891542255,0.962890625,1.0,0.01953125
2026-05-16T07:50,9,40,0.01953125,44,70,0.0,6.100830715073758,0.933517858868799,0.962890625,1.0,0.01953125
2026-05-16T08:20,9,40,0.01953125,44,69,0.0,6.100832672186122,0.9335246437110092,0.962890625,1.0,0.01953125
2026-05-16T08:50,10,40,0.01953125,44,69,0.0,6.100834446901075,0.9335501131961774,0.962890625,1.0,0.01953125
2026-05-16T09:20,11,40,0.01953125,44,70,0.0,6.100829436567382,0.9335568804880192,0.962890625,1.0,0.01953125
2026-05-16T09:50,12,40,0.01953125,43,70,0.0,6.100822851104285,0.9335458563778636,0.962890625,1.0,0.01953125
2026-05-16T10:20,13,40,0.01953125,43,70,0.0,6.100816095766339,0.9335712885032452,0.962890625,1.0,0.01953125
2026-05-16T10:50,13,40,0.01953125,42,70,0.0,6.100808286438368,0.9335780399277639,0.962890625,1.0,0.01953125
2026-05-16T11:20,13,40,0.01953125,42,70,0.0,6.100800309769477,0.9336034402949044,0.962890625,1.0,0.01953125
2026-05-16T11:50,14,40,0.01953125,41,70,0.0,6.100793039749671,0.9336101742673433,0.962890625,1.0,0.01953125
2026-05-16T12:20,14,40,0.01953125,41,70,0.0,6.100785601548899,0.9336355429435881,0.962890625,1.0,0.01953125
2026-05-16T12:50,14,40,0.01953125,41,70,0.0,6.100776415641822,0.9336422595093832,0.962890625,1.0,0.01953125
2026-05-16T13:20,15,40,0.01953125,41,56,0.0,6.100775981305211,0.9336489709460711,0.962890625,1.0,0.01953125
2026-05-16T13:50,14,40,0.01953125,41,71,0.0,6.100762707274557,0.9336379453482911,0.962890625,1.0,0.01953125
2026-05-16T14:20,14,40,0.01953125,41,72,0.0,6.100744580539403,0.9336446533096976,0.962890625,1.0,0.01953125
2026-05-16T14:50,14,40,0.01953125,41,73,0.0,6.100722204232771,0.933651356154429,0.962890625,1.0,0.01953125
2026-05-16T15:20,14,40,0.01953125,41,73,0.0,6.100700455305987,0.9336580538883369,0.962890625,1.0,0.01953125
2026-05-16T15:50,14,40,0.01953125,41,75,0.0,6.1006694794729235,0.9336647465172648,0.962890625,1.0,0.01953125
2026-05-16T16:20,14,40,0.01953125,40,77,0.0,6.100640152215071,0.9336537359108819,0.962890625,1.0,0.01953125
2026-05-16T16:50,14,40,0.01953125,40,78,0.0,6.100607312833983,0.933660425086923,0.962890625,1.0,0.01953125
2026-05-16T17:20,14,40,0.01953125,40,78,0.0,6.100572033324596,0.9336671091703294,0.962890625,1.0,0.01953125
2026-05-16T17:50,14,40,0.01953125,40,78,0.0,6.100539698799938,0.9336737881669139,0.962890625,1.0,0.01953125
2026-05-16T18:20,13,40,0.01953125,40,78,0.0,6.100508133699509,0.9336627908738729,0.962890625,1.0,0.01953125
2026-05-16T18:50,13,40,0.01953125,40,78,0.0,6.100478699118762,0.9336349590584376,0.962890625,1.0,0.01953125
2026-05-16T19:20,12,40,0.01953125,40,78,0.0,6.100441014459015,0.9336239848834864,0.962890625,1.0,0.01953125
2026-05-16T19:50,12,40,0.01953125,40,75,0.0,6.100421679364949,0.9335961889607645,0.962890625,1.0,0.01953125
2026-05-16T20:20,12,40,0.01953125,40,74,0.0,6.1004162964732584,0.9336028822092394,0.962890625,1.0,0.01953125
2026-05-16T20:50,12,40,0.01953125,40,73,0.0,6.100422140417952,0.9335919327113474,0.962890625,1.0,0.01953125
2026-05-16T21:20,12,40,0.01953125,40,73,0.0,6.100427797346965,0.9336171350139237,0.962890625,1.0,0.01953125
2026-05-16T21:50,12,40,0.01953125,40,72,0.0,6.1004385372227,0.9336061884167113,0.962890625,1.0,0.01953125
2026-05-16T22:20,12,40,0.01953125,40,69,0.0,6.100452917381876,0.9336128677203815,0.962890625,1.0,0.01953125
2026-05-16T22:50,12,40,0.01953125,40,69,0.0,6.100467098443092,0.9336380334263253,0.962890625,1.0,0.01953125
2026-05-16T23:20,12,40,0.01953125,40,67,0.0,6.100488647238235,0.9336446956009251,0.962890625,1.0,0.01953125
2026-05-16T23:50,12,40,0.01953125,40,66,0.0,6.100515394526629,0.9336513527284227,0.962890625,1.0,0.01953125
2026-05-17T00:20,11,40,0.01953125,40,66,0.0,6.100541965731181,0.9336580048145517,0.962890625,1.0,0.01953125
2026-05-17T00:50,12,40,0.01953125,40,66,0.0,6.100568317540883,0.933683115335061,0.962890625,1.0,0.01953125
2026-05-17T01:20,12,40,0.01953125,40,66,0.0,6.10059445047827,0.9337082068540413,0.962890625,1.0,0.01953125
2026-05-17T01:50,12,40,0.01953125,41,67,0.0,6.100626652114781,0.9337148298893443,0.962890625,1.0,0.01953125
2026-05-17T02:20,12,40,0.01953125,41,67,0.0,6.100658625435028,0.9337398904451517,0.962890625,1.0,0.01953125
2026-05-17T02:50,11,40,0.01953125,41,67,0.0,6.100690370979803,0.9337649320587401,0.962890625,1.0,0.01953125
2026-05-17T03:20,11,40,0.01953125,43,68,0.0,6.100731176244742,0.9337539751160516,0.962890625,1.0,0.01953125
2026-05-17T03:50,11,40,0.01953125,44,74,0.0,6.100771456890355,0.9337430264489993,0.962890625,1.0,0.01953125
2026-05-17T04:20,11,40,0.01953125,44,76,0.0,6.10081471025194,0.9337320860482117,0.962890625,1.0,0.01953125
2026-05-17T04:50,11,40,0.01953125,44,78,0.0,6.100844229672497,0.9337044381350911,0.962890625,1.0,0.01953125
2026-05-17T05:20,11,40,0.01953125,44,78,0.0,6.100873407944035,0.9337110451038048,0.962890625,1.0,0.01953125
2026-05-17T05:50,11,40,0.01953125,44,78,0.0,6.100897423943469,0.9336834259752889,0.962890625,1.0,0.01953125
2026-05-17T06:20,11,40,0.01953125,44,78,0.0,6.100922099304551,0.9336725245349519,0.962890625,1.0,0.01953125
2026-05-17T06:50,11,40,0.01953125,44,76,0.0,6.1009371493859215,0.9336290088204255,0.962890625,1.0,0.01953125
2026-05-17T07:20,11,40,0.01953125,44,72,0.0,6.10095119955459,0.9336014517987528,0.962890625,1.0,0.01953125
2026-05-17T07:50,11,40,0.01953125,44,69,0.0,6.100953331905137,0.9335739155278493,0.962890625,1.0,0.01953125
2026-05-17T08:20,12,40,0.01953125,44,69,0.0,6.100955287888104,0.9335989159360059,0.962890625,1.0,0.01953125
2026-04-27T07:20,9,40,0.01953125,44,72,0.0,6.100968840068591,0.9335714013386931,0.962890625,1.0,0.01953125
2026-04-27T07:50,10,40,0.01953125,44,70,0.0,6.10097646174498,0.9335605666276828,0.962890625,1.0,0.01953125
2026-04-27T08:20,11,40,0.01953125,44,69,0.0,6.100977922809814,0.933567205329024,0.962890625,1.0,0.01953125
2026-04-27T08:50,12,40,0.01953125,44,69,0.0,6.100979209138969,0.9335921706783931,0.962890625,1.0,0.01953125
2026-04-27T09:50,14,40,0.01953125,43,70,0.0,6.1009726444095795,0.9335646999592346,0.962890625,1.0,0.01953125
2026-04-27T10:50,16,40,0.01953125,42,70,0.0,6.100965048879741,0.9335713296296199,0.962890625,1.0,0.01953125
2026-04-27T11:50,18,40,0.01953125,41,70,0.0,6.1009581649149425,0.9335779543227751,0.962890625,1.0,0.01953125
2026-04-27T12:50,18,40,0.01953125,41,70,0.0,6.100949549932503,0.9335845740443032,0.962890625,1.0,0.01953125
2026-04-27T13:20,19,40,0.01953125,41,58,0.0,6.1009495253899075,0.9335911887997986,0.962890625,1.0,0.01953125
2026-04-27T13:50,19,40,0.01953125,41,71,0.0,6.100936860950867,0.9335803791694882,0.962890625,1.0,0.01953125
2026-04-27T14:50,20,40,0.01953125,41,72,0.0,6.100916058181737,0.933552974648165,0.962890625,1.0,0.01953125
2026-04-27T15:50,21,40,0.01953125,41,76,0.0,6.100886076163461,0.9335595938079803,0.962890625,1.0,0.01953125
2026-04-27T16:50,20,40,0.01953125,40,78,0.0,6.100854262175182,0.9335322175991679,0.962890625,1.0,0.01953125
2026-04-27T17:50,19,40,0.01953125,40,78,0.0,6.100819997530637,0.9335388395739325,0.962890625,1.0,0.01953125
2026-04-27T18:50,18,40,0.01953125,40,78,0.0,6.100790425539862,0.9334956670359862,0.962890625,1.0,0.01953125
2026-04-27T19:50,17,40,0.01953125,40,75,0.0,6.100771387554533,0.9334091096070819,0.962890625,1.0,0.01953125
2026-04-27T20:50,16,40,0.01953125,40,72,0.0,6.100770246730173,0.933398396366676,0.962890625,1.0,0.01953125
2026-04-27T21:50,14,40,0.01953125,40,72,0.0,6.1007805446179155,0.9333711315890733,0.962890625,1.0,0.01953125
2026-04-27T22:50,14,40,0.01953125,40,69,0.0,6.100794267860367,0.9333778013875058,0.962890625,1.0,0.01953125
2026-04-27T23:50,12,40,0.01953125,40,66,0.0,6.100820310548888,0.9333671118482361,0.962890625,1.0,0.01953125
2026-04-28T00:50,10,40,0.01953125,40,67,0.0,6.1008460268390134,0.9333737781665135,0.962890625,1.0,0.01953125
2026-04-28T01:50,11,40,0.01953125,41,67,0.0,6.10087758745136,0.9333804395080695,0.962890625,1.0,0.01953125
2026-04-28T02:50,10,40,0.01953125,41,67,0.0,6.100908926104895,0.933405297553029,0.962890625,1.0,0.01953125
2026-04-28T03:50,10,40,0.01953125,44,75,0.0,6.100948475826934,0.933362319753935,0.962890625,1.0,0.01953125
2026-04-28T04:50,9,40,0.01953125,44,78,0.0,6.1009731758912675,0.9333043091118858,0.962890625,1.0,0.01953125
2026-04-28T05:50,9,40,0.01953125,44,78,0.0,6.100996393345444,0.9332614009900332,0.962890625,1.0,0.01953125
2026-04-28T06:50,10,40,0.01953125,44,77,0.0,6.1010105962403225,0.9331890720160364,0.962890625,1.0,0.01953125
2026-04-28T07:50,10,40,0.01953125,44,71,0.0,6.101017932150665,0.9331311907146441,0.962890625,1.0,0.01953125
2026-04-28T08:50,10,40,0.01953125,44,70,0.0,6.10101916000615,0.9331379250115468,0.962890625,1.0,0.01953125
2026-04-28T09:50,10,40,0.01953125,43,71,0.0,6.101012605060723,0.9331108789346088,0.962890625,1.0,0.01953125
2026-04-28T10:50,10,40,0.01953125,42,71,0.0,6.101004993768688,0.9331176157773396,0.962890625,1.0,0.01953125
2026-04-28T11:50,12,40,0.01953125,41,71,0.0,6.100998065762058,0.9331243476094028,0.962890625,1.0,0.01953125
2026-04-28T12:50,14,40,0.01953125,41,71,0.0,6.100989410678913,0.9331310744363863,0.962890625,1.0,0.01953125
2026-04-28T13:50,14,40,0.01953125,41,72,0.0,6.100976886344334,0.9331205321957047,0.962890625,1.0,0.01953125
2026-04-28T14:50,16,40,0.01953125,41,76,0.0,6.100956266388613,0.9330935428138634,0.962890625,1.0,0.01953125
2026-04-28T15:50,16,40,0.01953125,40,76,0.0,6.100935120309303,0.9331002735860064,0.962890625,1.0,0.01953125
2026-04-28T16:50,16,40,0.01953125,40,78,0.0,6.10090356915146,0.9330733117607255,0.962890625,1.0,0.01953125
2026-04-28T17:50,15,40,0.01953125,40,78,0.0,6.100872496399881,0.9330628066004291,0.962890625,1.0,0.01953125
2026-04-28T18:50,15,40,0.01953125,40,78,0.0,6.100843261443858,0.9330201949578407,0.962890625,1.0,0.01953125
2026-04-28T19:50,13,40,0.01953125,40,76,0.0,6.100824356179873,0.9329483040567744,0.962890625,1.0,0.01953125
2026-04-28T20:50,12,40,0.01953125,40,73,0.0,6.100829665147037,0.9329214385312824,0.962890625,1.0,0.01953125
2026-04-28T21:50,10,40,0.01953125,40,72,0.0,6.10083973697529,0.9329110052101377,0.962890625,1.0,0.01953125
2026-04-28T22:50,9,40,0.01953125,40,69,0.0,6.100853193796472,0.9329177861386506,0.962890625,1.0,0.01953125
2026-04-28T23:50,9,40,0.01953125,40,66,0.0,6.100878846903465,0.9329073618952681,0.962890625,1.0,0.01953125
2026-04-29T00:50,9,40,0.01953125,40,67,0.0,6.100904193671778,0.9329141391529658,0.962890625,1.0,0.01953125
2026-04-29T01:50,9,40,0.01953125,41,67,0.0,6.1009353298679905,0.9329209113960447,0.962890625,1.0,0.01953125
2026-04-29T02:50,9,40,0.01953125,41,67,0.0,6.100966248290751,0.9329457187512977,0.962890625,1.0,0.01953125
2026-04-29T03:50,9,40,0.01953125,44,75,0.0,6.1010053223439265,0.9329032921706806,0.962890625,1.0,0.01953125
2026-04-29T04:50,10,40,0.01953125,44,78,0.0,6.101029749270941,0.9328459656686876,0.962890625,1.0,0.01953125
2026-04-29T05:50,10,40,0.01953125,44,78,0.0,6.101052739207943,0.9328036072839492,0.962890625,1.0,0.01953125
2026-04-29T06:50,11,40,0.01953125,44,77,0.0,6.101066814073954,0.9327320883871613,0.962890625,1.0,0.01953125
2026-04-29T07:50,12,40,0.01953125,44,71,0.0,6.101068258160847,0.9326606222913311,0.962890625,1.0,0.01953125
2026-04-29T08:50,13,40,0.01953125,44,71,0.0,6.1010695337185465,0.9326854707701904,0.962890625,1.0,0.01953125
2026-04-29T09:50,14,40,0.01953125,43,71,0.0,6.1010631071028545,0.9326588310230521,0.962890625,1.0,0.01953125
2026-04-29T10:50,14,40,0.01953125,42,71,0.0,6.1010556132511695,0.9326656749320389,0.962890625,1.0,0.01953125
2026-04-29T11:50,15,40,0.01953125,41,71,0.0,6.10104879053333,0.9326725137957556,0.962890625,1.0,0.01953125
2026-04-29T12:50,15,40,0.01953125,41,71,0.0,6.101040257234573,0.9326793476197789,0.962890625,1.0,0.01953125
2026-04-29T13:50,15,40,0.01953125,41,72,0.0,6.10102787713771,0.9326690649520596,0.962890625,1.0,0.01953125
2026-04-29T14:50,15,40,0.01953125,41,76,0.0,6.1010074439213655,0.9326424802875998,0.962890625,1.0,0.01953125
2026-04-29T15:50,15,40,0.01953125,40,76,0.0,6.100986484497272,0.9326493176199177,0.962890625,1.0,0.01953125
2026-04-29T16:50,15,40,0.01953125,40,78,0.0,6.100956153060046,0.9326227597827796,0.962890625,1.0,0.01953125
2026-04-29T17:50,15,40,0.01953125,40,78,0.0,6.100925329655604,0.9326125130541953,0.962890625,1.0,0.01953125
2026-04-29T18:50,14,40,0.01953125,40,78,0.0,6.100897060678824,0.9325555885191671,0.962890625,1.0,0.01953125
2026-04-29T19:50,14,40,0.01953125,40,76,0.0,6.1008782755267905,0.9324987058250322,0.962890625,1.0,0.01953125
2026-04-29T20:50,13,40,0.01953125,40,73,0.0,6.100883404850272,0.9324722423461393,0.962890625,1.0,0.01953125
2026-04-29T21:50,13,40,0.01953125,40,69,0.0,6.100896767692454,0.9324457983042493,0.962890625,1.0,0.01953125
2026-04-29T22:50,12,40,0.01953125,40,69,0.0,6.100909944806838,0.9324705979377647,0.962890625,1.0,0.01953125
2026-04-29T23:50,12,40,0.01953125,40,66,0.0,6.100935211196559,0.9324604296099935,0.962890625,1.0,0.01953125
2026-04-30T00:50,12,40,0.01953125,40,67,0.0,6.100960190627197,0.9324673111516609,0.962890625,1.0,0.01953125
2026-04-30T01:50,12,40,0.01953125,41,67,0.0,6.100990905610292,0.9324741876463597,0.962890625,1.0,0.01953125
2026-04-30T02:50,12,40,0.01953125,41,67,0.0,6.101021406895423,0.9324989405101256,0.962890625,1.0,0.01953125
2026-04-30T03:50,12,40,0.01953125,44,75,0.0,6.101060009045528,0.9324570507621124,0.962890625,1.0,0.01953125
2026-04-30T04:50,11,40,0.01953125,44,78,0.0,6.101088163051373,0.932400391687759,0.962890625,1.0,0.01953125
2026-04-30T05:50,11,40,0.01953125,44,78,0.0,6.101110921405535,0.9323585687022204,0.962890625,1.0,0.01953125
2026-04-30T06:50,12,40,0.01953125,44,77,0.0,6.101124871488618,0.9322878409811666,0.962890625,1.0,0.01953125
2026-04-30T07:20,13,40,0.01953125,44,73,0.0,6.101137742779965,0.932261561169713,0.962890625,1.0,0.01953125
2026-04-30T07:50,13,40,0.01953125,44,71,0.0,6.101139082584098,0.9322353005827013,0.962890625,1.0,0.01953125
2026-04-30T08:20,14,40,0.01953125,44,71,0.0,6.1011402570586855,0.932260077438064,0.962890625,1.0,0.01953125
2026-04-30T08:50,15,40,0.01953125,44,71,0.0,6.101141266588715,0.9322848361816906,0.962890625,1.0,0.01953125
2026-04-30T09:20,15,40,0.01953125,44,71,0.0,6.101142496641157,0.932274780306126,0.962890625,1.0,0.01953125
2026-04-30T09:50,14,40,0.01953125,44,71,0.0,6.101143560278972,0.9322995155945459,0.962890625,1.0,0.01953125
2026-04-30T10:20,15,40,0.01953125,43,71,0.0,6.101136750820548,0.932306423223827,0.962890625,1.0,0.01953125
2026-04-30T10:50,15,40,0.01953125,42,71,0.0,6.101128925915427,0.9323133258110428,0.962890625,1.0,0.01953125
2026-04-30T11:20,15,40,0.01953125,42,71,0.0,6.101120949243852,0.9323380199643404,0.962890625,1.0,0.01953125
2026-04-30T11:50,17,40,0.01953125,41,71,0.0,6.101113701936927,0.9323449059936004,0.962890625,1.0,0.01953125
2026-04-30T12:20,16,40,0.01953125,41,71,0.0,6.101106301976447,0.9323695706286738,0.962890625,1.0,0.01953125
2026-04-30T12:50,16,40,0.01953125,41,71,0.0,6.101097300591383,0.9323764401409065,0.962890625,1.0,0.01953125
2026-04-30T13:20,17,40,0.01953125,41,72,0.0,6.101084175214567,0.9323833046480301,0.962890625,1.0,0.01953125
2026-04-30T13:50,18,40,0.01953125,41,73,0.0,6.101071370772124,0.9323901641555127,0.962890625,1.0,0.01953125
2026-04-30T14:20,18,40,0.01953125,41,75,0.0,6.101048802472157,0.9323801065437931,0.962890625,1.0,0.01953125
2026-04-30T14:50,18,40,0.01953125,41,76,0.0,6.101028148733175,0.9323869622227056,0.962890625,1.0,0.01953125
2026-04-30T15:20,18,40,0.01953125,41,76,0.0,6.101007363619921,0.9324115577257166,0.962890625,1.0,0.01953125
2026-04-30T15:50,18,40,0.01953125,41,76,0.0,6.100986731801726,0.9324183969818873,0.962890625,1.0,0.01953125
2026-04-30T16:20,18,40,0.01953125,41,76,0.0,6.100958740341337,0.9324252312658614,0.962890625,1.0,0.01953125
2026-04-30T16:50,19,40,0.01953125,40,78,0.0,6.100927547182337,0.9324151791850098,0.962890625,1.0,0.01953125
2026-04-30T17:20,18,40,0.01953125,40,78,0.0,6.10089407391998,0.932422009672845,0.962890625,1.0,0.01953125
2026-04-30T17:50,18,40,0.01953125,40,78,0.0,6.10086339567944,0.9324288352002678,0.962890625,1.0,0.01953125
2026-04-30T18:20,17,40,0.01953125,40,78,0.0,6.100831752360444,0.9324356557726797,0.962890625,1.0,0.01953125
2026-04-30T18:50,17,40,0.01953125,40,78,0.0,6.100803155730158,0.9324095416436906,0.962890625,1.0,0.01953125
2026-04-30T19:20,16,40,0.01953125,40,78,0.0,6.100767576415594,0.9323834464585748,0.962890625,1.0,0.01953125
2026-04-30T19:50,16,40,0.01953125,40,76,0.0,6.100749599004147,0.9323573701967257,0.962890625,1.0,0.01953125
2026-04-30T20:20,15,40,0.01953125,40,75,0.0,6.10074467978446,0.9323642067831694,0.962890625,1.0,0.01953125
2026-04-30T20:50,14,40,0.01953125,40,73,0.0,6.10075035916455,0.9323542059491038,0.962890625,1.0,0.01953125
2026-04-30T21:20,14,40,0.01953125,40,73,0.0,6.10075586824757,0.9323787064177931,0.962890625,1.0,0.01953125
2026-04-30T21:50,14,40,0.01953125,40,72,0.0,6.100766233038256,0.9323687075757743,0.962890625,1.0,0.01953125
2026-04-30T22:20,13,40,0.01953125,40,69,0.0,6.1007799527145625,0.9323755301615938,0.962890625,1.0,0.01953125
2026-04-30T22:50,13,40,0.01953125,40,69,0.0,6.1007934912173125,0.9323999963228957,0.962890625,1.0,0.01953125
2026-04-30T23:20,13,40,0.01953125,40,67,0.0,6.1008139988846795,0.93240680265775,0.962890625,1.0,0.01953125
2026-04-30T23:50,12,40,0.01953125,40,66,0.0,6.100839454630526,0.9324136040711765,0.962890625,1.0,0.01953125
2026-05-01T00:20,11,40,0.01953125,40,66,0.0,6.100864736823929,0.9324204005685107,0.962890625,1.0,0.01953125
2026-05-01T00:50,12,40,0.01953125,40,66,0.0,6.100889819429333,0.9324448151636809,0.962890625,1.0,0.01953125
2026-05-01T01:20,11,40,0.01953125,40,66,0.0,6.100914702899702,0.9324692121246185,0.962890625,1.0,0.01953125
2026-05-01T01:50,11,40,0.01953125,41,67,0.0,6.100945291216659,0.9324759811860158,0.962890625,1.0,0.01953125
2026-05-01T02:20,11,40,0.01953125,41,67,0.0,6.100975671908707,0.9325003492909649,0.962890625,1.0,0.01953125
2026-05-01T02:50,12,40,0.01953125,41,67,0.0,6.101005845444531,0.9325246998143087,0.962890625,1.0,0.01953125
2026-05-01T03:20,12,40,0.01953125,43,68,0.0,6.101044571780516,0.9325146879877482,0.962890625,1.0,0.01953125
2026-05-01T03:50,10,40,0.01953125,44,74,0.0,6.10108267283688,0.9325046833795197,0.962890625,1.0,0.01953125
2026-05-01T04:20,10,40,0.01953125,44,75,0.0,6.101125583088762,0.9324946859818197,0.962890625,1.0,0.01953125
2026-05-01T04:50,10,40,0.01953125,44,78,0.0,6.1011495097483515,0.9324687387304859,0.962890625,1.0,0.01953125
2026-05-01T05:20,10,40,0.01953125,44,78,0.0,6.101177282613407,0.9324587614766261,0.962890625,1.0,0.01953125
2026-05-01T05:50,10,40,0.01953125,44,78,0.0,6.101199758365847,0.9324487914058145,0.962890625,1.0,0.01953125
2026-05-01T06:20,11,40,0.01953125,44,77,0.0,6.10122281108369,0.9324388285102967,0.962890625,1.0,0.01953125
2026-05-01T06:50,11,40,0.01953125,44,76,0.0,6.101236492970776,0.9323977288662936,0.962890625,1.0,0.01953125
2026-05-01T07:20,12,40,0.01953125,44,73,0.0,6.101249128805381,0.9323718631300162,0.962890625,1.0,0.01953125
2026-05-01T07:50,13,40,0.01953125,44,70,0.0,6.101250484208501,0.9323460159888045,0.962890625,1.0,0.01953125
2026-05-01T08:20,14,40,0.01953125,44,70,0.0,6.101251679855902,0.9323703257207525,0.962890625,1.0,0.01953125
2026-05-01T08:50,15,40,0.01953125,44,70,0.0,6.101252716113142,0.9323946179888127,0.962890625,1.0,0.01953125
2026-05-01T10:20,17,40,0.01953125,43,71,0.0,6.101246410756026,0.9323687905196172,0.962890625,1.0,0.01953125
2026-05-01T10:50,18,40,0.01953125,42,71,0.0,6.1012390666046175,0.9323755567513742,0.962890625,1.0,0.01953125
2026-05-01T11:20,20,40,0.01953125,41,71,0.0,6.101232414074445,0.932382318127565,0.962890625,1.0,0.01953125
2026-05-01T11:50,20,40,0.01953125,41,71,0.0,6.101225613027874,0.9324065712415796,0.962890625,1.0,0.01953125
2026-05-01T12:20,21,40,0.01953125,41,71,0.0,6.101218663812076,0.9324308069636156,0.962890625,1.0,0.01953125
2026-05-01T12:50,22,40,0.01953125,41,71,0.0,6.101210125718832,0.9324375412665659,0.962890625,1.0,0.01953125
2026-05-01T13:20,24,40,0.01953125,41,71,0.0,6.101201442667759,0.9324617485251591,0.962890625,1.0,0.01953125
2026-05-01T13:50,24,40,0.01953125,41,71,0.0,6.1011890926343035,0.9324518273776794,0.962890625,1.0,0.01953125
2026-05-01T14:20,24,40,0.01953125,41,71,0.0,6.101176603644469,0.932476012187068,0.962890625,1.0,0.01953125
2026-05-01T14:50,24,40,0.01953125,41,74,0.0,6.10115447187527,0.9324660930362357,0.962890625,1.0,0.01953125
2026-05-01T15:20,24,40,0.01953125,41,74,0.0,6.101134177427615,0.9324728026674196,0.962890625,1.0,0.01953125
2026-05-01T15:50,24,40,0.01953125,41,76,0.0,6.101114005460327,0.9324795074991534,0.962890625,1.0,0.01953125
2026-05-01T16:20,24,40,0.01953125,41,76,0.0,6.101086575819845,0.932486207536585,0.962890625,1.0,0.01953125
2026-05-01T16:50,24,40,0.01953125,40,77,0.0,6.101059129692296,0.9324929027848546,0.962890625,1.0,0.01953125
2026-05-01T17:20,23,40,0.01953125,40,78,0.0,6.101028405987492,0.9324995932490956,0.962890625,1.0,0.01953125
2026-05-01T17:50,23,40,0.01953125,40,78,0.0,6.100995423913662,0.9325062789344335,0.962890625,1.0,0.01953125
2026-05-01T18:20,22,40,0.01953125,40,78,0.0,6.100967370132407,0.9324963737669315,0.962890625,1.0,0.01953125
2026-05-01T18:50,22,40,0.01953125,40,78,0.0,6.1009398597273625,0.9324864756694995,0.962890625,1.0,0.01953125
2026-05-01T19:20,21,40,0.01953125,40,78,0.0,6.100907693223623,0.9324765846345697,0.962890625,1.0,0.01953125
2026-05-01T19:50,20,40,0.01953125,40,78,0.0,6.1008777091073085,0.9324509029411479,0.962890625,1.0,0.01953125
2026-05-01T20:20,20,40,0.01953125,40,77,0.0,6.1008598059334735,0.932441031640549,0.962890625,1.0,0.01953125
2026-05-01T20:50,19,40,0.01953125,40,75,0.0,6.100860940707842,0.9324311673758027,0.962890625,1.0,0.01953125
2026-05-01T21:20,19,40,0.01953125,40,74,0.0,6.10086607089202,0.9324378607654782,0.962890625,1.0,0.01953125
2026-05-01T21:50,18,40,0.01953125,40,74,0.0,6.1008699276905185,0.9324445493877823,0.962890625,1.0,0.01953125
2026-05-01T22:20,18,40,0.01953125,40,73,0.0,6.100878237634901,0.9324512332478062,0.962890625,1.0,0.01953125
2026-05-01T22:50,18,40,0.01953125,40,70,0.0,6.1008912416397,0.9324579123506344,0.962890625,1.0,0.01953125
2026-05-01T23:20,17,40,0.01953125,40,70,0.0,6.10090407128963,0.9324819401299476,0.962890625,1.0,0.01953125
2026-05-01T23:50,16,40,0.01953125,40,68,0.0,6.100923739351701,0.9324886035624033,0.962890625,1.0,0.01953125
2026-05-02T00:20,16,40,0.01953125,40,67,0.0,6.1009482794118535,0.9324952622572601,0.962890625,1.0,0.01953125
2026-05-02T00:50,15,40,0.01953125,40,67,0.0,6.100972665205261,0.9325019162195692,0.962890625,1.0,0.01953125
2026-05-02T01:20,14,40,0.01953125,40,67,0.0,6.100996858811761,0.9325258942244645,0.962890625,1.0,0.01953125
2026-05-02T01:50,13,40,0.01953125,41,67,0.0,6.101026671181237,0.932532532583119,0.962890625,1.0,0.01953125
2026-05-02T02:20,13,40,0.01953125,41,67,0.0,6.101056283125606,0.9325564826957979,0.962890625,1.0,0.01953125
2026-05-02T02:50,12,40,0.01953125,41,67,0.0,6.101085695089771,0.9325804158105262,0.962890625,1.0,0.01953125
2026-05-02T03:20,12,40,0.01953125,43,67,0.0,6.101123569829753,0.9325705475909277,0.962890625,1.0,0.01953125
2026-05-02T03:50,12,40,0.01953125,44,73,0.0,6.101160864657178,0.9325606863700662,0.962890625,1.0,0.01953125
2026-05-02T04:20,12,40,0.01953125,44,75,0.0,6.101200895405375,0.9325508321404995,0.962890625,1.0,0.01953125
2026-05-02T04:50,11,40,0.01953125,44,78,0.0,6.101228270652088,0.9325252879463599,0.962890625,1.0,0.01953125
2026-05-02T05:20,11,40,0.01953125,44,78,0.0,6.101255310363612,0.9325319100590942,0.962890625,1.0,0.01953125
2026-05-02T05:50,11,40,0.01953125,44,78,0.0,6.101277497482373,0.9325063906561976,0.962890625,1.0,0.01953125
2026-05-02T06:20,11,40,0.01953125,44,77,0.0,6.101300278803589,0.9324965695992439,0.962890625,1.0,0.01953125
2026-05-02T06:50,11,40,0.01953125,44,76,0.0,6.101313883433792,0.9324561185194784,0.962890625,1.0,0.01953125
2026-05-02T07:20,11,40,0.01953125,44,73,0.0,6.101326471289843,0.9324306530075431,0.962890625,1.0,0.01953125
2026-05-02T07:50,11,40,0.01953125,44,70,0.0,6.10132802210172,0.9324052055051641,0.962890625,1.0,0.01953125
2026-05-02T08:20,12,40,0.01953125,44,70,0.0,6.101329417949013,0.9324290990345013,0.962890625,1.0,0.01953125
2026-05-02T08:50,13,40,0.01953125,44,70,0.0,6.101330659180495,0.932452975677952,0.962890625,1.0,0.01953125
2026-05-02T09:20,14,40,0.01953125,44,71,0.0,6.10132582844689,0.9324596046205579,0.962890625,1.0,0.01953125
2026-05-02T09:50,15,40,0.01953125,43,71,0.0,6.10131976491631,0.9324498243593082,0.962890625,1.0,0.01953125
2026-05-02T10:20,16,40,0.01953125,43,71,0.0,6.101313556766949,0.9324736684029512,0.962890625,1.0,0.01953125
2026-05-02T10:50,17,40,0.01953125,42,71,0.0,6.101306317783972,0.9324802830267311,0.962890625,1.0,0.01953125
2026-05-02T11:20,17,40,0.01953125,42,71,0.0,6.101298936406745,0.9325040995053813,0.962890625,1.0,0.01953125
2026-05-02T11:50,19,40,0.01953125,41,71,0.0,6.101292222565092,0.9325106987341153,0.962890625,1.0,0.01953125
2026-05-02T12:20,19,40,0.01953125,41,71,0.0,6.101285365553976,0.9325344877017805,0.962890625,1.0,0.01953125
2026-05-02T12:50,21,40,0.01953125,41,71,0.0,6.101276947639846,0.9325410715722855,0.962890625,1.0,0.01953125
2026-05-02T13:20,21,40,0.01953125,41,58,0.0,6.101276641314461,0.9325476508046289,0.962890625,1.0,0.01953125
2026-05-02T13:50,22,40,0.01953125,41,71,0.0,6.1012644602834865,0.9325378670912335,0.962890625,1.0,0.01953125
2026-05-02T14:20,22,40,0.01953125,41,73,0.0,6.101242794500751,0.9325280902653521,0.962890625,1.0,0.01953125
2026-05-02T14:50,22,40,0.01953125,41,73,0.0,6.101222892784217,0.932534667120359,0.962890625,1.0,0.01953125
2026-05-02T15:20,22,40,0.01953125,41,73,0.0,6.101202868135859,0.9325583974520086,0.962890625,1.0,0.01953125
2026-05-02T15:50,23,40,0.01953125,41,76,0.0,6.101182953847595,0.9325649590254064,0.962890625,1.0,0.01953125
2026-05-02T16:20,22,40,0.01953125,40,77,0.0,6.101156006238146,0.9325551864228531,0.962890625,1.0,0.01953125
2026-05-02T16:50,21,40,0.01953125,40,78,0.0,6.10112583348503,0.9325617445134267,0.962890625,1.0,0.01953125
2026-05-02T17:20,20,40,0.01953125,40,78,0.0,6.101093441300871,0.9325682979969819,0.962890625,1.0,0.01953125
2026-05-02T17:50,20,40,0.01953125,40,78,0.0,6.101063706775594,0.9325748468783717,0.962890625,1.0,0.01953125
2026-05-02T18:20,17,40,0.01953125,40,78,0.0,6.101034699041943,0.9325650845259267,0.962890625,1.0,0.01953125
2026-05-02T18:50,17,40,0.01953125,40,78,0.0,6.101007837633649,0.9325553290242549,0.962890625,1.0,0.01953125
2026-05-02T19:20,16,40,0.01953125,40,78,0.0,6.100973249901709,0.9325300430850249,0.962890625,1.0,0.01953125
2026-05-02T19:50,17,40,0.01953125,40,76,0.0,6.100955663506993,0.9325047748778698,0.962890625,1.0,0.01953125
2026-05-02T20:20,16,40,0.01953125,40,75,0.0,6.100950472492993,0.9325113345474517,0.962890625,1.0,0.01953125
2026-05-02T20:50,16,40,0.01953125,40,73,0.0,6.100955399145762,0.9325016115517314,0.962890625,1.0,0.01953125
2026-05-02T21:20,16,40,0.01953125,40,73,0.0,6.1009601675188385,0.9325252537193139,0.962890625,1.0,0.01953125
2026-05-02T21:50,16,40,0.01953125,40,73,0.0,6.100968215873295,0.9325155326587548,0.962890625,1.0,0.01953125
2026-05-02T22:20,15,40,0.01953125,40,70,0.0,6.100980876288879,0.9325220793789285,0.962890625,1.0,0.01953125
2026-05-02T22:50,15,40,0.01953125,40,70,0.0,6.100993368290821,0.9325456895680891,0.962890625,1.0,0.01953125
2026-05-02T23:20,15,40,0.01953125,40,68,0.0,6.101012584698174,0.9325522211604735,0.962890625,1.0,0.01953125
2026-05-02T23:50,15,40,0.01953125,40,68,0.0,6.101031623347294,0.9325758042999279,0.962890625,1.0,0.01953125
2026-05-03T00:20,15,40,0.01953125,40,67,0.0,6.101055474227159,0.9325823208004157,0.962890625,1.0,0.01953125
2026-05-03T00:50,15,40,0.01953125,40,67,0.0,6.1010792133589975,0.9325888327470945,0.962890625,1.0,0.01953125
2026-05-03T01:20,15,40,0.01953125,40,67,0.0,6.101102767102739,0.932612378387071,0.962890625,1.0,0.01953125
2026-05-03T01:50,15,40,0.01953125,41,67,0.0,6.101131847452383,0.9326188752913336,0.962890625,1.0,0.01953125
2026-05-03T02:20,15,40,0.01953125,41,67,0.0,6.101160734435564,0.9326423940085095,0.962890625,1.0,0.01953125
2026-05-03T02:50,14,40,0.01953125,41,67,0.0,6.1011894284741635,0.9326658963134611,0.962890625,1.0,0.01953125
2026-05-03T03:20,14,40,0.01953125,42,71,0.0,6.101220683595933,0.9326561634946429,0.962890625,1.0,0.01953125
2026-05-03T03:50,14,40,0.01953125,44,74,0.0,6.101257152171757,0.9326464374630066,0.962890625,1.0,0.01953125
2026-05-03T04:20,14,40,0.01953125,44,75,0.0,6.101296627347878,0.9326529111732653,0.962890625,1.0,0.01953125
2026-05-03T04:50,14,40,0.01953125,44,78,0.0,6.101323461543219,0.9326130257750105,0.962890625,1.0,0.01953125
2026-05-03T05:20,14,40,0.01953125,44,78,0.0,6.101349982758304,0.9326195066131924,0.962890625,1.0,0.01953125
2026-05-03T05:50,14,40,0.01953125,44,78,0.0,6.101371798897379,0.9325943832182292,0.962890625,1.0,0.01953125
2026-05-03T06:20,14,40,0.01953125,44,77,0.0,6.101397551138177,0.9325846956169566,0.962890625,1.0,0.01953125
2026-05-03T06:50,14,40,0.01953125,44,76,0.0,6.101410956417957,0.932544889466144,0.962890625,1.0,0.01953125
2026-05-03T07:20,14,40,0.01953125,44,73,0.0,6.101419579469401,0.9325051110065669,0.962890625,1.0,0.01953125
2026-05-03T07:50,14,40,0.01953125,44,70,0.0,6.101421176631221,0.9324954645509881,0.962890625,1.0,0.01953125
2026-05-03T08:20,15,40,0.01953125,44,70,0.0,6.101422623824504,0.9325189280669592,0.962890625,1.0,0.01953125
2026-05-03T08:50,15,40,0.01953125,44,70,0.0,6.1014239213811265,0.9325423752774988,0.962890625,1.0,0.01953125
2026-05-03T09:20,15,40,0.01953125,44,70,0.0,6.101425069632166,0.9325658061995976,0.962890625,1.0,0.01953125
2026-05-03T09:50,16,40,0.01953125,43,71,0.0,6.101419237693284,0.9325407712378198,0.962890625,1.0,0.01953125
2026-05-03T10:20,16,40,0.01953125,43,71,0.0,6.1014132657038465,0.9325641864508576,0.962890625,1.0,0.01953125
2026-05-03T10:50,17,40,0.01953125,42,71,0.0,6.101406270681911,0.9325706594993463,0.962890625,1.0,0.01953125
2026-05-03T11:20,17,40,0.01953125,42,71,0.0,6.101399137770604,0.9325940481016705,0.962890625,1.0,0.01953125
2026-05-03T11:50,17,40,0.01953125,41,71,0.0,6.101392663587301,0.9326005063069732,0.962890625,1.0,0.01953125
2026-05-03T12:20,17,40,0.01953125,41,71,0.0,6.1013860507545035,0.9326238683498477,0.962890625,1.0,0.01953125
2026-05-03T12:50,19,40,0.01953125,41,71,0.0,6.10137790379607,0.9326303117468835,0.962890625,1.0,0.01953125
2026-05-03T13:20,18,40,0.01953125,41,71,0.0,6.1013696211723385,0.9326536472814361,0.962890625,1.0,0.01953125
2026-05-03T13:50,19,40,0.01953125,41,71,0.0,6.101357752343753,0.9326439894758545,0.962890625,1.0,0.01953125
2026-05-03T14:20,19,40,0.01953125,41,73,0.0,6.101336539293719,0.9326343383561889,0.962890625,1.0,0.01953125
2026-05-03T14:50,19,40,0.01953125,41,73,0.0,6.1013170081623365,0.9326407692121885,0.962890625,1.0,0.01953125
2026-05-03T15:20,19,40,0.01953125,41,73,0.0,6.101297358085873,0.9326640688423469,0.962890625,1.0,0.01953125
2026-05-03T15:50,20,40,0.01953125,41,76,0.0,6.101277814776688,0.9326704849707538,0.962890625,1.0,0.01953125
2026-05-03T16:20,19,40,0.01953125,40,77,0.0,6.101251351523624,0.9326608380367031,0.962890625,1.0,0.01953125
2026-05-03T16:50,19,40,0.01953125,40,78,0.0,6.1012217172123115,0.9326672508474005,0.962890625,1.0,0.01953125
2026-05-03T17:20,20,40,0.01953125,40,78,0.0,6.10118989411283,0.9326736592278315,0.962890625,1.0,0.01953125
2026-05-03T17:50,19,40,0.01953125,40,78,0.0,6.101160662365543,0.9326800631825855,0.962890625,1.0,0.01953125
2026-05-03T18:20,19,40,0.01953125,40,78,0.0,6.10113344603154,0.9326864627162453,0.962890625,1.0,0.01953125
2026-05-03T18:50,19,40,0.01953125,40,78,0.0,6.101106719907767,0.9326768269129484,0.962890625,1.0,0.01953125
2026-05-03T19:20,19,40,0.01953125,40,78,0.0,6.10107795286371,0.9326519177337025,0.962890625,1.0,0.01953125
2026-05-03T19:50,18,40,0.01953125,40,76,0.0,6.101060596689735,0.9326124452855813,0.962890625,1.0,0.01953125
2026-05-03T20:20,18,40,0.01953125,40,75,0.0,6.101055317622763,0.9326188593038196,0.962890625,1.0,0.01953125
2026-05-03T20:50,18,40,0.01953125,40,73,0.0,6.101059941268012,0.9326092600775817,0.962890625,1.0,0.01953125
2026-05-03T21:20,18,40,0.01953125,40,73,0.0,6.101064412223822,0.9326324742491017,0.962890625,1.0,0.01953125
2026-05-03T21:50,17,40,0.01953125,40,71,0.0,6.1010735178768725,0.9326228769455595,0.962890625,1.0,0.01953125
2026-05-03T22:20,17,40,0.01953125,40,70,0.0,6.101085721846753,0.9326292785411703,0.962890625,1.0,0.01953125
2026-05-03T22:50,16,40,0.01953125,40,70,0.0,6.101097763349428,0.9326524618589469,0.962890625,1.0,0.01953125
2026-05-03T23:20,16,40,0.01953125,40,68,0.0,6.101116404822996,0.9326588488731665,0.962890625,1.0,0.01953125
2026-05-03T23:50,15,40,0.01953125,40,68,0.0,6.101134874797843,0.932682006077818,0.962890625,1.0,0.01953125
2026-05-04T00:20,15,40,0.01953125,40,67,0.0,6.101158181765052,0.9326724082430582,0.962890625,1.0,0.01953125
2026-05-04T00:50,15,40,0.01953125,40,67,0.0,6.10118130939895,0.932695544872528,0.962890625,1.0,0.01953125
2026-05-04T01:20,14,40,0.01953125,40,67,0.0,6.101204258086239,0.9327186656059967,0.962890625,1.0,0.01953125
2026-05-04T01:50,14,40,0.01953125,41,67,0.0,6.101232636069762,0.9327250189186991,0.962890625,1.0,0.01953125
2026-05-04T02:20,15,40,0.01953125,41,67,0.0,6.101260827386993,0.9327481136598873,0.962890625,1.0,0.01953125
2026-05-04T02:50,14,40,0.01953125,41,67,0.0,6.1012888324383345,0.9327711925501893,0.962890625,1.0,0.01953125
2026-05-04T03:20,13,40,0.01953125,43,70,0.0,6.101323698332678,0.9327463877212797,0.962890625,1.0,0.01953125
2026-05-04T03:50,13,40,0.01953125,44,73,0.0,6.101359356454741,0.9327527228119772,0.962890625,1.0,0.01953125
2026-05-04T04:20,13,40,0.01953125,44,74,0.0,6.101397979102346,0.9327590535591088,0.962890625,1.0,0.01953125
2026-05-04T04:50,13,40,0.01953125,44,77,0.0,6.101424285503118,0.9327197878855732,0.962890625,1.0,0.01953125
2026-05-04T05:20,13,40,0.01953125,44,77,0.0,6.101450300201108,0.9327261255780397,0.962890625,1.0,0.01953125
2026-05-04T05:50,13,40,0.01953125,44,78,0.0,6.101471750344838,0.9327013786570468,0.962890625,1.0,0.01953125
2026-05-04T06:20,13,40,0.01953125,44,77,0.0,6.101497076903459,0.9326918136197668,0.962890625,1.0,0.01953125
2026-05-04T06:50,12,40,0.01953125,44,76,0.0,6.101510271920318,0.9326526247096238,0.962890625,1.0,0.01953125
2026-05-04T07:20,12,40,0.01953125,44,73,0.0,6.101522474576513,0.9326279283331507,0.962890625,1.0,0.01953125
2026-05-04T07:50,12,40,0.01953125,44,70,0.0,6.1015240660255765,0.9326032488488643,0.962890625,1.0,0.01953125
2026-05-04T08:20,12,40,0.01953125,44,70,0.0,6.101525512338464,0.9326262904731893,0.962890625,1.0,0.01953125
2026-05-04T08:50,12,40,0.01953125,44,70,0.0,6.101526813831079,0.9326493163479422,0.962890625,1.0,0.01953125
2026-05-04T09:20,12,40,0.01953125,44,71,0.0,6.101522300739474,0.9326556607947639,0.962890625,1.0,0.01953125
2026-05-04T09:50,13,40,0.01953125,44,71,0.0,6.101523820236328,0.9326620009079472,0.962890625,1.0,0.01953125
2026-05-04T10:20,13,40,0.01953125,43,71,0.0,6.10151804161231,0.9326683366919305,0.962890625,1.0,0.01953125
2026-05-04T10:50,13,40,0.01953125,42,71,0.0,6.101511247852701,0.9326746681511465,0.962890625,1.0,0.01953125
2026-05-04T11:20,14,40,0.01953125,42,71,0.0,6.101504320542729,0.9326976382404842,0.962890625,1.0,0.01953125
2026-05-04T11:50,14,40,0.01953125,41,71,0.0,6.101498042613527,0.9327039553871262,0.962890625,1.0,0.01953125
2026-05-04T12:20,14,40,0.01953125,41,71,0.0,6.101491630390691,0.9327268998278399,0.962890625,1.0,0.01953125
2026-05-04T12:50,14,40,0.01953125,41,71,0.0,6.101483709970592,0.9327332026950407,0.962890625,1.0,0.01953125
2026-05-04T13:20,15,40,0.01953125,41,71,0.0,6.101475658136549,0.9327561215356898,0.962890625,1.0,0.01953125
2026-05-04T13:50,15,40,0.01953125,41,71,0.0,6.101464058027009,0.9327465867207123,0.962890625,1.0,0.01953125
2026-05-04T14:20,15,40,0.01953125,41,73,0.0,6.101443250218404,0.932737058398629,0.962890625,1.0,0.01953125
2026-05-04T14:50,15,40,0.01953125,41,73,0.0,6.101424058431596,0.9327433492270145,0.962890625,1.0,0.01953125
2026-05-04T15:20,15,40,0.01953125,41,73,0.0,6.101404751519416,0.932766233422582,0.962890625,1.0,0.01953125
2026-05-04T15:50,15,40,0.01953125,40,76,0.0,6.101385059416289,0.9327725100480149,0.962890625,1.0,0.01953125
2026-05-04T16:20,15,40,0.01953125,40,77,0.0,6.101359054643761,0.932762985870767,0.962890625,1.0,0.01953125
2026-05-04T16:50,14,40,0.01953125,40,78,0.0,6.101329931127869,0.9327692593331478,0.962890625,1.0,0.01953125
2026-05-04T17:20,14,40,0.01953125,40,78,0.0,6.101298648677314,0.9327755285322175,0.962890625,1.0,0.01953125
2026-05-04T17:50,15,40,0.01953125,40,78,0.0,6.101269894148056,0.9327817934723204,0.962890625,1.0,0.01953125
2026-05-04T18:20,15,40,0.01953125,40,78,0.0,6.101241814934218,0.9327722790788702,0.962890625,1.0,0.01953125
2026-05-04T18:50,15,40,0.01953125,40,78,0.0,6.101215606544539,0.9327477348959782,0.962890625,1.0,0.01953125
2026-05-04T19:20,15,40,0.01953125,40,78,0.0,6.101182080439827,0.9327382385165638,0.962890625,1.0,0.01953125
2026-05-04T19:50,15,40,0.01953125,40,76,0.0,6.10116494138755,0.9327137225320871,0.962890625,1.0,0.01953125
2026-05-04T20:20,14,40,0.01953125,40,75,0.0,6.101159576056888,0.9327199978083377,0.962890625,1.0,0.01953125
2026-05-04T20:50,14,40,0.01953125,40,73,0.0,6.101163899589961,0.932710520488661,0.962890625,1.0,0.01953125
2026-05-04T21:20,13,40,0.01953125,40,73,0.0,6.101168075747724,0.9327333227521348,0.962890625,1.0,0.01953125
2026-05-04T21:50,14,40,0.01953125,40,70,0.0,6.101179976917358,0.9327088416523811,0.962890625,1.0,0.01953125
2026-05-04T22:20,13,40,0.01953125,40,70,0.0,6.101191720954964,0.9327316290409173,0.962890625,1.0,0.01953125
2026-05-04T22:50,13,40,0.01953125,40,70,0.0,6.101203308196208,0.9327544010012961,0.962890625,1.0,0.01953125
2026-05-04T23:20,13,40,0.01953125,40,68,0.0,6.101221368636944,0.9327606497698897,0.962890625,1.0,0.01953125
2026-05-04T23:50,12,40,0.01953125,40,67,0.0,6.101244116659923,0.932766894310629,0.962890625,1.0,0.01953125
2026-05-05T00:20,12,40,0.01953125,40,67,0.0,6.1012667834006615,0.9327731346278032,0.962890625,1.0,0.01953125
2026-05-05T00:50,12,40,0.01953125,40,67,0.0,6.101289277010109,0.9327958617628174,0.962890625,1.0,0.01953125
2026-05-05T01:20,12,40,0.01953125,40,67,0.0,6.101311597855402,0.9328185735364697,0.962890625,1.0,0.01953125
2026-05-05T01:50,11,40,0.01953125,41,67,0.0,6.101339241751198,0.9328247900698003,0.962890625,1.0,0.01953125
2026-05-05T02:20,11,40,0.01953125,41,67,0.0,6.101366705430106,0.9328474767330662,0.962890625,1.0,0.01953125
2026-05-05T02:50,11,40,0.01953125,41,67,0.0,6.101393989272305,0.9328701480778558,0.962890625,1.0,0.01953125
2026-05-05T03:20,11,40,0.01953125,43,68,0.0,6.101429337471356,0.932860661664317,0.962890625,1.0,0.01953125
2026-05-05T03:50,11,40,0.01953125,44,75,0.0,6.101464157246121,0.9328511816518668,0.962890625,1.0,0.01953125
2026-05-05T04:20,11,40,0.01953125,44,76,0.0,6.101505690947361,0.9328417080340287,0.962890625,1.0,0.01953125
2026-05-05T04:50,11,40,0.01953125,44,78,0.0,6.101531415868631,0.9328173059464511,0.962890625,1.0,0.01953125
2026-05-05T05:20,11,40,0.01953125,44,78,0.0,6.101556869270325,0.9328235082404345,0.962890625,1.0,0.01953125
2026-05-05T05:50,11,40,0.01953125,44,78,0.0,6.1015778921823,0.9327991287283182,0.962890625,1.0,0.01953125
2026-05-05T06:20,11,40,0.01953125,44,77,0.0,6.101599518865038,0.9327896854059987,0.962890625,1.0,0.01953125
2026-05-05T06:50,11,40,0.01953125,44,76,0.0,6.101612471455455,0.9327510968985159,0.962890625,1.0,0.01953125
2026-05-05T07:20,11,40,0.01953125,44,73,0.0,6.101624468082054,0.9327267663765973,0.962890625,1.0,0.01953125
2026-05-05T07:50,11,40,0.01953125,44,70,0.0,6.101626067809067,0.9327024522278433,0.962890625,1.0,0.01953125
2026-05-05T08:20,12,40,0.01953125,44,70,0.0,6.101627526984073,0.9327250884699463,0.962890625,1.0,0.01953125
2026-05-05T08:50,12,40,0.01953125,44,70,0.0,6.101628845908037,0.9327477094892906,0.962890625,1.0,0.01953125
2026-05-05T09:20,12,40,0.01953125,44,71,0.0,6.101624471374713,0.9327539184986036,0.962890625,1.0,0.01953125
2026-05-05T09:50,13,40,0.01953125,44,71,0.0,6.1016260573696615,0.932760123335195,0.962890625,1.0,0.01953125
2026-05-05T10:20,13,40,0.01953125,43,71,0.0,6.101620494714066,0.9327663240032702,0.962890625,1.0,0.01953125
2026-05-05T10:50,13,40,0.01953125,42,71,0.0,6.101613924807262,0.9327725205070284,0.962890625,1.0,0.01953125
2026-05-05T11:20,14,40,0.01953125,42,71,0.0,6.101607225445257,0.9327950876367676,0.962890625,1.0,0.01953125
2026-05-05T11:50,15,40,0.01953125,41,71,0.0,6.101601178951525,0.9328012703295723,0.962890625,1.0,0.01953125
2026-05-05T12:20,15,40,0.01953125,41,71,0.0,6.101595002254263,0.9328238126743124,0.962890625,1.0,0.01953125
2026-05-05T12:50,16,40,0.01953125,41,71,0.0,6.101587342368634,0.9328299815876326,0.962890625,1.0,0.01953125
2026-05-05T13:20,16,40,0.01953125,41,71,0.0,6.10157955506024,0.9328524991935369,0.962890625,1.0,0.01953125
2026-05-05T13:50,16,40,0.01953125,41,71,0.0,6.101568277282913,0.9328430854554567,0.962890625,1.0,0.01953125
2026-05-05T14:20,16,40,0.01953125,41,73,0.0,6.101547924348948,0.9328336780247385,0.962890625,1.0,0.01953125
2026-05-05T14:50,16,40,0.01953125,41,73,0.0,6.101529124800514,0.9328398353704084,0.962890625,1.0,0.01953125
2026-05-05T15:20,16,40,0.01953125,41,73,0.0,6.101510213671125,0.9328623195232807,0.962890625,1.0,0.01953125
2026-05-05T15:50,16,40,0.01953125,40,76,0.0,6.101490921681716,0.9328684631620597,0.962890625,1.0,0.01953125
2026-05-05T16:20,16,40,0.01953125,40,77,0.0,6.101465415425387,0.9328590598303769,0.962890625,1.0,0.01953125
2026-05-05T16:50,15,40,0.01953125,40,78,0.0,6.101437671381149,0.9328652004498968,0.962890625,1.0,0.01953125
2026-05-05T17:20,15,40,0.01953125,40,78,0.0,6.101406957467176,0.9328713369633523,0.962890625,1.0,0.01953125
2026-05-05T17:50,15,40,0.01953125,40,78,0.0,6.101378710668016,0.9328774693748605,0.962890625,1.0,0.01953125
2026-05-05T18:20,15,40,0.01953125,40,78,0.0,6.101351106930273,0.9328680756011841,0.962890625,1.0,0.01953125
2026-05-05T18:50,14,40,0.01953125,40,78,0.0,6.101325306815417,0.93284389291604,0.962890625,1.0,0.01953125
2026-05-05T19:20,14,40,0.01953125,40,78,0.0,6.101292290021314,0.932834516626172,0.962890625,1.0,0.01953125
2026-05-05T19:50,14,40,0.01953125,40,76,0.0,6.101275376410332,0.9328103612856021,0.962890625,1.0,0.01953125
2026-05-05T20:20,13,40,0.01953125,40,75,0.0,6.101269947011386,0.9328165038117648,0.962890625,1.0,0.01953125
2026-05-05T20:50,13,40,0.01953125,40,73,0.0,6.101274001135521,0.9328071460402338,0.962890625,1.0,0.01953125
2026-05-05T21:20,13,40,0.01953125,40,73,0.0,6.101277912904086,0.9328295511265826,0.962890625,1.0,0.01953125
2026-05-05T21:50,12,40,0.01953125,40,72,0.0,6.1012863033861695,0.9328201952444609,0.962890625,1.0,0.01953125
2026-05-05T22:20,12,40,0.01953125,40,70,0.0,6.1012976285091005,0.9328263263064238,0.962890625,1.0,0.01953125
2026-05-05T22:50,11,40,0.01953125,40,70,0.0,6.101308802187908,0.9328487026134503,0.962890625,1.0,0.01953125
2026-05-05T23:20,12,40,0.01953125,40,68,0.0,6.1013263268856806,0.9328548200991585,0.962890625,1.0,0.01953125
2026-05-05T23:50,11,40,0.01953125,40,67,0.0,6.101348459117383,0.9328609335119734,0.962890625,1.0,0.01953125
2026-05-06T00:20,11,40,0.01953125,40,67,0.0,6.101370524073537,0.9328670428559612,0.962890625,1.0,0.01953125
2026-05-06T00:50,11,40,0.01953125,40,67,0.0,6.101392421770832,0.9328893758423698,0.962890625,1.0,0.01953125
2026-05-06T01:20,10,40,0.01953125,40,67,0.0,6.101414152558176,0.9329116939747799,0.962890625,1.0,0.01953125
2026-05-06T01:50,10,40,0.01953125,41,67,0.0,6.1014411040902985,0.9329177803505181,0.962890625,1.0,0.01953125
2026-05-06T02:20,10,40,0.01953125,41,67,0.0,6.101467881513242,0.9329400742088264,0.962890625,1.0,0.01953125
2026-05-06T02:50,10,40,0.01953125,41,67,0.0,6.101494485188333,0.9329623532539397,0.962890625,1.0,0.01953125
2026-05-06T03:20,10,40,0.01953125,43,72,0.0,6.101527724676238,0.9329382757923076,0.962890625,1.0,0.01953125
2026-05-06T03:50,10,40,0.01953125,44,75,0.0,6.101561752322298,0.9329443452599048,0.962890625,1.0,0.01953125
2026-05-06T04:20,9,40,0.01953125,44,76,0.0,6.10160023038795,0.9329349916454015,0.962890625,1.0,0.01953125
2026-05-06T04:50,9,40,0.01953125,44,77,0.0,6.101636374652171,0.9329256442376765,0.962890625,1.0,0.01953125
2026-05-06T05:20,9,40,0.01953125,44,78,0.0,6.101661662007855,0.9329016108950698,0.962890625,1.0,0.01953125
2026-05-06T05:50,9,40,0.01953125,44,78,0.0,6.101682270198117,0.9328922807537792,0.962890625,1.0,0.01953125
2026-05-06T06:20,8,40,0.01953125,44,78,0.0,6.101703516450371,0.9328983554078865,0.962890625,1.0,0.01953125
2026-05-06T06:50,8,40,0.01953125,44,76,0.0,6.1017162369854905,0.9328469569394866,0.962890625,1.0,0.01953125
2026-05-06T07:20,8,40,0.01953125,44,73,0.0,6.101730014784258,0.9328376541729488,0.962890625,1.0,0.01953125
2026-05-06T07:50,9,40,0.01953125,44,71,0.0,6.101736877601371,0.9328136897564278,0.962890625,1.0,0.01953125
2026-05-06T08:20,9,40,0.01953125,44,70,0.0,6.101738362862512,0.9328197823821937,0.962890625,1.0,0.01953125
2026-05-06T08:50,10,40,0.01953125,44,70,0.0,6.101739712211153,0.932842012765257,0.962890625,1.0,0.01953125
2026-05-06T09:20,10,40,0.01953125,44,70,0.0,6.101740925933604,0.9328642284408226,0.962890625,1.0,0.01953125
2026-05-06T09:50,11,40,0.01953125,44,71,0.0,6.101742577581652,0.9328549353443678,0.962890625,1.0,0.01953125
2026-05-06T10:20,11,40,0.01953125,43,71,0.0,6.101737224336239,0.9328610062788639,0.962890625,1.0,0.01953125
2026-05-06T10:50,11,40,0.01953125,42,71,0.0,6.1017308717387175,0.9328670732008456,0.962890625,1.0,0.01953125
2026-05-06T11:20,11,40,0.01953125,42,71,0.0,6.101724393591653,0.9328892512407527,0.962890625,1.0,0.01953125
2026-05-06T11:50,12,40,0.01953125,41,71,0.0,6.101718571255155,0.9328953048275938,0.962890625,1.0,0.01953125
2026-05-06T12:20,12,40,0.01953125,41,71,0.0,6.101712622617279,0.9329174589032532,0.962890625,1.0,0.01953125
2026-05-06T12:50,12,40,0.01953125,41,71,0.0,6.1017052269345475,0.9329234991848676,0.962890625,1.0,0.01953125
2026-05-06T13:50,12,40,0.01953125,41,71,0.0,6.101694365496617,0.9329142079956817,0.962890625,1.0,0.01953125
2026-05-06T14:20,12,40,0.01953125,41,73,0.0,6.101679332625714,0.9329202453651405,0.962890625,1.0,0.01953125
2026-05-06T14:50,12,40,0.01953125,41,74,0.0,6.101661000788845,0.9329109613754922,0.962890625,1.0,0.01953125
2026-05-06T15:20,12,40,0.01953125,41,74,0.0,6.101642560541514,0.9329330737811035,0.962890625,1.0,0.01953125
2026-05-06T15:50,13,40,0.01953125,41,75,0.0,6.1016161517755885,0.9329390989667424,0.962890625,1.0,0.01953125
2026-05-06T16:20,13,40,0.01953125,40,76,0.0,6.101591194832617,0.9329298179409831,0.962890625,1.0,0.01953125
2026-05-06T16:50,13,40,0.01953125,40,78,0.0,6.1015631925492775,0.9329358402308264,0.962890625,1.0,0.01953125
2026-05-06T17:20,13,40,0.01953125,40,78,0.0,6.101533071072366,0.9329418585560286,0.962890625,1.0,0.01953125
2026-05-06T17:50,13,40,0.01953125,40,78,0.0,6.1015053508382975,0.9329478729205035,0.962890625,1.0,0.01953125
2026-05-06T18:20,12,40,0.01953125,40,78,0.0,6.101478221240104,0.9329386012204515,0.962890625,1.0,0.01953125
2026-05-06T18:50,12,40,0.01953125,40,78,0.0,6.101452800380927,0.9329147690978138,0.962890625,1.0,0.01953125
2026-05-06T19:50,12,40,0.01953125,40,76,0.0,6.101436133557624,0.9328637707443226,0.962890625,1.0,0.01953125
2026-05-06T20:20,12,40,0.01953125,40,75,0.0,6.1014306527766955,0.9328698028644182,0.962890625,1.0,0.01953125
2026-05-06T20:50,12,40,0.01953125,40,73,0.0,6.101434429839994,0.9328605689951334,0.962890625,1.0,0.01953125
2026-05-06T21:20,11,40,0.01953125,40,73,0.0,6.10143806917369,0.932882618069355,0.962890625,1.0,0.01953125
2026-05-06T21:50,11,40,0.01953125,40,72,0.0,6.101446073258773,0.932873386055794,0.962890625,1.0,0.01953125
2026-05-06T22:20,11,40,0.01953125,40,70,0.0,6.10145692482289,0.9328794071014583,0.962890625,1.0,0.01953125
2026-05-06T22:50,10,40,0.01953125,40,70,0.0,6.101467629953765,0.9329014282933542,0.962890625,1.0,0.01953125
2026-05-06T23:20,10,40,0.01953125,40,68,0.0,6.101484548576445,0.9329074361923053,0.962890625,1.0,0.01953125
2026-05-06T23:50,10,40,0.01953125,40,67,0.0,6.101505990961574,0.9329134401516505,0.962890625,1.0,0.01953125
2026-05-07T00:20,10,40,0.01953125,40,67,0.0,6.101527357683986,0.9329194401752634,0.962890625,1.0,0.01953125
2026-05-07T00:50,10,40,0.01953125,40,67,0.0,6.101548562720188,0.9329414193888363,0.962890625,1.0,0.01953125
2026-05-07T01:20,10,40,0.01953125,40,67,0.0,6.101569606402251,0.9329633842039727,0.962890625,1.0,0.01953125
2026-05-07T01:50,10,40,0.01953125,41,67,0.0,6.101595768331213,0.9329693619800012,0.962890625,1.0,0.01953125
2026-05-07T02:20,10,40,0.01953125,41,67,0.0,6.101621761950338,0.9329913032690422,0.962890625,1.0,0.01953125
2026-05-07T02:50,10,40,0.01953125,41,67,0.0,6.101647587603536,0.9330132301986007,0.962890625,1.0,0.01953125
2026-05-07T03:20,10,40,0.01953125,43,72,0.0,6.101679920918973,0.9329894983981691,0.962890625,1.0,0.01953125
2026-05-07T03:50,10,40,0.01953125,44,75,0.0,6.101713026773994,0.9329954598153689,0.962890625,1.0,0.01953125
2026-05-07T04:20,10,40,0.01953125,44,76,0.0,6.101750500145703,0.9329862301471591,0.962890625,1.0,0.01953125
2026-05-07T04:50,9,40,0.01953125,44,78,0.0,6.101775502635195,0.9329625304367448,0.962890625,1.0,0.01953125
2026-05-07T05:20,9,40,0.01953125,44,78,0.0,6.101800155180253,0.9329533175567464,0.962890625,1.0,0.01953125
2026-05-07T05:50,9,40,0.01953125,44,78,0.0,6.101820235260867,0.9329441106943054,0.962890625,1.0,0.01953125
2026-05-07T06:20,9,40,0.01953125,44,78,0.0,6.101839415273539,0.9329349098435274,0.962890625,1.0,0.01953125
2026-05-07T06:50,9,40,0.01953125,44,76,0.0,6.101851807592511,0.9328974577901131,0.962890625,1.0,0.01953125
2026-05-07T07:20,10,40,0.01953125,44,73,0.0,6.101863337260192,0.9328738257047914,0.962890625,1.0,0.01953125
2026-05-07T07:50,10,40,0.01953125,44,71,0.0,6.101870055335738,0.9328646567808048,0.962890625,1.0,0.01953125
2026-05-07T08:20,10,40,0.01953125,44,70,0.0,6.101871512741527,0.9328706414092411,0.962890625,1.0,0.01953125
2026-05-07T08:50,11,40,0.01953125,44,70,0.0,6.101872838283233,0.9328925219042186,0.962890625,1.0,0.01953125
2026-05-07T09:20,12,40,0.01953125,44,71,0.0,6.101868712549758,0.9328984935530589,0.962890625,1.0,0.01953125
2026-05-07T09:50,12,40,0.01953125,44,71,0.0,6.101870422543333,0.9329044613115742,0.962890625,1.0,0.01953125
2026-05-07T10:20,12,40,0.01953125,43,71,0.0,6.101865274191724,0.932910425183565,0.962890625,1.0,0.01953125
2026-05-07T10:50,13,40,0.01953125,42,71,0.0,6.101859144671203,0.9329163851728266,0.962890625,1.0,0.01953125
2026-05-07T11:20,13,40,0.01953125,42,71,0.0,6.101852893139866,0.9329382151809057,0.962890625,1.0,0.01953125
2026-05-07T11:50,13,40,0.01953125,41,71,0.0,6.101847312052186,0.9329441622521529,0.962890625,1.0,0.01953125
2026-05-07T12:20,14,40,0.01953125,41,71,0.0,6.101841608180021,0.9329659690286563,0.962890625,1.0,0.01953125
2026-05-07T12:50,13,40,0.01953125,41,71,0.0,6.101834511567261,0.9329719032104399,0.962890625,1.0,0.01953125
2026-05-07T13:20,14,40,0.01953125,41,71,0.0,6.10182729470097,0.9329936867973069,0.962890625,1.0,0.01953125
2026-05-07T13:50,14,40,0.01953125,41,71,0.0,6.101816672909206,0.932984514678387,0.962890625,1.0,0.01953125
2026-05-07T14:20,13,40,0.01953125,41,73,0.0,6.101801947146375,0.9329904370549758,0.962890625,1.0,0.01953125
2026-05-07T14:50,14,40,0.01953125,41,74,0.0,6.1017839726825756,0.9329812719470884,0.962890625,1.0,0.01953125
2026-05-07T15:20,14,40,0.01953125,41,74,0.0,6.101765892967887,0.9330030242119546,0.962890625,1.0,0.01953125
2026-05-07T15:50,14,40,0.01953125,41,75,0.0,6.101739962383252,0.9330089348180491,0.962890625,1.0,0.01953125
2026-05-07T16:20,14,40,0.01953125,40,77,0.0,6.101715484688241,0.932999772628605,0.962890625,1.0,0.01953125
2026-05-07T16:50,14,40,0.01953125,40,78,0.0,6.101688006903648,0.9330056804559612,0.962890625,1.0,0.01953125
2026-05-07T17:20,14,40,0.01953125,40,78,0.0,6.101658444108474,0.9330115844532835,0.962890625,1.0,0.01953125
2026-05-07T17:50,13,40,0.01953125,40,78,0.0,6.101631237500747,0.9330174846242951,0.962890625,1.0,0.01953125
2026-05-07T18:20,13,40,0.01953125,40,78,0.0,6.101604608374048,0.9330083315372,0.962890625,1.0,0.01953125
2026-05-07T18:50,13,40,0.01953125,40,78,0.0,6.1015796523929735,0.9329848395633471,0.962890625,1.0,0.01953125
2026-05-07T19:20,13,40,0.01953125,40,78,0.0,6.101547681700625,0.9329757029706628,0.962890625,1.0,0.01953125
2026-05-07T19:50,13,40,0.01953125,40,76,0.0,6.101531252006757,0.9329522367613776,0.962890625,1.0,0.01953125
2026-05-07T20:20,12,40,0.01953125,40,75,0.0,6.101525744704489,0.9329581465884348,0.962890625,1.0,0.01953125
2026-05-07T20:50,12,40,0.01953125,40,73,0.0,6.101529299549411,0.9329490274934067,0.962890625,1.0,0.01953125
2026-05-07T21:20,12,40,0.01953125,40,73,0.0,6.1015327211758486,0.9329707057903697,0.962890625,1.0,0.01953125
2026-05-07T21:50,12,40,0.01953125,40,72,0.0,6.101540442835446,0.9329615885308259,0.962890625,1.0,0.01953125
2026-05-07T22:20,12,40,0.01953125,40,70,0.0,6.101550946550181,0.9329674876984073,0.962890625,1.0,0.01953125
2026-05-07T22:50,12,40,0.01953125,40,70,0.0,6.101561308625406,0.9329891390266702,0.962890625,1.0,0.01953125
2026-05-07T23:20,11,40,0.01953125,40,68,0.0,6.1015777604263715,0.9329950254887844,0.962890625,1.0,0.01953125
2026-05-07T23:50,11,40,0.01953125,40,67,0.0,6.101598661325754,0.9330009081507297,0.962890625,1.0,0.01953125
2026-05-08T00:20,11,40,0.01953125,40,67,0.0,6.10161949956014,0.9330067870161844,0.962890625,1.0,0.01953125
2026-05-08T00:50,10,40,0.01953125,40,67,0.0,6.101640181389046,0.9330283977300502,0.962890625,1.0,0.01953125
2026-05-08T01:20,10,40,0.01953125,40,67,0.0,6.101660707128628,0.933049994506016,0.962890625,1.0,0.01953125
2026-05-08T01:50,9,40,0.01953125,41,67,0.0,6.101686256177797,0.9330558518618152,0.962890625,1.0,0.01953125
2026-05-08T02:20,9,40,0.01953125,41,67,0.0,6.101711642411046,0.9330774258702388,0.962890625,1.0,0.01953125
2026-05-08T02:50,9,40,0.01953125,41,67,0.0,6.101736866155814,0.9330989859778837,0.962890625,1.0,0.01953125
2026-05-08T03:20,9,40,0.01953125,43,68,0.0,6.10176976922243,0.9330898597037401,0.962890625,1.0,0.01953125
2026-05-08T03:50,9,40,0.01953125,44,75,0.0,6.101802152992359,0.9330807393061412,0.962890625,1.0,0.01953125
2026-05-08T04:20,8,40,0.01953125,44,76,0.0,6.101842431061992,0.9330573676862419,0.962890625,1.0,0.01953125
2026-05-08T04:50,8,40,0.01953125,44,78,0.0,6.101871679043744,0.9330482636119419,0.962890625,1.0,0.01953125
2026-05-08T05:20,8,40,0.01953125,44,78,0.0,6.101895823304627,0.9330391653942354,0.962890625,1.0,0.01953125
2026-05-08T05:50,8,40,0.01953125,44,78,0.0,6.1019154863905944,0.9330300730274725,0.962890625,1.0,0.01953125
2026-05-08T06:20,9,40,0.01953125,44,78,0.0,6.101934267949027,0.9330209865060114,0.962890625,1.0,0.01953125
2026-05-08T06:50,9,40,0.01953125,44,76,0.0,6.10194640575158,0.9329840844596347,0.962890625,1.0,0.01953125
2026-05-08T07:20,10,40,0.01953125,44,73,0.0,6.101957711584107,0.9329607889350024,0.962890625,1.0,0.01953125
2026-05-08T07:50,11,40,0.01953125,44,70,0.0,6.101959279006459,0.9329375083721713,0.962890625,1.0,0.01953125
2026-05-08T08:20,12,40,0.01953125,44,70,0.0,6.101960718319278,0.9329590372619394,0.962890625,1.0,0.01953125
2026-05-08T08:50,13,40,0.01953125,44,70,0.0,6.101962029784292,0.9329805523334215,0.962890625,1.0,0.01953125
2026-05-08T09:20,14,40,0.01953125,44,70,0.0,6.10196321366265,0.933002053599917,0.962890625,1.0,0.01953125
2026-05-08T09:50,15,40,0.01953125,43,71,0.0,6.101958343649232,0.9329787896687687,0.962890625,1.0,0.01953125
2026-05-08T10:20,16,40,0.01953125,43,71,0.0,6.101953353374348,0.9330002777131199,0.962890625,1.0,0.01953125
2026-05-08T10:50,16,40,0.01953125,42,71,0.0,6.101947389547414,0.9330061172113513,0.962890625,1.0,0.01953125
2026-05-08T11:20,16,40,0.01953125,42,71,0.0,6.101941307324933,0.9330275827297071,0.962890625,1.0,0.01953125
2026-05-08T11:50,17,40,0.01953125,41,71,0.0,6.10193589721919,0.933033409741067,0.962890625,1.0,0.01953125
2026-05-08T12:20,17,40,0.01953125,41,71,0.0,6.101930367944091,0.9330548527734905,0.962890625,1.0,0.01953125
2026-05-08T12:50,17,40,0.01953125,41,71,0.0,6.10192347855075,0.933060667325162,0.962890625,1.0,0.01953125
2026-05-08T13:20,17,40,0.01953125,41,71,0.0,6.101916472418928,0.933082087911618,0.962890625,1.0,0.01953125
2026-05-08T13:50,17,40,0.01953125,41,71,0.0,6.10190611464688,0.933073028352069,0.962890625,1.0,0.01953125
2026-05-08T14:20,18,40,0.01953125,41,74,0.0,6.101887079130985,0.93306397458693,0.962890625,1.0,0.01953125
2026-05-08T14:50,18,40,0.01953125,41,74,0.0,6.101869456246675,0.9330697787869325,0.962890625,1.0,0.01953125
2026-05-08T15:20,18,40,0.01953125,41,74,0.0,6.10185173120121,0.9330911690781479,0.962890625,1.0,0.01953125
2026-05-08T15:50,18,40,0.01953125,41,76,0.0,6.101834110721828,0.9330969608810606,0.962890625,1.0,0.01953125
2026-05-08T16:20,18,40,0.01953125,40,76,0.0,6.1018100726408,0.9330879110387997,0.962890625,1.0,0.01953125
2026-05-08T16:50,18,40,0.01953125,40,78,0.0,6.101783072831845,0.9330937001834857,0.962890625,1.0,0.01953125
2026-05-08T17:20,18,40,0.01953125,40,78,0.0,6.101754015216893,0.9330994856325797,0.962890625,1.0,0.01953125
2026-05-08T17:50,18,40,0.01953125,40,78,0.0,6.101727260062344,0.9331052673896195,0.962890625,1.0,0.01953125
2026-05-08T19:20,16,40,0.01953125,40,78,0.0,6.101695868380745,0.9330315903217358,0.962890625,1.0,0.01953125
2026-05-08T19:50,15,40,0.01953125,40,76,0.0,6.101679746579205,0.9330084505022068,0.962890625,1.0,0.01953125
2026-05-08T20:20,15,40,0.01953125,40,75,0.0,6.101674274563093,0.9330142557497979,0.962890625,1.0,0.01953125
2026-05-08T20:50,14,40,0.01953125,40,73,0.0,6.101677662815516,0.9330052524512039,0.962890625,1.0,0.01953125
2026-05-08T21:20,13,40,0.01953125,40,73,0.0,6.101680921927824,0.933026595155106,0.962890625,1.0,0.01953125
2026-05-08T21:50,13,40,0.01953125,40,70,0.0,6.101691219890155,0.9330034864038717,0.962890625,1.0,0.01953125
2026-05-08T22:20,13,40,0.01953125,40,70,0.0,6.101701380354494,0.9330248160802792,0.962890625,1.0,0.01953125
2026-05-08T22:50,12,40,0.01953125,40,70,0.0,6.101711403596552,0.9330461321795535,0.962890625,1.0,0.01953125
2026-05-08T23:20,13,40,0.01953125,40,68,0.0,6.101727405380762,0.9330519143558231,0.962890625,1.0,0.01953125
2026-05-08T23:50,12,40,0.01953125,40,67,0.0,6.101747768994762,0.9330576928538636,0.962890625,1.0,0.01953125
2026-05-09T00:20,12,40,0.01953125,40,67,0.0,6.101768051771172,0.9330634676771834,0.962890625,1.0,0.01953125
2026-05-09T00:50,10,40,0.01953125,40,67,0.0,6.101788183073274,0.9330847443880299,0.962890625,1.0,0.01953125
2026-05-09T01:20,10,40,0.01953125,40,67,0.0,6.101808163202654,0.9331060075769755,0.962890625,1.0,0.01953125
2026-05-09T01:50,10,40,0.01953125,41,67,0.0,6.1018330751245085,0.9331117615492176,0.962890625,1.0,0.01953125
2026-05-09T02:20,11,40,0.01953125,41,67,0.0,6.10185782935935,0.9331330026538384,0.962890625,1.0,0.01953125
2026-05-09T02:50,11,40,0.01953125,41,67,0.0,6.101882426219552,0.9331542302720436,0.962890625,1.0,0.01953125
2026-05-09T03:20,10,40,0.01953125,43,72,0.0,6.101913291421393,0.9331311616862,0.962890625,1.0,0.01953125
2026-05-09T03:50,10,40,0.01953125,44,75,0.0,6.101944891247592,0.9331369003760824,0.962890625,1.0,0.01953125
2026-05-09T04:20,10,40,0.01953125,44,76,0.0,6.101980681003896,0.9331279010117898,0.962890625,1.0,0.01953125
2026-05-09T04:50,10,40,0.01953125,44,78,0.0,6.102004096540595,0.9331048627160599,0.962890625,1.0,0.01953125
2026-05-09T05:20,9,40,0.01953125,44,78,0.0,6.102027653010421,0.9330958792111614,0.962890625,1.0,0.01953125
2026-05-09T05:50,10,40,0.01953125,44,78,0.0,6.102046827002164,0.9330869013992322,0.962890625,1.0,0.01953125
2026-05-09T06:20,10,40,0.01953125,44,78,0.0,6.102064097265339,0.9330638979829761,0.962890625,1.0,0.01953125
2026-05-09T06:50,11,40,0.01953125,44,76,0.0,6.102075874044371,0.9330409091350649,0.962890625,1.0,0.01953125
2026-05-09T07:20,11,40,0.01953125,44,73,0.0,6.102086855443439,0.9330179348416631,0.962890625,1.0,0.01953125
2026-05-09T07:50,12,40,0.01953125,44,70,0.0,6.102088300566447,0.9329949750889533,0.962890625,1.0,0.01953125
2026-05-09T08:20,13,40,0.01953125,44,70,0.0,6.102089621407028,0.9330161725027183,0.962890625,1.0,0.01953125
2026-05-09T08:50,14,40,0.01953125,44,70,0.0,6.1020908182154106,0.9330373565088844,0.962890625,1.0,0.01953125
2026-05-09T09:20,15,40,0.01953125,44,71,0.0,6.102086794150596,0.9330431048982889,0.962890625,1.0,0.01953125
2026-05-09T09:50,16,40,0.01953125,43,71,0.0,6.102081986933442,0.9330341664658818,0.962890625,1.0,0.01953125
2026-05-09T10:20,16,40,0.01953125,43,71,0.0,6.102077062933429,0.9330553247071247,0.962890625,1.0,0.01953125
2026-05-09T10:50,17,40,0.01953125,42,71,0.0,6.102071193182744,0.9330610619741772,0.962890625,1.0,0.01953125
2026-05-09T11:20,18,40,0.01953125,42,71,0.0,6.102065208435599,0.9330821983613025,0.962890625,1.0,0.01953125
2026-05-09T11:50,18,40,0.01953125,41,71,0.0,6.10205991990594,0.9330879235234973,0.962890625,1.0,0.01953125
2026-05-09T12:20,18,40,0.01953125,41,71,0.0,6.102054515570233,0.9331090380948058,0.962890625,1.0,0.01953125
2026-05-09T12:50,19,40,0.01953125,41,71,0.0,6.102047801082766,0.9331147511781183,0.962890625,1.0,0.01953125
2026-05-09T13:20,19,40,0.01953125,41,71,0.0,6.10204097309886,0.933135843971818,0.962890625,1.0,0.01953125
2026-05-09T13:50,19,40,0.01953125,41,71,0.0,6.10203086505615,0.9331268988459637,0.962890625,1.0,0.01953125
2026-05-09T14:20,20,40,0.01953125,41,73,0.0,6.1020122177034954,0.9331179593583859,0.962890625,1.0,0.01953125
2026-05-09T14:50,20,40,0.01953125,41,73,0.0,6.101994960411021,0.9331236624311133,0.962890625,1.0,0.01953125
2026-05-09T15:20,19,40,0.01953125,41,73,0.0,6.1019776037314815,0.9331447258445209,0.962890625,1.0,0.01953125
2026-05-09T15:50,20,40,0.01953125,41,76,0.0,6.101960361892245,0.9331504168981576,0.962890625,1.0,0.01953125
2026-05-09T16:20,20,40,0.01953125,41,76,0.0,6.101936732408749,0.9331561043691355,0.962890625,1.0,0.01953125
2026-05-09T16:50,19,40,0.01953125,40,78,0.0,6.101910293134963,0.9331471697562952,0.962890625,1.0,0.01953125
2026-05-09T17:20,18,40,0.01953125,40,78,0.0,6.101881833964888,0.9331528546705571,0.962890625,1.0,0.01953125
2026-05-09T17:50,18,40,0.01953125,40,78,0.0,6.101855645522295,0.9331585360094012,0.962890625,1.0,0.01953125
2026-05-09T18:20,18,40,0.01953125,40,78,0.0,6.101830016702243,0.9331496090583646,0.962890625,1.0,0.01953125
2026-05-09T18:50,17,40,0.01953125,40,78,0.0,6.1018061681825575,0.9331406877182338,0.962890625,1.0,0.01953125
2026-05-09T19:20,17,40,0.01953125,40,78,0.0,6.101775247517052,0.9331178553049635,0.962890625,1.0,0.01953125
2026-05-09T19:50,16,40,0.01953125,40,76,0.0,6.101759359338591,0.9330950372336616,0.962890625,1.0,0.01953125
2026-05-09T20:20,15,40,0.01953125,40,75,0.0,6.101753879996901,0.9331007278066478,0.962890625,1.0,0.01953125
2026-05-09T20:50,15,40,0.01953125,40,73,0.0,6.101757086689441,0.9330918330097097,0.962890625,1.0,0.01953125
2026-05-09T21:20,14,40,0.01953125,40,73,0.0,6.101760168316096,0.9331128271003876,0.962890625,1.0,0.01953125
2026-05-09T21:50,14,40,0.01953125,40,70,0.0,6.101770150567247,0.9330900392362654,0.962890625,1.0,0.01953125
2026-05-09T22:20,14,40,0.01953125,40,70,0.0,6.101779999678835,0.9331110207228643,0.962890625,1.0,0.01953125
2026-05-09T22:50,13,40,0.01953125,40,70,0.0,6.101789715913735,0.9331319890549261,0.962890625,1.0,0.01953125
2026-05-09T23:20,13,40,0.01953125,40,68,0.0,6.1018053114637345,0.9331376573479816,0.962890625,1.0,0.01953125
2026-05-09T23:50,13,40,0.01953125,40,68,0.0,6.101823750445065,0.9331433220894751,0.962890625,1.0,0.01953125
2026-05-10T00:20,12,40,0.01953125,40,67,0.0,6.101843570318586,0.9331489832827434,0.962890625,1.0,0.01953125
2026-05-10T00:50,12,40,0.01953125,40,67,0.0,6.101863243481917,0.9331699134695679,0.962890625,1.0,0.01953125
2026-05-10T01:20,11,40,0.01953125,40,67,0.0,6.101882770222696,0.9331908305545539,0.962890625,1.0,0.01953125
2026-05-10T01:50,11,40,0.01953125,41,67,0.0,6.10190715084353,0.9331964715688345,0.962890625,1.0,0.01953125
2026-05-10T02:20,10,40,0.01953125,41,67,0.0,6.101931378719214,0.9332173672611808,0.962890625,1.0,0.01953125
2026-05-10T02:50,10,40,0.01953125,41,67,0.0,6.101955454147714,0.9332382498855519,0.962890625,1.0,0.01953125
2026-05-10T03:20,9,40,0.01953125,44,74,0.0,6.101986130780126,0.933215501172327,0.962890625,1.0,0.01953125
2026-05-10T03:50,10,40,0.01953125,44,74,0.0,6.102017097145082,0.9332211274257716,0.962890625,1.0,0.01953125
2026-05-10T04:20,10,40,0.01953125,44,75,0.0,6.102052174854572,0.9332122366970419,0.962890625,1.0,0.01953125
2026-05-10T04:50,10,40,0.01953125,44,78,0.0,6.102075143280743,0.9331895174214585,0.962890625,1.0,0.01953125
2026-05-10T05:20,10,40,0.01953125,44,78,0.0,6.1020982662942105,0.933180642113104,0.962890625,1.0,0.01953125
2026-05-10T05:50,10,40,0.01953125,44,78,0.0,6.102117100684197,0.933171772344892,0.962890625,1.0,0.01953125
2026-05-10T06:20,10,40,0.01953125,44,77,0.0,6.10213655146453,0.9331629081116368,0.962890625,1.0,0.01953125
2026-05-10T06:50,10,40,0.01953125,44,76,0.0,6.102148131323555,0.9331270437666804,0.962890625,1.0,0.01953125
2026-05-10T07:20,10,40,0.01953125,44,73,0.0,6.102158929560818,0.9331043864771615,0.962890625,1.0,0.01953125
2026-05-10T07:50,10,40,0.01953125,44,72,0.0,6.102165238830961,0.9330955515389708,0.962890625,1.0,0.01953125
2026-05-10T08:20,11,40,0.01953125,44,71,0.0,6.102166560405997,0.933101199392089,0.962890625,1.0,0.01953125
2026-05-10T08:50,11,40,0.01953125,44,71,0.0,6.102167761591817,0.9331220401399419,0.962890625,1.0,0.01953125
2026-05-10T09:20,12,40,0.01953125,44,71,0.0,6.102163841124387,0.9331276762259136,0.962890625,1.0,0.01953125
2026-05-10T09:50,12,40,0.01953125,44,71,0.0,6.102165564807261,0.9331333088024919,0.962890625,1.0,0.01953125
2026-05-10T10:20,12,40,0.01953125,43,71,0.0,6.102160790485462,0.9331389378729533,0.962890625,1.0,0.01953125
2026-05-10T10:50,12,40,0.01953125,42,71,0.0,6.102155077399869,0.9331445634405707,0.962890625,1.0,0.01953125
2026-05-10T11:20,12,40,0.01953125,42,71,0.0,6.1021492526284185,0.9331653582886452,0.962890625,1.0,0.01953125
2026-05-10T11:50,12,40,0.01953125,41,71,0.0,6.102144124309721,0.9331709721424719,0.962890625,1.0,0.01953125
2026-05-10T12:20,12,40,0.01953125,41,71,0.0,6.102138883498966,0.9331917458533384,0.962890625,1.0,0.01953125
2026-05-10T12:50,12,40,0.01953125,41,71,0.0,6.102132362019771,0.9331973480181431,0.962890625,1.0,0.01953125
2026-05-10T13:20,12,40,0.01953125,41,71,0.0,6.102125730269896,0.9332181006282649,0.962890625,1.0,0.01953125
2026-05-10T13:50,12,40,0.01953125,41,71,0.0,6.102115850367872,0.9332092633003559,0.962890625,1.0,0.01953125
2026-05-10T14:20,12,40,0.01953125,41,73,0.0,6.1021020512751125,0.933214854808861,0.962890625,1.0,0.01953125
2026-05-10T14:50,12,40,0.01953125,41,73,0.0,6.10208510892265,0.9332060239739615,0.962890625,1.0,0.01953125
2026-05-10T15:20,12,40,0.01953125,41,73,0.0,6.102068070038839,0.9332267481365509,0.962890625,1.0,0.01953125
2026-05-10T15:50,12,40,0.01953125,41,76,0.0,6.102043534470716,0.933232329018703,0.962890625,1.0,0.01953125
2026-05-10T16:20,12,40,0.01953125,40,77,0.0,6.102020430297711,0.9332235009801737,0.962890625,1.0,0.01953125
2026-05-10T16:50,12,40,0.01953125,40,78,0.0,6.101994448751616,0.9332290794089446,0.962890625,1.0,0.01953125
2026-05-10T17:20,12,40,0.01953125,40,78,0.0,6.101966472826725,0.933234654380369,0.962890625,1.0,0.01953125
2026-05-10T17:50,13,40,0.01953125,40,78,0.0,6.101940717442165,0.9332402258976598,0.962890625,1.0,0.01953125
2026-05-10T18:20,12,40,0.01953125,40,78,0.0,6.101915495886971,0.9332314063494604,0.962890625,1.0,0.01953125
2026-05-10T18:50,12,40,0.01953125,40,78,0.0,6.10189179730721,0.9332088780862807,0.962890625,1.0,0.01953125
2026-05-10T19:20,12,40,0.01953125,40,78,0.0,6.101861335527124,0.9332000736996128,0.962890625,1.0,0.01953125
2026-05-10T19:50,12,40,0.01953125,40,76,0.0,6.101845676107106,0.9331775690716978,0.962890625,1.0,0.01953125
2026-05-10T20:20,11,40,0.01953125,40,75,0.0,6.101840194580824,0.9331831496294224,0.962890625,1.0,0.01953125
2026-05-10T20:50,11,40,0.01953125,40,73,0.0,6.101843225003968,0.9331743613657033,0.962890625,1.0,0.01953125
2026-05-10T21:20,10,40,0.01953125,40,72,0.0,6.101851262511575,0.9331799394648778,0.962890625,1.0,0.01953125
2026-05-10T21:50,9,40,0.01953125,40,70,0.0,6.101860923807482,0.9331711576247348,0.962890625,1.0,0.01953125
2026-05-10T22:20,9,40,0.01953125,40,70,0.0,6.101870456139742,0.9331918029266734,0.962890625,1.0,0.01953125
2026-05-10T22:50,8,40,0.01953125,40,70,0.0,6.101879859759148,0.9332124354767268,0.962890625,1.0,0.01953125
2026-05-10T23:20,8,40,0.01953125,40,68,0.0,6.101895031239653,0.9332179949323361,0.962890625,1.0,0.01953125
2026-05-10T23:50,7,40,0.01953125,40,67,0.0,6.1019144360503565,0.9332235509561827,0.962890625,1.0,0.01953125
2026-05-11T00:20,7,40,0.01953125,40,67,0.0,6.101933774677559,0.9332291035514431,0.962890625,1.0,0.01953125
2026-05-11T00:50,7,40,0.01953125,40,67,0.0,6.101952971182707,0.9332496991394902,0.962890625,1.0,0.01953125
2026-05-11T01:20,6,40,0.01953125,40,67,0.0,6.101972025840254,0.933270282025972,0.962890625,1.0,0.01953125
2026-05-11T01:50,6,40,0.01953125,41,67,0.0,6.101995848691437,0.9332758150808946,0.962890625,1.0,0.01953125
2026-05-11T02:20,6,40,0.01953125,41,67,0.0,6.102019523571375,0.9332963772334121,0.962890625,1.0,0.01953125
2026-05-11T02:50,6,40,0.01953125,41,67,0.0,6.102043050764392,0.9333169267167043,0.962890625,1.0,0.01953125
2026-05-11T03:20,5,40,0.01953125,42,67,0.0,6.102072534614468,0.9333224402939997,0.962890625,1.0,0.01953125
2026-05-11T03:50,5,40,0.01953125,44,75,0.0,6.102102855402871,0.933300008851877,0.962890625,1.0,0.01953125
2026-05-11T04:20,5,40,0.01953125,44,75,0.0,6.102138418381334,0.9333055242422567,0.962890625,1.0,0.01953125
2026-05-11T04:50,5,40,0.01953125,44,76,0.0,6.102176053248094,0.9332967415901088,0.962890625,1.0,0.01953125
2026-05-11T05:20,5,40,0.01953125,44,78,0.0,6.102198386349954,0.9332743387524247,0.962890625,1.0,0.01953125
2026-05-11T05:50,6,40,0.01953125,44,78,0.0,6.102223155088008,0.933265571091296,0.962890625,1.0,0.01953125
2026-05-11T06:20,7,40,0.01953125,44,78,0.0,6.102242256265547,0.9332568088206753,0.962890625,1.0,0.01953125
2026-05-11T06:50,8,40,0.01953125,44,77,0.0,6.1022536526692885,0.9332090279260706,0.962890625,1.0,0.01953125
2026-05-11T07:20,8,40,0.01953125,44,74,0.0,6.102266120194745,0.9332002884105058,0.962890625,1.0,0.01953125
2026-05-11T07:50,9,40,0.01953125,44,72,0.0,6.102270233398148,0.933177949598426,0.962890625,1.0,0.01953125
2026-05-11T08:20,10,40,0.01953125,44,71,0.0,6.1022716033580116,0.9331834889176144,0.962890625,1.0,0.01953125
2026-05-11T08:50,10,40,0.01953125,44,71,0.0,6.1022728563502975,0.9332039973617772,0.962890625,1.0,0.01953125
2026-05-11T09:20,10,40,0.01953125,44,71,0.0,6.102273992603484,0.9332244932202117,0.962890625,1.0,0.01953125
2026-05-11T09:50,9,40,0.01953125,44,71,0.0,6.102275816388398,0.9332157623648565,0.962890625,1.0,0.01953125
2026-05-11T10:20,9,40,0.01953125,43,71,0.0,6.102271262118797,0.9332212832939673,0.962890625,1.0,0.01953125
2026-05-11T10:50,10,40,0.01953125,42,71,0.0,6.102265775968751,0.9332268008380816,0.962890625,1.0,0.01953125
2026-05-11T11:20,10,40,0.01953125,42,71,0.0,6.102260181195778,0.9332472645828448,0.962890625,1.0,0.01953125
2026-05-11T11:50,10,40,0.01953125,42,71,0.0,6.1022604703680505,0.9332527707861572,0.962890625,1.0,0.01953125
2026-05-11T12:20,10,40,0.01953125,41,71,0.0,6.102255457173303,0.9332582736166041,0.962890625,1.0,0.01953125
2026-05-11T12:50,9,40,0.01953125,41,71,0.0,6.102249191533602,0.9332637730772834,0.962890625,1.0,0.01953125
2026-05-11T13:20,8,40,0.01953125,41,71,0.0,6.102242818616036,0.9332842004500788,0.962890625,1.0,0.01953125
2026-05-11T13:50,9,40,0.01953125,41,71,0.0,6.1022332290685455,0.9332754726974203,0.962890625,1.0,0.01953125
2026-05-11T14:20,10,40,0.01953125,41,73,0.0,6.102219774915677,0.9332809618499127,0.962890625,1.0,0.01953125
2026-05-11T14:50,10,40,0.01953125,41,73,0.0,6.1022032003337605,0.9332722404257268,0.962890625,1.0,0.01953125
2026-05-11T15:20,10,40,0.01953125,41,75,0.0,6.102179214358605,0.9332777272101258,0.962890625,1.0,0.01953125
2026-05-11T15:50,10,40,0.01953125,41,75,0.0,6.102155145155194,0.9332981191027878,0.962890625,1.0,0.01953125
2026-05-11T16:20,11,40,0.01953125,40,76,0.0,6.10213247908402,0.9332894004305174,0.962890625,1.0,0.01953125
2026-05-11T16:50,12,40,0.01953125,40,78,0.0,6.1021069649128625,0.9332948769460229,0.962890625,1.0,0.01953125
2026-05-11T17:20,11,40,0.01953125,40,78,0.0,6.102079481232683,0.9333003501170912,0.962890625,1.0,0.01953125
2026-05-11T17:50,11,40,0.01953125,40,78,0.0,6.1020541610214405,0.9333058199467854,0.962890625,1.0,0.01953125
2026-05-11T18:20,12,40,0.01953125,40,78,0.0,6.102029336932334,0.9332971095668083,0.962890625,1.0,0.01953125
2026-05-11T18:50,12,40,0.01953125,40,78,0.0,6.102005978187439,0.9332748911429865,0.962890625,1.0,0.01953125
2026-05-11T19:20,11,40,0.01953125,40,78,0.0,6.101975942960535,0.9332661955082256,0.962890625,1.0,0.01953125
2026-05-11T19:50,11,40,0.01953125,40,76,0.0,6.101960457400244,0.9332440000572411,0.962890625,1.0,0.01953125
2026-05-11T20:20,10,40,0.01953125,40,75,0.0,6.101957716224072,0.933235319138224,0.962890625,1.0,0.01953125
2026-05-11T20:50,10,40,0.01953125,40,73,0.0,6.101960494166647,0.9332407987826655,0.962890625,1.0,0.01953125
2026-05-11T21:20,9,40,0.01953125,40,72,0.0,6.10196818587933,0.9332462750889137,0.962890625,1.0,0.01953125
2026-05-11T21:50,9,40,0.01953125,40,72,0.0,6.101974837821759,0.9332517480600179,0.962890625,1.0,0.01953125
2026-05-11T22:20,9,40,0.01953125,40,70,0.0,6.101983973267561,0.9332572176990239,0.962890625,1.0,0.01953125
2026-05-11T22:50,8,40,0.01953125,40,70,0.0,6.101992984100927,0.9332775289535282,0.962890625,1.0,0.01953125
2026-05-11T23:20,8,40,0.01953125,40,68,0.0,6.102007655403375,0.9332829874212012,0.962890625,1.0,0.01953125
2026-05-11T23:50,8,40,0.01953125,40,67,0.0,6.102026494674432,0.9332884425686385,0.962890625,1.0,0.01953125
2026-05-12T00:20,7,40,0.01953125,40,67,0.0,6.102045269975844,0.9332938943988685,0.962890625,1.0,0.01953125
2026-05-12T00:50,7,40,0.01953125,40,67,0.0,6.10206390767061,0.9333141698109053,0.962890625,1.0,0.01953125
2026-05-12T01:20,7,40,0.01953125,40,67,0.0,6.102082408020538,0.9333344329012089,0.962890625,1.0,0.01953125
2026-05-12T01:50,7,40,0.01953125,41,67,0.0,6.102105593908617,0.9333398657928534,0.962890625,1.0,0.01953125
2026-05-12T02:20,5,40,0.01953125,41,67,0.0,6.10212863651747,0.9333601087731775,0.962890625,1.0,0.01953125
2026-05-12T02:50,6,40,0.01953125,41,67,0.0,6.102151536118345,0.9333803394626817,0.962890625,1.0,0.01953125
2026-05-12T03:20,5,40,0.01953125,43,68,0.0,6.102181652619397,0.9333716540500261,0.962890625,1.0,0.01953125
2026-05-12T03:50,5,40,0.01953125,44,75,0.0,6.102211246933964,0.9333629739076448,0.962890625,1.0,0.01953125
2026-05-12T04:20,5,40,0.01953125,44,75,0.0,6.102245999517681,0.9333683899034857,0.962890625,1.0,0.01953125
2026-05-12T04:50,5,40,0.01953125,44,76,0.0,6.10228281613815,0.9333597160147226,0.962890625,1.0,0.01953125
2026-05-12T05:20,5,40,0.01953125,44,78,0.0,6.10230467085255,0.9333376200463273,0.962890625,1.0,0.01953125
2026-05-12T05:50,5,40,0.01953125,44,78,0.0,6.102328947200338,0.9333289607386653,0.962890625,1.0,0.01953125
2026-05-12T06:20,5,40,0.01953125,44,78,0.0,6.102347673066252,0.9333203066774788,0.962890625,1.0,0.01953125
2026-05-12T06:50,6,40,0.01953125,44,78,0.0,6.102360190340784,0.9332854373593396,0.962890625,1.0,0.01953125
2026-05-12T07:20,8,40,0.01953125,44,74,0.0,6.102372451378981,0.93326339063785,0.962890625,1.0,0.01953125
2026-05-12T07:50,9,40,0.01953125,44,72,0.0,6.102378660827514,0.9332413572618334,0.962890625,1.0,0.01953125
2026-05-12T08:20,10,40,0.01953125,44,71,0.0,6.102380069799414,0.9332467969456256,0.962890625,1.0,0.01953125
2026-05-12T08:50,11,40,0.01953125,44,71,0.0,6.102381365096309,0.9332669884771,0.962890625,1.0,0.01953125
2026-05-12T09:20,12,40,0.01953125,44,71,0.0,6.102377735754978,0.9332724171204984,0.962890625,1.0,0.01953125
2026-05-12T09:50,12,40,0.01953125,44,71,0.0,6.102379652453442,0.9332778424817664,0.962890625,1.0,0.01953125
2026-05-12T10:20,13,40,0.01953125,43,71,0.0,6.1023753068940145,0.9332832645638798,0.962890625,1.0,0.01953125
2026-05-12T10:50,14,40,0.01953125,42,71,0.0,6.102370036342134,0.9332886833698105,0.962890625,1.0,0.01953125
2026-05-12T11:20,14,40,0.01953125,42,71,0.0,6.102364660107638,0.9333088317590073,0.962890625,1.0,0.01953125
2026-05-12T11:50,14,40,0.01953125,41,71,0.0,6.102359979682686,0.9333142395731486,0.962890625,1.0,0.01953125
2026-05-12T12:20,15,40,0.01953125,41,71,0.0,6.102355192778514,0.9333343680852002,0.962890625,1.0,0.01953125
2026-05-12T12:50,16,40,0.01953125,41,71,0.0,6.1023491805474945,0.9333397649301337,0.962890625,1.0,0.01953125
2026-05-12T13:20,15,40,0.01953125,41,71,0.0,6.102343063896747,0.9333598735983298,0.962890625,1.0,0.01953125
2026-05-12T13:50,15,40,0.01953125,41,71,0.0,6.102333761659325,0.9333512493616481,0.962890625,1.0,0.01953125
2026-05-12T14:20,15,40,0.01953125,41,73,0.0,6.102316283252236,0.9333426303249885,0.962890625,1.0,0.01953125
2026-05-12T14:50,17,40,0.01953125,41,73,0.0,6.1023000672899,0.9333480181736535,0.962890625,1.0,0.01953125
2026-05-12T15:20,16,40,0.01953125,41,73,0.0,6.102283759976831,0.9333681001205731,0.962890625,1.0,0.01953125
2026-05-12T15:50,16,40,0.01953125,40,75,0.0,6.102267155636021,0.9333734770519208,0.962890625,1.0,0.01953125
2026-05-12T16:20,15,40,0.01953125,40,76,0.0,6.102244904746408,0.9333648617034446,0.962890625,1.0,0.01953125
2026-05-12T16:50,16,40,0.01953125,40,78,0.0,6.102219834564019,0.9333702363724667,0.962890625,1.0,0.01953125
2026-05-12T17:20,15,40,0.01953125,40,78,0.0,6.1021928191593435,0.9333756078066595,0.962890625,1.0,0.01953125
2026-05-12T17:50,15,40,0.01953125,40,78,0.0,6.1021679210461475,0.9333809760089423,0.962890625,1.0,0.01953125
2026-05-12T18:20,15,40,0.01953125,40,78,0.0,6.102143490417857,0.9333723687694696,0.962890625,1.0,0.01953125
2026-05-12T18:50,13,40,0.01953125,40,78,0.0,6.102120463308587,0.9333504483688411,0.962890625,1.0,0.01953125
2026-05-12T19:20,13,40,0.01953125,40,78,0.0,6.102090844282802,0.9333418554792688,0.962890625,1.0,0.01953125
2026-05-12T19:50,14,40,0.01953125,40,76,0.0,6.102075524578158,0.933319957420615,0.962890625,1.0,0.01953125
2026-05-12T20:20,14,40,0.01953125,40,75,0.0,6.1020691815721975,0.9333253342769607,0.962890625,1.0,0.01953125
2026-05-12T20:50,14,40,0.01953125,40,73,0.0,6.102071719892542,0.9333167566704997,0.962890625,1.0,0.01953125
2026-05-12T21:20,13,40,0.01953125,40,72,0.0,6.102079081921465,0.9333221312593694,0.962890625,1.0,0.01953125
2026-05-12T21:50,13,40,0.01953125,40,70,0.0,6.102087962440729,0.9333135597628215,0.962890625,1.0,0.01953125
2026-05-12T22:20,13,40,0.01953125,40,70,0.0,6.1020967220221625,0.9333335676956859,0.962890625,1.0,0.01953125
2026-05-12T22:50,13,40,0.01953125,40,70,0.0,6.10210536089409,0.9333535636261912,0.962890625,1.0,0.01953125
2026-05-12T23:20,13,40,0.01953125,40,68,0.0,6.102119556561797,0.9333589207322088,0.962890625,1.0,0.01953125
2026-05-12T23:50,12,40,0.01953125,40,67,0.0,6.102137856806395,0.933364274626532,0.962890625,1.0,0.01953125
2026-05-13T00:20,12,40,0.01953125,40,67,0.0,6.102156104163874,0.9333696253120486,0.962890625,1.0,0.01953125
2026-05-13T00:50,11,40,0.01953125,40,67,0.0,6.1021742182010446,0.9333895864788215,0.962890625,1.0,0.01953125
2026-05-13T01:20,11,40,0.01953125,40,67,0.0,6.10219219916787,0.9334095356892201,0.962890625,1.0,0.01953125
2026-05-13T01:50,10,40,0.01953125,41,67,0.0,6.102214785738562,0.9334148680175154,0.962890625,1.0,0.01953125
2026-05-13T02:20,9,40,0.01953125,41,67,0.0,6.102237233485289,0.9334347977187972,0.962890625,1.0,0.01953125
2026-05-13T02:50,9,40,0.01953125,41,67,0.0,6.102259542667048,0.9334547154932679,0.962890625,1.0,0.01953125
2026-05-13T03:20,9,40,0.01953125,43,68,0.0,6.102288965734025,0.9334461325406113,0.962890625,1.0,0.01953125
2026-05-13T03:50,10,40,0.01953125,44,75,0.0,6.102317887059259,0.9334375547212994,0.962890625,1.0,0.01953125
2026-05-13T04:20,10,40,0.01953125,44,76,0.0,6.1023507396514,0.9334289820307285,0.962890625,1.0,0.01953125
2026-05-13T04:50,10,40,0.01953125,44,78,0.0,6.1023722998605745,0.9334071757349272,0.962890625,1.0,0.01953125
2026-05-13T05:20,10,40,0.01953125,44,78,0.0,6.102394082211446,0.9333986172434503,0.962890625,1.0,0.01953125
2026-05-13T05:50,10,40,0.01953125,44,78,0.0,6.102411842869647,0.9333900638645729,0.962890625,1.0,0.01953125
2026-05-13T06:20,10,40,0.01953125,44,78,0.0,6.102427879879506,0.9333682887234604,0.962890625,1.0,0.01953125
2026-05-13T06:50,11,40,0.01953125,44,77,0.0,6.102438851664909,0.9333465265824323,0.962890625,1.0,0.01953125
2026-05-13T07:20,10,40,0.01953125,44,74,0.0,6.102449147888612,0.93332477742985,0.962890625,1.0,0.01953125
2026-05-13T07:50,11,40,0.01953125,44,71,0.0,6.10245066777225,0.9333030412540889,0.962890625,1.0,0.01953125
2026-05-13T08:20,11,40,0.01953125,44,71,0.0,6.102452076967603,0.9333229329805267,0.962890625,1.0,0.01953125
2026-05-13T08:50,12,40,0.01953125,44,71,0.0,6.102453375684676,0.9333428128454699,0.962890625,1.0,0.01953125
2026-05-13T09:20,12,40,0.01953125,44,71,0.0,6.102449838679603,0.933348141220835,0.962890625,1.0,0.01953125
2026-05-13T09:50,12,40,0.01953125,44,71,0.0,6.102451785152802,0.9333534664207677,0.962890625,1.0,0.01953125
2026-05-13T10:20,13,40,0.01953125,43,71,0.0,6.102447581295325,0.9333587884481059,0.962890625,1.0,0.01953125
2026-05-13T10:50,10,40,0.01953125,42,71,0.0,6.102442459407104,0.933364107305684,0.962890625,1.0,0.01953125
2026-05-13T11:20,9,40,0.01953125,42,71,0.0,6.102437234738365,0.9333839453207761,0.962890625,1.0,0.01953125
2026-05-13T11:50,12,40,0.01953125,41,71,0.0,6.102432705245526,0.933389253525203,0.962890625,1.0,0.01953125
2026-05-13T12:20,12,40,0.01953125,41,71,0.0,6.102428072180899,0.9334090722536988,0.962890625,1.0,0.01953125
2026-05-13T12:50,12,40,0.01953125,41,71,0.0,6.102422239963514,0.9334143698265548,0.962890625,1.0,0.01953125
2026-05-13T13:20,11,40,0.01953125,41,71,0.0,6.10241630615887,0.9334341693002906,0.962890625,1.0,0.01953125
2026-05-13T13:50,12,40,0.01953125,41,71,0.0,6.102407225124739,0.9334256460349698,0.962890625,1.0,0.01953125
2026-05-13T14:20,12,40,0.01953125,41,73,0.0,6.102394384285205,0.9334309339595345,0.962890625,1.0,0.01953125
2026-05-13T14:50,9,40,0.01953125,41,73,0.0,6.102378462236118,0.9334224167197255,0.962890625,1.0,0.01953125
2026-05-13T15:20,11,40,0.01953125,41,73,0.0,6.102362451340222,0.9334421902817334,0.962890625,1.0,0.01953125
2026-05-13T15:50,10,40,0.01953125,41,76,0.0,6.102339230258902,0.933447468583964,0.962890625,1.0,0.01953125
2026-05-13T16:20,10,40,0.01953125,40,77,0.0,6.1023173527384165,0.9334389540206449,0.962890625,1.0,0.01953125
2026-05-13T16:50,11,40,0.01953125,40,78,0.0,6.102292689974144,0.933444230150667,0.962890625,1.0,0.01953125
2026-05-13T17:20,12,40,0.01953125,40,78,0.0,6.102266105731876,0.9334495031503836,0.962890625,1.0,0.01953125
2026-05-13T17:50,9,40,0.01953125,40,78,0.0,6.1022415943629085,0.9334547730225795,0.962890625,1.0,0.01953125
2026-05-13T18:20,10,40,0.01953125,40,78,0.0,6.102217534967391,0.9334462663910169,0.962890625,1.0,0.01953125
2026-05-13T18:50,10,40,0.01953125,40,78,0.0,6.102194320719608,0.9334377648019152,0.962890625,1.0,0.01953125
2026-05-13T19:20,10,40,0.01953125,40,78,0.0,6.102165124169404,0.933416143276427,0.962890625,1.0,0.01953125
2026-05-13T19:50,10,40,0.01953125,40,76,0.0,6.102150018506505,0.9333945345598994,0.962890625,1.0,0.01953125
2026-05-13T20:20,10,40,0.01953125,40,76,0.0,6.1021463661152175,0.9333860558421622,0.962890625,1.0,0.01953125
2026-05-13T20:50,9,40,0.01953125,40,73,0.0,6.102148757642196,0.9333913351365236,0.962890625,1.0,0.01953125
2026-05-13T21:20,9,40,0.01953125,40,72,0.0,6.102155890723524,0.9333966113061178,0.962890625,1.0,0.01953125
2026-05-13T21:50,9,40,0.01953125,40,72,0.0,6.102162018495866,0.9334018843537181,0.962890625,1.0,0.01953125
2026-05-13T22:20,9,40,0.01953125,40,70,0.0,6.102170515515088,0.9334071542820948,0.962890625,1.0,0.01953125
2026-05-13T22:50,9,40,0.01953125,40,70,0.0,6.102178895425884,0.9334268446563461,0.962890625,1.0,0.01953125
2026-05-13T23:20,9,40,0.01953125,40,68,0.0,6.1021927407670935,0.933432104091031,0.962890625,1.0,0.01953125
2026-05-13T23:50,9,40,0.01953125,40,67,0.0,6.102210629047234,0.9334373604173029,0.962890625,1.0,0.01953125
2026-05-14T00:20,8,40,0.01953125,40,67,0.0,6.1022284747654485,0.9334426136379167,0.962890625,1.0,0.01953125
2026-05-14T00:50,9,40,0.01953125,40,67,0.0,6.102246191119507,0.9334622702788978,0.962890625,1.0,0.01953125
2026-05-14T01:20,8,40,0.01953125,40,67,0.0,6.102263778348471,0.9334819153127688,0.962890625,1.0,0.01953125
2026-05-14T01:50,8,40,0.01953125,41,67,0.0,6.102285893723308,0.9334871507309749,0.962890625,1.0,0.01953125
2026-05-14T02:20,9,40,0.01953125,41,67,0.0,6.102307874392599,0.9335067768299036,0.962890625,1.0,0.01953125
2026-05-14T02:50,9,40,0.01953125,41,67,0.0,6.1023297206040565,0.9335263913500127,0.962890625,1.0,0.01953125
2026-05-14T03:20,8,40,0.01953125,43,68,0.0,6.102358580443776,0.933517908752965,0.962890625,1.0,0.01953125
2026-05-14T03:50,8,40,0.01953125,44,75,0.0,6.102386946202179,0.933509431157449,0.962890625,1.0,0.01953125
2026-05-14T04:20,8,40,0.01953125,44,76,0.0,6.102419173902741,0.9335009585590418,0.962890625,1.0,0.01953125
2026-05-14T04:50,8,40,0.01953125,44,78,0.0,6.102440744628959,0.9334794394540683,0.962890625,1.0,0.01953125
2026-05-14T05:20,8,40,0.01953125,44,78,0.0,6.102462141251003,0.933470980680963,0.962890625,1.0,0.01953125
2026-05-14T05:50,8,40,0.01953125,44,78,0.0,6.1024795829258505,0.9334625268894675,0.962890625,1.0,0.01953125
2026-05-14T06:20,8,40,0.01953125,44,78,0.0,6.102497620300375,0.9334677541444883,0.962890625,1.0,0.01953125
2026-05-14T06:50,8,40,0.01953125,44,77,0.0,6.102508398863332,0.9334219360231325,0.962890625,1.0,0.01953125
2026-05-14T07:20,8,40,0.01953125,44,74,0.0,6.102520250024509,0.9334135041222025,0.962890625,1.0,0.01953125
2026-05-14T07:50,8,40,0.01953125,44,72,0.0,6.102526312158149,0.9333920487140134,0.962890625,1.0,0.01953125
2026-05-14T08:20,8,40,0.01953125,44,71,0.0,6.102527733832025,0.9333972905439107,0.962890625,1.0,0.01953125
2026-05-14T08:50,9,40,0.01953125,44,71,0.0,6.102529048077932,0.9334168680599179,0.962890625,1.0,0.01953125
2026-05-14T09:20,9,40,0.01953125,44,71,0.0,6.102527939611379,0.933422099515732,0.962890625,1.0,0.01953125
2026-05-14T09:50,9,40,0.01953125,44,71,0.0,6.102529924706569,0.9334273278978351,0.962890625,1.0,0.01953125
2026-05-14T10:20,9,40,0.01953125,43,71,0.0,6.1025258676179215,0.9334325532089357,0.962890625,1.0,0.01953125
2026-05-14T10:50,10,40,0.01953125,42,71,0.0,6.102520899422384,0.9334377754517384,0.962890625,1.0,0.01953125
2026-05-14T11:20,10,40,0.01953125,42,71,0.0,6.102515831212916,0.9334573123535724,0.962890625,1.0,0.01953125
2026-05-14T11:50,9,40,0.01953125,42,71,0.0,6.102516377504933,0.9334625242666713,0.962890625,1.0,0.01953125
2026-05-14T12:20,8,40,0.01953125,41,71,0.0,6.102511906989711,0.9334677331220331,0.962890625,1.0,0.01953125
2026-05-14T12:50,9,40,0.01953125,41,71,0.0,6.102506262489346,0.9334729389223478,0.962890625,1.0,0.01953125
2026-05-14T13:20,9,40,0.01953125,41,71,0.0,6.102500519097684,0.9334924426048684,0.962890625,1.0,0.01953125
2026-05-14T13:50,9,40,0.01953125,41,71,0.0,6.102491665929741,0.9334840221658758,0.962890625,1.0,0.01953125
2026-05-14T14:20,10,40,0.01953125,41,73,0.0,6.102479103274943,0.9334892186176863,0.962890625,1.0,0.01953125
2026-05-14T14:50,12,40,0.01953125,41,74,0.0,6.1024634900468735,0.933480804055924,0.962890625,1.0,0.01953125
2026-05-14T15:20,12,40,0.01953125,41,74,0.0,6.102447790339365,0.9335002825906076,0.962890625,1.0,0.01953125
2026-05-14T15:50,9,40,0.01953125,41,75,0.0,6.102424973140049,0.933505469718712,0.962890625,1.0,0.01953125
2026-05-14T16:20,9,40,0.01953125,40,77,0.0,6.10240347435126,0.9334970577886691,0.962890625,1.0,0.01953125
2026-05-14T16:50,11,40,0.01953125,40,78,0.0,6.102379218039977,0.9335022428250666,0.962890625,1.0,0.01953125
2026-05-14T17:20,11,40,0.01953125,40,78,0.0,6.102353063423728,0.9335074248283921,0.962890625,1.0,0.01953125
2026-05-14T17:50,11,40,0.01953125,40,78,0.0,6.10232893888422,0.9335126038013063,0.962890625,1.0,0.01953125
2026-05-14T18:20,9,40,0.01953125,40,78,0.0,6.102305245429035,0.9335041996215228,0.962890625,1.0,0.01953125
2026-05-14T18:50,10,40,0.01953125,40,78,0.0,6.1022823676554125,0.9334958003535918,0.962890625,1.0,0.01953125
2026-05-14T19:20,9,40,0.01953125,40,78,0.0,6.102253587076699,0.9334744650675636,0.962890625,1.0,0.01953125
2026-05-14T19:50,10,40,0.01953125,40,76,0.0,6.102238689173875,0.9334531422437353,0.962890625,1.0,0.01953125
2026-05-14T20:20,9,40,0.01953125,40,73,0.0,6.102241021812595,0.9334318318711908,0.962890625,1.0,0.01953125
2026-05-14T20:50,9,40,0.01953125,40,73,0.0,6.102243247175131,0.9334512621596114,0.962890625,1.0,0.01953125
2026-05-14T21:20,9,40,0.01953125,40,72,0.0,6.102250129867544,0.9334564469422304,0.962890625,1.0,0.01953125
2026-05-14T21:50,9,40,0.01953125,40,72,0.0,6.102256019822686,0.9334616286998888,0.962890625,1.0,0.01953125
2026-05-14T22:20,9,40,0.01953125,40,69,0.0,6.102264238104629,0.933466807435233,0.962890625,1.0,0.01953125
2026-05-14T22:50,9,40,0.01953125,40,69,0.0,6.102272342751114,0.9334862048674677,0.962890625,1.0,0.01953125
2026-05-14T23:20,9,40,0.01953125,40,67,0.0,6.102285815728241,0.9334913734210462,0.962890625,1.0,0.01953125
2026-05-14T23:50,8,40,0.01953125,40,66,0.0,6.102303271865614,0.933496538962647,0.962890625,1.0,0.01953125
2026-05-15T00:20,8,40,0.01953125,40,67,0.0,6.1023206867597395,0.9335017014949023,0.962890625,1.0,0.01953125
2026-05-15T00:50,8,40,0.01953125,40,67,0.0,6.10233797612673,0.9335210661712288,0.962890625,1.0,0.01953125
2026-05-15T01:20,8,40,0.01953125,40,67,0.0,6.10235514019528,0.9335404195726346,0.962890625,1.0,0.01953125
2026-05-15T02:20,8,40,0.01953125,41,67,0.0,6.1023767575032535,0.9335455648265991,0.962890625,1.0,0.01953125
2026-05-15T02:50,8,40,0.01953125,41,67,0.0,6.102398244097671,0.9335648998382877,0.962890625,1.0,0.01953125
2026-05-15T03:20,8,40,0.01953125,43,68,0.0,6.102426626364723,0.9335565220037687,0.962890625,1.0,0.01953125
2026-05-15T03:50,8,40,0.01953125,44,75,0.0,6.102454509878136,0.9335481490415,0.962890625,1.0,0.01953125
2026-05-15T04:20,7,40,0.01953125,44,76,0.0,6.102486175357,0.9335397809472327,0.962890625,1.0,0.01953125
2026-05-15T04:50,7,40,0.01953125,44,77,0.0,6.102511575261738,0.9335314177167225,0.962890625,1.0,0.01953125
2026-05-15T05:20,7,40,0.01953125,44,78,0.0,6.102532229106827,0.9335230593457304,0.962890625,1.0,0.01953125
2026-05-15T05:50,7,40,0.01953125,44,78,0.0,6.102552975418223,0.9335018400767596,0.962890625,1.0,0.01953125
2026-05-15T06:20,7,40,0.01953125,44,78,0.0,6.102570699105483,0.933506984580859,0.962890625,1.0,0.01953125
2026-05-15T06:50,8,40,0.01953125,44,77,0.0,6.102581265131465,0.9334617801666926,0.962890625,1.0,0.01953125
2026-05-15T07:20,8,40,0.01953125,44,74,0.0,6.10259288764648,0.9334534517060413,0.962890625,1.0,0.01953125
2026-05-15T07:50,8,40,0.01953125,44,72,0.0,6.102598831982407,0.9334322772542202,0.962890625,1.0,0.01953125
2026-05-15T08:20,9,40,0.01953125,44,71,0.0,6.102600217572084,0.9334374359650499,0.962890625,1.0,0.01953125
2026-05-15T08:50,9,40,0.01953125,44,71,0.0,6.102601498659091,0.9334567350558111,0.962890625,1.0,0.01953125
2026-05-15T09:20,10,40,0.01953125,44,71,0.0,6.102598100880283,0.9334618836868659,0.962890625,1.0,0.01953125
2026-05-15T09:50,10,40,0.01953125,44,71,0.0,6.102600062645906,0.933467029334072,0.962890625,1.0,0.01953125
2026-05-15T10:20,10,40,0.01953125,43,71,0.0,6.102596076207966,0.9334721720000225,0.962890625,1.0,0.01953125
2026-05-15T10:50,10,40,0.01953125,42,71,0.0,6.102591185358921,0.9334773116873075,0.962890625,1.0,0.01953125
2026-05-15T11:20,10,40,0.01953125,42,71,0.0,6.102586197183248,0.9334965712959679,0.962890625,1.0,0.01953125
2026-05-15T11:50,12,40,0.01953125,41,71,0.0,6.102581911195251,0.933501700946011,0.962890625,1.0,0.01953125
2026-05-15T12:20,11,40,0.01953125,41,71,0.0,6.102577527088735,0.9335209423519872,0.962890625,1.0,0.01953125
2026-05-15T12:50,12,40,0.01953125,41,71,0.0,6.102571992958864,0.9335260619845713,0.962890625,1.0,0.01953125
2026-05-15T13:20,12,40,0.01953125,41,71,0.0,6.102566362557165,0.9335452852170801,0.962890625,1.0,0.01953125
2026-05-15T13:50,13,40,0.01953125,41,71,0.0,6.102557658150493,0.9335369639159944,0.962890625,1.0,0.01953125
2026-05-15T14:20,13,40,0.01953125,41,73,0.0,6.102545297747056,0.9335420744790809,0.962890625,1.0,0.01953125
2026-05-15T14:50,13,40,0.01953125,41,74,0.0,6.102529914144163,0.9335337589142971,0.962890625,1.0,0.01953125
2026-05-15T15:20,13,40,0.01953125,41,74,0.0,6.102514446367562,0.9335529577129931,0.962890625,1.0,0.01953125
2026-05-15T15:50,14,40,0.01953125,41,76,0.0,6.102491955160563,0.9335580592303139,0.962890625,1.0,0.01953125
2026-05-15T16:20,14,40,0.01953125,40,77,0.0,6.102470770661163,0.9335497462526959,0.962890625,1.0,0.01953125
2026-05-15T17:20,14,40,0.01953125,40,78,0.0,6.1024450554684035,0.9335414380733336,0.962890625,1.0,0.01953125
2026-05-15T17:50,14,40,0.01953125,40,78,0.0,6.102421331577752,0.9335465384986428,0.962890625,1.0,0.01953125
2026-05-15T18:20,14,40,0.01953125,40,78,0.0,6.102398020103705,0.9335382360372246,0.962890625,1.0,0.01953125
2026-05-15T18:50,13,40,0.01953125,40,78,0.0,6.102375994564555,0.9335171653567869,0.962890625,1.0,0.01953125
2026-05-15T19:20,13,40,0.01953125,40,78,0.0,6.102347624702423,0.9335088761493511,0.962890625,1.0,0.01953125
2026-05-15T19:50,13,40,0.01953125,40,76,0.0,6.102332943929414,0.9334878260744605,0.962890625,1.0,0.01953125
2026-05-15T20:20,13,40,0.01953125,40,73,0.0,6.1023303970226195,0.933479550095978,0.962890625,1.0,0.01953125
2026-05-15T20:50,13,40,0.01953125,40,73,0.0,6.102332504745123,0.9334846595320666,0.962890625,1.0,0.01953125
2026-05-15T21:20,12,40,0.01953125,40,72,0.0,6.102339193565496,0.9334897660257789,0.962890625,1.0,0.01953125
2026-05-15T21:50,12,40,0.01953125,40,72,0.0,6.102344900582314,0.9334948695796561,0.962890625,1.0,0.01953125
2026-05-15T22:20,12,40,0.01953125,40,70,0.0,6.10235289227981,0.9334999701962361,0.962890625,1.0,0.01953125
2026-05-15T22:50,11,40,0.01953125,40,70,0.0,6.102360773492009,0.9335191013900808,0.962890625,1.0,0.01953125
2026-05-15T23:20,11,40,0.01953125,40,68,0.0,6.102373935491041,0.9335241921035708,0.962890625,1.0,0.01953125
2026-05-15T23:50,9,40,0.01953125,40,67,0.0,6.1023910282006835,0.9335292798896812,0.962890625,1.0,0.01953125
2026-05-16T00:20,10,40,0.01953125,40,67,0.0,6.102408089089263,0.9335343647509359,0.962890625,1.0,0.01953125
2026-05-16T00:50,9,40,0.01953125,40,67,0.0,6.102425027914811,0.9335534640714097,0.962890625,1.0,0.01953125
2026-05-16T01:20,9,40,0.01953125,40,67,0.0,6.102441844896746,0.9335725524184159,0.962890625,1.0,0.01953125
2026-05-16T01:50,9,40,0.01953125,41,67,0.0,6.102463048086711,0.933577620471195,0.962890625,1.0,0.01953125
2026-05-16T02:20,9,40,0.01953125,41,67,0.0,6.10248412416615,0.9335966909218205,0.962890625,1.0,0.01953125
2026-05-16T02:50,9,40,0.01953125,41,67,0.0,6.102505073362438,0.9336157504250002,0.962890625,1.0,0.01953125
2026-05-16T03:20,8,40,0.01953125,43,68,0.0,6.102532820658662,0.9336074709857856,0.962890625,1.0,0.01953125
2026-05-16T03:50,8,40,0.01953125,44,75,0.0,6.102560065169832,0.9335991962966794,0.962890625,1.0,0.01953125
2026-05-16T04:20,7,40,0.01953125,44,76,0.0,6.102591022801102,0.9335909263535952,0.962890625,1.0,0.01953125
2026-05-16T04:50,7,40,0.01953125,44,77,0.0,6.102615857760257,0.9335826611524507,0.962890625,1.0,0.01953125
2026-05-16T05:20,7,40,0.01953125,44,78,0.0,6.102636043505918,0.933574400689169,0.962890625,1.0,0.01953125
2026-05-16T05:50,7,40,0.01953125,44,78,0.0,6.102656341551768,0.9335534524701401,0.962890625,1.0,0.01953125
2026-05-16T06:20,7,40,0.01953125,44,78,0.0,6.1026736325255095,0.9335452051061448,0.962890625,1.0,0.01953125
2026-05-16T06:50,8,40,0.01953125,44,77,0.0,6.1026839669908375,0.9335121686264986,0.962890625,1.0,0.01953125
2026-05-16T07:20,9,40,0.01953125,44,74,0.0,6.102693704996474,0.9334912562152912,0.962890625,1.0,0.01953125
2026-05-16T07:50,9,40,0.01953125,44,72,0.0,6.102699572523097,0.9334830337334785,0.962890625,1.0,0.01953125
2026-05-16T08:20,9,40,0.01953125,44,71,0.0,6.102700963155095,0.9334881085484891,0.962890625,1.0,0.01953125
2026-05-16T08:50,10,40,0.01953125,44,71,0.0,6.102702252043755,0.9335071336890645,0.962890625,1.0,0.01953125
2026-05-16T09:20,11,40,0.01953125,44,71,0.0,6.102698941358473,0.9335121987100842,0.962890625,1.0,0.01953125
2026-05-16T09:50,12,40,0.01953125,44,71,0.0,6.10270093745248,0.9335172608351514,0.962890625,1.0,0.01953125
2026-05-16T10:20,13,40,0.01953125,43,71,0.0,6.102697090068812,0.9335223200667488,0.962890625,1.0,0.01953125
2026-05-16T10:50,13,40,0.01953125,42,71,0.0,6.10269235333791,0.933527376407357,0.962890625,1.0,0.01953125
2026-05-16T11:20,13,40,0.01953125,42,71,0.0,6.102687521762985,0.9335463631607396,0.962890625,1.0,0.01953125
2026-05-16T11:50,14,40,0.01953125,41,71,0.0,6.102683400177148,0.9335514097481281,0.962890625,1.0,0.01953125
2026-05-16T12:20,14,40,0.01953125,41,71,0.0,6.102679182948999,0.9335703788004409,0.962890625,1.0,0.01953125
2026-05-16T12:50,14,40,0.01953125,41,71,0.0,6.102673846673686,0.9335754156535787,0.962890625,1.0,0.01953125
2026-05-16T13:20,15,40,0.01953125,41,58,0.0,6.102675181345447,0.9335804496326205,0.962890625,1.0,0.01953125
2026-05-16T13:50,14,40,0.01953125,41,71,0.0,6.102666720259185,0.9335722298537071,0.962890625,1.0,0.01953125
2026-05-16T14:20,14,40,0.01953125,41,73,0.0,6.102654655028098,0.9335772618703428,0.962890625,1.0,0.01953125
2026-05-16T14:50,14,40,0.01953125,41,73,0.0,6.102639601613291,0.9335690476864463,0.962890625,1.0,0.01953125
2026-05-16T15:20,14,40,0.01953125,41,73,0.0,6.102624466104175,0.9335879792773023,0.962890625,1.0,0.01953125
2026-05-16T15:50,14,40,0.01953125,41,75,0.0,6.102602398635176,0.9335930025060538,0.962890625,1.0,0.01953125
2026-05-16T16:20,14,40,0.01953125,40,77,0.0,6.102581626185737,0.9335847908575936,0.962890625,1.0,0.01953125
2026-05-16T16:50,14,40,0.01953125,40,78,0.0,6.102558159132702,0.9335898121336007,0.962890625,1.0,0.01953125
2026-05-16T17:20,14,40,0.01953125,40,78,0.0,6.102532841669304,0.9335948305509254,0.962890625,1.0,0.01953125
2026-05-16T17:50,14,40,0.01953125,40,78,0.0,6.10250947566638,0.933599846112008,0.962890625,1.0,0.01953125
2026-05-16T18:20,13,40,0.01953125,40,78,0.0,6.10248650391814,0.9335916418612684,0.962890625,1.0,0.01953125
2026-05-16T18:50,13,40,0.01953125,40,78,0.0,6.102464777686234,0.9335708436458012,0.962890625,1.0,0.01953125
2026-05-16T19:20,12,40,0.01953125,40,78,0.0,6.102436783646644,0.9335626523069092,0.962890625,1.0,0.01953125
2026-05-16T19:50,12,40,0.01953125,40,76,0.0,6.102422279658188,0.9335418741556788,0.962890625,1.0,0.01953125
2026-05-16T20:20,12,40,0.01953125,40,75,0.0,6.102415993408113,0.933546897639066,0.962890625,1.0,0.01953125
2026-05-16T20:50,12,40,0.01953125,40,73,0.0,6.102417946125287,0.9335387200842714,0.962890625,1.0,0.01953125
2026-05-16T21:20,12,40,0.01953125,40,72,0.0,6.1024244010500555,0.9335437416100058,0.962890625,1.0,0.01953125
2026-05-16T21:50,12,40,0.01953125,40,72,0.0,6.102429893380105,0.9335487602842207,0.962890625,1.0,0.01953125
2026-05-16T22:20,12,40,0.01953125,40,70,0.0,6.102437625728188,0.9335537761093445,0.962890625,1.0,0.01953125
2026-05-16T22:50,12,40,0.01953125,40,70,0.0,6.1024452507812645,0.9335726314509707,0.962890625,1.0,0.01953125
2026-05-16T23:20,12,40,0.01953125,40,68,0.0,6.102458065628991,0.933577637658274,0.962890625,1.0,0.01953125
2026-05-16T23:50,12,40,0.01953125,40,67,0.0,6.102474754651921,0.9335826410259815,0.962890625,1.0,0.01953125
2026-05-17T00:20,11,40,0.01953125,40,67,0.0,6.102491420850171,0.9335876415565088,0.962890625,1.0,0.01953125
2026-05-17T00:50,12,40,0.01953125,40,67,0.0,6.102507968499482,0.9336064659211468,0.962890625,1.0,0.01953125
2026-05-17T01:20,12,40,0.01953125,40,67,0.0,6.10252439781002,0.9336252796174005,0.962890625,1.0,0.01953125
2026-05-17T01:50,12,40,0.01953125,41,67,0.0,6.102545148465033,0.9336302638192638,0.962890625,1.0,0.01953125
2026-05-17T02:20,12,40,0.01953125,41,67,0.0,6.102565775659984,0.9336490601195133,0.962890625,1.0,0.01953125
2026-05-17T02:50,11,40,0.01953125,41,67,0.0,6.102586279612681,0.9336678457763311,0.962890625,1.0,0.01953125
2026-05-17T03:20,11,40,0.01953125,43,68,0.0,6.102613490088878,0.9336596640777706,0.962890625,1.0,0.01953125
2026-05-17T03:50,11,40,0.01953125,44,75,0.0,6.102640205431179,0.9336514870094863,0.962890625,1.0,0.01953125
2026-05-17T04:20,11,40,0.01953125,44,76,0.0,6.102669130706528,0.9336433145675492,0.962890625,1.0,0.01953125
2026-05-17T04:50,11,40,0.01953125,44,78,0.0,6.102689081676504,0.9336226193757258,0.962890625,1.0,0.01953125
2026-05-17T05:20,11,40,0.01953125,44,78,0.0,6.1027089032298045,0.9336275944655813,0.962890625,1.0,0.01953125
2026-05-17T05:50,11,40,0.01953125,44,78,0.0,6.102725379896432,0.9336069154157831,0.962890625,1.0,0.01953125
2026-05-17T06:20,11,40,0.01953125,44,78,0.0,6.102742476290237,0.9335987648052563,0.962890625,1.0,0.01953125
2026-05-17T06:50,11,40,0.01953125,44,77,0.0,6.102752641301084,0.933566161148018,0.962890625,1.0,0.01953125
2026-05-17T07:20,11,40,0.01953125,44,74,0.0,6.102762229264144,0.9335455169670328,0.962890625,1.0,0.01953125
2026-05-17T07:50,11,40,0.01953125,44,71,0.0,6.1027637265535954,0.9335248844428408,0.962890625,1.0,0.01953125
2026-05-17T08:20,12,40,0.01953125,44,71,0.0,6.102765124621785,0.9335436468237488,0.962890625,1.0,0.01953125
2026-04-27T07:20,9,40,0.01953125,44,74,0.0,6.102774434260991,0.9335230264708864,0.962890625,1.0,0.01953125
2026-04-27T07:50,10,40,0.01953125,44,72,0.0,6.102779954207644,0.9335149133194875,0.962890625,1.0,0.01953125
2026-04-27T08:20,11,40,0.01953125,44,71,0.0,6.10278107406224,0.9335199061561699,0.962890625,1.0,0.01953125
2026-04-27T08:50,12,40,0.01953125,44,71,0.0,6.102782095383643,0.9335386487820069,0.962890625,1.0,0.01953125
2026-04-27T09:50,14,40,0.01953125,43,71,0.0,6.1027783396448525,0.9335180530851346,0.962890625,1.0,0.01953125
2026-04-27T10:50,16,40,0.01953125,42,71,0.0,6.102773710400999,0.9335230408166392,0.962890625,1.0,0.01953125
2026-04-27T11:50,18,40,0.01953125,41,71,0.0,6.10276978909339,0.9335280257381542,0.962890625,1.0,0.01953125
2026-04-27T12:50,18,40,0.01953125,41,71,0.0,6.102764753352784,0.9335330078520536,0.962890625,1.0,0.01953125
2026-04-27T13:20,19,40,0.01953125,41,59,0.0,6.102766294785182,0.9335379871607088,0.962890625,1.0,0.01953125
2026-04-27T13:50,19,40,0.01953125,41,71,0.0,6.102758157736798,0.9335298880663102,0.962890625,1.0,0.01953125
2026-04-27T14:50,20,40,0.01953125,41,73,0.0,6.1027435405242,0.9335093296049181,0.962890625,1.0,0.01953125
2026-04-27T15:50,21,40,0.01953125,41,73,0.0,6.102728843018959,0.9335280330283766,0.962890625,1.0,0.01953125
2026-04-27T16:50,20,40,0.01953125,40,78,0.0,6.1027059437904185,0.9334955959600846,0.962890625,1.0,0.01953125
2026-04-27T17:50,19,40,0.01953125,40,78,0.0,6.102681188806639,0.9335005787872521,0.962890625,1.0,0.01953125
2026-04-27T18:50,18,40,0.01953125,40,78,0.0,6.102659451850939,0.9334681676684761,0.962890625,1.0,0.01953125
2026-04-27T19:50,17,40,0.01953125,40,76,0.0,6.102645134312177,0.9334031661208239,0.962890625,1.0,0.01953125
2026-04-27T20:50,16,40,0.01953125,40,73,0.0,6.102646958534854,0.9333826779045761,0.962890625,1.0,0.01953125
2026-04-27T21:50,14,40,0.01953125,40,72,0.0,6.102652271477448,0.933374640619223,0.962890625,1.0,0.01953125
2026-04-27T22:50,14,40,0.01953125,40,70,0.0,6.102659713836107,0.9333796504091095,0.962890625,1.0,0.01953125
2026-04-27T23:50,12,40,0.01953125,40,67,0.0,6.102676083824486,0.9333716184849873,0.962890625,1.0,0.01953125
2026-04-28T00:50,10,40,0.01953125,40,67,0.0,6.102692345626796,0.9333766263115053,0.962890625,1.0,0.01953125
2026-04-28T01:50,11,40,0.01953125,41,67,0.0,6.102712806878994,0.9333816313285834,0.962890625,1.0,0.01953125
2026-04-28T02:50,10,40,0.01953125,41,67,0.0,6.1027331472067035,0.9334003128677509,0.962890625,1.0,0.01953125
2026-04-28T03:50,10,40,0.01953125,44,75,0.0,6.102759514797322,0.9333680116357113,0.962890625,1.0,0.01953125
2026-04-28T04:50,9,40,0.01953125,44,78,0.0,6.102779433986893,0.9333244045073877,0.962890625,1.0,0.01953125
2026-04-28T05:50,9,40,0.01953125,44,78,0.0,6.102795484544511,0.9332921426451503,0.962890625,1.0,0.01953125
2026-04-28T06:50,10,40,0.01953125,44,77,0.0,6.102805187102613,0.9332377556121356,0.962890625,1.0,0.01953125
2026-04-28T07:50,10,40,0.01953125,44,72,0.0,6.102810544788603,0.9331942215942598,0.962890625,1.0,0.01953125
2026-04-28T08:50,10,40,0.01953125,44,71,0.0,6.102811533903847,0.9331992678682242,0.962890625,1.0,0.01953125
2026-04-28T09:50,10,40,0.01953125,44,71,0.0,6.102813358925726,0.9331913089084968,0.962890625,1.0,0.01953125
2026-04-28T10:50,10,40,0.01953125,42,71,0.0,6.102808700171726,0.9331833544025799,0.962890625,1.0,0.01953125
2026-04-28T11:50,12,40,0.01953125,41,71,0.0,6.102804730942614,0.9331883994816828,0.962890625,1.0,0.01953125
2026-04-28T12:50,14,40,0.01953125,41,71,0.0,6.102799646969523,0.933193441739153,0.962890625,1.0,0.01953125
2026-04-28T13:50,14,40,0.01953125,41,72,0.0,6.102791566340036,0.9331854933083513,0.962890625,1.0,0.01953125
2026-04-28T14:50,16,40,0.01953125,41,75,0.0,6.102777034869935,0.9331651689995115,0.962890625,1.0,0.01953125
2026-04-28T15:50,16,40,0.01953125,40,76,0.0,6.102762241553021,0.9331702135212202,0.962890625,1.0,0.01953125
2026-04-28T16:50,16,40,0.01953125,40,78,0.0,6.102739491139106,0.9331499048348396,0.962890625,1.0,0.01953125
2026-04-28T17:50,15,40,0.01953125,40,78,0.0,6.10271683813746,0.9331419774402369,0.962890625,1.0,0.01953125
2026-04-28T18:50,15,40,0.01953125,40,78,0.0,6.1026952443999285,0.9331098835934312,0.962890625,1.0,0.01953125
2026-04-28T19:50,13,40,0.01953125,40,77,0.0,6.102681008090656,0.933055744757592,0.962890625,1.0,0.01953125
2026-04-28T20:50,12,40,0.01953125,40,74,0.0,6.102682768768574,0.9330354906759853,0.962890625,1.0,0.01953125
2026-04-28T21:50,10,40,0.01953125,40,72,0.0,6.102687991880364,0.9330276040411418,0.962890625,1.0,0.01953125
2026-04-28T22:50,9,40,0.01953125,40,70,0.0,6.102695327371545,0.9330326770774369,0.962890625,1.0,0.01953125
2026-04-28T23:50,9,40,0.01953125,40,67,0.0,6.1027115203767455,0.933024795624324,0.962890625,1.0,0.01953125
2026-04-29T00:50,9,40,0.01953125,40,67,0.0,6.102727614419543,0.9330298666155645,0.962890625,1.0,0.01953125
2026-04-29T01:50,9,40,0.01953125,41,67,0.0,6.10274787102792,0.933034934780953,0.962890625,1.0,0.01953125
2026-04-29T02:50,9,40,0.01953125,41,67,0.0,6.102768008411584,0.9330535880024625,0.962890625,1.0,0.01953125
2026-04-29T03:50,9,40,0.01953125,44,75,0.0,6.102794143477534,0.93302159920552,0.962890625,1.0,0.01953125
2026-04-29T04:50,10,40,0.01953125,44,78,0.0,6.102813543269484,0.9329783798788419,0.962890625,1.0,0.01953125
2026-04-29T05:50,10,40,0.01953125,44,78,0.0,6.102829474771889,0.9329464298199227,0.962890625,1.0,0.01953125
2026-04-29T06:50,11,40,0.01953125,44,77,0.0,6.102839108979365,0.932892502164097,0.962890625,1.0,0.01953125
2026-04-29T07:50,12,40,0.01953125,44,71,0.0,6.102840211459984,0.9328386045097489,0.962890625,1.0,0.01953125
2026-04-29T08:50,13,40,0.01953125,44,71,0.0,6.102841218060977,0.932857281204824,0.962890625,1.0,0.01953125
2026-04-29T09:50,14,40,0.01953125,43,71,0.0,6.102837504339407,0.9328371554987006,0.962890625,1.0,0.01953125
2026-04-29T10:50,14,40,0.01953125,42,71,0.0,6.102832899099591,0.9328422645472544,0.962890625,1.0,0.01953125
2026-04-29T11:50,15,40,0.01953125,41,71,0.0,6.102828974178837,0.9328473707566592,0.962890625,1.0,0.01953125
2026-04-29T12:50,15,40,0.01953125,41,71,0.0,6.1028239414293015,0.9328524741292811,0.962890625,1.0,0.01953125
2026-04-29T13:50,15,40,0.01953125,41,72,0.0,6.1028159258509485,0.9328446733602259,0.962890625,1.0,0.01953125
2026-04-29T14:50,15,40,0.01953125,41,76,0.0,6.102801488549348,0.9328245790911862,0.962890625,1.0,0.01953125
2026-04-29T15:50,15,40,0.01953125,40,76,0.0,6.1027867875752735,0.9328296845402853,0.962890625,1.0,0.01953125
2026-04-29T16:50,15,40,0.01953125,40,78,0.0,6.102764911825028,0.9328096055812782,0.962890625,1.0,0.01953125
2026-04-29T17:50,15,40,0.01953125,40,78,0.0,6.102742397241561,0.932801825359137,0.962890625,1.0,0.01953125
2026-04-29T18:50,14,40,0.01953125,40,78,0.0,6.102721353145495,0.9327588347746717,0.962890625,1.0,0.01953125
2026-04-29T19:50,14,40,0.01953125,40,77,0.0,6.102707184490044,0.9327158680275143,0.962890625,1.0,0.01953125
2026-04-29T20:50,13,40,0.01953125,40,74,0.0,6.102708875565036,0.9326958428745907,0.962890625,1.0,0.01953125
2026-04-29T21:50,13,40,0.01953125,40,70,0.0,6.1027161940438495,0.9326758288190087,0.962890625,1.0,0.01953125
2026-04-29T22:50,12,40,0.01953125,40,70,0.0,6.102723410565146,0.9326944781739065,0.962890625,1.0,0.01953125
2026-04-29T23:50,12,40,0.01953125,40,67,0.0,6.102739427982365,0.9326867427617181,0.962890625,1.0,0.01953125
2026-04-30T00:50,12,40,0.01953125,40,67,0.0,6.102755355417723,0.9326918736502656,0.962890625,1.0,0.01953125
2026-04-30T01:50,12,40,0.01953125,41,67,0.0,6.102775417299141,0.9326970016985758,0.962890625,1.0,0.01953125
2026-04-30T02:50,12,40,0.01953125,41,67,0.0,6.1027953616105535,0.9327156245536675,0.962890625,1.0,0.01953125
2026-04-30T03:50,12,40,0.01953125,44,75,0.0,6.102821274265036,0.9326839416196782,0.962890625,1.0,0.01953125
2026-04-30T04:50,11,40,0.01953125,44,78,0.0,6.102840523153227,0.9326411025256952,0.962890625,1.0,0.01953125
2026-04-30T05:50,11,40,0.01953125,44,78,0.0,6.102856343207027,0.9326094577138778,0.962890625,1.0,0.01953125
2026-04-30T06:50,12,40,0.01953125,44,77,0.0,6.102865921179868,0.9325559809247869,0.962890625,1.0,0.01953125
2026-04-30T07:20,13,40,0.01953125,44,74,0.0,6.102874869280002,0.9325360608185017,0.962890625,1.0,0.01953125
2026-04-30T07:50,13,40,0.01953125,44,71,0.0,6.102875914440048,0.9325161517178003,0.962890625,1.0,0.01953125
2026-04-30T08:20,14,40,0.01953125,44,71,0.0,6.102876865095796,0.9325347885165527,0.962890625,1.0,0.01953125
2026-04-30T08:50,15,40,0.01953125,44,71,0.0,6.102877721413316,0.9325534150244167,0.962890625,1.0,0.01953125
2026-04-30T09:20,15,40,0.01953125,44,71,0.0,6.102879440034209,0.9325457441686996,0.962890625,1.0,0.01953125
2026-04-30T09:50,14,40,0.01953125,44,71,0.0,6.102881062570392,0.932564357373951,0.962890625,1.0,0.01953125
2026-04-30T10:20,15,40,0.01953125,43,71,0.0,6.102877113459903,0.932569503623557,0.962890625,1.0,0.01953125
2026-04-30T10:50,15,40,0.01953125,42,71,0.0,6.102872303716464,0.9325746470346357,0.962890625,1.0,0.01953125
2026-04-30T11:20,15,40,0.01953125,42,71,0.0,6.102867405874648,0.9325932368755415,0.962890625,1.0,0.01953125
2026-04-30T11:50,17,40,0.01953125,41,71,0.0,6.1028632185757425,0.9325983709095326,0.962890625,1.0,0.01953125
2026-04-30T12:20,16,40,0.01953125,41,71,0.0,6.102858942392913,0.9326169439679758,0.962890625,1.0,0.01953125
2026-04-30T12:50,16,40,0.01953125,41,71,0.0,6.102853616972389,0.9326220686424185,0.962890625,1.0,0.01953125
2026-04-30T13:20,17,40,0.01953125,41,72,0.0,6.102845277385286,0.9326271904941268,0.962890625,1.0,0.01953125
2026-04-30T13:50,18,40,0.01953125,41,73,0.0,6.102836993741995,0.9326323095254322,0.962890625,1.0,0.01953125
2026-04-30T14:20,18,40,0.01953125,41,75,0.0,6.102821353269582,0.9326246380680241,0.962890625,1.0,0.01953125
2026-04-30T14:50,18,40,0.01953125,41,76,0.0,6.102806768973724,0.9326297549844047,0.962890625,1.0,0.01953125
2026-04-30T15:20,18,40,0.01953125,41,76,0.0,6.102792108222038,0.9326482887519468,0.962890625,1.0,0.01953125
2026-04-30T15:50,18,40,0.01953125,41,76,0.0,6.102777371154924,0.9326668123248973,0.962890625,1.0,0.01953125
2026-04-30T16:20,18,40,0.01953125,41,76,0.0,6.102757239528242,0.9326591398180062,0.962890625,1.0,0.01953125
2026-04-30T16:50,19,40,0.01953125,40,78,0.0,6.102734668428265,0.9326514715290958,0.962890625,1.0,0.01953125
2026-04-30T17:20,18,40,0.01953125,40,78,0.0,6.102710339567918,0.9326565740409579,0.962890625,1.0,0.01953125
2026-04-30T17:50,18,40,0.01953125,40,78,0.0,6.102687894198173,0.9326616737492419,0.962890625,1.0,0.01953125
2026-04-30T18:20,17,40,0.01953125,40,78,0.0,6.102664623118743,0.932666770656258,0.962890625,1.0,0.01953125
2026-04-30T18:50,17,40,0.01953125,40,78,0.0,6.102643386825665,0.9326469459296307,0.962890625,1.0,0.01953125
2026-04-30T19:20,16,40,0.01953125,40,78,0.0,6.102616611450039,0.93262713208674,0.962890625,1.0,0.01953125
2026-04-30T19:50,16,40,0.01953125,40,76,0.0,6.102602905128169,0.9326073291186261,0.962890625,1.0,0.01953125
2026-04-30T20:20,15,40,0.01953125,40,75,0.0,6.102597021096694,0.9326124353416922,0.962890625,1.0,0.01953125
2026-04-30T20:50,14,40,0.01953125,40,73,0.0,6.102599072450345,0.9326047966882145,0.962890625,1.0,0.01953125
2026-04-30T21:20,14,40,0.01953125,40,72,0.0,6.102605460701547,0.932609900805436,0.962890625,1.0,0.01953125
2026-04-30T21:50,14,40,0.01953125,40,72,0.0,6.102610929810766,0.9326150021243477,0.962890625,1.0,0.01953125
2026-04-30T22:20,13,40,0.01953125,40,69,0.0,6.1026185090274225,0.9326201006472501,0.962890625,1.0,0.01953125
2026-04-30T22:50,13,40,0.01953125,40,69,0.0,6.102625988130934,0.932638560893648,0.962890625,1.0,0.01953125
2026-04-30T23:20,13,40,0.01953125,40,67,0.0,6.1026384472173705,0.932643650170915,0.962890625,1.0,0.01953125
2026-04-30T23:50,12,40,0.01953125,40,66,0.0,6.102654639449446,0.9326487366610641,0.962890625,1.0,0.01953125
2026-05-01T00:20,11,40,0.01953125,40,66,0.0,6.1026708026683325,0.9326538203663839,0.962890625,1.0,0.01953125
2026-05-01T00:50,12,40,0.01953125,40,66,0.0,6.10268685531988,0.9326722511763548,0.962890625,1.0,0.01953125
2026-05-01T01:20,11,40,0.01953125,40,66,0.0,6.102702797593219,0.9326906719010671,0.962890625,1.0,0.01953125
2026-05-01T01:50,11,40,0.01953125,41,67,0.0,6.102722861321204,0.932695739964605,0.962890625,1.0,0.01953125
2026-05-01T02:20,11,40,0.01953125,41,67,0.0,6.102742809952142,0.9327141441921235,0.962890625,1.0,0.01953125
2026-05-01T02:50,12,40,0.01953125,41,67,0.0,6.102762643681964,0.9327325383571885,0.962890625,1.0,0.01953125
2026-05-01T03:20,12,40,0.01953125,43,72,0.0,6.102787777510223,0.9327127877635624,0.962890625,1.0,0.01953125
2026-05-01T03:50,10,40,0.01953125,44,75,0.0,6.102813478251386,0.9327178442456475,0.962890625,1.0,0.01953125
2026-05-01T04:20,10,40,0.01953125,44,76,0.0,6.102842635497469,0.9327102080971953,0.962890625,1.0,0.01953125
2026-05-01T04:50,10,40,0.01953125,44,78,0.0,6.102861744011111,0.9326904797815705,0.962890625,1.0,0.01953125
2026-05-01T05:20,10,40,0.01953125,44,78,0.0,6.102881077832015,0.9326828552729656,0.962890625,1.0,0.01953125
2026-05-01T05:50,10,40,0.01953125,44,78,0.0,6.1028967519253,0.9326752349262104,0.962890625,1.0,0.01953125
2026-05-01T06:20,11,40,0.01953125,44,78,0.0,6.102912989930599,0.9326676187378982,0.962890625,1.0,0.01953125
2026-05-01T06:50,11,40,0.01953125,44,77,0.0,6.102922424828559,0.9326363896597322,0.962890625,1.0,0.01953125
2026-05-01T07:20,12,40,0.01953125,44,74,0.0,6.102931243940113,0.9326167083743817,0.962890625,1.0,0.01953125
2026-05-01T07:50,13,40,0.01953125,44,71,0.0,6.1029322943140745,0.9325970378203753,0.962890625,1.0,0.01953125
2026-05-01T08:20,14,40,0.01953125,44,71,0.0,6.102933252610909,0.9326154087558289,0.962890625,1.0,0.01953125
2026-05-01T08:50,15,40,0.01953125,44,71,0.0,6.102934118990304,0.9326337696798737,0.962890625,1.0,0.01953125
2026-05-01T10:20,17,40,0.01953125,43,71,0.0,6.102930428511303,0.9326141105533686,0.962890625,1.0,0.01953125
2026-05-01T10:50,18,40,0.01953125,42,71,0.0,6.102925866298168,0.932619177383881,0.962890625,1.0,0.01953125
2026-05-01T11:20,20,40,0.01953125,41,71,0.0,6.102921989252061,0.9326242414554333,0.962890625,1.0,0.01953125
2026-05-01T11:50,20,40,0.01953125,41,71,0.0,6.102918025178609,0.9326425799852495,0.962890625,1.0,0.01953125
2026-05-01T12:20,21,40,0.01953125,41,71,0.0,6.102913006752691,0.9326476349327895,0.962890625,1.0,0.01953125
2026-05-01T12:50,22,40,0.01953125,41,71,0.0,6.102907902884181,0.9326659571213278,0.962890625,1.0,0.01953125
2026-05-01T13:20,24,40,0.01953125,41,71,0.0,6.1029027137241965,0.9326842693440308,0.962890625,1.0,0.01953125
2026-05-01T13:50,24,40,0.01953125,41,71,0.0,6.102894648499356,0.9326766776190221,0.962890625,1.0,0.01953125
2026-05-01T14:20,24,40,0.01953125,41,71,0.0,6.102886501506311,0.9326949769727543,0.962890625,1.0,0.01953125
2026-05-01T14:50,24,40,0.01953125,41,73,0.0,6.102871066382864,0.9326873864640014,0.962890625,1.0,0.01953125
2026-05-01T15:20,24,40,0.01953125,41,73,0.0,6.102856653316392,0.9326924209996523,0.962890625,1.0,0.01953125
2026-05-01T15:50,24,40,0.01953125,41,73,0.0,6.102842165759896,0.9327107011677676,0.962890625,1.0,0.01953125
2026-05-01T16:20,24,40,0.01953125,41,76,0.0,6.102822343499185,0.9327031125724904,0.962890625,1.0,0.01953125
2026-05-01T16:50,24,40,0.01953125,40,77,0.0,6.102802587571613,0.9327081387395975,0.962890625,1.0,0.01953125
2026-05-01T17:20,23,40,0.01953125,40,78,0.0,6.102780276726099,0.9327131621787985,0.962890625,1.0,0.01953125
2026-05-01T17:50,23,40,0.01953125,40,78,0.0,6.102756221372184,0.9327181828923135,0.962890625,1.0,0.01953125
2026-05-01T18:20,22,40,0.01953125,40,78,0.0,6.10273559403317,0.9327106005006318,0.962890625,1.0,0.01953125
2026-05-01T18:50,22,40,0.01953125,40,78,0.0,6.102715172437263,0.9327030222208762,0.962890625,1.0,0.01953125
2026-05-01T19:20,21,40,0.01953125,40,78,0.0,6.10269110603242,0.9326954480497026,0.962890625,1.0,0.01953125
2026-05-01T19:50,20,40,0.01953125,40,78,0.0,6.102668373235818,0.9326758734340467,0.962890625,1.0,0.01953125
2026-05-01T20:20,20,40,0.01953125,40,77,0.0,6.102654721412411,0.9326683107224042,0.962890625,1.0,0.01953125
2026-05-01T20:50,19,40,0.01953125,40,74,0.0,6.102656615246349,0.932648754060854,0.962890625,1.0,0.01953125
2026-05-01T21:20,19,40,0.01953125,40,74,0.0,6.102658417164396,0.9326669916037565,0.962890625,1.0,0.01953125
2026-05-01T21:50,18,40,0.01953125,40,74,0.0,6.102659165660447,0.9326720139428447,0.962890625,1.0,0.01953125
2026-05-01T22:20,18,40,0.01953125,40,73,0.0,6.102663119373667,0.9326770335634813,0.962890625,1.0,0.01953125
2026-05-01T22:50,18,40,0.01953125,40,70,0.0,6.102670371189275,0.932682050467873,0.962890625,1.0,0.01953125
2026-05-01T23:20,17,40,0.01953125,40,70,0.0,6.10267752570334,0.9327002592721825,0.962890625,1.0,0.01953125
2026-05-01T23:50,16,40,0.01953125,40,68,0.0,6.102689592092835,0.9327052671826538,0.962890625,1.0,0.01953125
2026-05-02T00:20,16,40,0.01953125,40,67,0.0,6.10270542758454,0.9326977128808369,0.962890625,1.0,0.01953125
2026-05-02T00:50,15,40,0.01953125,40,67,0.0,6.102721155400316,0.9327159026881664,0.962890625,1.0,0.01953125
2026-05-02T01:20,14,40,0.01953125,40,67,0.0,6.102736775722048,0.9327340826658242,0.962890625,1.0,0.01953125
2026-05-02T01:50,13,40,0.01953125,41,67,0.0,6.1027564726898245,0.9327390760287442,0.962890625,1.0,0.01953125
2026-05-02T02:20,13,40,0.01953125,41,67,0.0,6.1027760575497165,0.9327572399293574,0.962890625,1.0,0.01953125
2026-05-02T02:50,12,40,0.01953125,41,67,0.0,6.102795530490185,0.9327753940222491,0.962890625,1.0,0.01953125
2026-05-02T03:20,12,40,0.01953125,43,71,0.0,6.102820270087614,0.9327558770781889,0.962890625,1.0,0.01953125
2026-05-02T03:50,12,40,0.01953125,44,73,0.0,6.102845572397891,0.9327608591707731,0.962890625,1.0,0.01953125
2026-05-02T04:20,12,40,0.01953125,44,75,0.0,6.102872935414878,0.9327533061752487,0.962890625,1.0,0.01953125
2026-05-02T04:50,11,40,0.01953125,44,78,0.0,6.102891801850246,0.9327338109784051,0.962890625,1.0,0.01953125
2026-05-02T05:20,11,40,0.01953125,44,78,0.0,6.102910543971912,0.9327387949905961,0.962890625,1.0,0.01953125
2026-05-02T05:50,11,40,0.01953125,44,78,0.0,6.102926073097269,0.9327193142146631,0.962890625,1.0,0.01953125
2026-05-02T06:20,11,40,0.01953125,44,78,0.0,6.102942173077675,0.9327117805554195,0.962890625,1.0,0.01953125
2026-05-02T06:50,11,40,0.01953125,44,77,0.0,6.102951574684198,0.932680926578487,0.962890625,1.0,0.01953125
2026-05-02T07:20,11,40,0.01953125,44,74,0.0,6.1029603732065,0.9326614771278272,0.962890625,1.0,0.01953125
2026-05-02T07:50,11,40,0.01953125,44,71,0.0,6.102961534986932,0.9326420381507544,0.962890625,1.0,0.01953125
2026-05-02T08:20,12,40,0.01953125,44,71,0.0,6.102962606800227,0.932660169499839,0.962890625,1.0,0.01953125
2026-05-02T08:50,13,40,0.01953125,44,71,0.0,6.102963588800462,0.9326782910903935,0.962890625,1.0,0.01953125
2026-05-02T09:20,14,40,0.01953125,44,71,0.0,6.102964481141432,0.9326964029302938,0.962890625,1.0,0.01953125
2026-05-02T09:50,15,40,0.01953125,43,71,0.0,6.102960912481744,0.9326769754728834,0.962890625,1.0,0.01953125
2026-05-02T10:20,16,40,0.01953125,43,71,0.0,6.102957258567578,0.9326950779263729,0.962890625,1.0,0.01953125
2026-05-02T10:50,17,40,0.01953125,42,71,0.0,6.102952739639918,0.9327000576130042,0.962890625,1.0,0.01953125
2026-05-02T11:20,17,40,0.01953125,42,71,0.0,6.102948136801569,0.9327181441333985,0.962890625,1.0,0.01953125
2026-05-02T11:50,19,40,0.01953125,41,71,0.0,6.102944200893935,0.9327231149469561,0.962890625,1.0,0.01953125
2026-05-02T12:20,19,40,0.01953125,41,71,0.0,6.102939208065682,0.932728083090187,0.962890625,1.0,0.01953125
2026-05-02T12:50,21,40,0.01953125,41,71,0.0,6.102934132025399,0.9327461475147063,0.962890625,1.0,0.01953125
2026-05-02T13:20,21,40,0.01953125,41,57,0.0,6.102935348106649,0.9327511068072379,0.962890625,1.0,0.01953125
2026-05-02T13:50,22,40,0.01953125,41,71,0.0,6.102927340669525,0.9327435949441018,0.962890625,1.0,0.01953125
2026-05-02T14:20,22,40,0.01953125,41,73,0.0,6.1029121357823986,0.9327360871120164,0.962890625,1.0,0.01953125
2026-05-02T14:50,22,40,0.01953125,41,73,0.0,6.102897927318732,0.9327410451123069,0.962890625,1.0,0.01953125
2026-05-02T15:20,22,40,0.01953125,41,73,0.0,6.102883646200353,0.9327590818392814,0.962890625,1.0,0.01953125
2026-05-02T15:50,23,40,0.01953125,41,76,0.0,6.102869492033319,0.9327640310163205,0.962890625,1.0,0.01953125
2026-05-02T16:20,22,40,0.01953125,40,77,0.0,6.102850014713942,0.9327565257560004,0.962890625,1.0,0.01953125
2026-05-02T16:50,21,40,0.01953125,40,78,0.0,6.102828014470825,0.9327614729656571,0.962890625,1.0,0.01953125
2026-05-02T17:20,20,40,0.01953125,40,78,0.0,6.102804293014888,0.9327664175247863,0.962890625,1.0,0.01953125
2026-05-02T17:50,20,40,0.01953125,40,78,0.0,6.102782386823327,0.9327713594355175,0.962890625,1.0,0.01953125
2026-05-02T18:20,17,40,0.01953125,40,78,0.0,6.102760871414402,0.9327638602508661,0.962890625,1.0,0.01953125
2026-05-02T18:50,17,40,0.01953125,40,78,0.0,6.102740759949329,0.9327563650807672,0.962890625,1.0,0.01953125
2026-05-02T19:20,16,40,0.01953125,40,78,0.0,6.102714581763667,0.9327370203526961,0.962890625,1.0,0.01953125
2026-05-02T19:50,17,40,0.01953125,40,75,0.0,6.102708719207672,0.9327063742311952,0.962890625,1.0,0.01953125
2026-05-02T20:20,16,40,0.01953125,40,73,0.0,6.102706202409241,0.9327113255919771,0.962890625,1.0,0.01953125
2026-05-02T20:50,16,40,0.01953125,40,73,0.0,6.102707938584658,0.9327162743049726,0.962890625,1.0,0.01953125
2026-05-02T21:20,16,40,0.01953125,40,74,0.0,6.102708634916503,0.9327212203723049,0.962890625,1.0,0.01953125
2026-05-02T21:50,16,40,0.01953125,40,73,0.0,6.102712491784167,0.9327261637960951,0.962890625,1.0,0.01953125
2026-05-02T22:20,15,40,0.01953125,40,71,0.0,6.1027196059920445,0.9327311045784619,0.962890625,1.0,0.01953125
2026-05-02T22:50,15,40,0.01953125,40,71,0.0,6.102726625393806,0.9327490716979656,0.962890625,1.0,0.01953125
2026-05-02T23:20,15,40,0.01953125,40,68,0.0,6.102738497423374,0.9327540037248007,0.962890625,1.0,0.01953125
2026-05-02T23:50,15,40,0.01953125,40,68,0.0,6.10275026941671,0.9327719551386487,0.962890625,1.0,0.01953125
2026-05-03T00:20,15,40,0.01953125,40,67,0.0,6.102765773957561,0.93276447981162,0.962890625,1.0,0.01953125
2026-05-03T00:50,15,40,0.01953125,40,67,0.0,6.102781173723043,0.932782418851158,0.962890625,1.0,0.01953125
2026-05-03T01:20,15,40,0.01953125,40,67,0.0,6.102796468887854,0.9328003483206563,0.962890625,1.0,0.01953125
2026-05-03T01:50,15,40,0.01953125,41,67,0.0,6.102815792092971,0.9328052600976895,0.962890625,1.0,0.01953125
2026-05-03T02:20,15,40,0.01953125,41,67,0.0,6.102835006193193,0.932823173917978,0.962890625,1.0,0.01953125
2026-05-03T02:50,14,40,0.01953125,41,67,0.0,6.102854111369566,0.9328410781893218,0.962890625,1.0,0.01953125
2026-05-03T03:20,14,40,0.01953125,43,71,0.0,6.102878415085056,0.9328217933606753,0.962890625,1.0,0.01953125
2026-05-03T03:50,14,40,0.01953125,44,75,0.0,6.102903276827155,0.9328266941914782,0.962890625,1.0,0.01953125
2026-05-03T04:20,14,40,0.01953125,44,76,0.0,6.102930167054091,0.9328192202129352,0.962890625,1.0,0.01953125
2026-05-03T04:50,14,40,0.01953125,44,78,0.0,6.102948735374214,0.9327999566069889,0.962890625,1.0,0.01953125
2026-05-03T05:20,14,40,0.01953125,44,78,0.0,6.102967189211478,0.932804859336717,0.962890625,1.0,0.01953125
2026-05-03T05:50,14,40,0.01953125,44,78,0.0,6.102982503651793,0.9327856098042376,0.962890625,1.0,0.01953125
2026-05-03T06:20,14,40,0.01953125,44,78,0.0,6.103000916169146,0.9327781547084562,0.962890625,1.0,0.01953125
2026-05-03T06:50,14,40,0.01953125,44,78,0.0,6.103010192801099,0.9327476769593799,0.962890625,1.0,0.01953125
2026-05-03T07:20,14,40,0.01953125,44,74,0.0,6.103016199307115,0.9327172154175619,0.962890625,1.0,0.01953125
2026-05-03T07:50,14,40,0.01953125,44,71,0.0,6.103017376494776,0.9327097844471589,0.962890625,1.0,0.01953125
2026-05-03T08:20,15,40,0.01953125,44,71,0.0,6.103018465954268,0.9327276665134765,0.962890625,1.0,0.01953125
2026-05-03T08:50,15,40,0.01953125,44,71,0.0,6.103019467833912,0.9327455390781647,0.962890625,1.0,0.01953125
2026-05-03T09:20,15,40,0.01953125,44,71,0.0,6.103020382281758,0.9327634021487947,0.962890625,1.0,0.01953125
2026-05-03T09:50,16,40,0.01953125,43,71,0.0,6.1030169255673625,0.932744204515797,0.962890625,1.0,0.01953125
2026-05-03T10:20,16,40,0.01953125,43,71,0.0,6.103013385676886,0.9327620584567272,0.962890625,1.0,0.01953125
2026-05-03T10:50,17,40,0.01953125,42,71,0.0,6.103008987349864,0.9327669569317107,0.962890625,1.0,0.01953125
2026-05-03T11:20,17,40,0.01953125,42,71,0.0,6.10300450716031,0.9327847953618165,0.962890625,1.0,0.01953125
2026-05-03T11:50,17,40,0.01953125,41,71,0.0,6.103000692193302,0.9327896852071303,0.962890625,1.0,0.01953125
2026-05-03T12:20,17,40,0.01953125,41,71,0.0,6.102996794654683,0.9328075081492658,0.962890625,1.0,0.01953125
2026-05-03T12:50,19,40,0.01953125,41,71,0.0,6.1029918528846485,0.9328123893804551,0.962890625,1.0,0.01953125
2026-05-03T13:20,18,40,0.01953125,41,71,0.0,6.102983999387405,0.9328172680241907,0.962890625,1.0,0.01953125
2026-05-03T13:50,19,40,0.01953125,41,71,0.0,6.102976154384258,0.9328221440825296,0.962890625,1.0,0.01953125
2026-05-03T14:20,19,40,0.01953125,41,73,0.0,6.102961193043046,0.9328147109065507,0.962890625,1.0,0.01953125
2026-05-03T14:50,19,40,0.01953125,41,73,0.0,6.102947196229686,0.9328195850594343,0.962890625,1.0,0.01953125
2026-05-03T15:20,19,40,0.01953125,41,73,0.0,6.102933128560087,0.9328373717724183,0.962890625,1.0,0.01953125
2026-05-03T15:50,20,40,0.01953125,41,76,0.0,6.102919184654494,0.9328422373469082,0.962890625,1.0,0.01953125
2026-05-03T16:20,19,40,0.01953125,40,77,0.0,6.102899988069942,0.9328348067217201,0.962890625,1.0,0.01953125
2026-05-03T16:50,19,40,0.01953125,40,78,0.0,6.102878301741967,0.9328396704004168,0.962890625,1.0,0.01953125
2026-05-03T17:20,20,40,0.01953125,40,78,0.0,6.102854912787435,0.9328445315064192,0.962890625,1.0,0.01953125
2026-05-03T17:50,19,40,0.01953125,40,78,0.0,6.102833305556189,0.9328493900417679,0.962890625,1.0,0.01953125
2026-05-03T18:20,19,40,0.01953125,40,78,0.0,6.102813171370265,0.9328542460085015,0.962890625,1.0,0.01953125
2026-05-03T18:50,19,40,0.01953125,40,78,0.0,6.102793222127746,0.9328468220282566,0.962890625,1.0,0.01953125
2026-05-03T19:20,19,40,0.01953125,40,78,0.0,6.1027714918374425,0.9328276987242278,0.962890625,1.0,0.01953125
2026-05-03T19:50,18,40,0.01953125,40,76,0.0,6.102761473155734,0.9327974171921247,0.962890625,1.0,0.01953125
2026-05-03T20:20,18,40,0.01953125,40,75,0.0,6.102755541846516,0.9328022817537838,0.962890625,1.0,0.01953125
2026-05-03T20:50,18,40,0.01953125,40,73,0.0,6.102757179784988,0.9327948793311354,0.962890625,1.0,0.01953125
2026-05-03T21:20,18,40,0.01953125,40,73,0.0,6.102757784683907,0.932799741994863,0.962890625,1.0,0.01953125
2026-05-03T21:50,17,40,0.01953125,40,71,0.0,6.102762723428953,0.9328046020925412,0.962890625,1.0,0.01953125
2026-05-03T22:20,17,40,0.01953125,40,71,0.0,6.102769649337953,0.9328094596262005,0.962890625,1.0,0.01953125
2026-05-03T22:50,16,40,0.01953125,40,71,0.0,6.102776482952948,0.9328271786505608,0.962890625,1.0,0.01953125
2026-05-03T23:20,16,40,0.01953125,40,68,0.0,6.102788103117893,0.9328320276707412,0.962890625,1.0,0.01953125
2026-05-03T23:50,15,40,0.01953125,40,68,0.0,6.102799625891526,0.9328497314061996,0.962890625,1.0,0.01953125
2026-05-04T00:20,15,40,0.01953125,40,67,0.0,6.102814845244972,0.9328423301343567,0.962890625,1.0,0.01953125
2026-05-04T00:50,15,40,0.01953125,40,67,0.0,6.1028299625700395,0.9328600218282096,0.962890625,1.0,0.01953125
2026-05-04T01:20,14,40,0.01953125,40,67,0.0,6.102844978034669,0.9328777042032877,0.962890625,1.0,0.01953125
2026-05-04T01:50,14,40,0.01953125,41,67,0.0,6.102863974031464,0.9328825335366188,0.962890625,1.0,0.01953125
2026-05-04T02:20,15,40,0.01953125,41,67,0.0,6.102882863769496,0.9329002006770408,0.962890625,1.0,0.01953125
2026-05-04T02:50,14,40,0.01953125,41,67,0.0,6.102901647422839,0.932917858518968,0.962890625,1.0,0.01953125
2026-05-04T03:20,13,40,0.01953125,43,70,0.0,6.1029255631946295,0.9328987970240352,0.962890625,1.0,0.01953125
2026-05-04T03:50,13,40,0.01953125,44,74,0.0,6.102950032320783,0.9329036157287094,0.962890625,1.0,0.01953125
2026-05-04T04:20,13,40,0.01953125,44,75,0.0,6.1029765051779075,0.9328962158573006,0.962890625,1.0,0.01953125
2026-05-04T04:50,13,40,0.01953125,44,77,0.0,6.102994810176105,0.932877175084541,0.962890625,1.0,0.01953125
2026-05-04T05:20,13,40,0.01953125,44,77,0.0,6.103013010041044,0.9328819956724808,0.962890625,1.0,0.01953125
2026-05-04T05:50,13,40,0.01953125,44,78,0.0,6.103028137364711,0.9328629686416363,0.962890625,1.0,0.01953125
2026-05-04T06:20,13,40,0.01953125,44,78,0.0,6.103046325517824,0.9328555872221775,0.962890625,1.0,0.01953125
2026-05-04T06:50,12,40,0.01953125,44,78,0.0,6.1030554966757675,0.9328254733122404,0.962890625,1.0,0.01953125
2026-05-04T07:20,12,40,0.01953125,44,74,0.0,6.103064070655253,0.9328064761064034,0.962890625,1.0,0.01953125
2026-05-04T07:50,12,40,0.01953125,44,71,0.0,6.1030652497416975,0.932787488872853,0.962890625,1.0,0.01953125
2026-05-04T08:20,12,40,0.01953125,44,71,0.0,6.103066343270954,0.9328051253228995,0.962890625,1.0,0.01953125
2026-05-04T08:50,12,40,0.01953125,44,71,0.0,6.103067351385846,0.9328227525198242,0.962890625,1.0,0.01953125
2026-05-04T09:20,12,40,0.01953125,44,71,0.0,6.103064271255282,0.9328275772666575,0.962890625,1.0,0.01953125
2026-05-04T09:50,13,40,0.01953125,44,71,0.0,6.103066096920137,0.9328323994834715,0.962890625,1.0,0.01953125
2026-05-04T10:20,13,40,0.01953125,43,71,0.0,6.103062649265333,0.9328372191722557,0.962890625,1.0,0.01953125
2026-05-04T10:50,13,40,0.01953125,42,71,0.0,6.103058349716589,0.9328420363349975,0.962890625,1.0,0.01953125
2026-05-04T11:20,14,40,0.01953125,42,71,0.0,6.1030539702987445,0.9328596307713782,0.962890625,1.0,0.01953125
2026-05-04T11:50,14,40,0.01953125,41,71,0.0,6.103050246562494,0.9328644395407402,0.962890625,1.0,0.01953125
2026-05-04T12:20,14,40,0.01953125,41,71,0.0,6.1030464422655015,0.9328820188967127,0.962890625,1.0,0.01953125
2026-05-04T12:50,14,40,0.01953125,41,71,0.0,6.103041612478721,0.9328868192876284,0.962890625,1.0,0.01953125
2026-05-04T13:20,15,40,0.01953125,41,71,0.0,6.1030339046733975,0.9328916171659083,0.962890625,1.0,0.01953125
2026-05-04T13:50,15,40,0.01953125,41,71,0.0,6.10302619307274,0.9328964125335245,0.962890625,1.0,0.01953125
2026-05-04T14:20,15,40,0.01953125,41,73,0.0,6.1030114444910675,0.9328890532586694,0.962890625,1.0,0.01953125
2026-05-04T14:50,15,40,0.01953125,41,73,0.0,6.102997629850593,0.9328938467887258,0.962890625,1.0,0.01953125
2026-05-04T15:20,15,40,0.01953125,41,73,0.0,6.102983746112945,0.9329113908810686,0.962890625,1.0,0.01953125
2026-05-04T15:50,15,40,0.01953125,40,76,0.0,6.102969675826631,0.9329161760669845,0.962890625,1.0,0.01953125
2026-05-04T16:20,15,40,0.01953125,40,77,0.0,6.102950728876032,0.9329088193198445,0.962890625,1.0,0.01953125
2026-05-04T16:50,14,40,0.01953125,40,78,0.0,6.102929324529175,0.93291360267744,0.962890625,1.0,0.01953125
2026-05-04T17:20,14,40,0.01953125,40,78,0.0,6.102906235784108,0.9329183835365461,0.962890625,1.0,0.01953125
2026-05-04T17:50,15,40,0.01953125,40,78,0.0,6.102884896345245,0.9329231618991201,0.962890625,1.0,0.01953125
2026-05-04T18:20,15,40,0.01953125,40,78,0.0,6.102863925376389,0.9329158110097604,0.962890625,1.0,0.01953125
2026-05-04T18:50,15,40,0.01953125,40,78,0.0,6.102844105246427,0.9328969042522628,0.962890625,1.0,0.01953125
2026-05-04T19:20,15,40,0.01953125,40,78,0.0,6.102818569558534,0.9328895640488998,0.962890625,1.0,0.01953125
2026-05-04T19:50,15,40,0.01953125,40,75,0.0,6.102812702531497,0.9328596454923357,0.962890625,1.0,0.01953125
2026-05-04T20:20,14,40,0.01953125,40,75,0.0,6.102806758621401,0.932877152755571,0.962890625,1.0,0.01953125
2026-05-04T20:50,14,40,0.01953125,40,73,0.0,6.102808275149385,0.932869823441704,0.962890625,1.0,0.01953125
2026-05-04T21:20,13,40,0.01953125,40,74,0.0,6.1028087594825315,0.9328746057426561,0.962890625,1.0,0.01953125
2026-05-04T21:50,14,40,0.01953125,40,71,0.0,6.10281556006987,0.9328672809117597,0.962890625,1.0,0.01953125
2026-05-04T22:20,13,40,0.01953125,40,71,0.0,6.102822270666968,0.9328847679446038,0.962890625,1.0,0.01953125
2026-05-04T22:50,13,40,0.01953125,40,71,0.0,6.102828891421029,0.9329022458696182,0.962890625,1.0,0.01953125
2026-05-04T23:20,13,40,0.01953125,40,68,0.0,6.102840230319352,0.9329070147491615,0.962890625,1.0,0.01953125
2026-05-04T23:50,12,40,0.01953125,40,67,0.0,6.102855151913933,0.9329117811462062,0.962890625,1.0,0.01953125
2026-05-05T00:20,12,40,0.01953125,40,67,0.0,6.102870054270212,0.9329165450626905,0.962890625,1.0,0.01953125
2026-05-05T00:50,12,40,0.01953125,40,67,0.0,6.10288485728449,0.9329339965337979,0.962890625,1.0,0.01953125
2026-05-05T01:20,12,40,0.01953125,40,67,0.0,6.102899561118227,0.9329514389274173,0.962890625,1.0,0.01953125
2026-05-05T01:50,11,40,0.01953125,41,67,0.0,6.102918191903862,0.9329561888164625,0.962890625,1.0,0.01953125
2026-05-05T02:20,11,40,0.01953125,41,67,0.0,6.1029367192220345,0.9329736163733077,0.962890625,1.0,0.01953125
2026-05-05T02:50,11,40,0.01953125,41,67,0.0,6.10295514324011,0.9329910348721712,0.962890625,1.0,0.01953125
2026-05-05T03:20,11,40,0.01953125,43,68,0.0,6.102979704289366,0.932983700725611,0.962890625,1.0,0.01953125
2026-05-05T03:50,11,40,0.01953125,44,75,0.0,6.1030037489487485,0.9329763703889971,0.962890625,1.0,0.01953125
2026-05-05T04:20,11,40,0.01953125,44,76,0.0,6.103029773228488,0.9329690438593613,0.962890625,1.0,0.01953125
2026-05-05T04:50,11,40,0.01953125,44,78,0.0,6.103047784989488,0.9329502214482553,0.962890625,1.0,0.01953125
2026-05-05T05:20,11,40,0.01953125,44,78,0.0,6.103065700581464,0.932954963023845,0.962890625,1.0,0.01953125
2026-05-05T05:50,11,40,0.01953125,44,78,0.0,6.103080608194081,0.9329361540340304,0.962890625,1.0,0.01953125
2026-05-05T06:20,11,40,0.01953125,44,78,0.0,6.103096083889885,0.932928845538759,0.962890625,1.0,0.01953125
2026-05-05T06:50,11,40,0.01953125,44,78,0.0,6.103105135232763,0.932899087492245,0.962890625,1.0,0.01953125
2026-05-05T07:20,11,40,0.01953125,44,74,0.0,6.103113606975944,0.9328803076189723,0.962890625,1.0,0.01953125
2026-05-05T07:50,11,40,0.01953125,44,71,0.0,6.1031148065294705,0.932861537481248,0.962890625,1.0,0.01953125
2026-05-05T08:20,12,40,0.01953125,44,71,0.0,6.103115922597035,0.932878935372546,0.962890625,1.0,0.01953125
2026-05-05T08:50,12,40,0.01953125,44,71,0.0,6.10311695531626,0.9328963242493925,0.962890625,1.0,0.01953125
2026-05-05T09:20,12,40,0.01953125,44,71,0.0,6.103113962342352,0.9329010699598161,0.962890625,1.0,0.01953125
2026-05-05T09:50,13,40,0.01953125,44,71,0.0,6.103115825576139,0.9329058132125959,0.962890625,1.0,0.01953125
2026-05-05T10:20,13,40,0.01953125,43,71,0.0,6.103112496044667,0.9329105540096403,0.962890625,1.0,0.01953125
2026-05-05T10:50,13,40,0.01953125,42,71,0.0,6.1031083210734725,0.932915292352856,0.962890625,1.0,0.01953125
2026-05-05T11:20,14,40,0.01953125,42,71,0.0,6.103104068123602,0.9329326493276677,0.962890625,1.0,0.01953125
2026-05-05T11:50,15,40,0.01953125,41,71,0.0,6.103100469085942,0.9329373795043018,0.962890625,1.0,0.01953125
2026-05-05T12:20,15,40,0.01953125,41,71,0.0,6.103096791384867,0.9329547217904398,0.962890625,1.0,0.01953125
2026-05-05T12:50,16,40,0.01953125,41,71,0.0,6.103092106295174,0.9329594438148464,0.962890625,1.0,0.01953125
2026-05-05T13:20,16,40,0.01953125,41,71,0.0,6.1030845760894294,0.9329641633982996,0.962890625,1.0,0.01953125
2026-05-05T13:50,16,40,0.01953125,41,71,0.0,6.103077036241702,0.9329688805426916,0.962890625,1.0,0.01953125
2026-05-05T14:20,16,40,0.01953125,41,73,0.0,6.103062536996006,0.9329615938013376,0.962890625,1.0,0.01953125
2026-05-05T14:50,16,40,0.01953125,41,73,0.0,6.103048942272229,0.9329663091728236,0.962890625,1.0,0.01953125
2026-05-05T15:20,16,40,0.01953125,41,73,0.0,6.1030352800982435,0.9329836171229468,0.962890625,1.0,0.01953125
2026-05-05T15:50,16,40,0.01953125,40,76,0.0,6.103021431288397,0.9329883243751596,0.962890625,1.0,0.01953125
2026-05-05T16:20,16,40,0.01953125,40,77,0.0,6.103002760088848,0.93298104013784,0.962890625,1.0,0.01953125
2026-05-05T16:50,15,40,0.01953125,40,78,0.0,6.102982319357815,0.9329857456259869,0.962890625,1.0,0.01953125
2026-05-05T17:20,15,40,0.01953125,40,78,0.0,6.102959549966246,0.9329904486867476,0.962890625,1.0,0.01953125
2026-05-05T17:50,15,40,0.01953125,40,78,0.0,6.102938498478713,0.9329951493219999,0.962890625,1.0,0.01953125
2026-05-05T18:20,15,40,0.01953125,40,78,0.0,6.102917799940609,0.9329878708366789,0.962890625,1.0,0.01953125
2026-05-05T18:50,14,40,0.01953125,40,78,0.0,6.102898219401312,0.9329691794050919,0.962890625,1.0,0.01953125
2026-05-05T19:20,14,40,0.01953125,40,78,0.0,6.1028729854159804,0.9329619113621537,0.962890625,1.0,0.01953125
2026-05-05T19:50,14,40,0.01953125,40,76,0.0,6.10286307650497,0.9329432362475006,0.962890625,1.0,0.01953125
2026-05-05T20:20,13,40,0.01953125,40,73,0.0,6.102860408482708,0.9329359786292968,0.962890625,1.0,0.01953125
2026-05-05T20:50,13,40,0.01953125,40,73,0.0,6.102861814430416,0.9329406860272283,0.962890625,1.0,0.01953125
2026-05-05T21:20,13,40,0.01953125,40,74,0.0,6.102862189294625,0.9329453910017889,0.962890625,1.0,0.01953125
2026-05-05T21:50,12,40,0.01953125,40,72,0.0,6.102866791554783,0.9329500935548494,0.962890625,1.0,0.01953125
2026-05-05T22:20,12,40,0.01953125,40,71,0.0,6.1028733027026325,0.9329547936882788,0.962890625,1.0,0.01953125
2026-05-05T22:50,11,40,0.01953125,40,71,0.0,6.102879726352935,0.9329720378257048,0.962890625,1.0,0.01953125
2026-05-05T23:20,12,40,0.01953125,40,68,0.0,6.102890801616,0.9329767298993406,0.962890625,1.0,0.01953125
2026-05-05T23:50,11,40,0.01953125,40,67,0.0,6.102905412549341,0.932981419560599,0.962890625,1.0,0.01953125
2026-05-06T00:20,11,40,0.01953125,40,67,0.0,6.102920011327801,0.9329861068113403,0.962890625,1.0,0.01953125
2026-05-06T00:50,11,40,0.01953125,40,67,0.0,6.102934513342916,0.9330033251806077,0.962890625,1.0,0.01953125
2026-05-06T01:20,10,40,0.01953125,40,67,0.0,6.102948918750006,0.9330205347040651,0.962890625,1.0,0.01953125
2026-05-06T01:50,10,40,0.01953125,41,67,0.0,6.102967198940969,0.9330252082986955,0.962890625,1.0,0.01953125
2026-05-06T02:20,10,40,0.01953125,41,67,0.0,6.102985378344225,0.9330424033671683,0.962890625,1.0,0.01953125
2026-05-06T02:50,10,40,0.01953125,41,67,0.0,6.103003457120783,0.9330595896086039,0.962890625,1.0,0.01953125
2026-05-06T03:20,10,40,0.01953125,43,73,0.0,6.103026540770301,0.9330409613116242,0.962890625,1.0,0.01953125
2026-05-06T03:50,10,40,0.01953125,44,75,0.0,6.10305017787209,0.9330456248700859,0.962890625,1.0,0.01953125
2026-05-06T04:20,9,40,0.01953125,44,76,0.0,6.103077074332553,0.933038370774136,0.962890625,1.0,0.01953125
2026-05-06T04:50,9,40,0.01953125,44,78,0.0,6.103095160536102,0.9330197622473425,0.962890625,1.0,0.01953125
2026-05-06T05:20,9,40,0.01953125,44,78,0.0,6.103113194482884,0.93301251850023,0.962890625,1.0,0.01953125
2026-05-06T05:50,9,40,0.01953125,44,78,0.0,6.103132983791198,0.9330171845672969,0.962890625,1.0,0.01953125
2026-05-06T06:20,8,40,0.01953125,44,78,0.0,6.103148205110414,0.933009945192507,0.962890625,1.0,0.01953125
2026-05-06T06:50,8,40,0.01953125,44,78,0.0,6.103157138912428,0.932970182854542,0.962890625,1.0,0.01953125
2026-05-06T07:20,8,40,0.01953125,44,74,0.0,6.103167048981925,0.9329629592237885,0.962890625,1.0,0.01953125
2026-05-06T07:50,9,40,0.01953125,44,72,0.0,6.103172173941283,0.932944398588114,0.962890625,1.0,0.01953125
2026-05-06T08:20,9,40,0.01953125,44,71,0.0,6.103173319421605,0.9329490761191114,0.962890625,1.0,0.01953125
2026-05-06T08:50,10,40,0.01953125,44,71,0.0,6.103174383538099,0.9329662334691321,0.962890625,1.0,0.01953125
2026-05-06T09:20,10,40,0.01953125,44,71,0.0,6.103175366423211,0.9329833820407696,0.962890625,1.0,0.01953125
2026-05-06T09:50,11,40,0.01953125,44,71,0.0,6.103177266967024,0.9329761642716445,0.962890625,1.0,0.01953125
2026-05-06T10:20,11,40,0.01953125,43,71,0.0,6.103174052965553,0.9329808288965291,0.962890625,1.0,0.01953125
2026-05-06T10:50,11,40,0.01953125,42,71,0.0,6.103169999920431,0.9329854911366361,0.962890625,1.0,0.01953125
2026-05-06T11:20,11,40,0.01953125,42,71,0.0,6.103165870719406,0.9330026172569692,0.962890625,1.0,0.01953125
2026-05-06T11:50,12,40,0.01953125,41,71,0.0,6.103162393550853,0.93300727154796,0.962890625,1.0,0.01953125
2026-05-06T12:20,12,40,0.01953125,41,71,0.0,6.1031588395486684,0.9330243833559938,0.962890625,1.0,0.01953125
2026-05-06T12:50,12,40,0.01953125,41,71,0.0,6.103154302743745,0.9330290297116728,0.962890625,1.0,0.01953125
2026-05-06T13:50,12,40,0.01953125,41,71,0.0,6.1031469983048545,0.9330218131875601,0.962890625,1.0,0.01953125
2026-05-06T14:20,12,40,0.01953125,41,73,0.0,6.103136480008095,0.9330264578274292,0.962890625,1.0,0.01953125
2026-05-06T14:50,12,40,0.01953125,41,74,0.0,6.1031231575505975,0.9330192456424163,0.962890625,1.0,0.01953125
2026-05-06T15:20,12,40,0.01953125,41,74,0.0,6.103109769127818,0.9330363325695483,0.962890625,1.0,0.01953125
2026-05-06T15:50,13,40,0.01953125,41,75,0.0,6.103090205919232,0.9330409699527734,0.962890625,1.0,0.01953125
2026-05-06T16:20,13,40,0.01953125,40,77,0.0,6.103071853433589,0.9330337595842904,0.962890625,1.0,0.01953125
2026-05-06T16:50,13,40,0.01953125,40,78,0.0,6.10305109005355,0.9330383952591849,0.962890625,1.0,0.01953125
2026-05-06T17:20,13,40,0.01953125,40,78,0.0,6.10302866701139,0.9330430285713499,0.962890625,1.0,0.01953125
2026-05-06T17:50,13,40,0.01953125,40,78,0.0,6.103007926799923,0.9330476595225916,0.962890625,1.0,0.01953125
2026-05-06T18:20,12,40,0.01953125,40,78,0.0,6.102987515484658,0.9330404547964681,0.962890625,1.0,0.01953125
2026-05-06T18:50,12,40,0.01953125,40,78,0.0,6.102968171862717,0.9330219736814904,0.962890625,1.0,0.01953125
2026-05-06T19:50,12,40,0.01953125,40,76,0.0,6.102958352818524,0.9329824512283582,0.962890625,1.0,0.01953125
2026-05-06T20:20,12,40,0.01953125,40,75,0.0,6.102952435032693,0.9329870928829692,0.962890625,1.0,0.01953125
2026-05-06T20:50,12,40,0.01953125,40,73,0.0,6.102953732783578,0.9329799109012589,0.962890625,1.0,0.01953125
2026-05-06T21:20,11,40,0.01953125,40,74,0.0,6.102953987658474,0.9329845508405349,0.962890625,1.0,0.01953125
2026-05-06T21:50,11,40,0.01953125,40,72,0.0,6.102958407651804,0.9329891884197197,0.962890625,1.0,0.01953125
2026-05-06T22:20,11,40,0.01953125,40,71,0.0,6.1029646924916605,0.9329938236406136,0.962890625,1.0,0.01953125
2026-05-06T22:50,10,40,0.01953125,40,71,0.0,6.102970892042895,0.9330108562223012,0.962890625,1.0,0.01953125
2026-05-06T23:20,10,40,0.01953125,40,68,0.0,6.102981666380064,0.9330154835808712,0.962890625,1.0,0.01953125
2026-05-06T23:50,10,40,0.01953125,40,67,0.0,6.102995926721621,0.9330201085881411,0.962890625,1.0,0.01953125
2026-05-07T00:20,10,40,0.01953125,40,67,0.0,6.10301016895024,0.9330247312459026,0.962890625,1.0,0.01953125
2026-05-07T00:50,10,40,0.01953125,40,67,0.0,6.1030243168796705,0.9330417386782932,0.962890625,1.0,0.01953125
2026-05-07T01:20,10,40,0.01953125,40,67,0.0,6.103038370659493,0.9330587374752776,0.962890625,1.0,0.01953125
2026-05-07T01:50,10,40,0.01953125,41,67,0.0,6.103056241440407,0.9330633468089629,0.962890625,1.0,0.01953125
2026-05-07T02:20,10,40,0.01953125,41,67,0.0,6.103074014001192,0.9330803314964004,0.962890625,1.0,0.01953125
2026-05-07T02:50,10,40,0.01953125,41,67,0.0,6.10309168849691,0.9330973075665433,0.962890625,1.0,0.01953125
2026-05-07T03:20,10,40,0.01953125,43,73,0.0,6.103114293778882,0.9330788870260189,0.962890625,1.0,0.01953125
2026-05-07T03:50,10,40,0.01953125,44,75,0.0,6.103137444296452,0.9330834865760111,0.962890625,1.0,0.01953125
2026-05-07T04:20,10,40,0.01953125,44,76,0.0,6.103163808745685,0.93307630746782,0.962890625,1.0,0.01953125
2026-05-07T04:50,9,40,0.01953125,44,78,0.0,6.10318152638156,0.9330579062536313,0.962890625,1.0,0.01953125
2026-05-07T05:20,9,40,0.01953125,44,78,0.0,6.103199205015591,0.9330507372641477,0.962890625,1.0,0.01953125
2026-05-07T05:50,9,40,0.01953125,44,78,0.0,6.103213601158641,0.933043571906371,0.962890625,1.0,0.01953125
2026-05-07T06:20,9,40,0.01953125,44,78,0.0,6.103227399436461,0.9330364101775424,0.962890625,1.0,0.01953125
2026-05-07T06:50,9,40,0.01953125,44,78,0.0,6.103236151365188,0.9330073330656447,0.962890625,1.0,0.01953125
2026-05-07T07:20,10,40,0.01953125,44,74,0.0,6.1032443725285495,0.932988972595691,0.962890625,1.0,0.01953125
2026-05-07T07:50,10,40,0.01953125,44,72,0.0,6.103249418848527,0.9329818301190126,0.962890625,1.0,0.01953125
2026-05-07T08:20,10,40,0.01953125,44,71,0.0,6.103250551793557,0.9329864437496921,0.962890625,1.0,0.01953125
2026-05-07T08:50,11,40,0.01953125,44,71,0.0,6.103251605255432,0.9330033920441408,0.962890625,1.0,0.01953125
2026-05-07T09:20,12,40,0.01953125,44,71,0.0,6.10324876118156,0.9330079978899438,0.962890625,1.0,0.01953125
2026-05-07T09:50,12,40,0.01953125,44,71,0.0,6.103250686351016,0.93301260140721,0.962890625,1.0,0.01953125
2026-05-07T10:20,12,40,0.01953125,43,71,0.0,6.103247578216374,0.9330172025977047,0.962890625,1.0,0.01953125
2026-05-07T10:50,13,40,0.01953125,42,71,0.0,6.1032436435295665,0.9330218014631917,0.962890625,1.0,0.01953125
2026-05-07T11:20,13,40,0.01953125,42,71,0.0,6.103239634364315,0.9330387194219026,0.962890625,1.0,0.01953125
2026-05-07T11:50,13,40,0.01953125,41,71,0.0,6.103236282722784,0.9330433105311889,0.962890625,1.0,0.01953125
2026-05-07T12:20,14,40,0.01953125,41,71,0.0,6.10323285592264,0.9330602145174219,0.962890625,1.0,0.01953125
2026-05-07T12:50,13,40,0.01953125,41,71,0.0,6.103228481975539,0.933064797883822,0.962890625,1.0,0.01953125
2026-05-07T13:20,14,40,0.01953125,41,71,0.0,6.103221321951927,0.9330693789371431,0.962890625,1.0,0.01953125
2026-05-07T13:50,14,40,0.01953125,41,71,0.0,6.103214141374219,0.9330739576791356,0.962890625,1.0,0.01953125
2026-05-07T14:20,13,40,0.01953125,41,73,0.0,6.103203787182597,0.9330785341115482,0.962890625,1.0,0.01953125
2026-05-07T14:50,14,40,0.01953125,41,74,0.0,6.103190665129804,0.9330713942655197,0.962890625,1.0,0.01953125
2026-05-07T15:20,14,40,0.01953125,41,74,0.0,6.1031774786135005,0.9330882656055082,0.962890625,1.0,0.01953125
2026-05-07T15:50,14,40,0.01953125,41,75,0.0,6.103158188181971,0.9330928349720881,0.962890625,1.0,0.01953125
2026-05-07T16:20,14,40,0.01953125,40,77,0.0,6.103140107182091,0.9330856969196291,0.962890625,1.0,0.01953125
2026-05-07T16:50,14,40,0.01953125,40,78,0.0,6.103119643765348,0.9330902646312853,0.962890625,1.0,0.01953125
2026-05-07T17:20,14,40,0.01953125,40,78,0.0,6.10309754172272,0.9330948300424069,0.962890625,1.0,0.01953125
2026-05-07T17:50,13,40,0.01953125,40,78,0.0,6.103077099497511,0.9330993931547313,0.962890625,1.0,0.01953125
2026-05-07T18:20,13,40,0.01953125,40,78,0.0,6.103056981265099,0.9330922606381462,0.962890625,1.0,0.01953125
2026-05-07T18:50,13,40,0.01953125,40,78,0.0,6.1030379153320515,0.9330739850608037,0.962890625,1.0,0.01953125
2026-05-07T19:20,13,40,0.01953125,40,78,0.0,6.103013320867026,0.9330668625248795,0.962890625,1.0,0.01953125
2026-05-07T19:50,13,40,0.01953125,40,76,0.0,6.103003575070471,0.9330486025283388,0.962890625,1.0,0.01953125
2026-05-07T20:20,12,40,0.01953125,40,75,0.0,6.102997673332616,0.9330531715275007,0.962890625,1.0,0.01953125
2026-05-07T20:50,12,40,0.01953125,40,73,0.0,6.102998883771837,0.9330460595951815,0.962890625,1.0,0.01953125
2026-05-07T21:20,12,40,0.01953125,40,74,0.0,6.102999053223836,0.9330506269368753,0.962890625,1.0,0.01953125
2026-05-07T21:50,12,40,0.01953125,40,72,0.0,6.103003341528003,0.9330551919834227,0.962890625,1.0,0.01953125
2026-05-07T22:20,12,40,0.01953125,40,71,0.0,6.103009463386068,0.9330597547365529,0.962890625,1.0,0.01953125
2026-05-07T22:50,12,40,0.01953125,40,71,0.0,6.103015502104892,0.9330765654460615,0.962890625,1.0,0.01953125
2026-05-07T23:20,11,40,0.01953125,40,68,0.0,6.103026046487428,0.9330811205419062,0.962890625,1.0,0.01953125
2026-05-07T23:50,11,40,0.01953125,40,67,0.0,6.103040032306588,0.9330856733510561,0.962890625,1.0,0.01953125
2026-05-08T00:20,11,40,0.01953125,40,67,0.0,6.1030540067202415,0.9330902238752328,0.962890625,1.0,0.01953125
2026-05-08T00:50,10,40,0.01953125,40,67,0.0,6.1030678892075,0.933107010070949,0.962890625,1.0,0.01953125
2026-05-08T01:20,10,40,0.01953125,40,67,0.0,6.103081679912409,0.9331237878462009,0.962890625,1.0,0.01953125
2026-05-08T01:50,9,40,0.01953125,41,67,0.0,6.103099238270736,0.9331283253899192,0.962890625,1.0,0.01953125
2026-05-08T02:20,9,40,0.01953125,41,67,0.0,6.103116700875521,0.9331450894096259,0.962890625,1.0,0.01953125
2026-05-08T02:50,9,40,0.01953125,41,67,0.0,6.103134067876094,0.9331618450263153,0.962890625,1.0,0.01953125
2026-05-08T03:20,9,40,0.01953125,43,68,0.0,6.103157345990363,0.933154729030258,0.962890625,1.0,0.01953125
2026-05-08T03:50,9,40,0.01953125,44,75,0.0,6.10318012034589,0.9331476165993291,0.962890625,1.0,0.01953125
2026-05-08T04:20,8,40,0.01953125,44,76,0.0,6.103208836915433,0.9331294141199099,0.962890625,1.0,0.01953125
2026-05-08T04:50,8,40,0.01953125,44,78,0.0,6.1032262800790305,0.9331223115887739,0.962890625,1.0,0.01953125
2026-05-08T05:20,8,40,0.01953125,44,78,0.0,6.103243690755055,0.9331152126133477,0.962890625,1.0,0.01953125
2026-05-08T05:50,8,40,0.01953125,44,78,0.0,6.103257863906964,0.9331081171909626,0.962890625,1.0,0.01953125
2026-05-08T06:20,9,40,0.01953125,44,78,0.0,6.103271447965774,0.9331010253189512,0.962890625,1.0,0.01953125
2026-05-08T06:50,9,40,0.01953125,44,78,0.0,6.1032800674007,0.9330722811450801,0.962890625,1.0,0.01953125
2026-05-08T07:20,10,40,0.01953125,44,74,0.0,6.1032881713896465,0.933054124814781,0.962890625,1.0,0.01953125
2026-05-08T07:50,11,40,0.01953125,44,71,0.0,6.103289381296867,0.9330359775626471,0.962890625,1.0,0.01953125
2026-05-08T08:20,12,40,0.01953125,44,71,0.0,6.1032905134764865,0.933052714384051,0.962890625,1.0,0.01953125
2026-05-08T08:50,13,40,0.01953125,44,71,0.0,6.103291568052059,0.9330694428412265,0.962890625,1.0,0.01953125
2026-05-08T09:20,14,40,0.01953125,44,71,0.0,6.103292545146921,0.9330861629404418,0.962890625,1.0,0.01953125
2026-05-08T09:50,15,40,0.01953125,43,71,0.0,6.103289595819826,0.933068025815901,0.962890625,1.0,0.01953125
2026-05-08T10:20,16,40,0.01953125,43,71,0.0,6.103286572568064,0.9330847379193176,0.962890625,1.0,0.01953125
2026-05-08T10:50,16,40,0.01953125,42,71,0.0,6.103282728913941,0.9330892648225317,0.962890625,1.0,0.01953125
2026-05-08T11:20,16,40,0.01953125,42,71,0.0,6.1032788125047235,0.9331059632840185,0.962890625,1.0,0.01953125
2026-05-08T11:50,17,40,0.01953125,41,71,0.0,6.103275551397638,0.9331104826325493,0.962890625,1.0,0.01953125
2026-05-08T12:20,17,40,0.01953125,41,71,0.0,6.103272216862737,0.9331271674710045,0.962890625,1.0,0.01953125
2026-05-08T12:50,17,40,0.01953125,41,71,0.0,6.103267957778234,0.9331316792776689,0.962890625,1.0,0.01953125
2026-05-08T13:20,17,40,0.01953125,41,71,0.0,6.103260943496836,0.9331361888346167,0.962890625,1.0,0.01953125
2026-05-08T13:50,17,40,0.01953125,41,71,0.0,6.103253903635013,0.9331406961435301,0.962890625,1.0,0.01953125
2026-05-08T14:20,18,40,0.01953125,41,74,0.0,6.103240140434711,0.9331336244287577,0.962890625,1.0,0.01953125
2026-05-08T14:50,18,40,0.01953125,41,74,0.0,6.103227217750019,0.9331381301307423,0.962890625,1.0,0.01953125
2026-05-08T15:20,18,40,0.01953125,41,74,0.0,6.1032142320845475,0.9331547831493897,0.962890625,1.0,0.01953125
2026-05-08T15:50,18,40,0.01953125,41,75,0.0,6.1032013642150735,0.9331592813388931,0.962890625,1.0,0.01953125
2026-05-08T16:20,18,40,0.01953125,40,77,0.0,6.103183533631102,0.9331522120392723,0.962890625,1.0,0.01953125
2026-05-08T16:50,18,40,0.01953125,40,78,0.0,6.103163345075091,0.9331567086296546,0.962890625,1.0,0.01953125
2026-05-08T17:20,18,40,0.01953125,40,78,0.0,6.103141534817373,0.9331612029823706,0.962890625,1.0,0.01953125
2026-05-08T17:50,18,40,0.01953125,40,78,0.0,6.103121355797491,0.9331656950990902,0.962890625,1.0,0.01953125
2026-05-08T19:20,16,40,0.01953125,40,78,0.0,6.1031034467432494,0.9330994182952025,0.962890625,1.0,0.01953125
2026-05-08T19:50,15,40,0.01953125,40,75,0.0,6.103097652640183,0.9330813590455713,0.962890625,1.0,0.01953125
2026-05-08T20:20,15,40,0.01953125,40,73,0.0,6.103094908573136,0.9330858676593297,0.962890625,1.0,0.01953125
2026-05-08T20:50,14,40,0.01953125,40,73,0.0,6.103096042802986,0.9330903740322263,0.962890625,1.0,0.01953125
2026-05-08T21:20,13,40,0.01953125,40,74,0.0,6.103096125544757,0.9330948781659313,0.962890625,1.0,0.01953125
2026-05-08T21:50,13,40,0.01953125,40,71,0.0,6.103102145016267,0.9330878406663278,0.962890625,1.0,0.01953125
2026-05-08T22:20,13,40,0.01953125,40,71,0.0,6.103108083242835,0.9331044565489535,0.962890625,1.0,0.01953125
2026-05-08T22:50,12,40,0.01953125,40,71,0.0,6.10311394035109,0.9331210641813892,0.962890625,1.0,0.01953125
2026-05-08T23:20,13,40,0.01953125,40,68,0.0,6.103124240639382,0.9331255562260686,0.962890625,1.0,0.01953125
2026-05-08T23:50,12,40,0.01953125,40,67,0.0,6.10313792983297,0.9331300460414456,0.962890625,1.0,0.01953125
2026-05-09T00:20,12,40,0.01953125,40,67,0.0,6.103151595873899,0.933134533629179,0.962890625,1.0,0.01953125
2026-05-09T00:50,10,40,0.01953125,40,67,0.0,6.103165172247676,0.9331511173261956,0.962890625,1.0,0.01953125
2026-05-09T01:20,10,40,0.01953125,40,67,0.0,6.103178659093185,0.9331676927992116,0.962890625,1.0,0.01953125
2026-05-09T01:50,10,40,0.01953125,41,67,0.0,6.103195865360595,0.9331721677172572,0.962890625,1.0,0.01953125
2026-05-09T02:20,11,40,0.01953125,41,67,0.0,6.103212978221784,0.933188729757476,0.962890625,1.0,0.01953125
2026-05-09T02:50,11,40,0.01953125,41,67,0.0,6.103229997820732,0.9332052835905391,0.962890625,1.0,0.01953125
2026-05-09T03:20,10,40,0.01953125,43,73,0.0,6.103251808342157,0.9331872652186513,0.962890625,1.0,0.01953125
2026-05-09T03:50,10,40,0.01953125,44,75,0.0,6.103274143413979,0.9331917308568327,0.962890625,1.0,0.01953125
2026-05-09T04:20,10,40,0.01953125,44,76,0.0,6.10329959276092,0.9331846920288814,0.962890625,1.0,0.01953125
2026-05-09T04:50,10,40,0.01953125,44,78,0.0,6.103316361217956,0.9331666921338938,0.962890625,1.0,0.01953125
2026-05-09T05:20,9,40,0.01953125,44,78,0.0,6.103333441788668,0.9331596629858186,0.962890625,1.0,0.01953125
2026-05-09T05:50,10,40,0.01953125,44,78,0.0,6.103347338918247,0.9331526373157979,0.962890625,1.0,0.01953125
2026-05-09T06:20,10,40,0.01953125,44,78,0.0,6.103359871338845,0.9331346587055983,0.962890625,1.0,0.01953125
2026-05-09T06:50,11,40,0.01953125,44,78,0.0,6.10336828968355,0.9331166889868974,0.962890625,1.0,0.01953125
2026-05-09T07:20,11,40,0.01953125,44,75,0.0,6.1033762118866415,0.9330987281531007,0.962890625,1.0,0.01953125
2026-05-09T07:50,12,40,0.01953125,44,71,0.0,6.103377365538792,0.9330807761976202,0.962890625,1.0,0.01953125
2026-05-09T08:20,13,40,0.01953125,44,71,0.0,6.103378443261866,0.9330973117112852,0.962890625,1.0,0.01953125
2026-05-09T08:50,14,40,0.01953125,44,71,0.0,6.103379445175183,0.9331138390552299,0.962890625,1.0,0.01953125
2026-05-09T09:20,15,40,0.01953125,44,71,0.0,6.103376674301399,0.9331183106959166,0.962890625,1.0,0.01953125
2026-05-09T09:50,16,40,0.01953125,43,71,0.0,6.1033737618810955,0.9331113091142044,0.962890625,1.0,0.01953125
2026-05-09T10:20,16,40,0.01953125,43,71,0.0,6.103370777201811,0.9331278207633986,0.962890625,1.0,0.01953125
2026-05-09T10:50,17,40,0.01953125,42,71,0.0,6.103366990441772,0.933132285642824,0.962890625,1.0,0.01953125
2026-05-09T11:20,18,40,0.01953125,42,71,0.0,6.103363132553308,0.9331487839685969,0.962890625,1.0,0.01953125
2026-05-09T11:50,18,40,0.01953125,41,71,0.0,6.103359941718068,0.9331532414743262,0.962890625,1.0,0.01953125
2026-05-09T12:20,18,40,0.01953125,41,71,0.0,6.103356679071419,0.9331697264949244,0.962890625,1.0,0.01953125
2026-05-09T12:50,19,40,0.01953125,41,71,0.0,6.103352525153358,0.9331741766393278,0.962890625,1.0,0.01953125
2026-05-09T13:20,19,40,0.01953125,41,72,0.0,6.103345647637836,0.9331786245899207,0.962890625,1.0,0.01953125
2026-05-09T13:50,19,40,0.01953125,41,72,0.0,6.103338750391382,0.9331830703483253,0.962890625,1.0,0.01953125
2026-05-09T14:20,20,40,0.01953125,41,74,0.0,6.1033252133390175,0.9331760683366015,0.962890625,1.0,0.01953125
2026-05-09T14:50,20,40,0.01953125,41,74,0.0,6.103312508995781,0.9331805125345962,0.962890625,1.0,0.01953125
2026-05-09T15:20,19,40,0.01953125,41,74,0.0,6.103299743007486,0.9331969664837382,0.962890625,1.0,0.01953125
2026-05-09T15:50,20,40,0.01953125,41,77,0.0,6.103287100334565,0.9332014033487582,0.962890625,1.0,0.01953125
2026-05-09T16:20,20,40,0.01953125,41,77,0.0,6.103269453165005,0.9332058380297443,0.962890625,1.0,0.01953125
2026-05-09T16:50,19,40,0.01953125,40,78,0.0,6.103249601113121,0.9331988390304166,0.962890625,1.0,0.01953125
2026-05-09T17:20,18,40,0.01953125,40,78,0.0,6.103228150916436,0.9332032721603464,0.962890625,1.0,0.01953125
2026-05-09T17:50,18,40,0.01953125,40,78,0.0,6.103208316274472,0.9332077031096908,0.962890625,1.0,0.01953125
2026-05-09T18:20,18,40,0.01953125,40,78,0.0,6.1031888004636095,0.9332007088145476,0.962890625,1.0,0.01953125
2026-05-09T18:50,17,40,0.01953125,40,78,0.0,6.103170504895797,0.9331937179580941,0.962890625,1.0,0.01953125
2026-05-09T19:20,17,40,0.01953125,40,78,0.0,6.103146557519113,0.9331758441311886,0.962890625,1.0,0.01953125
2026-05-09T19:50,16,40,0.01953125,40,75,0.0,6.103140782238346,0.9331475900707586,0.962890625,1.0,0.01953125
2026-05-09T20:20,15,40,0.01953125,40,73,0.0,6.103138009319725,0.9331520292557561,0.962890625,1.0,0.01953125
2026-05-09T20:50,15,40,0.01953125,40,73,0.0,6.103139062079375,0.9331564662604073,0.962890625,1.0,0.01953125
2026-05-09T21:20,14,40,0.01953125,40,72,0.0,6.103143927708011,0.933160901086318,0.962890625,1.0,0.01953125
2026-05-09T21:50,14,40,0.01953125,40,71,0.0,6.103149783233761,0.9331539302968422,0.962890625,1.0,0.01953125
2026-05-09T22:20,14,40,0.01953125,40,71,0.0,6.103155559524875,0.9331703342403277,0.962890625,1.0,0.01953125
2026-05-09T22:50,13,40,0.01953125,40,71,0.0,6.103161256703389,0.9331867301347732,0.962890625,1.0,0.01953125
2026-05-09T23:20,13,40,0.01953125,40,68,0.0,6.103171341458849,0.9331911531865417,0.962890625,1.0,0.01953125
2026-05-09T23:50,13,40,0.01953125,40,68,0.0,6.1031837665787645,0.9331955740690843,0.962890625,1.0,0.01953125
2026-05-10T00:20,12,40,0.01953125,40,67,0.0,6.1031971817008195,0.9331999927839962,0.962890625,1.0,0.01953125
2026-05-10T00:50,12,40,0.01953125,40,67,0.0,6.103210509357422,0.9332163653347844,0.962890625,1.0,0.01953125
2026-05-10T01:20,11,40,0.01953125,40,67,0.0,6.103223749682437,0.9332327298617791,0.962890625,1.0,0.01953125
2026-05-10T01:50,11,40,0.01953125,41,67,0.0,6.10324066892821,0.9332371362268779,0.962890625,1.0,0.01953125
2026-05-10T02:20,10,40,0.01953125,41,67,0.0,6.1032574970491185,0.9332534876507753,0.962890625,1.0,0.01953125
2026-05-10T02:50,10,40,0.01953125,41,67,0.0,6.1032742341839725,0.9332698310671194,0.962890625,1.0,0.01953125
2026-05-10T03:20,9,40,0.01953125,44,75,0.0,6.103295985039036,0.9332520086155189,0.962890625,1.0,0.01953125
2026-05-10T03:50,10,40,0.01953125,44,75,0.0,6.103317972635485,0.9332564059487494,0.962890625,1.0,0.01953125
2026-05-10T04:20,10,40,0.01953125,44,76,0.0,6.103343030128357,0.9332494339641184,0.962890625,1.0,0.01953125
2026-05-10T04:50,10,40,0.01953125,44,78,0.0,6.103359555927392,0.933231629581123,0.962890625,1.0,0.01953125
2026-05-10T05:20,10,40,0.01953125,44,78,0.0,6.10337639749279,0.9332246670658824,0.962890625,1.0,0.01953125
2026-05-10T05:50,10,40,0.01953125,44,78,0.0,6.103390107340539,0.9332177079552946,0.962890625,1.0,0.01953125
2026-05-10T06:20,10,40,0.01953125,44,78,0.0,6.1034043818595,0.933210752246863,0.962890625,1.0,0.01953125
2026-05-10T06:50,10,40,0.01953125,44,78,0.0,6.103412696680277,0.9331826415591638,0.962890625,1.0,0.01953125
2026-05-10T07:20,10,40,0.01953125,44,75,0.0,6.103420520915752,0.9331648752446561,0.962890625,1.0,0.01953125
2026-05-10T07:50,10,40,0.01953125,44,72,0.0,6.103425373365474,0.9331579375381386,0.962890625,1.0,0.01953125
2026-05-10T08:20,11,40,0.01953125,44,71,0.0,6.103426467207848,0.9331623481790804,0.962890625,1.0,0.01953125
2026-05-10T08:50,11,40,0.01953125,44,71,0.0,6.103427486972559,0.9331786659651695,0.962890625,1.0,0.01953125
2026-05-10T09:20,12,40,0.01953125,44,71,0.0,6.103424787702777,0.9331830693935879,0.962890625,1.0,0.01953125
2026-05-10T09:50,12,40,0.01953125,44,71,0.0,6.103426724652163,0.933187470672944,0.962890625,1.0,0.01953125
2026-05-10T10:20,12,40,0.01953125,43,71,0.0,6.103423828545583,0.9331918698048108,0.962890625,1.0,0.01953125
2026-05-10T10:50,12,40,0.01953125,42,71,0.0,6.103420136096492,0.9331962667907597,0.962890625,1.0,0.01953125
2026-05-10T11:20,12,40,0.01953125,42,71,0.0,6.103416374120498,0.9332125564111473,0.962890625,1.0,0.01953125
2026-05-10T11:50,12,40,0.01953125,41,71,0.0,6.10341327649824,0.933216946210217,0.962890625,1.0,0.01953125
2026-05-10T12:20,12,40,0.01953125,41,71,0.0,6.103410108674216,0.9332332228501853,0.962890625,1.0,0.01953125
2026-05-10T12:50,12,40,0.01953125,41,71,0.0,6.103406064512207,0.9332376054742947,0.962890625,1.0,0.01953125
2026-05-10T13:20,12,40,0.01953125,41,71,0.0,6.103401951323422,0.9332538691514021,0.962890625,1.0,0.01953125
2026-05-10T13:50,12,40,0.01953125,41,72,0.0,6.103395181246876,0.9332469300465823,0.962890625,1.0,0.01953125
2026-05-10T14:20,12,40,0.01953125,41,74,0.0,6.103385349270055,0.9332513061318388,0.962890625,1.0,0.01953125
2026-05-10T14:50,12,40,0.01953125,41,74,0.0,6.103372830422244,0.9332443710292659,0.962890625,1.0,0.01953125
2026-05-10T15:20,12,40,0.01953125,41,74,0.0,6.103360251321066,0.9332606172276039,0.962890625,1.0,0.01953125
2026-05-10T15:50,12,40,0.01953125,41,77,0.0,6.103341784615951,0.9332649867884232,0.962890625,1.0,0.01953125
2026-05-10T16:20,12,40,0.01953125,40,77,0.0,6.103324509062782,0.9332580534189202,0.962890625,1.0,0.01953125
2026-05-10T16:50,12,40,0.01953125,40,78,0.0,6.103304929362249,0.9332624214779611,0.962890625,1.0,0.01953125
2026-05-10T17:20,12,40,0.01953125,40,78,0.0,6.103283767601272,0.9332667874129763,0.962890625,1.0,0.01953125
2026-05-10T17:50,13,40,0.01953125,40,78,0.0,6.103264194233329,0.9332711512255145,0.962890625,1.0,0.01953125
2026-05-10T18:20,12,40,0.01953125,40,78,0.0,6.103244926549521,0.9332642230975767,0.962890625,1.0,0.01953125
2026-05-10T18:50,12,40,0.01953125,40,78,0.0,6.103226636048558,0.9332465362397492,0.962890625,1.0,0.01953125
2026-05-10T19:20,12,40,0.01953125,40,78,0.0,6.103202975239081,0.9332396174562957,0.962890625,1.0,0.01953125
2026-05-10T19:50,12,40,0.01953125,40,76,0.0,6.103193492662761,0.9332219451636349,0.962890625,1.0,0.01953125
2026-05-10T20:20,11,40,0.01953125,40,75,0.0,6.103187678530194,0.933226314565682,0.962890625,1.0,0.01953125
2026-05-10T20:50,11,40,0.01953125,40,73,0.0,6.1031886629081535,0.9332194057283508,0.962890625,1.0,0.01953125
2026-05-10T21:20,10,40,0.01953125,40,72,0.0,6.103192650886839,0.9332125002440105,0.962890625,1.0,0.01953125
2026-05-10T21:50,9,40,0.01953125,40,71,0.0,6.1031983532200424,0.9332168687573417,0.962890625,1.0,0.01953125
2026-05-10T22:20,9,40,0.01953125,40,71,0.0,6.103203978249465,0.9332330664607719,0.962890625,1.0,0.01953125
2026-05-10T22:50,8,40,0.01953125,40,71,0.0,6.103209526092772,0.9332492563088657,0.962890625,1.0,0.01953125
2026-05-10T23:20,8,40,0.01953125,40,68,0.0,6.103219397716825,0.9332536127345351,0.962890625,1.0,0.01953125
2026-05-10T23:50,7,40,0.01953125,40,67,0.0,6.103232580106076,0.93325796704851,0.962890625,1.0,0.01953125
2026-05-11T00:20,7,40,0.01953125,40,67,0.0,6.10324574633637,0.9332623192523256,0.962890625,1.0,0.01953125
2026-05-11T00:50,7,40,0.01953125,40,67,0.0,6.103258827228519,0.9332784863261502,0.962890625,1.0,0.01953125
2026-05-11T01:20,6,40,0.01953125,40,67,0.0,6.103271822911604,0.9332946455689871,0.962890625,1.0,0.01953125
2026-05-11T01:50,6,40,0.01953125,41,67,0.0,6.103288447568032,0.9332989857303978,0.962890625,1.0,0.01953125
2026-05-11T02:20,6,40,0.01953125,41,67,0.0,6.1033049833154145,0.9333151321874953,0.962890625,1.0,0.01953125
2026-05-11T02:50,6,40,0.01953125,41,67,0.0,6.1033214302876,0.9333312708292698,0.962890625,1.0,0.01953125
2026-05-11T03:20,5,40,0.01953125,42,67,0.0,6.1033425520820055,0.9333355989786445,0.962890625,1.0,0.01953125
2026-05-11T03:50,5,40,0.01953125,44,75,0.0,6.103364192764313,0.9333179718662354,0.962890625,1.0,0.01953125
2026-05-11T04:20,5,40,0.01953125,44,75,0.0,6.103389801635248,0.9333223011383827,0.962890625,1.0,0.01953125
2026-05-11T04:50,5,40,0.01953125,44,76,0.0,6.103417055793598,0.9333153958201097,0.962890625,1.0,0.01953125
2026-05-11T05:20,5,40,0.01953125,44,78,0.0,6.103433277116355,0.933297786373762,0.962890625,1.0,0.01953125
2026-05-11T05:50,6,40,0.01953125,44,78,0.0,6.103451552839869,0.9332908903173066,0.962890625,1.0,0.01953125
2026-05-11T06:20,7,40,0.01953125,44,78,0.0,6.1034655793124575,0.9332839975930847,0.962890625,1.0,0.01953125
2026-05-11T06:50,8,40,0.01953125,44,78,0.0,6.103473792522716,0.9332464357042403,0.962890625,1.0,0.01953125
2026-05-11T07:20,8,40,0.01953125,44,75,0.0,6.10348297399296,0.9332395570442688,0.962890625,1.0,0.01953125
2026-05-11T07:50,9,40,0.01953125,44,72,0.0,6.103486150588084,0.9332219871647985,0.962890625,1.0,0.01953125
2026-05-11T08:20,10,40,0.01953125,44,71,0.0,6.103487275895546,0.9332263312451824,0.962890625,1.0,0.01953125
2026-05-11T08:50,10,40,0.01953125,44,71,0.0,6.1034883287821105,0.9332424445822372,0.962890625,1.0,0.01953125
2026-05-11T09:20,10,40,0.01953125,44,71,0.0,6.103489309358919,0.933258550144461,0.962890625,1.0,0.01953125
2026-05-11T09:50,9,40,0.01953125,44,71,0.0,6.103491297749457,0.9332516768580686,0.962890625,1.0,0.01953125
2026-05-11T10:20,9,40,0.01953125,43,71,0.0,6.103488521224689,0.9332560095890398,0.962890625,1.0,0.01953125
2026-05-11T10:50,10,40,0.01953125,42,71,0.0,6.103484954009162,0.933260340230941,0.962890625,1.0,0.01953125
2026-05-11T11:20,10,40,0.01953125,42,71,0.0,6.103481318776691,0.933276425952746,0.962890625,1.0,0.01953125
2026-05-11T11:50,10,40,0.01953125,42,71,0.0,6.103482271785658,0.933280749587985,0.962890625,1.0,0.01953125
2026-05-11T12:20,10,40,0.01953125,41,71,0.0,6.103479226295633,0.9332850711400464,0.962890625,1.0,0.01953125
2026-05-11T12:50,9,40,0.01953125,41,71,0.0,6.103475324619085,0.9332893906104356,0.962890625,1.0,0.01953125
2026-05-11T13:20,8,40,0.01953125,41,71,0.0,6.103471355397711,0.9333054538440955,0.962890625,1.0,0.01953125
2026-05-11T13:50,9,40,0.01953125,41,71,0.0,6.10346475117816,0.9332985825034402,0.962890625,1.0,0.01953125
2026-05-11T14:20,10,40,0.01953125,41,73,0.0,6.103455118477987,0.9333028956032456,0.962890625,1.0,0.01953125
2026-05-11T14:50,10,40,0.01953125,41,73,0.0,6.103442818180772,0.9332960281848526,0.962890625,1.0,0.01953125
2026-05-11T15:20,10,40,0.01953125,41,73,0.0,6.1034304589340564,0.9333120743652267,0.962890625,1.0,0.01953125
2026-05-11T15:50,10,40,0.01953125,41,75,0.0,6.103412273963114,0.9333163811083315,0.962890625,1.0,0.01953125
2026-05-11T16:20,11,40,0.01953125,40,77,0.0,6.103395261111903,0.9333095154011072,0.962890625,1.0,0.01953125
2026-05-11T16:50,12,40,0.01953125,40,78,0.0,6.103375963244839,0.9333138206887981,0.962890625,1.0,0.01953125
2026-05-11T17:20,11,40,0.01953125,40,78,0.0,6.103355099071883,0.9333181239071365,0.962890625,1.0,0.01953125
2026-05-11T17:50,11,40,0.01953125,40,78,0.0,6.103335791511619,0.9333224250576142,0.962890625,1.0,0.01953125
2026-05-11T18:20,12,40,0.01953125,40,78,0.0,6.10331676879211,0.9333155644954484,0.962890625,1.0,0.01953125
2026-05-11T18:50,12,40,0.01953125,40,78,0.0,6.103298692588001,0.9332980691908817,0.962890625,1.0,0.01953125
2026-05-11T19:20,11,40,0.01953125,40,78,0.0,6.103275301063724,0.9332912177708506,0.962890625,1.0,0.01953125
2026-05-11T19:50,11,40,0.01953125,40,76,0.0,6.103265865184396,0.9332737367095227,0.962890625,1.0,0.01953125
2026-05-11T20:20,10,40,0.01953125,40,76,0.0,6.103261987783521,0.9332668944172388,0.962890625,1.0,0.01953125
2026-05-11T20:50,10,40,0.01953125,40,73,0.0,6.103262861397096,0.9332712016671855,0.962890625,1.0,0.01953125
2026-05-11T21:20,9,40,0.01953125,40,72,0.0,6.103267438754129,0.9332755068508093,0.962890625,1.0,0.01953125
2026-05-11T21:50,9,40,0.01953125,40,72,0.0,6.1032711892859215,0.9332798099695969,0.962890625,1.0,0.01953125
2026-05-11T22:20,9,40,0.01953125,40,71,0.0,6.103276618647531,0.9332841110250334,0.962890625,1.0,0.01953125
2026-05-11T22:50,8,40,0.01953125,40,71,0.0,6.103281972732567,0.9333001023694666,0.962890625,1.0,0.01953125
2026-05-11T23:20,8,40,0.01953125,40,68,0.0,6.103291588605492,0.9333043965007451,0.962890625,1.0,0.01953125
2026-05-11T23:50,8,40,0.01953125,40,67,0.0,6.103304475055173,0.933308688574462,0.962890625,1.0,0.01953125
2026-05-12T00:20,7,40,0.01953125,40,67,0.0,6.103317345812304,0.9333129785920958,0.962890625,1.0,0.01953125
2026-05-12T00:50,7,40,0.01953125,40,67,0.0,6.1033301333394885,0.9333289477064174,0.962890625,1.0,0.01953125
2026-05-12T01:20,7,40,0.01953125,40,67,0.0,6.103342837761165,0.9333449091745271,0.962890625,1.0,0.01953125
2026-05-12T01:50,7,40,0.01953125,41,67,0.0,6.103359122575508,0.9333491874423634,0.962890625,1.0,0.01953125
2026-05-12T02:20,5,40,0.01953125,41,67,0.0,6.103375320674108,0.9333651364283786,0.962890625,1.0,0.01953125
2026-05-12T02:50,6,40,0.01953125,41,67,0.0,6.103391432186009,0.9333810777833,0.962890625,1.0,0.01953125
2026-05-12T03:20,5,40,0.01953125,43,68,0.0,6.10341317658195,0.9333742327287626,0.962890625,1.0,0.01953125
2026-05-12T03:50,5,40,0.01953125,44,75,0.0,6.103434423743791,0.9333673909478044,0.962890625,1.0,0.01953125
2026-05-12T04:20,5,40,0.01953125,44,75,0.0,6.103459586672363,0.9333716587272085,0.962890625,1.0,0.01953125
2026-05-12T04:50,5,40,0.01953125,44,76,0.0,6.103486389670824,0.9333648208319014,0.962890625,1.0,0.01953125
2026-05-12T05:20,5,40,0.01953125,44,78,0.0,6.10350234594334,0.9333474015476593,0.962890625,1.0,0.01953125
2026-05-12T05:50,5,40,0.01953125,44,78,0.0,6.103520344777037,0.933340572714218,0.962890625,1.0,0.01953125
2026-05-12T06:20,5,40,0.01953125,44,78,0.0,6.10353415868057,0.9333337471426983,0.962890625,1.0,0.01953125
2026-05-12T06:50,6,40,0.01953125,44,78,0.0,6.103543258805822,0.9333062514576552,0.962890625,1.0,0.01953125
2026-05-12T07:20,8,40,0.01953125,44,75,0.0,6.103552324122328,0.9332888627884791,0.962890625,1.0,0.01953125
2026-05-12T07:50,9,40,0.01953125,44,72,0.0,6.1035571234767305,0.9332714824193838,0.962890625,1.0,0.01953125
2026-05-12T08:20,10,40,0.01953125,44,71,0.0,6.1035582733947376,0.9332757649366293,0.962890625,1.0,0.01953125
2026-05-12T08:50,11,40,0.01953125,44,71,0.0,6.103559352501342,0.9332916819774364,0.962890625,1.0,0.01953125
2026-05-12T09:20,12,40,0.01953125,44,71,0.0,6.103556821303089,0.9332959576345358,0.962890625,1.0,0.01953125
2026-05-12T09:50,12,40,0.01953125,44,71,0.0,6.103558848606979,0.9333002312526952,0.962890625,1.0,0.01953125
2026-05-12T10:20,13,40,0.01953125,43,71,0.0,6.103556177319323,0.9333045028333729,0.962890625,1.0,0.01953125
2026-05-12T10:50,14,40,0.01953125,42,71,0.0,6.103552720957332,0.9333087723780252,0.962890625,1.0,0.01953125
2026-05-12T11:20,14,40,0.01953125,42,71,0.0,6.1035491980514545,0.9333246625918976,0.962890625,1.0,0.01953125
2026-05-12T11:50,14,40,0.01953125,41,71,0.0,6.103546333884964,0.9333289253002356,0.962890625,1.0,0.01953125
2026-05-12T12:20,15,40,0.01953125,41,71,0.0,6.1035434025160775,0.9333448031460797,0.962890625,1.0,0.01953125
2026-05-12T12:50,16,40,0.01953125,41,71,0.0,6.103539628853653,0.9333490590291866,0.962890625,1.0,0.01953125
2026-05-12T13:20,15,40,0.01953125,41,71,0.0,6.103533220805405,0.933353312886165,0.962890625,1.0,0.01953125
2026-05-12T13:50,15,40,0.01953125,41,71,0.0,6.103526764287174,0.9333575647184613,0.962890625,1.0,0.01953125
2026-05-12T14:20,15,40,0.01953125,41,73,0.0,6.103513889618021,0.9333507610877316,0.962890625,1.0,0.01953125
2026-05-12T14:50,17,40,0.01953125,41,73,0.0,6.103501785970595,0.9333550115042654,0.962890625,1.0,0.01953125
2026-05-12T15:20,16,40,0.01953125,41,73,0.0,6.103489624652226,0.933370860490828,0.962890625,1.0,0.01953125
2026-05-12T15:50,16,40,0.01953125,40,75,0.0,6.103477316206145,0.9333751041074956,0.962890625,1.0,0.01953125
2026-05-12T16:20,15,40,0.01953125,40,77,0.0,6.103460542103189,0.9333683027765364,0.962890625,1.0,0.01953125
2026-05-12T16:50,16,40,0.01953125,40,78,0.0,6.103441501866296,0.9333725449840977,0.962890625,1.0,0.01953125
2026-05-12T17:20,15,40,0.01953125,40,78,0.0,6.103420910793255,0.9333767851758799,0.962890625,1.0,0.01953125
2026-05-12T17:50,15,40,0.01953125,40,78,0.0,6.103401850890384,0.9333810233533191,0.962890625,1.0,0.01953125
2026-05-12T18:20,15,40,0.01953125,40,78,0.0,6.103383060344521,0.9333742270772347,0.962890625,1.0,0.01953125
2026-05-12T18:50,13,40,0.01953125,40,78,0.0,6.103365182546082,0.9333569172218695,0.962890625,1.0,0.01953125
2026-05-12T19:20,13,40,0.01953125,40,78,0.0,6.103342043331092,0.9333501298939654,0.962890625,1.0,0.01953125
2026-05-12T19:50,14,40,0.01953125,40,76,0.0,6.103332640083565,0.9333328339723672,0.962890625,1.0,0.01953125
2026-05-12T20:20,14,40,0.01953125,40,75,0.0,6.103326804864999,0.9333370775496443,0.962890625,1.0,0.01953125
2026-05-12T20:50,14,40,0.01953125,40,73,0.0,6.10332755994111,0.9333302997572374,0.962890625,1.0,0.01953125
2026-05-12T21:20,13,40,0.01953125,40,72,0.0,6.103331966453741,0.9333345419228617,0.962890625,1.0,0.01953125
2026-05-12T21:50,13,40,0.01953125,40,71,0.0,6.1033372762253615,0.9333277679453461,0.962890625,1.0,0.01953125
2026-05-12T22:20,13,40,0.01953125,40,71,0.0,6.103342512454824,0.9333435707972196,0.962890625,1.0,0.01953125
2026-05-12T22:50,13,40,0.01953125,40,71,0.0,6.103347675251512,0.93335936615959,0.962890625,1.0,0.01953125
2026-05-12T23:20,13,40,0.01953125,40,68,0.0,6.103357039525464,0.9333635974190156,0.962890625,1.0,0.01953125
2026-05-12T23:50,12,40,0.01953125,40,67,0.0,6.103369635151289,0.9333678266740549,0.962890625,1.0,0.01953125
2026-05-13T00:20,12,40,0.01953125,40,67,0.0,6.103382221058946,0.933372053926132,0.962890625,1.0,0.01953125
2026-05-13T00:50,11,40,0.01953125,40,67,0.0,6.103394725765791,0.9333878275876077,0.962890625,1.0,0.01953125
2026-05-13T01:20,11,40,0.01953125,40,67,0.0,6.1034071493918445,0.9334035937822616,0.962890625,1.0,0.01953125
2026-05-13T01:50,10,40,0.01953125,41,67,0.0,6.103423109979373,0.9334078095698652,0.962890625,1.0,0.01953125
2026-05-13T02:20,9,40,0.01953125,41,67,0.0,6.103438985958811,0.9334235635775373,0.962890625,1.0,0.01953125
2026-05-13T02:50,9,40,0.01953125,41,67,0.0,6.103454777454625,0.9334393101329826,0.962890625,1.0,0.01953125
2026-05-13T03:20,9,40,0.01953125,43,68,0.0,6.103476138830692,0.9334325290014216,0.962890625,1.0,0.01953125
2026-05-13T03:50,10,40,0.01953125,44,75,0.0,6.10349701758814,0.9334257510760695,0.962890625,1.0,0.01953125
2026-05-13T04:20,10,40,0.01953125,44,76,0.0,6.103520861162462,0.9334189763546528,0.962890625,1.0,0.01953125
2026-05-13T04:50,10,40,0.01953125,44,78,0.0,6.103536616973318,0.9334017377298712,0.962890625,1.0,0.01953125
2026-05-13T05:20,10,40,0.01953125,44,78,0.0,6.103552717773109,0.933394971882253,0.962890625,1.0,0.01953125
2026-05-13T05:50,10,40,0.01953125,44,78,0.0,6.103565830207006,0.9333882092305948,0.962890625,1.0,0.01953125
2026-05-13T06:20,10,40,0.01953125,44,78,0.0,6.103577682069845,0.9333709900823183,0.962890625,1.0,0.01953125
2026-05-13T06:50,11,40,0.01953125,44,78,0.0,6.10358566946561,0.9333537790639511,0.962890625,1.0,0.01953125
2026-05-13T07:20,10,40,0.01953125,44,75,0.0,6.103593229408291,0.9333365761697371,0.962890625,1.0,0.01953125
2026-05-13T07:50,11,40,0.01953125,44,71,0.0,6.103594455381,0.9333193813939252,0.962890625,1.0,0.01953125
2026-05-13T08:20,11,40,0.01953125,44,71,0.0,6.103595612009603,0.9333351116648868,0.962890625,1.0,0.01953125
2026-05-13T08:50,12,40,0.01953125,44,71,0.0,6.103596699398101,0.9333508345159093,0.962890625,1.0,0.01953125
2026-05-13T09:20,12,40,0.01953125,44,71,0.0,6.103594225909607,0.9333550478329758,0.962890625,1.0,0.01953125
2026-05-13T09:50,12,40,0.01953125,44,71,0.0,6.103596267639922,0.9333592591635658,0.962890625,1.0,0.01953125
2026-05-13T10:20,13,40,0.01953125,43,71,0.0,6.103593675367803,0.9333634685090835,0.962890625,1.0,0.01953125
2026-05-13T10:50,10,40,0.01953125,42,71,0.0,6.103590303612555,0.9333676758709322,0.962890625,1.0,0.01953125
2026-05-13T11:20,9,40,0.01953125,42,71,0.0,6.103586866762977,0.9333833725315044,0.962890625,1.0,0.01953125
2026-05-13T11:50,12,40,0.01953125,41,71,0.0,6.103584085812271,0.9333875732238416,0.962890625,1.0,0.01953125
2026-05-13T12:20,12,40,0.01953125,41,71,0.0,6.103581239116754,0.933403257807495,0.962890625,1.0,0.01953125
2026-05-13T12:50,12,40,0.01953125,41,71,0.0,6.1035775636411795,0.9334074518410138,0.962890625,1.0,0.01953125
2026-05-13T13:20,11,40,0.01953125,41,71,0.0,6.1035738234924795,0.933423124363527,0.962890625,1.0,0.01953125
2026-05-13T13:50,12,40,0.01953125,41,72,0.0,6.103567487018988,0.9334163805471501,0.962890625,1.0,0.01953125
2026-05-13T14:20,12,40,0.01953125,41,74,0.0,6.103558186822939,0.933420568533894,0.962890625,1.0,0.01953125
2026-05-13T14:50,9,40,0.01953125,41,74,0.0,6.103546253061956,0.9334138284906738,0.962890625,1.0,0.01953125
2026-05-13T15:20,11,40,0.01953125,41,74,0.0,6.10353426289053,0.9334294847736527,0.962890625,1.0,0.01953125
2026-05-13T15:50,10,40,0.01953125,41,77,0.0,6.103516574379565,0.9334336667265022,0.962890625,1.0,0.01953125
2026-05-13T16:20,10,40,0.01953125,40,77,0.0,6.10350001778502,0.9334269283570628,0.962890625,1.0,0.01953125
2026-05-13T16:50,11,40,0.01953125,40,78,0.0,6.103481217240292,0.9334311089453705,0.962890625,1.0,0.01953125
2026-05-13T17:20,12,40,0.01953125,40,78,0.0,6.103460881046689,0.9334352875695776,0.962890625,1.0,0.01953125
2026-05-13T17:50,9,40,0.01953125,40,78,0.0,6.103442051336561,0.9334394642310679,0.962890625,1.0,0.01953125
2026-05-13T18:20,10,40,0.01953125,40,78,0.0,6.103423483478952,0.9334327308289855,0.962890625,1.0,0.01953125
2026-05-13T18:50,10,40,0.01953125,40,78,0.0,6.103405482941319,0.9334260005881246,0.962890625,1.0,0.01953125
2026-05-13T19:20,10,40,0.01953125,40,78,0.0,6.103382604025532,0.9334088776394486,0.962890625,1.0,0.01953125
2026-05-13T19:50,10,40,0.01953125,40,75,0.0,6.103376851465708,0.9333818417268588,0.962890625,1.0,0.01953125
2026-05-13T20:20,10,40,0.01953125,40,76,0.0,6.103372911575346,0.9333860260267576,0.962890625,1.0,0.01953125
2026-05-13T20:50,9,40,0.01953125,40,73,0.0,6.1033735994984735,0.933390208364039,0.962890625,1.0,0.01953125
2026-05-13T21:20,9,40,0.01953125,40,72,0.0,6.10337789101181,0.9333943887400837,0.962890625,1.0,0.01953125
2026-05-13T21:50,9,40,0.01953125,40,72,0.0,6.103381377480698,0.9333985671562711,0.962890625,1.0,0.01953125
2026-05-13T22:20,9,40,0.01953125,40,71,0.0,6.103386483601581,0.9334027436139788,0.962890625,1.0,0.01953125
2026-05-13T22:50,9,40,0.01953125,40,71,0.0,6.103391518011351,0.9334183474697394,0.962890625,1.0,0.01953125
2026-05-13T23:20,9,40,0.01953125,40,68,0.0,6.103400700694743,0.9334225173373255,0.962890625,1.0,0.01953125
2026-05-13T23:50,9,40,0.01953125,40,67,0.0,6.103413076369032,0.9334266852518122,0.962890625,1.0,0.01953125
2026-05-14T00:20,8,40,0.01953125,40,67,0.0,6.103425447966445,0.933430851214571,0.962890625,1.0,0.01953125
2026-05-14T00:50,9,40,0.01953125,40,67,0.0,6.103437740257747,0.9334464338804852,0.962890625,1.0,0.01953125
2026-05-14T01:20,8,40,0.01953125,40,67,0.0,6.103449953358832,0.933462009252851,0.962890625,1.0,0.01953125
2026-05-14T01:50,8,40,0.01953125,41,67,0.0,6.103465657155692,0.9334661640265858,0.962890625,1.0,0.01953125
2026-05-14T02:20,9,40,0.01953125,41,67,0.0,6.1034812783188155,0.933481727496989,0.962890625,1.0,0.01953125
2026-05-14T02:50,9,40,0.01953125,41,67,0.0,6.103496816968395,0.9334972836879392,0.962890625,1.0,0.01953125
2026-05-14T03:20,8,40,0.01953125,43,68,0.0,6.103517863827575,0.9334905651050712,0.962890625,1.0,0.01953125
2026-05-14T03:50,8,40,0.01953125,44,75,0.0,6.103538434740137,0.9334838496631958,0.962890625,1.0,0.01953125
2026-05-14T04:20,8,40,0.01953125,44,76,0.0,6.103561930199037,0.9334771373601106,0.962890625,1.0,0.01953125
2026-05-14T04:50,8,40,0.01953125,44,78,0.0,6.103577794580378,0.9334600784766806,0.962890625,1.0,0.01953125
2026-05-14T05:20,8,40,0.01953125,44,78,0.0,6.103593679088628,0.9334533748621712,0.962890625,1.0,0.01953125
2026-05-14T05:50,8,40,0.01953125,44,78,0.0,6.103606612701479,0.9334466743787287,0.962890625,1.0,0.01953125
2026-05-14T06:20,8,40,0.01953125,44,78,0.0,6.103620045440112,0.9334508240023142,0.962890625,1.0,0.01953125
2026-05-14T06:50,8,40,0.01953125,44,78,0.0,6.1036279275361975,0.93341448575623,0.962890625,1.0,0.01953125
2026-05-14T07:20,8,40,0.01953125,44,75,0.0,6.103636770861887,0.9334077990395453,0.962890625,1.0,0.01953125
2026-05-14T07:50,8,40,0.01953125,44,72,0.0,6.103641493848472,0.9333907802148227,0.962890625,1.0,0.01953125
2026-05-14T08:20,8,40,0.01953125,44,71,0.0,6.1036426616302135,0.9333949390046479,0.962890625,1.0,0.01953125
2026-05-14T08:50,9,40,0.01953125,44,71,0.0,6.103643761687841,0.9334104719013352,0.962890625,1.0,0.01953125
2026-05-14T09:20,9,40,0.01953125,44,71,0.0,6.103643207145593,0.9334146241606716,0.962890625,1.0,0.01953125
2026-05-14T09:50,9,40,0.01953125,44,71,0.0,6.103645266256697,0.9334187744842227,0.962890625,1.0,0.01953125
2026-05-14T10:20,9,40,0.01953125,44,71,0.0,6.1036472561735815,0.933434290966515,0.962890625,1.0,0.01953125
2026-05-14T10:50,10,40,0.01953125,42,71,0.0,6.103643972524735,0.9334276105410247,0.962890625,1.0,0.01953125
2026-05-14T11:20,10,40,0.01953125,42,71,0.0,6.103640625176047,0.933443117736333,0.962890625,1.0,0.01953125
2026-05-14T11:50,9,40,0.01953125,42,71,0.0,6.103641700252774,0.9334472575580514,0.962890625,1.0,0.01953125
2026-05-14T12:20,8,40,0.01953125,41,71,0.0,6.103638944289674,0.9334513954520298,0.962890625,1.0,0.01953125
2026-05-14T12:50,9,40,0.01953125,41,71,0.0,6.103635372657068,0.9334555314196143,0.962890625,1.0,0.01953125
2026-05-14T13:20,9,40,0.01953125,41,71,0.0,6.10363173772137,0.9334710176817926,0.962890625,1.0,0.01953125
2026-05-14T13:50,9,40,0.01953125,41,72,0.0,6.10362553231834,0.9334643380370928,0.962890625,1.0,0.01953125
2026-05-14T14:20,10,40,0.01953125,41,74,0.0,6.103616394543103,0.9334684681078437,0.962890625,1.0,0.01953125
2026-05-14T14:50,12,40,0.01953125,41,75,0.0,6.103604646906321,0.9334617921628795,0.962890625,1.0,0.01953125
2026-05-14T15:20,12,40,0.01953125,41,75,0.0,6.103592844055949,0.9334772625669338,0.962890625,1.0,0.01953125
2026-05-14T15:50,9,40,0.01953125,41,76,0.0,6.103575400877479,0.9334813867532722,0.962890625,1.0,0.01953125
2026-05-14T16:20,9,40,0.01953125,40,77,0.0,6.103559072277492,0.9334747124604553,0.962890625,1.0,0.01953125
2026-05-14T16:50,11,40,0.01953125,40,78,0.0,6.103540518001842,0.9334788353228471,0.962890625,1.0,0.01953125
2026-05-14T17:20,11,40,0.01953125,40,78,0.0,6.103520442964234,0.9334829562698559,0.962890625,1.0,0.01953125
2026-05-14T17:50,11,40,0.01953125,40,78,0.0,6.103501850422897,0.9334870753028157,0.962890625,1.0,0.01953125
2026-05-14T18:20,9,40,0.01953125,40,78,0.0,6.103483508670984,0.9334804058877841,0.962890625,1.0,0.01953125
2026-05-14T18:50,10,40,0.01953125,40,78,0.0,6.1034657179282075,0.9334737395690454,0.962890625,1.0,0.01953125
2026-05-14T19:20,9,40,0.01953125,40,78,0.0,6.103443101907628,0.9334567962821367,0.962890625,1.0,0.01953125
2026-05-14T19:50,10,40,0.01953125,40,75,0.0,6.1034373716819355,0.9334300503475427,0.962890625,1.0,0.01953125
2026-05-14T20:20,9,40,0.01953125,40,73,0.0,6.103438047058322,0.9334234003485666,0.962890625,1.0,0.01953125
2026-05-14T20:50,9,40,0.01953125,40,73,0.0,6.103438656089283,0.9334388401907863,0.962890625,1.0,0.01953125
2026-05-14T21:20,9,40,0.01953125,40,72,0.0,6.103442819053762,0.9334429627671843,0.962890625,1.0,0.01953125
2026-05-14T21:50,9,40,0.01953125,40,72,0.0,6.103446185033055,0.9334470834323275,0.962890625,1.0,0.01953125
2026-05-14T22:20,9,40,0.01953125,40,70,0.0,6.103451150494143,0.9334512021875448,0.962890625,1.0,0.01953125
2026-05-14T22:50,9,40,0.01953125,40,70,0.0,6.103456045919007,0.9334666212787897,0.962890625,1.0,0.01953125
2026-05-14T23:20,9,40,0.01953125,40,67,0.0,6.103465029007994,0.9334707336000582,0.962890625,1.0,0.01953125
2026-05-14T23:50,8,40,0.01953125,40,66,0.0,6.103477167646097,0.9334748440165925,0.962890625,1.0,0.01953125
2026-05-15T00:20,8,40,0.01953125,40,67,0.0,6.103489302339333,0.9334789525297156,0.962890625,1.0,0.01953125
2026-05-15T00:50,8,40,0.01953125,40,67,0.0,6.103501359583241,0.9334943509203337,0.962890625,1.0,0.01953125
2026-05-15T01:20,8,40,0.01953125,40,67,0.0,6.10351333948974,0.9335097421837171,0.962890625,1.0,0.01953125
2026-05-15T02:20,8,40,0.01953125,41,67,0.0,6.103528759340756,0.9335138397704851,0.962890625,1.0,0.01953125
2026-05-15T02:50,8,40,0.01953125,41,67,0.0,6.103544098498112,0.9335292194050513,0.962890625,1.0,0.01953125
2026-05-15T03:20,8,40,0.01953125,43,68,0.0,6.103564872657435,0.9335225664645695,0.962890625,1.0,0.01953125
2026-05-15T03:50,8,40,0.01953125,44,75,0.0,6.103585169681006,0.9335159166005921,0.962890625,1.0,0.01953125
2026-05-15T04:20,7,40,0.01953125,44,76,0.0,6.103608343758721,0.9335092698109854,0.962890625,1.0,0.01953125
2026-05-15T04:50,7,40,0.01953125,44,77,0.0,6.10362727415989,0.9335026260936179,0.962890625,1.0,0.01953125
2026-05-15T05:20,7,40,0.01953125,44,78,0.0,6.103642560317061,0.9334959854463599,0.962890625,1.0,0.01953125
2026-05-15T05:50,7,40,0.01953125,44,78,0.0,6.103658034856877,0.9334791152987123,0.962890625,1.0,0.01953125
2026-05-15T06:20,7,40,0.01953125,44,78,0.0,6.103671281994394,0.9334832123880649,0.962890625,1.0,0.01953125
2026-05-15T06:50,8,40,0.01953125,44,78,0.0,6.103679037868678,0.9334472610062567,0.962890625,1.0,0.01953125
2026-05-15T07:20,8,40,0.01953125,44,75,0.0,6.103687742432211,0.9334406392712051,0.962890625,1.0,0.01953125
2026-05-15T07:50,8,40,0.01953125,44,72,0.0,6.103692389883781,0.933423797470376,0.962890625,1.0,0.01953125
2026-05-15T08:20,9,40,0.01953125,44,71,0.0,6.1036935310904985,0.9334279035420706,0.962890625,1.0,0.01953125
2026-05-15T08:50,9,40,0.01953125,44,71,0.0,6.103694606046696,0.9334432604270667,0.962890625,1.0,0.01953125
2026-05-15T09:20,10,40,0.01953125,44,71,0.0,6.103692207466429,0.9334473601161276,0.962890625,1.0,0.01953125
2026-05-15T09:50,10,40,0.01953125,44,71,0.0,6.103694238537728,0.933451457914624,0.962890625,1.0,0.01953125
2026-05-15T10:20,10,40,0.01953125,44,71,0.0,6.103696201909345,0.9334667987495907,0.962890625,1.0,0.01953125
2026-05-15T10:50,10,40,0.01953125,42,71,0.0,6.103692959043813,0.9334601831943965,0.962890625,1.0,0.01953125
2026-05-15T11:20,10,40,0.01953125,42,71,0.0,6.103689653843907,0.9334755149494208,0.962890625,1.0,0.01953125
2026-05-15T11:50,12,40,0.01953125,41,71,0.0,6.103687004422713,0.9334796024862202,0.962890625,1.0,0.01953125
2026-05-15T12:20,11,40,0.01953125,41,71,0.0,6.103684292026195,0.9334949227067438,0.962890625,1.0,0.01953125
2026-05-15T12:50,12,40,0.01953125,41,71,0.0,6.103680776539425,0.9334990038924422,0.962890625,1.0,0.01953125
2026-05-15T13:20,12,40,0.01953125,41,71,0.0,6.103677199091158,0.9335143125932037,0.962890625,1.0,0.01953125
2026-05-15T13:50,13,40,0.01953125,41,72,0.0,6.1036710759744945,0.9335076952381217,0.962890625,1.0,0.01953125
2026-05-15T14:20,13,40,0.01953125,41,74,0.0,6.103662054042931,0.9335117706677022,0.962890625,1.0,0.01953125
2026-05-15T14:50,13,40,0.01953125,41,75,0.0,6.1036504437175925,0.933505156941936,0.962890625,1.0,0.01953125
2026-05-15T15:20,13,40,0.01953125,41,75,0.0,6.103638779353801,0.9335204501441112,0.962890625,1.0,0.01953125
2026-05-15T15:50,14,40,0.01953125,41,77,0.0,6.1036215338787825,0.933524519829568,0.962890625,1.0,0.01953125
2026-05-15T16:20,14,40,0.01953125,40,77,0.0,6.10360539414296,0.9335179077341501,0.962890625,1.0,0.01953125
2026-05-15T17:20,14,40,0.01953125,40,78,0.0,6.103585588984401,0.9335112986780774,0.962890625,1.0,0.01953125
2026-05-15T17:50,14,40,0.01953125,40,78,0.0,6.103567244466215,0.9335153676609627,0.962890625,1.0,0.01953125
2026-05-15T18:20,14,40,0.01953125,40,78,0.0,6.103549140793254,0.9335087622249647,0.962890625,1.0,0.01953125
2026-05-15T18:50,13,40,0.01953125,40,78,0.0,6.103531888158658,0.9334919860086244,0.962890625,1.0,0.01953125
2026-05-15T19:20,13,40,0.01953125,40,78,0.0,6.1035095332824,0.9334853889750431,0.962890625,1.0,0.01953125
2026-05-15T19:50,13,40,0.01953125,40,75,0.0,6.10350384167837,0.9334589189174689,0.962890625,1.0,0.01953125
2026-05-15T20:20,13,40,0.01953125,40,73,0.0,6.103500910994481,0.9334629952528551,0.962890625,1.0,0.01953125
2026-05-15T20:50,13,40,0.01953125,40,73,0.0,6.103501468453202,0.9334670697175045,0.962890625,1.0,0.01953125
2026-05-15T21:20,12,40,0.01953125,40,72,0.0,6.103505534650997,0.9334711423127047,0.962890625,1.0,0.01953125
2026-05-15T21:50,12,40,0.01953125,40,72,0.0,6.10350881091759,0.9334752130397419,0.962890625,1.0,0.01953125
2026-05-15T22:20,12,40,0.01953125,40,71,0.0,6.103513664257413,0.9334792818999014,0.962890625,1.0,0.01953125
2026-05-15T22:50,11,40,0.01953125,40,71,0.0,6.103518449094529,0.9334945319499014,0.962890625,1.0,0.01953125
2026-05-15T23:20,11,40,0.01953125,40,68,0.0,6.103527266492548,0.9334985945169987,0.962890625,1.0,0.01953125
2026-05-15T23:50,9,40,0.01953125,40,67,0.0,6.103539206398386,0.9335026552222411,0.962890625,1.0,0.01953125
2026-05-16T00:20,10,40,0.01953125,40,67,0.0,6.103551147631474,0.9335067140669084,0.962890625,1.0,0.01953125
2026-05-16T00:50,9,40,0.01953125,40,67,0.0,6.103563013107164,0.9335219438621291,0.962890625,1.0,0.01953125
2026-05-16T01:20,9,40,0.01953125,40,67,0.0,6.103574802933771,0.9335371666824034,0.962890625,1.0,0.01953125
2026-05-16T01:50,9,40,0.01953125,41,67,0.0,6.1035899867285135,0.9335412148384273,0.962890625,1.0,0.01953125
2026-05-16T02:20,9,40,0.01953125,41,67,0.0,6.1036050915970215,0.9335564262792975,0.962890625,1.0,0.01953125
2026-05-16T02:50,9,40,0.01953125,41,67,0.0,6.103620117651614,0.9335716307584098,0.962890625,1.0,0.01953125
2026-05-16T03:20,8,40,0.01953125,43,68,0.0,6.103640517820887,0.9335650396520274,0.962890625,1.0,0.01953125
2026-05-16T03:50,8,40,0.01953125,44,75,0.0,6.103660439931776,0.9335584515607901,0.962890625,1.0,0.01953125
2026-05-16T04:20,7,40,0.01953125,44,76,0.0,6.103683198211228,0.9335518664826288,0.962890625,1.0,0.01953125
2026-05-16T04:50,7,40,0.01953125,44,77,0.0,6.103701791766095,0.9335452844154775,0.962890625,1.0,0.01953125
2026-05-16T05:20,7,40,0.01953125,44,78,0.0,6.103716799725917,0.9335387053572708,0.962890625,1.0,0.01953125
2026-05-16T05:50,7,40,0.01953125,44,78,0.0,6.103732006201584,0.9335220066394743,0.962890625,1.0,0.01953125
2026-05-16T06:20,7,40,0.01953125,44,78,0.0,6.103745004495544,0.9335154359056661,0.962890625,1.0,0.01953125
2026-05-16T06:50,8,40,0.01953125,44,78,0.0,6.1037526215722275,0.933489092000293,0.962890625,1.0,0.01953125
2026-05-16T07:20,9,40,0.01953125,44,75,0.0,6.103759854684963,0.9334724160524235,0.962890625,1.0,0.01953125
2026-05-16T07:50,9,40,0.01953125,44,72,0.0,6.1037644529549455,0.9334658611411698,0.962890625,1.0,0.01953125
2026-05-16T08:20,9,40,0.01953125,44,71,0.0,6.103765594420242,0.9334699135609493,0.962890625,1.0,0.01953125
2026-05-16T08:50,10,40,0.01953125,44,71,0.0,6.103766671036043,0.9334850961457141,0.962890625,1.0,0.01953125
2026-05-16T09:20,11,40,0.01953125,44,71,0.0,6.103764319188617,0.9334891423277923,0.962890625,1.0,0.01953125
2026-05-16T09:50,12,40,0.01953125,44,71,0.0,6.1037663599497645,0.9334931866639847,0.962890625,1.0,0.01953125
2026-05-16T10:20,13,40,0.01953125,44,71,0.0,6.10376833442245,0.9335083535541411,0.962890625,1.0,0.01953125
2026-05-16T10:50,13,40,0.01953125,42,71,0.0,6.1037651823634755,0.9335017994162497,0.962890625,1.0,0.01953125
2026-05-16T11:20,13,40,0.01953125,42,71,0.0,6.103761969242006,0.9335169574286919,0.962890625,1.0,0.01953125
2026-05-16T11:50,14,40,0.01953125,41,71,0.0,6.103759414830083,0.9335209917392586,0.962890625,1.0,0.01953125
2026-05-16T12:20,14,40,0.01953125,41,71,0.0,6.103756798715814,0.9335361384716033,0.962890625,1.0,0.01953125
2026-05-16T12:50,14,40,0.01953125,41,71,0.0,6.10375339678021,0.9335401665749572,0.962890625,1.0,0.01953125
2026-05-16T13:20,15,40,0.01953125,41,72,0.0,6.10374747608901,0.9335441928436021,0.962890625,1.0,0.01953125
2026-05-16T13:50,14,40,0.01953125,41,72,0.0,6.103741497151767,0.9335482172787913,0.962890625,1.0,0.01953125
2026-05-16T14:20,14,40,0.01953125,41,74,0.0,6.103732652137095,0.933552239881777,0.962890625,1.0,0.01953125
2026-05-16T14:50,14,40,0.01953125,41,74,0.0,6.103721244905716,0.933545687688987,0.962890625,1.0,0.01953125
2026-05-16T15:20,14,40,0.01953125,41,74,0.0,6.103709784704999,0.9335608081240976,0.962890625,1.0,0.01953125
2026-05-16T15:50,14,40,0.01953125,41,76,0.0,6.103692801309897,0.9335648251177443,0.962890625,1.0,0.01953125
2026-05-16T16:20,14,40,0.01953125,40,77,0.0,6.103676914867049,0.9335582745331739,0.962890625,1.0,0.01953125
2026-05-16T16:50,14,40,0.01953125,40,78,0.0,6.1036588441512345,0.9335622902761621,0.962890625,1.0,0.01953125
2026-05-16T17:20,14,40,0.01953125,40,78,0.0,6.103639283613171,0.9335663041933976,0.962890625,1.0,0.01953125
2026-05-16T17:50,14,40,0.01953125,40,78,0.0,6.103621161035591,0.9335703162861252,0.962890625,1.0,0.01953125
2026-05-16T18:20,13,40,0.01953125,40,78,0.0,6.1036032695868725,0.9335637704075693,0.962890625,1.0,0.01953125
2026-05-16T18:50,13,40,0.01953125,40,78,0.0,6.103586207197717,0.9335471646251686,0.962890625,1.0,0.01953125
2026-05-16T19:20,12,40,0.01953125,40,78,0.0,6.103564092292142,0.9335406269781409,0.962890625,1.0,0.01953125
2026-05-16T19:50,12,40,0.01953125,40,75,0.0,6.103558411030331,0.9335144328798675,0.962890625,1.0,0.01953125
2026-05-16T20:20,12,40,0.01953125,40,75,0.0,6.10355267215442,0.9335295260846621,0.962890625,1.0,0.01953125
2026-05-16T20:50,12,40,0.01953125,40,73,0.0,6.103553153888256,0.9335229968923509,0.962890625,1.0,0.01953125
2026-05-16T21:20,12,40,0.01953125,40,72,0.0,6.103557097182819,0.9335270124392768,0.962890625,1.0,0.01953125
2026-05-16T21:50,12,40,0.01953125,40,72,0.0,6.10356026291527,0.9335310261642669,0.962890625,1.0,0.01953125
2026-05-16T22:20,12,40,0.01953125,40,71,0.0,6.10356498251358,0.9335350380685605,0.962890625,1.0,0.01953125
2026-05-16T22:50,12,40,0.01953125,40,71,0.0,6.103569635177102,0.9335501094884996,0.962890625,1.0,0.01953125
2026-05-16T23:20,12,40,0.01953125,40,68,0.0,6.103578262908675,0.9335541152474447,0.962890625,1.0,0.01953125
2026-05-16T23:50,12,40,0.01953125,40,67,0.0,6.10358997733089,0.9335581191905425,0.962890625,1.0,0.01953125
2026-05-17T00:20,11,40,0.01953125,40,67,0.0,6.103601698139441,0.9335621213190276,0.962890625,1.0,0.01953125
2026-05-17T00:50,12,40,0.01953125,40,67,0.0,6.103613344923058,0.9335771729453713,0.962890625,1.0,0.01953125
2026-05-17T01:20,12,40,0.01953125,40,67,0.0,6.103624917786423,0.9335922177533112,0.962890625,1.0,0.01953125
2026-05-17T01:50,12,40,0.01953125,41,67,0.0,6.103639840062869,0.9335962094413639,0.962890625,1.0,0.01953125
2026-05-17T02:20,12,40,0.01953125,41,67,0.0,6.103654685219872,0.93361124312725,0.962890625,1.0,0.01953125
2026-05-17T02:50,11,40,0.01953125,41,67,0.0,6.103669453365984,0.9336262700074838,0.962890625,1.0,0.01953125
2026-05-17T03:20,11,40,0.01953125,43,68,0.0,6.103689538221385,0.9336197381303067,0.962890625,1.0,0.01953125
2026-05-17T03:50,11,40,0.01953125,44,75,0.0,6.103709151526675,0.9336132092087301,0.962890625,1.0,0.01953125
2026-05-17T04:20,11,40,0.01953125,44,76,0.0,6.103730522358395,0.9336066832407484,0.962890625,1.0,0.01953125
2026-05-17T04:50,11,40,0.01953125,44,78,0.0,6.103745354265414,0.9335901428592556,0.962890625,1.0,0.01953125
2026-05-17T05:20,11,40,0.01953125,44,78,0.0,6.103760152230123,0.933594128699033,0.962890625,1.0,0.01953125
2026-05-17T05:50,11,40,0.01953125,44,78,0.0,6.103772516267476,0.9335775986329347,0.962890625,1.0,0.01953125
2026-05-17T06:20,11,40,0.01953125,44,78,0.0,6.103785435892852,0.9335710866117207,0.962890625,1.0,0.01953125
2026-05-17T06:50,11,40,0.01953125,44,78,0.0,6.1037929570090315,0.9335450158325906,0.962890625,1.0,0.01953125
2026-05-17T07:20,11,40,0.01953125,44,75,0.0,6.103800104623498,0.9335285080621922,0.962890625,1.0,0.01953125
2026-05-17T07:50,11,40,0.01953125,44,71,0.0,6.1038013157784174,0.9335120077478779,0.962890625,1.0,0.01953125
2026-05-17T08:20,12,40,0.01953125,44,71,0.0,6.103802463370633,0.9335270197127125,0.962890625,1.0,0.01953125
