timestamp,temperature,sp_active_columns,sp_sparsity,tm_active_cells,tm_predictive_cells,anomaly_score
2026-04-27T07:20,9,40,0.01953125,1280,0,1.0
2026-04-27T07:50,10,40,0.01953125,1280,0,1.0
2026-04-27T08:20,11,40,0.01953125,1280,0,1.0
2026-04-27T08:50,12,40,0.01953125,1280,0,1.0
2026-04-27T09:50,14,40,0.01953125,1280,40,1.0
2026-04-27T10:50,16,40,0.01953125,71,40,0.02500000037252903
2026-04-27T11:50,18,40,0.01953125,102,40,0.05000000074505806
2026-04-27T12:50,18,40,0.01953125,133,40,0.07500000298023224
2026-04-27T13:20,19,40,0.01953125,133,41,0.07500000298023224
2026-04-27T13:50,19,40,0.01953125,102,42,0.05000000074505806
2026-04-27T14:50,20,40,0.01953125,102,43,0.05000000074505806
2026-04-27T15:50,21,40,0.01953125,164,43,0.10000000149011612
2026-04-27T16:50,20,40,0.01953125,226,43,0.15000000596046448
2026-04-27T17:50,19,40,0.01953125,288,44,0.20000000298023224
2026-04-27T18:50,18,40,0.01953125,319,47,0.22499999403953552
2026-04-27T19:50,17,40,0.01953125,319,47,0.22499999403953552
2026-04-27T20:50,16,40,0.01953125,381,46,0.2750000059604645
2026-04-27T21:50,14,40,0.01953125,443,35,0.32499998807907104
2026-04-27T22:50,14,40,0.01953125,536,33,0.4000000059604645
2026-04-27T23:50,12,40,0.01953125,505,32,0.375
2026-04-28T00:50,10,40,0.01953125,412,35,0.30000001192092896
2026-04-28T01:50,11,40,0.01953125,257,36,0.17499999701976776
2026-04-28T02:50,10,40,0.01953125,288,38,0.20000000298023224
2026-04-28T03:50,10,40,0.01953125,257,40,0.17499999701976776
2026-04-28T04:50,9,40,0.01953125,381,42,0.2750000059604645
2026-04-28T05:50,9,40,0.01953125,505,55,0.375
2026-04-28T06:50,10,40,0.01953125,226,55,0.15000000596046448
2026-04-28T07:50,10,40,0.01953125,40,52,0.0
2026-04-28T08:50,10,40,0.01953125,40,52,0.0
2026-04-28T09:50,10,40,0.01953125,40,52,0.0
2026-04-28T10:50,10,40,0.01953125,40,52,0.0
2026-04-28T11:50,12,40,0.01953125,40,52,0.0
2026-04-28T12:50,14,40,0.01953125,40,52,0.0
2026-04-28T13:50,14,40,0.01953125,40,53,0.0
2026-04-28T14:50,16,40,0.01953125,40,55,0.0
2026-04-28T15:50,16,40,0.01953125,40,57,0.0
2026-04-28T16:50,16,40,0.01953125,40,62,0.0
2026-04-28T17:50,15,40,0.01953125,40,68,0.0
2026-04-28T18:50,15,40,0.01953125,40,70,0.0
2026-04-28T19:50,13,40,0.01953125,40,71,0.0
2026-04-28T20:50,12,40,0.01953125,40,65,0.0
2026-04-28T21:50,10,40,0.01953125,40,59,0.0
2026-04-28T22:50,9,40,0.01953125,40,58,0.0
2026-04-28T23:50,9,40,0.01953125,71,51,0.02500000037252903
2026-04-29T00:50,9,40,0.01953125,40,48,0.0
2026-04-29T01:50,9,40,0.01953125,40,45,0.0
2026-04-29T02:50,9,40,0.01953125,40,45,0.0
2026-04-29T03:50,9,40,0.01953125,71,44,0.02500000037252903
2026-04-29T04:50,10,40,0.01953125,288,66,0.20000000298023224
2026-04-29T05:50,10,40,0.01953125,102,70,0.05000000074505806
2026-04-29T06:50,11,40,0.01953125,43,62,0.0
2026-04-29T07:50,12,40,0.01953125,41,52,0.0
2026-04-29T08:50,13,40,0.01953125,40,52,0.0
2026-04-29T09:50,14,40,0.01953125,40,52,0.0
2026-04-29T10:50,14,40,0.01953125,40,52,0.0
2026-04-29T11:50,15,40,0.01953125,40,52,0.0
2026-04-29T12:50,15,40,0.01953125,40,52,0.0
2026-04-29T13:50,15,40,0.01953125,40,56,0.0
2026-04-29T14:50,15,40,0.01953125,40,60,0.0
2026-04-29T15:50,15,40,0.01953125,40,61,0.0
2026-04-29T16:50,15,40,0.01953125,40,68,0.0
2026-04-29T17:50,15,40,0.01953125,40,72,0.0
2026-04-29T18:50,14,40,0.01953125,40,74,0.0
2026-04-29T19:50,14,40,0.01953125,40,71,0.0
2026-04-29T20:50,13,40,0.01953125,40,68,0.0
2026-04-29T21:50,13,40,0.01953125,40,63,0.0
2026-04-29T22:50,12,40,0.01953125,40,62,0.0
2026-04-29T23:50,12,40,0.01953125,40,55,0.0
2026-04-30T00:50,12,40,0.01953125,40,52,0.0
2026-04-30T01:50,12,40,0.01953125,40,49,0.0
2026-04-30T02:50,12,40,0.01953125,40,49,0.0
2026-04-30T03:50,12,40,0.01953125,40,51,0.0
2026-04-30T04:50,11,40,0.01953125,133,71,0.07500000298023224
2026-04-30T05:50,11,40,0.01953125,42,76,0.0
2026-04-30T06:50,12,40,0.01953125,44,68,0.0
2026-04-30T07:20,13,40,0.01953125,44,55,0.0
2026-04-30T07:50,13,40,0.01953125,42,53,0.0
2026-04-30T08:20,14,40,0.01953125,40,53,0.0
2026-04-30T08:50,15,40,0.01953125,40,53,0.0
2026-04-30T09:20,15,40,0.01953125,40,53,0.0
2026-04-30T09:50,14,40,0.01953125,40,53,0.0
2026-04-30T10:20,15,40,0.01953125,40,53,0.0
2026-04-30T10:50,15,40,0.01953125,40,53,0.0
2026-04-30T11:20,15,40,0.01953125,40,53,0.0
2026-04-30T11:50,17,40,0.01953125,40,53,0.0
2026-04-30T12:20,16,40,0.01953125,40,53,0.0
2026-04-30T12:50,16,40,0.01953125,40,53,0.0
2026-04-30T13:20,17,40,0.01953125,40,53,0.0
2026-04-30T13:50,18,40,0.01953125,40,59,0.0
2026-04-30T14:20,18,40,0.01953125,40,61,0.0
2026-04-30T14:50,18,40,0.01953125,40,62,0.0
2026-04-30T15:20,18,40,0.01953125,40,62,0.0
2026-04-30T15:50,18,40,0.01953125,40,65,0.0
2026-04-30T16:20,18,40,0.01953125,40,66,0.0
2026-04-30T16:50,19,40,0.01953125,40,74,0.0
2026-04-30T17:20,18,40,0.01953125,40,74,0.0
2026-04-30T17:50,18,40,0.01953125,40,74,0.0
2026-04-30T18:20,17,40,0.01953125,40,74,0.0
2026-04-30T18:50,17,40,0.01953125,40,75,0.0
2026-04-30T19:20,16,40,0.01953125,40,74,0.0
2026-04-30T19:50,16,40,0.01953125,40,74,0.0
2026-04-30T20:20,15,40,0.01953125,40,73,0.0
2026-04-30T20:50,14,40,0.01953125,40,73,0.0
2026-04-30T21:20,14,40,0.01953125,40,70,0.0
2026-04-30T21:50,14,40,0.01953125,40,70,0.0
2026-04-30T22:20,13,40,0.01953125,40,70,0.0
2026-04-30T22:50,13,40,0.01953125,40,63,0.0
2026-04-30T23:20,13,40,0.01953125,40,62,0.0
2026-04-30T23:50,12,40,0.01953125,40,62,0.0
2026-05-01T00:20,11,40,0.01953125,40,55,0.0
2026-05-01T00:50,12,40,0.01953125,40,52,0.0
2026-05-01T01:20,11,40,0.01953125,40,52,0.0
2026-05-01T01:50,11,40,0.01953125,40,52,0.0
2026-05-01T02:20,11,40,0.01953125,40,52,0.0
2026-05-01T02:50,12,40,0.01953125,40,52,0.0
2026-05-01T03:20,12,40,0.01953125,40,52,0.0
2026-05-01T03:50,10,40,0.01953125,40,55,0.0
2026-05-01T04:20,10,40,0.01953125,40,57,0.0
2026-05-01T04:50,10,40,0.01953125,40,69,0.0
2026-05-01T05:20,10,40,0.01953125,43,74,0.0
2026-05-01T05:50,10,40,0.01953125,44,75,0.0
2026-05-01T06:20,11,40,0.01953125,44,75,0.0
2026-05-01T06:50,11,40,0.01953125,44,69,0.0
2026-05-01T07:20,12,40,0.01953125,75,57,0.02500000037252903
2026-05-01T07:50,13,40,0.01953125,44,53,0.0
2026-05-01T08:20,14,40,0.01953125,44,53,0.0
2026-05-01T08:50,15,40,0.01953125,44,53,0.0
2026-05-01T10:20,17,40,0.01953125,43,53,0.0
2026-05-01T10:50,18,40,0.01953125,43,53,0.0
2026-05-01T11:20,20,40,0.01953125,42,53,0.0
2026-05-01T11:50,20,40,0.01953125,41,52,0.0
2026-05-01T12:20,21,40,0.01953125,41,52,0.0
2026-05-01T12:50,22,40,0.01953125,41,52,0.0
2026-05-01T13:20,24,40,0.01953125,41,52,0.0
2026-05-01T13:50,24,40,0.01953125,41,55,0.0
2026-05-01T14:20,24,40,0.01953125,41,60,0.0
2026-05-01T14:50,24,40,0.01953125,72,64,0.02500000037252903
2026-05-01T15:20,24,40,0.01953125,72,65,0.02500000037252903
2026-05-01T15:50,24,40,0.01953125,41,67,0.0
2026-05-01T16:20,24,40,0.01953125,40,69,0.0
2026-05-01T16:50,24,40,0.01953125,40,75,0.0
2026-05-01T17:20,23,40,0.01953125,40,75,0.0
2026-05-01T17:50,23,40,0.01953125,40,76,0.0
2026-05-01T18:20,22,40,0.01953125,40,77,0.0
2026-05-01T18:50,22,40,0.01953125,40,77,0.0
2026-05-01T19:20,21,40,0.01953125,40,77,0.0
2026-05-01T19:50,20,40,0.01953125,40,77,0.0
2026-05-01T20:20,20,40,0.01953125,40,76,0.0
2026-05-01T20:50,19,40,0.01953125,40,75,0.0
2026-05-01T21:20,19,40,0.01953125,40,69,0.0
2026-05-01T21:50,18,40,0.01953125,40,69,0.0
2026-05-01T22:20,18,40,0.01953125,40,67,0.0
2026-05-01T22:50,18,40,0.01953125,40,66,0.0
2026-05-01T23:20,17,40,0.01953125,40,62,0.0
2026-05-01T23:50,16,40,0.01953125,40,56,0.0
2026-05-02T00:20,16,40,0.01953125,40,56,0.0
2026-05-02T00:50,15,40,0.01953125,40,53,0.0
2026-05-02T01:20,14,40,0.01953125,40,53,0.0
2026-05-02T01:50,13,40,0.01953125,41,54,0.0
2026-05-02T02:20,13,40,0.01953125,41,54,0.0
2026-05-02T02:50,12,40,0.01953125,41,54,0.0
2026-05-02T03:20,12,40,0.01953125,41,54,0.0
2026-05-02T03:50,12,40,0.01953125,41,58,0.0
2026-05-02T04:20,12,40,0.01953125,72,70,0.02500000037252903
2026-05-02T04:50,11,40,0.01953125,44,71,0.0
2026-05-02T05:20,11,40,0.01953125,44,74,0.0
2026-05-02T05:50,11,40,0.01953125,44,74,0.0
2026-05-02T06:20,11,40,0.01953125,44,75,0.0
2026-05-02T06:50,11,40,0.01953125,44,74,0.0
2026-05-02T07:20,11,40,0.01953125,44,64,0.0
2026-05-02T07:50,11,40,0.01953125,44,56,0.0
2026-05-02T08:20,12,40,0.01953125,44,54,0.0
2026-05-02T08:50,13,40,0.01953125,44,54,0.0
2026-05-02T09:20,14,40,0.01953125,44,54,0.0
2026-05-02T09:50,15,40,0.01953125,43,54,0.0
2026-05-02T10:20,16,40,0.01953125,43,54,0.0
2026-05-02T10:50,17,40,0.01953125,43,54,0.0
2026-05-02T11:20,17,40,0.01953125,42,54,0.0
2026-05-02T11:50,19,40,0.01953125,41,54,0.0
2026-05-02T12:20,19,40,0.01953125,41,54,0.0
2026-05-02T12:50,21,40,0.01953125,41,54,0.0
2026-05-02T13:20,21,40,0.01953125,41,52,0.0
2026-05-02T13:50,22,40,0.01953125,41,60,0.0
2026-05-02T14:20,22,40,0.01953125,41,66,0.0
2026-05-02T14:50,22,40,0.01953125,41,66,0.0
2026-05-02T15:20,22,40,0.01953125,41,71,0.0
2026-05-02T15:50,23,40,0.01953125,41,71,0.0
2026-05-02T16:20,22,40,0.01953125,40,75,0.0
2026-05-02T16:50,21,40,0.01953125,40,76,0.0
2026-05-02T17:20,20,40,0.01953125,40,76,0.0
2026-05-02T17:50,20,40,0.01953125,40,76,0.0
2026-05-02T18:20,17,40,0.01953125,40,77,0.0
2026-05-02T18:50,17,40,0.01953125,40,77,0.0
2026-05-02T19:20,16,40,0.01953125,40,77,0.0
2026-05-02T19:50,17,40,0.01953125,40,77,0.0
2026-05-02T20:20,16,40,0.01953125,40,73,0.0
2026-05-02T20:50,16,40,0.01953125,40,70,0.0
2026-05-02T21:20,16,40,0.01953125,40,70,0.0
2026-05-02T21:50,16,40,0.01953125,40,70,0.0
2026-05-02T22:20,15,40,0.01953125,40,65,0.0
2026-05-02T22:50,15,40,0.01953125,40,65,0.0
2026-05-02T23:20,15,40,0.01953125,40,63,0.0
2026-05-02T23:50,15,40,0.01953125,40,57,0.0
2026-05-03T00:20,15,40,0.01953125,40,56,0.0
2026-05-03T00:50,15,40,0.01953125,40,54,0.0
2026-05-03T01:20,15,40,0.01953125,40,54,0.0
2026-05-03T01:50,15,40,0.01953125,41,54,0.0
2026-05-03T02:20,15,40,0.01953125,41,54,0.0
2026-05-03T02:50,14,40,0.01953125,41,54,0.0
2026-05-03T03:20,14,40,0.01953125,41,54,0.0
2026-05-03T03:50,14,40,0.01953125,41,64,0.0
2026-05-03T04:20,14,40,0.01953125,41,70,0.0
2026-05-03T04:50,14,40,0.01953125,44,75,0.0
2026-05-03T05:20,14,40,0.01953125,44,74,0.0
2026-05-03T05:50,14,40,0.01953125,44,74,0.0
2026-05-03T06:20,14,40,0.01953125,44,77,0.0
2026-05-03T06:50,14,40,0.01953125,44,74,0.0
2026-05-03T07:20,14,40,0.01953125,44,65,0.0
2026-05-03T07:50,14,40,0.01953125,44,58,0.0
2026-05-03T08:20,15,40,0.01953125,44,56,0.0
2026-05-03T08:50,15,40,0.01953125,44,56,0.0
2026-05-03T09:20,15,40,0.01953125,44,56,0.0
2026-05-03T09:50,16,40,0.01953125,43,56,0.0
2026-05-03T10:20,16,40,0.01953125,43,56,0.0
2026-05-03T10:50,17,40,0.01953125,43,56,0.0
2026-05-03T11:20,17,40,0.01953125,42,56,0.0
2026-05-03T11:50,17,40,0.01953125,41,56,0.0
2026-05-03T12:20,17,40,0.01953125,41,56,0.0
2026-05-03T12:50,19,40,0.01953125,41,56,0.0
2026-05-03T13:20,18,40,0.01953125,41,56,0.0
2026-05-03T13:50,19,40,0.01953125,41,60,0.0
2026-05-03T14:20,19,40,0.01953125,41,66,0.0
2026-05-03T14:50,19,40,0.01953125,41,66,0.0
2026-05-03T15:20,19,40,0.01953125,41,71,0.0
2026-05-03T15:50,20,40,0.01953125,41,71,0.0
2026-05-03T16:20,19,40,0.01953125,40,74,0.0
2026-05-03T16:50,19,40,0.01953125,40,76,0.0
2026-05-03T17:20,20,40,0.01953125,40,76,0.0
2026-05-03T17:50,19,40,0.01953125,40,76,0.0
2026-05-03T18:20,19,40,0.01953125,40,77,0.0
2026-05-03T18:50,19,40,0.01953125,40,77,0.0
2026-05-03T19:20,19,40,0.01953125,40,77,0.0
2026-05-03T19:50,18,40,0.01953125,40,77,0.0
2026-05-03T20:20,18,40,0.01953125,40,77,0.0
2026-05-03T20:50,18,40,0.01953125,40,71,0.0
2026-05-03T21:20,18,40,0.01953125,40,71,0.0
2026-05-03T21:50,17,40,0.01953125,40,71,0.0
2026-05-03T22:20,17,40,0.01953125,40,66,0.0
2026-05-03T22:50,16,40,0.01953125,40,66,0.0
2026-05-03T23:20,16,40,0.01953125,40,63,0.0
2026-05-03T23:50,15,40,0.01953125,40,57,0.0
2026-05-04T00:20,15,40,0.01953125,40,56,0.0
2026-05-04T00:50,15,40,0.01953125,40,55,0.0
2026-05-04T01:20,14,40,0.01953125,40,55,0.0
2026-05-04T01:50,14,40,0.01953125,41,56,0.0
2026-05-04T02:20,15,40,0.01953125,41,56,0.0
2026-05-04T02:50,14,40,0.01953125,41,56,0.0
2026-05-04T03:20,13,40,0.01953125,41,58,0.0
2026-05-04T03:50,13,40,0.01953125,42,66,0.0
2026-05-04T04:20,13,40,0.01953125,44,70,0.0
2026-05-04T04:50,13,40,0.01953125,44,75,0.0
2026-05-04T05:20,13,40,0.01953125,44,74,0.0
2026-05-04T05:50,13,40,0.01953125,44,74,0.0
2026-05-04T06:20,13,40,0.01953125,44,77,0.0
2026-05-04T06:50,12,40,0.01953125,44,73,0.0
2026-05-04T07:20,12,40,0.01953125,44,65,0.0
2026-05-04T07:50,12,40,0.01953125,44,61,0.0
2026-05-04T08:20,12,40,0.01953125,44,59,0.0
2026-05-04T08:50,12,40,0.01953125,44,59,0.0
2026-05-04T09:20,12,40,0.01953125,44,59,0.0
2026-05-04T09:50,13,40,0.01953125,43,58,0.0
2026-05-04T10:20,13,40,0.01953125,43,58,0.0
2026-05-04T10:50,13,40,0.01953125,43,58,0.0
2026-05-04T11:20,14,40,0.01953125,42,58,0.0
2026-05-04T11:50,14,40,0.01953125,41,58,0.0
2026-05-04T12:20,14,40,0.01953125,41,58,0.0
2026-05-04T12:50,14,40,0.01953125,41,58,0.0
2026-05-04T13:20,15,40,0.01953125,41,58,0.0
2026-05-04T13:50,15,40,0.01953125,41,60,0.0
2026-05-04T14:20,15,40,0.01953125,41,67,0.0
2026-05-04T14:50,15,40,0.01953125,41,67,0.0
2026-05-04T15:20,15,40,0.01953125,41,71,0.0
2026-05-04T15:50,15,40,0.01953125,41,71,0.0
2026-05-04T16:20,15,40,0.01953125,40,74,0.0
2026-05-04T16:50,14,40,0.01953125,40,76,0.0
2026-05-04T17:20,14,40,0.01953125,40,77,0.0
2026-05-04T17:50,15,40,0.01953125,40,77,0.0
2026-05-04T18:20,15,40,0.01953125,40,77,0.0
2026-05-04T18:50,15,40,0.01953125,40,77,0.0
2026-05-04T19:20,15,40,0.01953125,40,77,0.0
2026-05-04T19:50,15,40,0.01953125,40,75,0.0
2026-05-04T20:20,14,40,0.01953125,40,74,0.0
2026-05-04T20:50,14,40,0.01953125,40,72,0.0
2026-05-04T21:20,13,40,0.01953125,40,72,0.0
2026-05-04T21:50,14,40,0.01953125,40,72,0.0
2026-05-04T22:20,13,40,0.01953125,40,65,0.0
2026-05-04T22:50,13,40,0.01953125,40,63,0.0
2026-05-04T23:20,13,40,0.01953125,40,57,0.0
2026-05-04T23:50,12,40,0.01953125,40,57,0.0
2026-05-05T00:20,12,40,0.01953125,40,56,0.0
2026-05-05T00:50,12,40,0.01953125,40,56,0.0
2026-05-05T01:20,12,40,0.01953125,40,56,0.0
2026-05-05T01:50,11,40,0.01953125,41,58,0.0
2026-05-05T02:20,11,40,0.01953125,41,58,0.0
2026-05-05T02:50,11,40,0.01953125,41,58,0.0
2026-05-05T03:20,11,40,0.01953125,41,58,0.0
2026-05-05T03:50,11,40,0.01953125,41,68,0.0
2026-05-05T04:20,11,40,0.01953125,44,72,0.0
2026-05-05T04:50,11,40,0.01953125,44,74,0.0
2026-05-05T05:20,11,40,0.01953125,44,75,0.0
2026-05-05T05:50,11,40,0.01953125,44,75,0.0
2026-05-05T06:20,11,40,0.01953125,44,77,0.0
2026-05-05T06:50,11,40,0.01953125,44,74,0.0
2026-05-05T07:20,11,40,0.01953125,44,66,0.0
2026-05-05T07:50,11,40,0.01953125,44,62,0.0
2026-05-05T08:20,12,40,0.01953125,44,60,0.0
2026-05-05T08:50,12,40,0.01953125,44,60,0.0
2026-05-05T09:20,12,40,0.01953125,44,60,0.0
2026-05-05T09:50,13,40,0.01953125,43,59,0.0
2026-05-05T10:20,13,40,0.01953125,43,59,0.0
2026-05-05T10:50,13,40,0.01953125,43,59,0.0
2026-05-05T11:20,14,40,0.01953125,42,59,0.0
2026-05-05T11:50,15,40,0.01953125,41,59,0.0
2026-05-05T12:20,15,40,0.01953125,41,59,0.0
2026-05-05T12:50,16,40,0.01953125,41,59,0.0
2026-05-05T13:20,16,40,0.01953125,41,59,0.0
2026-05-05T13:50,16,40,0.01953125,41,60,0.0
2026-05-05T14:20,16,40,0.01953125,41,68,0.0
2026-05-05T14:50,16,40,0.01953125,41,68,0.0
2026-05-05T15:20,16,40,0.01953125,41,72,0.0
2026-05-05T15:50,16,40,0.01953125,41,72,0.0
2026-05-05T16:20,16,40,0.01953125,40,75,0.0
2026-05-05T16:50,15,40,0.01953125,40,77,0.0
2026-05-05T17:20,15,40,0.01953125,40,77,0.0
2026-05-05T17:50,15,40,0.01953125,40,77,0.0
2026-05-05T18:20,15,40,0.01953125,40,77,0.0
2026-05-05T18:50,14,40,0.01953125,40,77,0.0
2026-05-05T19:20,14,40,0.01953125,40,77,0.0
2026-05-05T19:50,14,40,0.01953125,40,75,0.0
2026-05-05T20:20,13,40,0.01953125,40,75,0.0
2026-05-05T20:50,13,40,0.01953125,40,73,0.0
2026-05-05T21:20,13,40,0.01953125,40,73,0.0
2026-05-05T21:50,12,40,0.01953125,40,71,0.0
2026-05-05T22:20,12,40,0.01953125,40,67,0.0
2026-05-05T22:50,11,40,0.01953125,40,64,0.0
2026-05-05T23:20,12,40,0.01953125,40,57,0.0
2026-05-05T23:50,11,40,0.01953125,40,57,0.0
2026-05-06T00:20,11,40,0.01953125,40,56,0.0
2026-05-06T00:50,11,40,0.01953125,40,56,0.0
2026-05-06T01:20,10,40,0.01953125,40,56,0.0
2026-05-06T01:50,10,40,0.01953125,41,58,0.0
2026-05-06T02:20,10,40,0.01953125,41,58,0.0
2026-05-06T02:50,10,40,0.01953125,41,58,0.0
2026-05-06T03:20,10,40,0.01953125,41,59,0.0
2026-05-06T03:50,10,40,0.01953125,42,68,0.0
2026-05-06T04:20,9,40,0.01953125,44,74,0.0
2026-05-06T04:50,9,40,0.01953125,44,75,0.0
2026-05-06T05:20,9,40,0.01953125,44,74,0.0
2026-05-06T05:50,9,40,0.01953125,44,75,0.0
2026-05-06T06:20,8,40,0.01953125,44,77,0.0
2026-05-06T06:50,8,40,0.01953125,44,75,0.0
2026-05-06T07:20,8,40,0.01953125,44,69,0.0
2026-05-06T07:50,9,40,0.01953125,44,63,0.0
2026-05-06T08:20,9,40,0.01953125,44,62,0.0
2026-05-06T08:50,10,40,0.01953125,44,62,0.0
2026-05-06T09:20,10,40,0.01953125,44,62,0.0
2026-05-06T09:50,11,40,0.01953125,43,61,0.0
2026-05-06T10:20,11,40,0.01953125,43,61,0.0
2026-05-06T10:50,11,40,0.01953125,43,61,0.0
2026-05-06T11:20,11,40,0.01953125,42,61,0.0
2026-05-06T11:50,12,40,0.01953125,42,61,0.0
2026-05-06T12:20,12,40,0.01953125,41,61,0.0
2026-05-06T12:50,12,40,0.01953125,41,61,0.0
2026-05-06T13:50,12,40,0.01953125,41,62,0.0
2026-05-06T14:20,12,40,0.01953125,41,64,0.0
2026-05-06T14:50,12,40,0.01953125,41,68,0.0
2026-05-06T15:20,12,40,0.01953125,41,71,0.0
2026-05-06T15:50,13,40,0.01953125,41,71,0.0
2026-05-06T16:20,13,40,0.01953125,40,73,0.0
2026-05-06T16:50,13,40,0.01953125,40,74,0.0
2026-05-06T17:20,13,40,0.01953125,40,76,0.0
2026-05-06T17:50,13,40,0.01953125,40,76,0.0
2026-05-06T18:20,12,40,0.01953125,40,77,0.0
2026-05-06T18:50,12,40,0.01953125,40,77,0.0
2026-05-06T19:50,12,40,0.01953125,40,76,0.0
2026-05-06T20:20,12,40,0.01953125,40,75,0.0
2026-05-06T20:50,12,40,0.01953125,40,73,0.0
2026-05-06T21:20,11,40,0.01953125,40,73,0.0
2026-05-06T21:50,11,40,0.01953125,40,68,0.0
2026-05-06T22:20,11,40,0.01953125,40,68,0.0
2026-05-06T22:50,10,40,0.01953125,40,66,0.0
2026-05-06T23:20,10,40,0.01953125,40,59,0.0
2026-05-06T23:50,10,40,0.01953125,40,59,0.0
2026-05-07T00:20,10,40,0.01953125,40,56,0.0
2026-05-07T00:50,10,40,0.01953125,40,56,0.0
2026-05-07T01:20,10,40,0.01953125,40,56,0.0
2026-05-07T01:50,10,40,0.01953125,41,58,0.0
2026-05-07T02:20,10,40,0.01953125,41,58,0.0
2026-05-07T02:50,10,40,0.01953125,41,58,0.0
2026-05-07T03:20,10,40,0.01953125,42,60,0.0
2026-05-07T03:50,10,40,0.01953125,42,64,0.0
2026-05-07T04:20,10,40,0.01953125,44,75,0.0
2026-05-07T04:50,9,40,0.01953125,44,76,0.0
2026-05-07T05:20,9,40,0.01953125,44,76,0.0
2026-05-07T05:50,9,40,0.01953125,44,77,0.0
2026-05-07T06:20,9,40,0.01953125,44,77,0.0
2026-05-07T06:50,9,40,0.01953125,44,75,0.0
2026-05-07T07:20,10,40,0.01953125,44,70,0.0
2026-05-07T07:50,10,40,0.01953125,44,63,0.0
2026-05-07T08:20,10,40,0.01953125,44,63,0.0
2026-05-07T08:50,11,40,0.01953125,44,63,0.0
2026-05-07T09:20,12,40,0.01953125,44,63,0.0
2026-05-07T09:50,12,40,0.01953125,43,62,0.0
2026-05-07T10:20,12,40,0.01953125,43,62,0.0
2026-05-07T10:50,13,40,0.01953125,43,62,0.0
2026-05-07T11:20,13,40,0.01953125,42,62,0.0
2026-05-07T11:50,13,40,0.01953125,41,62,0.0
2026-05-07T12:20,14,40,0.01953125,41,62,0.0
2026-05-07T12:50,13,40,0.01953125,41,62,0.0
2026-05-07T13:20,14,40,0.01953125,41,62,0.0
2026-05-07T13:50,14,40,0.01953125,41,63,0.0
2026-05-07T14:20,13,40,0.01953125,41,66,0.0
2026-05-07T14:50,14,40,0.01953125,41,69,0.0
2026-05-07T15:20,14,40,0.01953125,41,72,0.0
2026-05-07T15:50,14,40,0.01953125,41,72,0.0
2026-05-07T16:20,14,40,0.01953125,40,74,0.0
2026-05-07T16:50,14,40,0.01953125,40,76,0.0
2026-05-07T17:20,14,40,0.01953125,40,76,0.0
2026-05-07T17:50,13,40,0.01953125,40,76,0.0
2026-05-07T18:20,13,40,0.01953125,40,77,0.0
2026-05-07T18:50,13,40,0.01953125,40,77,0.0
2026-05-07T19:20,13,40,0.01953125,40,77,0.0
2026-05-07T19:50,13,40,0.01953125,40,76,0.0
2026-05-07T20:20,12,40,0.01953125,40,76,0.0
2026-05-07T20:50,12,40,0.01953125,40,72,0.0
2026-05-07T21:20,12,40,0.01953125,40,72,0.0
2026-05-07T21:50,12,40,0.01953125,40,68,0.0
2026-05-07T22:20,12,40,0.01953125,40,66,0.0
2026-05-07T22:50,12,40,0.01953125,40,66,0.0
2026-05-07T23:20,11,40,0.01953125,40,61,0.0
2026-05-07T23:50,11,40,0.01953125,40,61,0.0
2026-05-08T00:20,11,40,0.01953125,40,58,0.0
2026-05-08T00:50,10,40,0.01953125,40,58,0.0
2026-05-08T01:20,10,40,0.01953125,40,58,0.0
2026-05-08T01:50,9,40,0.01953125,41,59,0.0
2026-05-08T02:20,9,40,0.01953125,41,59,0.0
2026-05-08T02:50,9,40,0.01953125,41,59,0.0
2026-05-08T03:20,9,40,0.01953125,42,61,0.0
2026-05-08T03:50,9,40,0.01953125,43,65,0.0
2026-05-08T04:20,8,40,0.01953125,44,74,0.0
2026-05-08T04:50,8,40,0.01953125,44,76,0.0
2026-05-08T05:20,8,40,0.01953125,44,76,0.0
2026-05-08T05:50,8,40,0.01953125,44,76,0.0
2026-05-08T06:20,9,40,0.01953125,44,76,0.0
2026-05-08T06:50,9,40,0.01953125,44,75,0.0
2026-05-08T07:20,10,40,0.01953125,44,70,0.0
2026-05-08T07:50,11,40,0.01953125,44,63,0.0
2026-05-08T08:20,12,40,0.01953125,44,63,0.0
2026-05-08T08:50,13,40,0.01953125,44,62,0.0
2026-05-08T09:20,14,40,0.01953125,44,62,0.0
2026-05-08T09:50,15,40,0.01953125,43,61,0.0
2026-05-08T10:20,16,40,0.01953125,43,61,0.0
2026-05-08T10:50,16,40,0.01953125,42,61,0.0
2026-05-08T11:20,16,40,0.01953125,42,61,0.0
2026-05-08T11:50,17,40,0.01953125,41,61,0.0
2026-05-08T12:20,17,40,0.01953125,41,61,0.0
2026-05-08T12:50,17,40,0.01953125,41,61,0.0
2026-05-08T13:20,17,40,0.01953125,41,61,0.0
2026-05-08T13:50,17,40,0.01953125,41,64,0.0
2026-05-08T14:20,18,40,0.01953125,41,69,0.0
2026-05-08T14:50,18,40,0.01953125,41,69,0.0
2026-05-08T15:20,18,40,0.01953125,41,72,0.0
2026-05-08T15:50,18,40,0.01953125,41,72,0.0
2026-05-08T16:20,18,40,0.01953125,40,74,0.0
2026-05-08T16:50,18,40,0.01953125,40,76,0.0
2026-05-08T17:20,18,40,0.01953125,40,76,0.0
2026-05-08T17:50,18,40,0.01953125,40,76,0.0
2026-05-08T19:20,16,40,0.01953125,40,77,0.0
2026-05-08T19:50,15,40,0.01953125,40,76,0.0
2026-05-08T20:20,15,40,0.01953125,40,76,0.0
2026-05-08T20:50,14,40,0.01953125,40,72,0.0
2026-05-08T21:20,13,40,0.01953125,40,72,0.0
2026-05-08T21:50,13,40,0.01953125,40,70,0.0
2026-05-08T22:20,13,40,0.01953125,40,68,0.0
2026-05-08T22:50,12,40,0.01953125,40,68,0.0
2026-05-08T23:20,13,40,0.01953125,40,63,0.0
2026-05-08T23:50,12,40,0.01953125,40,63,0.0
2026-05-09T00:20,12,40,0.01953125,40,60,0.0
2026-05-09T00:50,10,40,0.01953125,40,60,0.0
2026-05-09T01:20,10,40,0.01953125,40,60,0.0
2026-05-09T01:50,10,40,0.01953125,41,61,0.0
2026-05-09T02:20,11,40,0.01953125,41,61,0.0
2026-05-09T02:50,11,40,0.01953125,41,61,0.0
2026-05-09T03:20,10,40,0.01953125,42,63,0.0
2026-05-09T03:50,10,40,0.01953125,43,67,0.0
2026-05-09T04:20,10,40,0.01953125,44,75,0.0
2026-05-09T04:50,10,40,0.01953125,44,77,0.0
2026-05-09T05:20,9,40,0.01953125,44,76,0.0
2026-05-09T05:50,10,40,0.01953125,44,76,0.0
2026-05-09T06:20,10,40,0.01953125,44,76,0.0
2026-05-09T06:50,11,40,0.01953125,44,75,0.0
2026-05-09T07:20,11,40,0.01953125,44,70,0.0
2026-05-09T07:50,12,40,0.01953125,44,63,0.0
2026-05-09T08:20,13,40,0.01953125,44,63,0.0
2026-05-09T08:50,14,40,0.01953125,44,62,0.0
2026-05-09T09:20,15,40,0.01953125,43,61,0.0
2026-05-09T09:50,16,40,0.01953125,43,61,0.0
2026-05-09T10:20,16,40,0.01953125,43,61,0.0
2026-05-09T10:50,17,40,0.01953125,42,61,0.0
2026-05-09T11:20,18,40,0.01953125,42,61,0.0
2026-05-09T11:50,18,40,0.01953125,41,61,0.0
2026-05-09T12:20,18,40,0.01953125,41,61,0.0
2026-05-09T12:50,19,40,0.01953125,41,61,0.0
2026-05-09T13:20,19,40,0.01953125,41,61,0.0
2026-05-09T13:50,19,40,0.01953125,41,64,0.0
2026-05-09T14:20,20,40,0.01953125,41,70,0.0
2026-05-09T14:50,20,40,0.01953125,41,70,0.0
2026-05-09T15:20,19,40,0.01953125,41,72,0.0
2026-05-09T15:50,20,40,0.01953125,41,72,0.0
2026-05-09T16:20,20,40,0.01953125,40,75,0.0
2026-05-09T16:50,19,40,0.01953125,40,77,0.0
2026-05-09T17:20,18,40,0.01953125,40,77,0.0
2026-05-09T17:50,18,40,0.01953125,40,77,0.0
2026-05-09T18:20,18,40,0.01953125,40,77,0.0
2026-05-09T18:50,17,40,0.01953125,40,77,0.0
2026-05-09T19:20,17,40,0.01953125,40,77,0.0
2026-05-09T19:50,16,40,0.01953125,40,76,0.0
2026-05-09T20:20,15,40,0.01953125,40,76,0.0
2026-05-09T20:50,15,40,0.01953125,40,72,0.0
2026-05-09T21:20,14,40,0.01953125,40,72,0.0
2026-05-09T21:50,14,40,0.01953125,40,70,0.0
2026-05-09T22:20,14,40,0.01953125,40,66,0.0
2026-05-09T22:50,13,40,0.01953125,40,66,0.0
2026-05-09T23:20,13,40,0.01953125,40,61,0.0
2026-05-09T23:50,13,40,0.01953125,40,61,0.0
2026-05-10T00:20,12,40,0.01953125,40,61,0.0
2026-05-10T00:50,12,40,0.01953125,40,61,0.0
2026-05-10T01:20,11,40,0.01953125,40,61,0.0
2026-05-10T01:50,11,40,0.01953125,41,61,0.0
2026-05-10T02:20,10,40,0.01953125,41,61,0.0
2026-05-10T02:50,10,40,0.01953125,42,62,0.0
2026-05-10T03:20,9,40,0.01953125,42,62,0.0
2026-05-10T03:50,10,40,0.01953125,43,67,0.0
2026-05-10T04:20,10,40,0.01953125,44,75,0.0
2026-05-10T04:50,10,40,0.01953125,44,77,0.0
2026-05-10T05:20,10,40,0.01953125,44,76,0.0
2026-05-10T05:50,10,40,0.01953125,44,76,0.0
2026-05-10T06:20,10,40,0.01953125,44,76,0.0
2026-05-10T06:50,10,40,0.01953125,44,75,0.0
2026-05-10T07:20,10,40,0.01953125,44,70,0.0
2026-05-10T07:50,10,40,0.01953125,44,64,0.0
2026-05-10T08:20,11,40,0.01953125,44,63,0.0
2026-05-10T08:50,11,40,0.01953125,44,62,0.0
2026-05-10T09:20,12,40,0.01953125,44,62,0.0
2026-05-10T09:50,12,40,0.01953125,43,61,0.0
2026-05-10T10:20,12,40,0.01953125,43,61,0.0
2026-05-10T10:50,12,40,0.01953125,43,61,0.0
2026-05-10T11:20,12,40,0.01953125,42,61,0.0
2026-05-10T11:50,12,40,0.01953125,41,61,0.0
2026-05-10T12:20,12,40,0.01953125,41,61,0.0
2026-05-10T12:50,12,40,0.01953125,41,61,0.0
2026-05-10T13:20,12,40,0.01953125,41,61,0.0
2026-05-10T13:50,12,40,0.01953125,41,63,0.0
2026-05-10T14:20,12,40,0.01953125,41,66,0.0
2026-05-10T14:50,12,40,0.01953125,41,70,0.0
2026-05-10T15:20,12,40,0.01953125,41,71,0.0
2026-05-10T15:50,12,40,0.01953125,41,71,0.0
2026-05-10T16:20,12,40,0.01953125,40,74,0.0
2026-05-10T16:50,12,40,0.01953125,40,76,0.0
2026-05-10T17:20,12,40,0.01953125,40,76,0.0
2026-05-10T17:50,13,40,0.01953125,40,76,0.0
2026-05-10T18:20,12,40,0.01953125,40,77,0.0
2026-05-10T18:50,12,40,0.01953125,40,77,0.0
2026-05-10T19:20,12,40,0.01953125,40,77,0.0
2026-05-10T19:50,12,40,0.01953125,40,77,0.0
2026-05-10T20:20,11,40,0.01953125,40,76,0.0
2026-05-10T20:50,11,40,0.01953125,40,72,0.0
2026-05-10T21:20,10,40,0.01953125,40,70,0.0
2026-05-10T21:50,9,40,0.01953125,40,69,0.0
2026-05-10T22:20,9,40,0.01953125,40,66,0.0
2026-05-10T22:50,8,40,0.01953125,40,66,0.0
2026-05-10T23:20,8,40,0.01953125,40,61,0.0
2026-05-10T23:50,7,40,0.01953125,40,58,0.0
2026-05-11T00:20,7,40,0.01953125,40,61,0.0
2026-05-11T00:50,7,40,0.01953125,40,61,0.0
2026-05-11T01:20,6,40,0.01953125,40,61,0.0
2026-05-11T01:50,6,40,0.01953125,41,61,0.0
2026-05-11T02:20,6,40,0.01953125,41,61,0.0
2026-05-11T02:50,6,40,0.01953125,41,61,0.0
2026-05-11T03:20,5,40,0.01953125,42,63,0.0
2026-05-11T03:50,5,40,0.01953125,43,63,0.0
2026-05-11T04:20,5,40,0.01953125,43,75,0.0
2026-05-11T04:50,5,40,0.01953125,44,77,0.0
2026-05-11T05:20,5,40,0.01953125,44,77,0.0
2026-05-11T05:50,6,40,0.01953125,44,76,0.0
2026-05-11T06:20,7,40,0.01953125,44,77,0.0
2026-05-11T06:50,8,40,0.01953125,44,76,0.0
2026-05-11T07:20,8,40,0.01953125,44,72,0.0
2026-05-11T07:50,9,40,0.01953125,44,66,0.0
2026-05-11T08:20,10,40,0.01953125,44,64,0.0
2026-05-11T08:50,10,40,0.01953125,44,64,0.0
2026-05-11T09:20,10,40,0.01953125,44,64,0.0
2026-05-11T09:50,9,40,0.01953125,43,63,0.0
2026-05-11T10:20,9,40,0.01953125,43,63,0.0
2026-05-11T10:50,10,40,0.01953125,43,63,0.0
2026-05-11T11:20,10,40,0.01953125,42,63,0.0
2026-05-11T11:50,10,40,0.01953125,42,63,0.0
2026-05-11T12:20,10,40,0.01953125,41,63,0.0
2026-05-11T12:50,9,40,0.01953125,41,63,0.0
2026-05-11T13:20,8,40,0.01953125,41,63,0.0
2026-05-11T13:50,9,40,0.01953125,41,65,0.0
2026-05-11T14:20,10,40,0.01953125,41,67,0.0
2026-05-11T14:50,10,40,0.01953125,41,70,0.0
2026-05-11T15:20,10,40,0.01953125,41,71,0.0
2026-05-11T15:50,10,40,0.01953125,41,71,0.0
2026-05-11T16:20,11,40,0.01953125,40,74,0.0
2026-05-11T16:50,12,40,0.01953125,40,76,0.0
2026-05-11T17:20,11,40,0.01953125,40,76,0.0
2026-05-11T17:50,11,40,0.01953125,40,76,0.0
2026-05-11T18:20,12,40,0.01953125,40,77,0.0
2026-05-11T18:50,12,40,0.01953125,40,77,0.0
2026-05-11T19:20,11,40,0.01953125,40,77,0.0
2026-05-11T19:50,11,40,0.01953125,40,77,0.0
2026-05-11T20:20,10,40,0.01953125,40,76,0.0
2026-05-11T20:50,10,40,0.01953125,40,72,0.0
2026-05-11T21:20,9,40,0.01953125,40,70,0.0
2026-05-11T21:50,9,40,0.01953125,40,69,0.0
2026-05-11T22:20,9,40,0.01953125,40,66,0.0
2026-05-11T22:50,8,40,0.01953125,40,66,0.0
2026-05-11T23:20,8,40,0.01953125,40,61,0.0
2026-05-11T23:50,8,40,0.01953125,40,58,0.0
2026-05-12T00:20,7,40,0.01953125,40,59,0.0
2026-05-12T00:50,7,40,0.01953125,40,59,0.0
2026-05-12T01:20,7,40,0.01953125,40,59,0.0
2026-05-12T01:50,7,40,0.01953125,41,61,0.0
2026-05-12T02:20,5,40,0.01953125,41,61,0.0
2026-05-12T02:50,6,40,0.01953125,42,62,0.0
2026-05-12T03:20,5,40,0.01953125,42,62,0.0
2026-05-12T03:50,5,40,0.01953125,43,63,0.0
2026-05-12T04:20,5,40,0.01953125,43,75,0.0
2026-05-12T04:50,5,40,0.01953125,44,77,0.0
2026-05-12T05:20,5,40,0.01953125,44,77,0.0
2026-05-12T05:50,5,40,0.01953125,44,76,0.0
2026-05-12T06:20,5,40,0.01953125,44,76,0.0
2026-05-12T06:50,6,40,0.01953125,44,76,0.0
2026-05-12T07:20,8,40,0.01953125,44,70,0.0
2026-05-12T07:50,9,40,0.01953125,44,66,0.0
2026-05-12T08:20,10,40,0.01953125,44,65,0.0
2026-05-12T08:50,11,40,0.01953125,44,64,0.0
2026-05-12T09:20,12,40,0.01953125,44,64,0.0
2026-05-12T09:50,12,40,0.01953125,43,63,0.0
2026-05-12T10:20,13,40,0.01953125,43,63,0.0
2026-05-12T10:50,14,40,0.01953125,42,63,0.0
2026-05-12T11:20,14,40,0.01953125,42,63,0.0
2026-05-12T11:50,14,40,0.01953125,41,63,0.0
2026-05-12T12:20,15,40,0.01953125,41,63,0.0
2026-05-12T12:50,16,40,0.01953125,41,63,0.0
2026-05-12T13:20,15,40,0.01953125,41,63,0.0
2026-05-12T13:50,15,40,0.01953125,41,65,0.0
2026-05-12T14:20,15,40,0.01953125,41,69,0.0
2026-05-12T14:50,17,40,0.01953125,41,69,0.0
2026-05-12T15:20,16,40,0.01953125,41,72,0.0
2026-05-12T15:50,16,40,0.01953125,41,72,0.0
2026-05-12T16:20,15,40,0.01953125,40,74,0.0
2026-05-12T16:50,16,40,0.01953125,40,76,0.0
2026-05-12T17:20,15,40,0.01953125,40,77,0.0
2026-05-12T17:50,15,40,0.01953125,40,77,0.0
2026-05-12T18:20,15,40,0.01953125,40,77,0.0
2026-05-12T18:50,13,40,0.01953125,40,77,0.0
2026-05-12T19:20,13,40,0.01953125,40,77,0.0
2026-05-12T19:50,14,40,0.01953125,40,76,0.0
2026-05-12T20:20,14,40,0.01953125,40,76,0.0
2026-05-12T20:50,14,40,0.01953125,40,73,0.0
2026-05-12T21:20,13,40,0.01953125,40,73,0.0
2026-05-12T21:50,13,40,0.01953125,40,72,0.0
2026-05-12T22:20,13,40,0.01953125,40,69,0.0
2026-05-12T22:50,13,40,0.01953125,40,69,0.0
2026-05-12T23:20,13,40,0.01953125,40,65,0.0
2026-05-12T23:50,12,40,0.01953125,40,61,0.0
2026-05-13T00:20,12,40,0.01953125,40,61,0.0
2026-05-13T00:50,11,40,0.01953125,40,61,0.0
2026-05-13T01:20,11,40,0.01953125,40,61,0.0
2026-05-13T01:50,10,40,0.01953125,41,61,0.0
2026-05-13T02:20,9,40,0.01953125,41,61,0.0
2026-05-13T02:50,9,40,0.01953125,42,63,0.0
2026-05-13T03:20,9,40,0.01953125,42,63,0.0
2026-05-13T03:50,10,40,0.01953125,43,67,0.0
2026-05-13T04:20,10,40,0.01953125,44,75,0.0
2026-05-13T04:50,10,40,0.01953125,44,77,0.0
2026-05-13T05:20,10,40,0.01953125,44,76,0.0
2026-05-13T05:50,10,40,0.01953125,44,76,0.0
2026-05-13T06:20,10,40,0.01953125,44,76,0.0
2026-05-13T06:50,11,40,0.01953125,44,76,0.0
2026-05-13T07:20,10,40,0.01953125,44,70,0.0
2026-05-13T07:50,11,40,0.01953125,44,65,0.0
2026-05-13T08:20,11,40,0.01953125,44,65,0.0
2026-05-13T08:50,12,40,0.01953125,44,64,0.0
2026-05-13T09:20,12,40,0.01953125,44,64,0.0
2026-05-13T09:50,12,40,0.01953125,43,63,0.0
2026-05-13T10:20,13,40,0.01953125,43,63,0.0
2026-05-13T10:50,10,40,0.01953125,43,63,0.0
2026-05-13T11:20,9,40,0.01953125,42,63,0.0
2026-05-13T11:50,12,40,0.01953125,41,63,0.0
2026-05-13T12:20,12,40,0.01953125,41,63,0.0
2026-05-13T12:50,12,40,0.01953125,41,63,0.0
2026-05-13T13:20,11,40,0.01953125,41,63,0.0
2026-05-13T13:50,12,40,0.01953125,41,65,0.0
2026-05-13T14:20,12,40,0.01953125,41,67,0.0
2026-05-13T14:50,9,40,0.01953125,41,70,0.0
2026-05-13T15:20,11,40,0.01953125,41,72,0.0
2026-05-13T15:50,10,40,0.01953125,41,72,0.0
2026-05-13T16:20,10,40,0.01953125,40,73,0.0
2026-05-13T16:50,11,40,0.01953125,40,76,0.0
2026-05-13T17:20,12,40,0.01953125,40,77,0.0
2026-05-13T17:50,9,40,0.01953125,40,77,0.0
2026-05-13T18:20,10,40,0.01953125,40,77,0.0
2026-05-13T18:50,10,40,0.01953125,40,77,0.0
2026-05-13T19:20,10,40,0.01953125,40,77,0.0
2026-05-13T19:50,10,40,0.01953125,40,76,0.0
2026-05-13T20:20,10,40,0.01953125,40,75,0.0
2026-05-13T20:50,9,40,0.01953125,40,73,0.0
2026-05-13T21:20,9,40,0.01953125,40,71,0.0
2026-05-13T21:50,9,40,0.01953125,40,70,0.0
2026-05-13T22:20,9,40,0.01953125,40,68,0.0
2026-05-13T22:50,9,40,0.01953125,40,68,0.0
2026-05-13T23:20,9,40,0.01953125,40,64,0.0
2026-05-13T23:50,9,40,0.01953125,40,59,0.0
2026-05-14T00:20,8,40,0.01953125,40,61,0.0
2026-05-14T00:50,9,40,0.01953125,40,61,0.0
2026-05-14T01:20,8,40,0.01953125,40,61,0.0
2026-05-14T01:50,8,40,0.01953125,41,61,0.0
2026-05-14T02:20,9,40,0.01953125,41,61,0.0
2026-05-14T02:50,9,40,0.01953125,42,63,0.0
2026-05-14T03:20,8,40,0.01953125,42,63,0.0
2026-05-14T03:50,8,40,0.01953125,43,73,0.0
2026-05-14T04:20,8,40,0.01953125,44,75,0.0
2026-05-14T04:50,8,40,0.01953125,44,77,0.0
2026-05-14T05:20,8,40,0.01953125,44,76,0.0
2026-05-14T05:50,8,40,0.01953125,44,76,0.0
2026-05-14T06:20,8,40,0.01953125,44,77,0.0
2026-05-14T06:50,8,40,0.01953125,44,76,0.0
2026-05-14T07:20,8,40,0.01953125,44,70,0.0
2026-05-14T07:50,8,40,0.01953125,44,67,0.0
2026-05-14T08:20,8,40,0.01953125,44,66,0.0
2026-05-14T08:50,9,40,0.01953125,44,65,0.0
2026-05-14T09:20,9,40,0.01953125,44,65,0.0
2026-05-14T09:50,9,40,0.01953125,43,65,0.0
2026-05-14T10:20,9,40,0.01953125,43,65,0.0
2026-05-14T10:50,10,40,0.01953125,43,65,0.0
2026-05-14T11:20,10,40,0.01953125,42,65,0.0
2026-05-14T11:50,9,40,0.01953125,42,65,0.0
2026-05-14T12:20,8,40,0.01953125,41,65,0.0
2026-05-14T12:50,9,40,0.01953125,41,65,0.0
2026-05-14T13:20,9,40,0.01953125,41,65,0.0
2026-05-14T13:50,9,40,0.01953125,41,67,0.0
2026-05-14T14:20,10,40,0.01953125,41,69,0.0
2026-05-14T14:50,12,40,0.01953125,41,71,0.0
2026-05-14T15:20,12,40,0.01953125,41,73,0.0
2026-05-14T15:50,9,40,0.01953125,41,73,0.0
2026-05-14T16:20,9,40,0.01953125,40,74,0.0
2026-05-14T16:50,11,40,0.01953125,40,76,0.0
2026-05-14T17:20,11,40,0.01953125,40,77,0.0
2026-05-14T17:50,11,40,0.01953125,40,77,0.0
2026-05-14T18:20,9,40,0.01953125,40,77,0.0
2026-05-14T18:50,10,40,0.01953125,40,77,0.0
2026-05-14T19:20,9,40,0.01953125,40,77,0.0
2026-05-14T19:50,10,40,0.01953125,40,76,0.0
2026-05-14T20:20,9,40,0.01953125,40,73,0.0
2026-05-14T20:50,9,40,0.01953125,40,73,0.0
2026-05-14T21:20,9,40,0.01953125,40,71,0.0
2026-05-14T21:50,9,40,0.01953125,40,70,0.0
2026-05-14T22:20,9,40,0.01953125,40,68,0.0
2026-05-14T22:50,9,40,0.01953125,40,68,0.0
2026-05-14T23:20,9,40,0.01953125,40,64,0.0
2026-05-14T23:50,8,40,0.01953125,40,60,0.0
2026-05-15T00:20,8,40,0.01953125,40,61,0.0
2026-05-15T00:50,8,40,0.01953125,40,61,0.0
2026-05-15T01:20,8,40,0.01953125,40,61,0.0
2026-05-15T02:20,8,40,0.01953125,41,62,0.0
2026-05-15T02:50,8,40,0.01953125,42,64,0.0
2026-05-15T03:20,8,40,0.01953125,42,64,0.0
2026-05-15T03:50,8,40,0.01953125,44,74,0.0
2026-05-15T04:20,7,40,0.01953125,44,75,0.0
2026-05-15T04:50,7,40,0.01953125,44,77,0.0
2026-05-15T05:20,7,40,0.01953125,44,76,0.0
2026-05-15T05:50,7,40,0.01953125,44,76,0.0
2026-05-15T06:20,7,40,0.01953125,44,76,0.0
2026-05-15T06:50,8,40,0.01953125,44,76,0.0
2026-05-15T07:20,8,40,0.01953125,44,70,0.0
2026-05-15T07:50,8,40,0.01953125,44,66,0.0
2026-05-15T08:20,9,40,0.01953125,44,66,0.0
2026-05-15T08:50,9,40,0.01953125,44,65,0.0
2026-05-15T09:20,10,40,0.01953125,44,65,0.0
2026-05-15T09:50,10,40,0.01953125,43,65,0.0
2026-05-15T10:20,10,40,0.01953125,43,65,0.0
2026-05-15T10:50,10,40,0.01953125,43,65,0.0
2026-05-15T11:20,10,40,0.01953125,42,65,0.0
2026-05-15T11:50,12,40,0.01953125,41,65,0.0
2026-05-15T12:20,11,40,0.01953125,41,65,0.0
2026-05-15T12:50,12,40,0.01953125,41,65,0.0
2026-05-15T13:20,12,40,0.01953125,41,65,0.0
2026-05-15T13:50,13,40,0.01953125,41,67,0.0
2026-05-15T14:20,13,40,0.01953125,41,69,0.0
2026-05-15T14:50,13,40,0.01953125,41,71,0.0
2026-05-15T15:20,13,40,0.01953125,41,73,0.0
2026-05-15T15:50,14,40,0.01953125,41,73,0.0
2026-05-15T16:20,14,40,0.01953125,40,74,0.0
2026-05-15T17:20,14,40,0.01953125,40,77,0.0
2026-05-15T17:50,14,40,0.01953125,40,77,0.0
2026-05-15T18:20,14,40,0.01953125,40,77,0.0
2026-05-15T18:50,13,40,0.01953125,40,77,0.0
2026-05-15T19:20,13,40,0.01953125,40,77,0.0
2026-05-15T19:50,13,40,0.01953125,40,75,0.0
2026-05-15T20:20,13,40,0.01953125,40,73,0.0
2026-05-15T20:50,13,40,0.01953125,40,73,0.0
2026-05-15T21:20,12,40,0.01953125,40,71,0.0
2026-05-15T21:50,12,40,0.01953125,40,69,0.0
2026-05-15T22:20,12,40,0.01953125,40,69,0.0
2026-05-15T22:50,11,40,0.01953125,40,69,0.0
2026-05-15T23:20,11,40,0.01953125,40,65,0.0
2026-05-15T23:50,9,40,0.01953125,40,60,0.0
2026-05-16T00:20,10,40,0.01953125,40,62,0.0
2026-05-16T00:50,9,40,0.01953125,40,62,0.0
2026-05-16T01:20,9,40,0.01953125,40,62,0.0
2026-05-16T01:50,9,40,0.01953125,41,62,0.0
2026-05-16T02:20,9,40,0.01953125,41,62,0.0
2026-05-16T02:50,9,40,0.01953125,42,64,0.0
2026-05-16T03:20,8,40,0.01953125,42,64,0.0
2026-05-16T03:50,8,40,0.01953125,44,74,0.0
2026-05-16T04:20,7,40,0.01953125,44,75,0.0
2026-05-16T04:50,7,40,0.01953125,44,77,0.0
2026-05-16T05:20,7,40,0.01953125,44,77,0.0
2026-05-16T05:50,7,40,0.01953125,44,77,0.0
2026-05-16T06:20,7,40,0.01953125,44,76,0.0
2026-05-16T06:50,8,40,0.01953125,44,76,0.0
2026-05-16T07:20,9,40,0.01953125,44,70,0.0
2026-05-16T07:50,9,40,0.01953125,44,67,0.0
2026-05-16T08:20,9,40,0.01953125,44,66,0.0
2026-05-16T08:50,10,40,0.01953125,44,65,0.0
2026-05-16T09:20,11,40,0.01953125,44,65,0.0
2026-05-16T09:50,12,40,0.01953125,43,65,0.0
2026-05-16T10:20,13,40,0.01953125,43,65,0.0
2026-05-16T10:50,13,40,0.01953125,42,65,0.0
2026-05-16T11:20,13,40,0.01953125,42,65,0.0
2026-05-16T11:50,14,40,0.01953125,41,65,0.0
2026-05-16T12:20,14,40,0.01953125,41,65,0.0
2026-05-16T12:50,14,40,0.01953125,41,65,0.0
2026-05-16T13:20,15,40,0.01953125,41,56,0.0
2026-05-16T13:50,14,40,0.01953125,41,67,0.0
2026-05-16T14:20,14,40,0.01953125,41,71,0.0
2026-05-16T14:50,14,40,0.01953125,41,71,0.0
2026-05-16T15:20,14,40,0.01953125,41,74,0.0
2026-05-16T15:50,14,40,0.01953125,41,74,0.0
2026-05-16T16:20,14,40,0.01953125,40,74,0.0
2026-05-16T16:50,14,40,0.01953125,40,76,0.0
2026-05-16T17:20,14,40,0.01953125,40,77,0.0
2026-05-16T17:50,14,40,0.01953125,40,77,0.0
2026-05-16T18:20,13,40,0.01953125,40,77,0.0
2026-05-16T18:50,13,40,0.01953125,40,77,0.0
2026-05-16T19:20,12,40,0.01953125,40,77,0.0
2026-05-16T19:50,12,40,0.01953125,40,75,0.0
2026-05-16T20:20,12,40,0.01953125,40,73,0.0
2026-05-16T20:50,12,40,0.01953125,40,73,0.0
2026-05-16T21:20,12,40,0.01953125,40,71,0.0
2026-05-16T21:50,12,40,0.01953125,40,71,0.0
2026-05-16T22:20,12,40,0.01953125,40,71,0.0
2026-05-16T22:50,12,40,0.01953125,40,71,0.0
2026-05-16T23:20,12,40,0.01953125,40,62,0.0
2026-05-16T23:50,12,40,0.01953125,40,62,0.0
2026-05-17T00:20,11,40,0.01953125,40,62,0.0
2026-05-17T00:50,12,40,0.01953125,40,62,0.0
2026-05-17T01:20,12,40,0.01953125,40,62,0.0
2026-05-17T01:50,12,40,0.01953125,41,62,0.0
2026-05-17T02:20,12,40,0.01953125,41,62,0.0
2026-05-17T02:50,11,40,0.01953125,42,64,0.0
2026-05-17T03:20,11,40,0.01953125,42,64,0.0
2026-05-17T03:50,11,40,0.01953125,43,69,0.0
2026-05-17T04:20,11,40,0.01953125,44,75,0.0
2026-05-17T04:50,11,40,0.01953125,44,77,0.0
2026-05-17T05:20,11,40,0.01953125,44,76,0.0
2026-05-17T05:50,11,40,0.01953125,44,76,0.0
2026-05-17T06:20,11,40,0.01953125,44,75,0.0
2026-05-17T06:50,11,40,0.01953125,44,76,0.0
2026-05-17T07:20,11,40,0.01953125,44,70,0.0
2026-05-17T07:50,11,40,0.01953125,44,66,0.0
2026-05-17T08:20,12,40,0.01953125,44,66,0.0
2026-04-27T07:20,9,40,0.01953125,75,70,0.02500000037252903
2026-04-27T07:50,10,40,0.01953125,44,67,0.0
2026-04-27T08:20,11,40,0.01953125,44,66,0.0
2026-04-27T08:50,12,40,0.01953125,44,65,0.0
2026-04-27T09:50,14,40,0.01953125,43,65,0.0
2026-04-27T10:50,16,40,0.01953125,42,65,0.0
2026-04-27T11:50,18,40,0.01953125,41,65,0.0
2026-04-27T12:50,18,40,0.01953125,41,65,0.0
2026-04-27T13:20,19,40,0.01953125,41,65,0.0
2026-04-27T13:50,19,40,0.01953125,41,68,0.0
2026-04-27T14:50,20,40,0.01953125,41,71,0.0
2026-04-27T15:50,21,40,0.01953125,41,74,0.0
2026-04-27T16:50,20,40,0.01953125,40,74,0.0
2026-04-27T17:50,19,40,0.01953125,40,77,0.0
2026-04-27T18:50,18,40,0.01953125,40,77,0.0
2026-04-27T19:50,17,40,0.01953125,40,75,0.0
2026-04-27T20:50,16,40,0.01953125,40,74,0.0
2026-04-27T21:50,14,40,0.01953125,40,71,0.0
2026-04-27T22:50,14,40,0.01953125,40,70,0.0
2026-04-27T23:50,12,40,0.01953125,40,63,0.0
2026-04-28T00:50,10,40,0.01953125,40,62,0.0
2026-04-28T01:50,11,40,0.01953125,41,63,0.0
2026-04-28T02:50,10,40,0.01953125,42,65,0.0
2026-04-28T03:50,10,40,0.01953125,44,74,0.0
2026-04-28T04:50,9,40,0.01953125,44,77,0.0
2026-04-28T05:50,9,40,0.01953125,44,77,0.0
2026-04-28T06:50,10,40,0.01953125,44,75,0.0
2026-04-28T07:50,10,40,0.01953125,44,67,0.0
2026-04-28T08:50,10,40,0.01953125,44,67,0.0
2026-04-28T09:50,10,40,0.01953125,43,67,0.0
2026-04-28T10:50,10,40,0.01953125,42,67,0.0
2026-04-28T11:50,12,40,0.01953125,41,67,0.0
2026-04-28T12:50,14,40,0.01953125,41,67,0.0
2026-04-28T13:50,14,40,0.01953125,41,68,0.0
2026-04-28T14:50,16,40,0.01953125,41,75,0.0
2026-04-28T15:50,16,40,0.01953125,41,75,0.0
2026-04-28T16:50,16,40,0.01953125,40,77,0.0
2026-04-28T17:50,15,40,0.01953125,40,77,0.0
2026-04-28T18:50,15,40,0.01953125,40,77,0.0
2026-04-28T19:50,13,40,0.01953125,40,76,0.0
2026-04-28T20:50,12,40,0.01953125,40,75,0.0
2026-04-28T21:50,10,40,0.01953125,40,71,0.0
2026-04-28T22:50,9,40,0.01953125,40,71,0.0
2026-04-28T23:50,9,40,0.01953125,40,64,0.0
2026-04-29T00:50,9,40,0.01953125,40,63,0.0
2026-04-29T01:50,9,40,0.01953125,41,63,0.0
2026-04-29T02:50,9,40,0.01953125,42,65,0.0
2026-04-29T03:50,9,40,0.01953125,44,74,0.0
2026-04-29T04:50,10,40,0.01953125,44,77,0.0
2026-04-29T05:50,10,40,0.01953125,44,77,0.0
2026-04-29T06:50,11,40,0.01953125,44,75,0.0
2026-04-29T07:50,12,40,0.01953125,44,67,0.0
2026-04-29T08:50,13,40,0.01953125,44,67,0.0
2026-04-29T09:50,14,40,0.01953125,43,67,0.0
2026-04-29T10:50,14,40,0.01953125,42,67,0.0
2026-04-29T11:50,15,40,0.01953125,41,67,0.0
2026-04-29T12:50,15,40,0.01953125,41,67,0.0
2026-04-29T13:50,15,40,0.01953125,41,68,0.0
2026-04-29T14:50,15,40,0.01953125,41,75,0.0
2026-04-29T15:50,15,40,0.01953125,41,75,0.0
2026-04-29T16:50,15,40,0.01953125,40,77,0.0
2026-04-29T17:50,15,40,0.01953125,40,77,0.0
2026-04-29T18:50,14,40,0.01953125,40,77,0.0
2026-04-29T19:50,14,40,0.01953125,40,76,0.0
2026-04-29T20:50,13,40,0.01953125,40,76,0.0
2026-04-29T21:50,13,40,0.01953125,40,73,0.0
2026-04-29T22:50,12,40,0.01953125,40,71,0.0
2026-04-29T23:50,12,40,0.01953125,40,64,0.0
2026-04-30T00:50,12,40,0.01953125,40,63,0.0
2026-04-30T01:50,12,40,0.01953125,41,63,0.0
2026-04-30T02:50,12,40,0.01953125,42,65,0.0
2026-04-30T03:50,12,40,0.01953125,43,70,0.0
2026-04-30T04:50,11,40,0.01953125,44,77,0.0
2026-04-30T05:50,11,40,0.01953125,44,77,0.0
2026-04-30T06:50,12,40,0.01953125,44,75,0.0
2026-04-30T07:20,13,40,0.01953125,44,70,0.0
2026-04-30T07:50,13,40,0.01953125,44,67,0.0
2026-04-30T08:20,14,40,0.01953125,44,67,0.0
2026-04-30T08:50,15,40,0.01953125,44,67,0.0
2026-04-30T09:20,15,40,0.01953125,43,67,0.0
2026-04-30T09:50,14,40,0.01953125,43,67,0.0
2026-04-30T10:20,15,40,0.01953125,43,67,0.0
2026-04-30T10:50,15,40,0.01953125,42,67,0.0
2026-04-30T11:20,15,40,0.01953125,42,67,0.0
2026-04-30T11:50,17,40,0.01953125,41,67,0.0
2026-04-30T12:20,16,40,0.01953125,41,67,0.0
2026-04-30T12:50,16,40,0.01953125,41,67,0.0
2026-04-30T13:20,17,40,0.01953125,41,63,0.0
2026-04-30T13:50,18,40,0.01953125,41,68,0.0
2026-04-30T14:20,18,40,0.01953125,41,71,0.0
2026-04-30T14:50,18,40,0.01953125,41,75,0.0
2026-04-30T15:20,18,40,0.01953125,41,75,0.0
2026-04-30T15:50,18,40,0.01953125,41,75,0.0
2026-04-30T16:20,18,40,0.01953125,40,75,0.0
2026-04-30T16:50,19,40,0.01953125,40,77,0.0
2026-04-30T17:20,18,40,0.01953125,40,77,0.0
2026-04-30T17:50,18,40,0.01953125,40,77,0.0
2026-04-30T18:20,17,40,0.01953125,40,77,0.0
2026-04-30T18:50,17,40,0.01953125,40,77,0.0
2026-04-30T19:20,16,40,0.01953125,40,77,0.0
2026-04-30T19:50,16,40,0.01953125,40,75,0.0
2026-04-30T20:20,15,40,0.01953125,40,75,0.0
2026-04-30T20:50,14,40,0.01953125,40,74,0.0
2026-04-30T21:20,14,40,0.01953125,40,74,0.0
2026-04-30T21:50,14,40,0.01953125,40,72,0.0
2026-04-30T22:20,13,40,0.01953125,40,71,0.0
2026-04-30T22:50,13,40,0.01953125,40,71,0.0
2026-04-30T23:20,13,40,0.01953125,40,67,0.0
2026-04-30T23:50,12,40,0.01953125,40,65,0.0
2026-05-01T00:20,11,40,0.01953125,40,64,0.0
2026-05-01T00:50,12,40,0.01953125,40,64,0.0
2026-05-01T01:20,11,40,0.01953125,40,64,0.0
2026-05-01T01:50,11,40,0.01953125,41,64,0.0
2026-05-01T02:20,11,40,0.01953125,41,64,0.0
2026-05-01T02:50,12,40,0.01953125,42,64,0.0
2026-05-01T03:20,12,40,0.01953125,42,64,0.0
2026-05-01T03:50,10,40,0.01953125,44,74,0.0
2026-05-01T04:20,10,40,0.01953125,44,75,0.0
2026-05-01T04:50,10,40,0.01953125,44,77,0.0
2026-05-01T05:20,10,40,0.01953125,44,77,0.0
2026-05-01T05:50,10,40,0.01953125,44,77,0.0
2026-05-01T06:20,11,40,0.01953125,44,76,0.0
2026-05-01T06:50,11,40,0.01953125,44,75,0.0
2026-05-01T07:20,12,40,0.01953125,44,70,0.0
2026-05-01T07:50,13,40,0.01953125,44,67,0.0
2026-05-01T08:20,14,40,0.01953125,44,67,0.0
2026-05-01T08:50,15,40,0.01953125,44,65,0.0
2026-05-01T10:20,17,40,0.01953125,43,65,0.0
2026-05-01T10:50,18,40,0.01953125,42,65,0.0
2026-05-01T11:20,20,40,0.01953125,41,65,0.0
2026-05-01T11:50,20,40,0.01953125,41,65,0.0
2026-05-01T12:20,21,40,0.01953125,41,65,0.0
2026-05-01T12:50,22,40,0.01953125,41,65,0.0
2026-05-01T13:20,24,40,0.01953125,41,65,0.0
2026-05-01T13:50,24,40,0.01953125,41,68,0.0
2026-05-01T14:20,24,40,0.01953125,41,68,0.0
2026-05-01T14:50,24,40,0.01953125,41,71,0.0
2026-05-01T15:20,24,40,0.01953125,41,71,0.0
2026-05-01T15:50,24,40,0.01953125,41,74,0.0
2026-05-01T16:20,24,40,0.01953125,40,74,0.0
2026-05-01T16:50,24,40,0.01953125,40,75,0.0
2026-05-01T17:20,23,40,0.01953125,40,76,0.0
2026-05-01T17:50,23,40,0.01953125,40,77,0.0
2026-05-01T18:20,22,40,0.01953125,40,77,0.0
2026-05-01T18:50,22,40,0.01953125,40,77,0.0
2026-05-01T19:20,21,40,0.01953125,40,77,0.0
2026-05-01T19:50,20,40,0.01953125,40,77,0.0
2026-05-01T20:20,20,40,0.01953125,40,76,0.0
2026-05-01T20:50,19,40,0.01953125,40,76,0.0
2026-05-01T21:20,19,40,0.01953125,40,76,0.0
2026-05-01T21:50,18,40,0.01953125,40,73,0.0
2026-05-01T22:20,18,40,0.01953125,40,73,0.0
2026-05-01T22:50,18,40,0.01953125,40,71,0.0
2026-05-01T23:20,17,40,0.01953125,71,67,0.02500000037252903
2026-05-01T23:50,16,40,0.01953125,71,65,0.02500000037252903
2026-05-02T00:20,16,40,0.01953125,71,64,0.02500000037252903
2026-05-02T00:50,15,40,0.01953125,71,65,0.02500000037252903
2026-05-02T01:20,14,40,0.01953125,40,65,0.0
2026-05-02T01:50,13,40,0.01953125,41,65,0.0
2026-05-02T02:20,13,40,0.01953125,41,65,0.0
2026-05-02T02:50,12,40,0.01953125,42,66,0.0
2026-05-02T03:20,12,40,0.01953125,42,66,0.0
2026-05-02T03:50,12,40,0.01953125,44,72,0.0
2026-05-02T04:20,12,40,0.01953125,44,76,0.0
2026-05-02T04:50,11,40,0.01953125,44,78,0.0
2026-05-02T05:20,11,40,0.01953125,44,78,0.0
2026-05-02T05:50,11,40,0.01953125,44,78,0.0
2026-05-02T06:20,11,40,0.01953125,44,77,0.0
2026-05-02T06:50,11,40,0.01953125,44,75,0.0
2026-05-02T07:20,11,40,0.01953125,44,70,0.0
2026-05-02T07:50,11,40,0.01953125,44,67,0.0
2026-05-02T08:20,12,40,0.01953125,44,67,0.0
2026-05-02T08:50,13,40,0.01953125,44,67,0.0
2026-05-02T09:20,14,40,0.01953125,44,66,0.0
2026-05-02T09:50,15,40,0.01953125,43,66,0.0
2026-05-02T10:20,16,40,0.01953125,43,66,0.0
2026-05-02T10:50,17,40,0.01953125,42,66,0.0
2026-05-02T11:20,17,40,0.01953125,42,66,0.0
2026-05-02T11:50,19,40,0.01953125,41,66,0.0
2026-05-02T12:20,19,40,0.01953125,41,66,0.0
2026-05-02T12:50,21,40,0.01953125,41,66,0.0
2026-05-02T13:20,21,40,0.01953125,41,56,0.0
2026-05-02T13:50,22,40,0.01953125,41,68,0.0
2026-05-02T14:20,22,40,0.01953125,41,71,0.0
2026-05-02T14:50,22,40,0.01953125,41,71,0.0
2026-05-02T15:20,22,40,0.01953125,41,74,0.0
2026-05-02T15:50,23,40,0.01953125,41,74,0.0
2026-05-02T16:20,22,40,0.01953125,40,75,0.0
2026-05-02T16:50,21,40,0.01953125,40,76,0.0
2026-05-02T17:20,20,40,0.01953125,40,77,0.0
2026-05-02T17:50,20,40,0.01953125,40,77,0.0
2026-05-02T18:20,17,40,0.01953125,40,78,0.0
2026-05-02T18:50,17,40,0.01953125,40,78,0.0
2026-05-02T19:20,16,40,0.01953125,40,78,0.0
2026-05-02T19:50,17,40,0.01953125,40,76,0.0
2026-05-02T20:20,16,40,0.01953125,40,75,0.0
2026-05-02T20:50,16,40,0.01953125,40,75,0.0
2026-05-02T21:20,16,40,0.01953125,40,73,0.0
2026-05-02T21:50,16,40,0.01953125,40,71,0.0
2026-05-02T22:20,15,40,0.01953125,40,71,0.0
2026-05-02T22:50,15,40,0.01953125,40,68,0.0
2026-05-02T23:20,15,40,0.01953125,40,68,0.0
2026-05-02T23:50,15,40,0.01953125,40,66,0.0
2026-05-03T00:20,15,40,0.01953125,40,65,0.0
2026-05-03T00:50,15,40,0.01953125,40,65,0.0
2026-05-03T01:20,15,40,0.01953125,40,65,0.0
2026-05-03T01:50,15,40,0.01953125,40,65,0.0
2026-05-03T02:20,15,40,0.01953125,41,65,0.0
2026-05-03T02:50,14,40,0.01953125,41,65,0.0
2026-05-03T03:20,14,40,0.01953125,42,66,0.0
2026-05-03T03:50,14,40,0.01953125,43,70,0.0
2026-05-03T04:20,14,40,0.01953125,44,76,0.0
2026-05-03T04:50,14,40,0.01953125,44,78,0.0
2026-05-03T05:20,14,40,0.01953125,44,78,0.0
2026-05-03T05:50,14,40,0.01953125,44,78,0.0
2026-05-03T06:20,14,40,0.01953125,44,77,0.0
2026-05-03T06:50,14,40,0.01953125,44,76,0.0
2026-05-03T07:20,14,40,0.01953125,44,68,0.0
2026-05-03T07:50,14,40,0.01953125,44,67,0.0
2026-05-03T08:20,15,40,0.01953125,44,67,0.0
2026-05-03T08:50,15,40,0.01953125,44,66,0.0
2026-05-03T09:20,15,40,0.01953125,43,65,0.0
2026-05-03T09:50,16,40,0.01953125,43,65,0.0
2026-05-03T10:20,16,40,0.01953125,43,65,0.0
2026-05-03T10:50,17,40,0.01953125,42,65,0.0
2026-05-03T11:20,17,40,0.01953125,42,65,0.0
2026-05-03T11:50,17,40,0.01953125,41,65,0.0
2026-05-03T12:20,17,40,0.01953125,41,65,0.0
2026-05-03T12:50,19,40,0.01953125,41,65,0.0
2026-05-03T13:20,18,40,0.01953125,41,65,0.0
2026-05-03T13:50,19,40,0.01953125,41,67,0.0
2026-05-03T14:20,19,40,0.01953125,41,70,0.0
2026-05-03T14:50,19,40,0.01953125,41,70,0.0
2026-05-03T15:20,19,40,0.01953125,41,75,0.0
2026-05-03T15:50,20,40,0.01953125,41,75,0.0
2026-05-03T16:20,19,40,0.01953125,40,75,0.0
2026-05-03T16:50,19,40,0.01953125,40,76,0.0
2026-05-03T17:20,20,40,0.01953125,40,78,0.0
2026-05-03T17:50,19,40,0.01953125,40,78,0.0
2026-05-03T18:20,19,40,0.01953125,40,78,0.0
2026-05-03T18:50,19,40,0.01953125,40,78,0.0
2026-05-03T19:20,19,40,0.01953125,40,78,0.0
2026-05-03T19:50,18,40,0.01953125,40,76,0.0
2026-05-03T20:20,18,40,0.01953125,40,75,0.0
2026-05-03T20:50,18,40,0.01953125,40,75,0.0
2026-05-03T21:20,18,40,0.01953125,40,73,0.0
2026-05-03T21:50,17,40,0.01953125,40,70,0.0
2026-05-03T22:20,17,40,0.01953125,40,70,0.0
2026-05-03T22:50,16,40,0.01953125,40,68,0.0
2026-05-03T23:20,16,40,0.01953125,40,68,0.0
2026-05-03T23:50,15,40,0.01953125,40,66,0.0
2026-05-04T00:20,15,40,0.01953125,40,65,0.0
2026-05-04T00:50,15,40,0.01953125,40,65,0.0
2026-05-04T01:20,14,40,0.01953125,40,65,0.0
2026-05-04T01:50,14,40,0.01953125,40,65,0.0
2026-05-04T02:20,15,40,0.01953125,41,65,0.0
2026-05-04T02:50,14,40,0.01953125,41,65,0.0
2026-05-04T03:20,13,40,0.01953125,42,65,0.0
2026-05-04T03:50,13,40,0.01953125,44,72,0.0
2026-05-04T04:20,13,40,0.01953125,44,75,0.0
2026-05-04T04:50,13,40,0.01953125,44,77,0.0
2026-05-04T05:20,13,40,0.01953125,44,77,0.0
2026-05-04T05:50,13,40,0.01953125,44,78,0.0
2026-05-04T06:20,13,40,0.01953125,44,77,0.0
2026-05-04T06:50,12,40,0.01953125,44,76,0.0
2026-05-04T07:20,12,40,0.01953125,44,70,0.0
2026-05-04T07:50,12,40,0.01953125,44,67,0.0
2026-05-04T08:20,12,40,0.01953125,44,67,0.0
2026-05-04T08:50,12,40,0.01953125,44,67,0.0
2026-05-04T09:20,12,40,0.01953125,44,65,0.0
2026-05-04T09:50,13,40,0.01953125,43,65,0.0
2026-05-04T10:20,13,40,0.01953125,43,65,0.0
2026-05-04T10:50,13,40,0.01953125,42,65,0.0
2026-05-04T11:20,14,40,0.01953125,42,65,0.0
2026-05-04T11:50,14,40,0.01953125,41,65,0.0
2026-05-04T12:20,14,40,0.01953125,41,65,0.0
2026-05-04T12:50,14,40,0.01953125,41,65,0.0
2026-05-04T13:20,15,40,0.01953125,41,65,0.0
2026-05-04T13:50,15,40,0.01953125,41,67,0.0
2026-05-04T14:20,15,40,0.01953125,41,70,0.0
2026-05-04T14:50,15,40,0.01953125,41,70,0.0
2026-05-04T15:20,15,40,0.01953125,41,74,0.0
2026-05-04T15:50,15,40,0.01953125,41,74,0.0
2026-05-04T16:20,15,40,0.01953125,40,74,0.0
2026-05-04T16:50,14,40,0.01953125,40,77,0.0
2026-05-04T17:20,14,40,0.01953125,40,78,0.0
2026-05-04T17:50,15,40,0.01953125,40,78,0.0
2026-05-04T18:20,15,40,0.01953125,40,78,0.0
2026-05-04T18:50,15,40,0.01953125,40,78,0.0
2026-05-04T19:20,15,40,0.01953125,40,78,0.0
2026-05-04T19:50,15,40,0.01953125,40,76,0.0
2026-05-04T20:20,14,40,0.01953125,40,75,0.0
2026-05-04T20:50,14,40,0.01953125,40,73,0.0
2026-05-04T21:20,13,40,0.01953125,40,73,0.0
2026-05-04T21:50,14,40,0.01953125,40,71,0.0
2026-05-04T22:20,13,40,0.01953125,40,68,0.0
2026-05-04T22:50,13,40,0.01953125,40,68,0.0
2026-05-04T23:20,13,40,0.01953125,40,66,0.0
2026-05-04T23:50,12,40,0.01953125,40,66,0.0
2026-05-05T00:20,12,40,0.01953125,40,65,0.0
2026-05-05T00:50,12,40,0.01953125,40,65,0.0
2026-05-05T01:20,12,40,0.01953125,40,65,0.0
2026-05-05T01:50,11,40,0.01953125,40,65,0.0
2026-05-05T02:20,11,40,0.01953125,41,65,0.0
2026-05-05T02:50,11,40,0.01953125,41,65,0.0
2026-05-05T03:20,11,40,0.01953125,42,66,0.0
2026-05-05T03:50,11,40,0.01953125,43,71,0.0
2026-05-05T04:20,11,40,0.01953125,44,77,0.0
2026-05-05T04:50,11,40,0.01953125,44,78,0.0
2026-05-05T05:20,11,40,0.01953125,44,78,0.0
2026-05-05T05:50,11,40,0.01953125,44,78,0.0
2026-05-05T06:20,11,40,0.01953125,44,78,0.0
2026-05-05T06:50,11,40,0.01953125,44,76,0.0
2026-05-05T07:20,11,40,0.01953125,44,70,0.0
2026-05-05T07:50,11,40,0.01953125,44,68,0.0
2026-05-05T08:20,12,40,0.01953125,44,68,0.0
2026-05-05T08:50,12,40,0.01953125,44,68,0.0
2026-05-05T09:20,12,40,0.01953125,44,66,0.0
2026-05-05T09:50,13,40,0.01953125,43,66,0.0
2026-05-05T10:20,13,40,0.01953125,43,66,0.0
2026-05-05T10:50,13,40,0.01953125,42,66,0.0
2026-05-05T11:20,14,40,0.01953125,42,66,0.0
2026-05-05T11:50,15,40,0.01953125,41,66,0.0
2026-05-05T12:20,15,40,0.01953125,41,66,0.0
2026-05-05T12:50,16,40,0.01953125,41,66,0.0
2026-05-05T13:20,16,40,0.01953125,41,66,0.0
2026-05-05T13:50,16,40,0.01953125,41,67,0.0
2026-05-05T14:20,16,40,0.01953125,41,70,0.0
2026-05-05T14:50,16,40,0.01953125,41,70,0.0
2026-05-05T15:20,16,40,0.01953125,41,74,0.0
2026-05-05T15:50,16,40,0.01953125,41,74,0.0
2026-05-05T16:20,16,40,0.01953125,40,75,0.0
2026-05-05T16:50,15,40,0.01953125,40,77,0.0
2026-05-05T17:20,15,40,0.01953125,40,78,0.0
2026-05-05T17:50,15,40,0.01953125,40,78,0.0
2026-05-05T18:20,15,40,0.01953125,40,78,0.0
2026-05-05T18:50,14,40,0.01953125,40,78,0.0
2026-05-05T19:20,14,40,0.01953125,40,78,0.0
2026-05-05T19:50,14,40,0.01953125,40,76,0.0
2026-05-05T20:20,13,40,0.01953125,40,75,0.0
2026-05-05T20:50,13,40,0.01953125,40,73,0.0
2026-05-05T21:20,13,40,0.01953125,40,73,0.0
2026-05-05T21:50,12,40,0.01953125,40,71,0.0
2026-05-05T22:20,12,40,0.01953125,40,68,0.0
2026-05-05T22:50,11,40,0.01953125,40,68,0.0
2026-05-05T23:20,12,40,0.01953125,40,66,0.0
2026-05-05T23:50,11,40,0.01953125,40,65,0.0
2026-05-06T00:20,11,40,0.01953125,40,65,0.0
2026-05-06T00:50,11,40,0.01953125,40,65,0.0
2026-05-06T01:20,10,40,0.01953125,40,65,0.0
2026-05-06T01:50,10,40,0.01953125,41,51,0.0
2026-05-06T02:20,10,40,0.01953125,41,65,0.0
2026-05-06T02:50,10,40,0.01953125,41,65,0.0
2026-05-06T03:20,10,40,0.01953125,42,66,0.0
2026-05-06T03:50,10,40,0.01953125,44,74,0.0
2026-05-06T04:20,9,40,0.01953125,44,75,0.0
2026-05-06T04:50,9,40,0.01953125,44,78,0.0
2026-05-06T05:20,9,40,0.01953125,44,78,0.0
2026-05-06T05:50,9,40,0.01953125,44,78,0.0
2026-05-06T06:20,8,40,0.01953125,44,78,0.0
2026-05-06T06:50,8,40,0.01953125,44,77,0.0
2026-05-06T07:20,8,40,0.01953125,44,70,0.0
2026-05-06T07:50,9,40,0.01953125,44,68,0.0
2026-05-06T08:20,9,40,0.01953125,44,68,0.0
2026-05-06T08:50,10,40,0.01953125,44,68,0.0
2026-05-06T09:20,10,40,0.01953125,44,66,0.0
2026-05-06T09:50,11,40,0.01953125,43,66,0.0
2026-05-06T10:20,11,40,0.01953125,43,66,0.0
2026-05-06T10:50,11,40,0.01953125,42,66,0.0
2026-05-06T11:20,11,40,0.01953125,42,66,0.0
2026-05-06T11:50,12,40,0.01953125,41,66,0.0
2026-05-06T12:20,12,40,0.01953125,41,66,0.0
2026-05-06T12:50,12,40,0.01953125,41,66,0.0
2026-05-06T13:50,12,40,0.01953125,41,67,0.0
2026-05-06T14:20,12,40,0.01953125,41,69,0.0
2026-05-06T14:50,12,40,0.01953125,41,70,0.0
2026-05-06T15:20,12,40,0.01953125,41,74,0.0
2026-05-06T15:50,13,40,0.01953125,41,74,0.0
2026-05-06T16:20,13,40,0.01953125,40,74,0.0
2026-05-06T16:50,13,40,0.01953125,40,77,0.0
2026-05-06T17:20,13,40,0.01953125,40,78,0.0
2026-05-06T17:50,13,40,0.01953125,40,78,0.0
2026-05-06T18:20,12,40,0.01953125,40,78,0.0
2026-05-06T18:50,12,40,0.01953125,40,78,0.0
2026-05-06T19:50,12,40,0.01953125,40,76,0.0
2026-05-06T20:20,12,40,0.01953125,40,75,0.0
2026-05-06T20:50,12,40,0.01953125,40,73,0.0
2026-05-06T21:20,11,40,0.01953125,40,73,0.0
2026-05-06T21:50,11,40,0.01953125,40,71,0.0
2026-05-06T22:20,11,40,0.01953125,40,68,0.0
2026-05-06T22:50,10,40,0.01953125,40,68,0.0
2026-05-06T23:20,10,40,0.01953125,40,66,0.0
2026-05-06T23:50,10,40,0.01953125,40,66,0.0
2026-05-07T00:20,10,40,0.01953125,40,65,0.0
2026-05-07T00:50,10,40,0.01953125,40,65,0.0
2026-05-07T01:20,10,40,0.01953125,40,65,0.0
2026-05-07T01:50,10,40,0.01953125,41,65,0.0
2026-05-07T02:20,10,40,0.01953125,41,65,0.0
2026-05-07T02:50,10,40,0.01953125,41,65,0.0
2026-05-07T03:20,10,40,0.01953125,42,66,0.0
2026-05-07T03:50,10,40,0.01953125,44,75,0.0
2026-05-07T04:20,10,40,0.01953125,44,76,0.0
2026-05-07T04:50,9,40,0.01953125,44,78,0.0
2026-05-07T05:20,9,40,0.01953125,44,78,0.0
2026-05-07T05:50,9,40,0.01953125,44,78,0.0
2026-05-07T06:20,9,40,0.01953125,44,78,0.0
2026-05-07T06:50,9,40,0.01953125,44,77,0.0
2026-05-07T07:20,10,40,0.01953125,44,70,0.0
2026-05-07T07:50,10,40,0.01953125,44,68,0.0
2026-05-07T08:20,10,40,0.01953125,44,68,0.0
2026-05-07T08:50,11,40,0.01953125,44,68,0.0
2026-05-07T09:20,12,40,0.01953125,44,66,0.0
2026-05-07T09:50,12,40,0.01953125,43,66,0.0
2026-05-07T10:20,12,40,0.01953125,43,66,0.0
2026-05-07T10:50,13,40,0.01953125,42,66,0.0
2026-05-07T11:20,13,40,0.01953125,42,66,0.0
2026-05-07T11:50,13,40,0.01953125,41,66,0.0
2026-05-07T12:20,14,40,0.01953125,41,66,0.0
2026-05-07T12:50,13,40,0.01953125,41,66,0.0
2026-05-07T13:20,14,40,0.01953125,41,66,0.0
2026-05-07T13:50,14,40,0.01953125,41,67,0.0
2026-05-07T14:20,13,40,0.01953125,41,68,0.0
2026-05-07T14:50,14,40,0.01953125,41,70,0.0
2026-05-07T15:20,14,40,0.01953125,41,74,0.0
2026-05-07T15:50,14,40,0.01953125,41,74,0.0
2026-05-07T16:20,14,40,0.01953125,40,74,0.0
2026-05-07T16:50,14,40,0.01953125,40,77,0.0
2026-05-07T17:20,14,40,0.01953125,40,78,0.0
2026-05-07T17:50,13,40,0.01953125,40,78,0.0
2026-05-07T18:20,13,40,0.01953125,40,78,0.0
2026-05-07T18:50,13,40,0.01953125,40,78,0.0
2026-05-07T19:20,13,40,0.01953125,40,78,0.0
2026-05-07T19:50,13,40,0.01953125,40,76,0.0
2026-05-07T20:20,12,40,0.01953125,40,75,0.0
2026-05-07T20:50,12,40,0.01953125,40,73,0.0
2026-05-07T21:20,12,40,0.01953125,40,72,0.0
2026-05-07T21:50,12,40,0.01953125,40,71,0.0
2026-05-07T22:20,12,40,0.01953125,40,69,0.0
2026-05-07T22:50,12,40,0.01953125,40,69,0.0
2026-05-07T23:20,11,40,0.01953125,40,66,0.0
2026-05-07T23:50,11,40,0.01953125,40,65,0.0
2026-05-08T00:20,11,40,0.01953125,40,65,0.0
2026-05-08T00:50,10,40,0.01953125,40,65,0.0
2026-05-08T01:20,10,40,0.01953125,40,65,0.0
2026-05-08T01:50,9,40,0.01953125,41,65,0.0
2026-05-08T02:20,9,40,0.01953125,41,65,0.0
2026-05-08T02:50,9,40,0.01953125,41,65,0.0
2026-05-08T03:20,9,40,0.01953125,42,66,0.0
2026-05-08T03:50,9,40,0.01953125,43,72,0.0
2026-05-08T04:20,8,40,0.01953125,44,76,0.0
2026-05-08T04:50,8,40,0.01953125,44,78,0.0
2026-05-08T05:20,8,40,0.01953125,44,78,0.0
2026-05-08T05:50,8,40,0.01953125,44,78,0.0
2026-05-08T06:20,9,40,0.01953125,44,78,0.0
2026-05-08T06:50,9,40,0.01953125,44,77,0.0
2026-05-08T07:20,10,40,0.01953125,44,70,0.0
2026-05-08T07:50,11,40,0.01953125,44,67,0.0
2026-05-08T08:20,12,40,0.01953125,44,67,0.0
2026-05-08T08:50,13,40,0.01953125,44,67,0.0
2026-05-08T09:20,14,40,0.01953125,44,66,0.0
2026-05-08T09:50,15,40,0.01953125,43,66,0.0
2026-05-08T10:20,16,40,0.01953125,43,66,0.0
2026-05-08T10:50,16,40,0.01953125,42,66,0.0
2026-05-08T11:20,16,40,0.01953125,42,66,0.0
2026-05-08T11:50,17,40,0.01953125,41,66,0.0
2026-05-08T12:20,17,40,0.01953125,41,66,0.0
2026-05-08T12:50,17,40,0.01953125,41,66,0.0
2026-05-08T13:20,17,40,0.01953125,41,66,0.0
2026-05-08T13:50,17,40,0.01953125,41,67,0.0
2026-05-08T14:20,18,40,0.01953125,41,70,0.0
2026-05-08T14:50,18,40,0.01953125,41,70,0.0
2026-05-08T15:20,18,40,0.01953125,41,74,0.0
2026-05-08T15:50,18,40,0.01953125,41,74,0.0
2026-05-08T16:20,18,40,0.01953125,40,74,0.0
2026-05-08T16:50,18,40,0.01953125,40,77,0.0
2026-05-08T17:20,18,40,0.01953125,40,78,0.0
2026-05-08T17:50,18,40,0.01953125,40,78,0.0
2026-05-08T19:20,16,40,0.01953125,40,78,0.0
2026-05-08T19:50,15,40,0.01953125,40,76,0.0
2026-05-08T20:20,15,40,0.01953125,40,75,0.0
2026-05-08T20:50,14,40,0.01953125,40,73,0.0
2026-05-08T21:20,13,40,0.01953125,40,72,0.0
2026-05-08T21:50,13,40,0.01953125,40,71,0.0
2026-05-08T22:20,13,40,0.01953125,40,69,0.0
2026-05-08T22:50,12,40,0.01953125,40,69,0.0
2026-05-08T23:20,13,40,0.01953125,40,66,0.0
2026-05-08T23:50,12,40,0.01953125,40,66,0.0
2026-05-09T00:20,12,40,0.01953125,40,65,0.0
2026-05-09T00:50,10,40,0.01953125,40,65,0.0
2026-05-09T01:20,10,40,0.01953125,40,65,0.0
2026-05-09T01:50,10,40,0.01953125,41,65,0.0
2026-05-09T02:20,11,40,0.01953125,41,65,0.0
2026-05-09T02:50,11,40,0.01953125,41,65,0.0
2026-05-09T03:20,10,40,0.01953125,42,66,0.0
2026-05-09T03:50,10,40,0.01953125,44,75,0.0
2026-05-09T04:20,10,40,0.01953125,44,76,0.0
2026-05-09T04:50,10,40,0.01953125,44,78,0.0
2026-05-09T05:20,9,40,0.01953125,44,78,0.0
2026-05-09T05:50,10,40,0.01953125,44,78,0.0
2026-05-09T06:20,10,40,0.01953125,44,78,0.0
2026-05-09T06:50,11,40,0.01953125,44,77,0.0
2026-05-09T07:20,11,40,0.01953125,44,71,0.0
2026-05-09T07:50,12,40,0.01953125,44,68,0.0
2026-05-09T08:20,13,40,0.01953125,44,68,0.0
2026-05-09T08:50,14,40,0.01953125,44,68,0.0
2026-05-09T09:20,15,40,0.01953125,43,67,0.0
2026-05-09T09:50,16,40,0.01953125,43,67,0.0
2026-05-09T10:20,16,40,0.01953125,43,67,0.0
2026-05-09T10:50,17,40,0.01953125,42,67,0.0
2026-05-09T11:20,18,40,0.01953125,42,67,0.0
2026-05-09T11:50,18,40,0.01953125,41,67,0.0
2026-05-09T12:20,18,40,0.01953125,41,67,0.0
2026-05-09T12:50,19,40,0.01953125,41,67,0.0
2026-05-09T13:20,19,40,0.01953125,41,67,0.0
2026-05-09T13:50,19,40,0.01953125,41,68,0.0
2026-05-09T14:20,20,40,0.01953125,41,70,0.0
2026-05-09T14:50,20,40,0.01953125,41,74,0.0
2026-05-09T15:20,19,40,0.01953125,41,74,0.0
2026-05-09T15:50,20,40,0.01953125,41,74,0.0
2026-05-09T16:20,20,40,0.01953125,40,74,0.0
2026-05-09T16:50,19,40,0.01953125,40,77,0.0
2026-05-09T17:20,18,40,0.01953125,40,78,0.0
2026-05-09T17:50,18,40,0.01953125,40,78,0.0
2026-05-09T18:20,18,40,0.01953125,40,78,0.0
2026-05-09T18:50,17,40,0.01953125,40,78,0.0
2026-05-09T19:20,17,40,0.01953125,40,78,0.0
2026-05-09T19:50,16,40,0.01953125,40,76,0.0
2026-05-09T20:20,15,40,0.01953125,40,75,0.0
2026-05-09T20:50,15,40,0.01953125,40,73,0.0
2026-05-09T21:20,14,40,0.01953125,40,72,0.0
2026-05-09T21:50,14,40,0.01953125,40,71,0.0
2026-05-09T22:20,14,40,0.01953125,40,69,0.0
2026-05-09T22:50,13,40,0.01953125,40,69,0.0
2026-05-09T23:20,13,40,0.01953125,40,67,0.0
2026-05-09T23:50,13,40,0.01953125,40,67,0.0
2026-05-10T00:20,12,40,0.01953125,40,66,0.0
2026-05-10T00:50,12,40,0.01953125,40,66,0.0
2026-05-10T01:20,11,40,0.01953125,40,66,0.0
2026-05-10T01:50,11,40,0.01953125,41,66,0.0
2026-05-10T02:20,10,40,0.01953125,41,66,0.0
2026-05-10T02:50,10,40,0.01953125,41,66,0.0
2026-05-10T03:20,9,40,0.01953125,43,68,0.0
2026-05-10T03:50,10,40,0.01953125,44,75,0.0
2026-05-10T04:20,10,40,0.01953125,44,76,0.0
2026-05-10T04:50,10,40,0.01953125,44,78,0.0
2026-05-10T05:20,10,40,0.01953125,44,78,0.0
2026-05-10T05:50,10,40,0.01953125,44,78,0.0
2026-05-10T06:20,10,40,0.01953125,44,78,0.0
2026-05-10T06:50,10,40,0.01953125,44,77,0.0
2026-05-10T07:20,10,40,0.01953125,44,71,0.0
2026-05-10T07:50,10,40,0.01953125,44,68,0.0
2026-05-10T08:20,11,40,0.01953125,44,68,0.0
2026-05-10T08:50,11,40,0.01953125,44,68,0.0
2026-05-10T09:20,12,40,0.01953125,44,67,0.0
2026-05-10T09:50,12,40,0.01953125,43,67,0.0
2026-05-10T10:20,12,40,0.01953125,43,67,0.0
2026-05-10T10:50,12,40,0.01953125,42,67,0.0
2026-05-10T11:20,12,40,0.01953125,42,67,0.0
2026-05-10T11:50,12,40,0.01953125,41,67,0.0
2026-05-10T12:20,12,40,0.01953125,41,67,0.0
2026-05-10T12:50,12,40,0.01953125,41,67,0.0
2026-05-10T13:20,12,40,0.01953125,41,67,0.0
2026-05-10T13:50,12,40,0.01953125,41,68,0.0
2026-05-10T14:20,12,40,0.01953125,41,68,0.0
2026-05-10T14:50,12,40,0.01953125,41,74,0.0
2026-05-10T15:20,12,40,0.01953125,41,74,0.0
2026-05-10T15:50,12,40,0.01953125,41,74,0.0
2026-05-10T16:20,12,40,0.01953125,40,74,0.0
2026-05-10T16:50,12,40,0.01953125,40,76,0.0
2026-05-10T17:20,12,40,0.01953125,40,78,0.0
2026-05-10T17:50,13,40,0.01953125,40,78,0.0
2026-05-10T18:20,12,40,0.01953125,40,78,0.0
2026-05-10T18:50,12,40,0.01953125,40,78,0.0
2026-05-10T19:20,12,40,0.01953125,40,78,0.0
2026-05-10T19:50,12,40,0.01953125,40,76,0.0
2026-05-10T20:20,11,40,0.01953125,40,75,0.0
2026-05-10T20:50,11,40,0.01953125,40,73,0.0
2026-05-10T21:20,10,40,0.01953125,40,72,0.0
2026-05-10T21:50,9,40,0.01953125,40,71,0.0
2026-05-10T22:20,9,40,0.01953125,40,69,0.0
2026-05-10T22:50,8,40,0.01953125,40,69,0.0
2026-05-10T23:20,8,40,0.01953125,40,67,0.0
2026-05-10T23:50,7,40,0.01953125,40,66,0.0
2026-05-11T00:20,7,40,0.01953125,40,66,0.0
2026-05-11T00:50,7,40,0.01953125,40,66,0.0
2026-05-11T01:20,6,40,0.01953125,40,66,0.0
2026-05-11T01:50,6,40,0.01953125,41,66,0.0
2026-05-11T02:20,6,40,0.01953125,41,66,0.0
2026-05-11T02:50,6,40,0.01953125,41,66,0.0
2026-05-11T03:20,5,40,0.01953125,42,67,0.0
2026-05-11T03:50,5,40,0.01953125,43,68,0.0
2026-05-11T04:20,5,40,0.01953125,44,76,0.0
2026-05-11T04:50,5,40,0.01953125,44,77,0.0
2026-05-11T05:20,5,40,0.01953125,44,78,0.0
2026-05-11T05:50,6,40,0.01953125,44,78,0.0
2026-05-11T06:20,7,40,0.01953125,44,78,0.0
2026-05-11T06:50,8,40,0.01953125,44,77,0.0
2026-05-11T07:20,8,40,0.01953125,44,71,0.0
2026-05-11T07:50,9,40,0.01953125,44,68,0.0
2026-05-11T08:20,10,40,0.01953125,44,68,0.0
2026-05-11T08:50,10,40,0.01953125,44,68,0.0
2026-05-11T09:20,10,40,0.01953125,44,67,0.0
2026-05-11T09:50,9,40,0.01953125,43,67,0.0
2026-05-11T10:20,9,40,0.01953125,43,67,0.0
2026-05-11T10:50,10,40,0.01953125,43,67,0.0
2026-05-11T11:20,10,40,0.01953125,42,67,0.0
2026-05-11T11:50,10,40,0.01953125,42,67,0.0
2026-05-11T12:20,10,40,0.01953125,41,67,0.0
2026-05-11T12:50,9,40,0.01953125,41,67,0.0
2026-05-11T13:20,8,40,0.01953125,41,67,0.0
2026-05-11T13:50,9,40,0.01953125,41,68,0.0
2026-05-11T14:20,10,40,0.01953125,41,68,0.0
2026-05-11T14:50,10,40,0.01953125,41,74,0.0
2026-05-11T15:20,10,40,0.01953125,41,74,0.0
2026-05-11T15:50,10,40,0.01953125,41,74,0.0
2026-05-11T16:20,11,40,0.01953125,40,74,0.0
2026-05-11T16:50,12,40,0.01953125,40,76,0.0
2026-05-11T17:20,11,40,0.01953125,40,78,0.0
2026-05-11T17:50,11,40,0.01953125,40,78,0.0
2026-05-11T18:20,12,40,0.01953125,40,78,0.0
2026-05-11T18:50,12,40,0.01953125,40,78,0.0
2026-05-11T19:20,11,40,0.01953125,40,78,0.0
2026-05-11T19:50,11,40,0.01953125,40,76,0.0
2026-05-11T20:20,10,40,0.01953125,40,75,0.0
2026-05-11T20:50,10,40,0.01953125,40,73,0.0
2026-05-11T21:20,9,40,0.01953125,40,72,0.0
2026-05-11T21:50,9,40,0.01953125,40,70,0.0
2026-05-11T22:20,9,40,0.01953125,40,68,0.0
2026-05-11T22:50,8,40,0.01953125,40,68,0.0
2026-05-11T23:20,8,40,0.01953125,40,66,0.0
2026-05-11T23:50,8,40,0.01953125,40,65,0.0
2026-05-12T00:20,7,40,0.01953125,40,66,0.0
2026-05-12T00:50,7,40,0.01953125,40,66,0.0
2026-05-12T01:20,7,40,0.01953125,40,66,0.0
2026-05-12T01:50,7,40,0.01953125,41,66,0.0
2026-05-12T02:20,5,40,0.01953125,41,66,0.0
2026-05-12T02:50,6,40,0.01953125,41,66,0.0
2026-05-12T03:20,5,40,0.01953125,43,68,0.0
2026-05-12T03:50,5,40,0.01953125,43,72,0.0
2026-05-12T04:20,5,40,0.01953125,44,76,0.0
2026-05-12T04:50,5,40,0.01953125,44,77,0.0
2026-05-12T05:20,5,40,0.01953125,44,78,0.0
2026-05-12T05:50,5,40,0.01953125,44,78,0.0
2026-05-12T06:20,5,40,0.01953125,44,78,0.0
2026-05-12T06:50,6,40,0.01953125,44,78,0.0
2026-05-12T07:20,8,40,0.01953125,44,71,0.0
2026-05-12T07:50,9,40,0.01953125,44,68,0.0
2026-05-12T08:20,10,40,0.01953125,44,68,0.0
2026-05-12T08:50,11,40,0.01953125,44,69,0.0
2026-05-12T09:20,12,40,0.01953125,44,67,0.0
2026-05-12T09:50,12,40,0.01953125,43,67,0.0
2026-05-12T10:20,13,40,0.01953125,43,67,0.0
2026-05-12T10:50,14,40,0.01953125,42,67,0.0
2026-05-12T11:20,14,40,0.01953125,42,67,0.0
2026-05-12T11:50,14,40,0.01953125,41,67,0.0
2026-05-12T12:20,15,40,0.01953125,41,67,0.0
2026-05-12T12:50,16,40,0.01953125,41,67,0.0
2026-05-12T13:20,15,40,0.01953125,41,67,0.0
2026-05-12T13:50,15,40,0.01953125,41,68,0.0
2026-05-12T14:20,15,40,0.01953125,41,69,0.0
2026-05-12T14:50,17,40,0.01953125,41,69,0.0
2026-05-12T15:20,16,40,0.01953125,41,73,0.0
2026-05-12T15:50,16,40,0.01953125,41,73,0.0
2026-05-12T16:20,15,40,0.01953125,40,74,0.0
2026-05-12T16:50,16,40,0.01953125,40,76,0.0
2026-05-12T17:20,15,40,0.01953125,40,78,0.0
2026-05-12T17:50,15,40,0.01953125,40,78,0.0
2026-05-12T18:20,15,40,0.01953125,40,78,0.0
2026-05-12T18:50,13,40,0.01953125,40,78,0.0
2026-05-12T19:20,13,40,0.01953125,40,78,0.0
2026-05-12T19:50,14,40,0.01953125,40,76,0.0
2026-05-12T20:20,14,40,0.01953125,40,75,0.0
2026-05-12T20:50,14,40,0.01953125,40,73,0.0
2026-05-12T21:20,13,40,0.01953125,40,72,0.0
2026-05-12T21:50,13,40,0.01953125,40,71,0.0
2026-05-12T22:20,13,40,0.01953125,40,69,0.0
2026-05-12T22:50,13,40,0.01953125,40,69,0.0
2026-05-12T23:20,13,40,0.01953125,40,67,0.0
2026-05-12T23:50,12,40,0.01953125,40,67,0.0
2026-05-13T00:20,12,40,0.01953125,40,66,0.0
2026-05-13T00:50,11,40,0.01953125,40,66,0.0
2026-05-13T01:20,11,40,0.01953125,40,66,0.0
2026-05-13T01:50,10,40,0.01953125,41,66,0.0
2026-05-13T02:20,9,40,0.01953125,41,66,0.0
2026-05-13T02:50,9,40,0.01953125,41,66,0.0
2026-05-13T03:20,9,40,0.01953125,42,67,0.0
2026-05-13T03:50,10,40,0.01953125,44,75,0.0
2026-05-13T04:20,10,40,0.01953125,44,76,0.0
2026-05-13T04:50,10,40,0.01953125,44,78,0.0
2026-05-13T05:20,10,40,0.01953125,44,78,0.0
2026-05-13T05:50,10,40,0.01953125,44,78,0.0
2026-05-13T06:20,10,40,0.01953125,44,78,0.0
2026-05-13T06:50,11,40,0.01953125,44,76,0.0
2026-05-13T07:20,10,40,0.01953125,44,71,0.0
2026-05-13T07:50,11,40,0.01953125,44,68,0.0
2026-05-13T08:20,11,40,0.01953125,44,68,0.0
2026-05-13T08:50,12,40,0.01953125,44,69,0.0
2026-05-13T09:20,12,40,0.01953125,44,67,0.0
2026-05-13T09:50,12,40,0.01953125,43,67,0.0
2026-05-13T10:20,13,40,0.01953125,43,67,0.0
2026-05-13T10:50,10,40,0.01953125,42,67,0.0
2026-05-13T11:20,9,40,0.01953125,42,67,0.0
2026-05-13T11:50,12,40,0.01953125,41,67,0.0
2026-05-13T12:20,12,40,0.01953125,41,67,0.0
2026-05-13T12:50,12,40,0.01953125,41,67,0.0
2026-05-13T13:20,11,40,0.01953125,41,67,0.0
2026-05-13T13:50,12,40,0.01953125,41,68,0.0
2026-05-13T14:20,12,40,0.01953125,41,68,0.0
2026-05-13T14:50,9,40,0.01953125,41,73,0.0
2026-05-13T15:20,11,40,0.01953125,41,73,0.0
2026-05-13T15:50,10,40,0.01953125,41,73,0.0
2026-05-13T16:20,10,40,0.01953125,40,73,0.0
2026-05-13T16:50,11,40,0.01953125,40,77,0.0
2026-05-13T17:20,12,40,0.01953125,40,78,0.0
2026-05-13T17:50,9,40,0.01953125,40,78,0.0
2026-05-13T18:20,10,40,0.01953125,40,78,0.0
2026-05-13T18:50,10,40,0.01953125,40,78,0.0
2026-05-13T19:20,10,40,0.01953125,40,78,0.0
2026-05-13T19:50,10,40,0.01953125,40,76,0.0
2026-05-13T20:20,10,40,0.01953125,40,75,0.0
2026-05-13T20:50,9,40,0.01953125,40,73,0.0
2026-05-13T21:20,9,40,0.01953125,40,72,0.0
2026-05-13T21:50,9,40,0.01953125,40,71,0.0
2026-05-13T22:20,9,40,0.01953125,40,69,0.0
2026-05-13T22:50,9,40,0.01953125,40,69,0.0
2026-05-13T23:20,9,40,0.01953125,40,67,0.0
2026-05-13T23:50,9,40,0.01953125,40,67,0.0
2026-05-14T00:20,8,40,0.01953125,40,66,0.0
2026-05-14T00:50,9,40,0.01953125,40,66,0.0
2026-05-14T01:20,8,40,0.01953125,40,66,0.0
2026-05-14T01:50,8,40,0.01953125,41,66,0.0
2026-05-14T02:20,9,40,0.01953125,41,66,0.0
2026-05-14T02:50,9,40,0.01953125,41,66,0.0
2026-05-14T03:20,8,40,0.01953125,42,67,0.0
2026-05-14T03:50,8,40,0.01953125,44,75,0.0
2026-05-14T04:20,8,40,0.01953125,44,76,0.0
2026-05-14T04:50,8,40,0.01953125,44,78,0.0
2026-05-14T05:20,8,40,0.01953125,44,78,0.0
2026-05-14T05:50,8,40,0.01953125,44,78,0.0
2026-05-14T06:20,8,40,0.01953125,44,78,0.0
2026-05-14T06:50,8,40,0.01953125,44,75,0.0
2026-05-14T07:20,8,40,0.01953125,44,71,0.0
2026-05-14T07:50,8,40,0.01953125,44,68,0.0
2026-05-14T08:20,8,40,0.01953125,44,68,0.0
2026-05-14T08:50,9,40,0.01953125,44,68,0.0
2026-05-14T09:20,9,40,0.01953125,44,67,0.0
2026-05-14T09:50,9,40,0.01953125,43,67,0.0
2026-05-14T10:20,9,40,0.01953125,43,67,0.0
2026-05-14T10:50,10,40,0.01953125,42,67,0.0
2026-05-14T11:20,10,40,0.01953125,42,67,0.0
2026-05-14T11:50,9,40,0.01953125,42,67,0.0
2026-05-14T12:20,8,40,0.01953125,41,67,0.0
2026-05-14T12:50,9,40,0.01953125,41,67,0.0
2026-05-14T13:20,9,40,0.01953125,41,67,0.0
2026-05-14T13:50,9,40,0.01953125,41,68,0.0
2026-05-14T14:20,10,40,0.01953125,41,68,0.0
2026-05-14T14:50,12,40,0.01953125,41,73,0.0
2026-05-14T15:20,12,40,0.01953125,41,73,0.0
2026-05-14T15:50,9,40,0.01953125,41,73,0.0
2026-05-14T16:20,9,40,0.01953125,40,73,0.0
2026-05-14T16:50,11,40,0.01953125,40,77,0.0
2026-05-14T17:20,11,40,0.01953125,40,78,0.0
2026-05-14T17:50,11,40,0.01953125,40,78,0.0
2026-05-14T18:20,9,40,0.01953125,40,78,0.0
2026-05-14T18:50,10,40,0.01953125,40,78,0.0
2026-05-14T19:20,9,40,0.01953125,40,78,0.0
2026-05-14T19:50,10,40,0.01953125,40,76,0.0
2026-05-14T20:20,9,40,0.01953125,40,75,0.0
2026-05-14T20:50,9,40,0.01953125,40,73,0.0
2026-05-14T21:20,9,40,0.01953125,40,72,0.0
2026-05-14T21:50,9,40,0.01953125,40,71,0.0
2026-05-14T22:20,9,40,0.01953125,40,68,0.0
2026-05-14T22:50,9,40,0.01953125,40,68,0.0
2026-05-14T23:20,9,40,0.01953125,40,66,0.0
2026-05-14T23:50,8,40,0.01953125,40,65,0.0
2026-05-15T00:20,8,40,0.01953125,40,66,0.0
2026-05-15T00:50,8,40,0.01953125,40,66,0.0
2026-05-15T01:20,8,40,0.01953125,40,66,0.0
2026-05-15T02:20,8,40,0.01953125,41,66,0.0
2026-05-15T02:50,8,40,0.01953125,41,66,0.0
2026-05-15T03:20,8,40,0.01953125,42,67,0.0
2026-05-15T03:50,8,40,0.01953125,44,75,0.0
2026-05-15T04:20,7,40,0.01953125,44,76,0.0
2026-05-15T04:50,7,40,0.01953125,44,78,0.0
2026-05-15T05:20,7,40,0.01953125,44,78,0.0
2026-05-15T05:50,7,40,0.01953125,44,78,0.0
2026-05-15T06:20,7,40,0.01953125,44,78,0.0
2026-05-15T06:50,8,40,0.01953125,44,75,0.0
2026-05-15T07:20,8,40,0.01953125,44,71,0.0
2026-05-15T07:50,8,40,0.01953125,44,68,0.0
2026-05-15T08:20,9,40,0.01953125,44,68,0.0
2026-05-15T08:50,9,40,0.01953125,44,68,0.0
2026-05-15T09:20,10,40,0.01953125,44,67,0.0
2026-05-15T09:50,10,40,0.01953125,43,67,0.0
2026-05-15T10:20,10,40,0.01953125,43,67,0.0
2026-05-15T10:50,10,40,0.01953125,42,67,0.0
2026-05-15T11:20,10,40,0.01953125,42,67,0.0
2026-05-15T11:50,12,40,0.01953125,41,67,0.0
2026-05-15T12:20,11,40,0.01953125,41,67,0.0
2026-05-15T12:50,12,40,0.01953125,41,67,0.0
2026-05-15T13:20,12,40,0.01953125,41,67,0.0
2026-05-15T13:50,13,40,0.01953125,41,68,0.0
2026-05-15T14:20,13,40,0.01953125,41,69,0.0
2026-05-15T14:50,13,40,0.01953125,41,70,0.0
2026-05-15T15:20,13,40,0.01953125,41,73,0.0
2026-05-15T15:50,14,40,0.01953125,40,73,0.0
2026-05-15T16:20,14,40,0.01953125,40,73,0.0
2026-05-15T17:20,14,40,0.01953125,40,78,0.0
2026-05-15T17:50,14,40,0.01953125,40,78,0.0
2026-05-15T18:20,14,40,0.01953125,40,78,0.0
2026-05-15T18:50,13,40,0.01953125,40,78,0.0
2026-05-15T19:20,13,40,0.01953125,40,78,0.0
2026-05-15T19:50,13,40,0.01953125,40,75,0.0
2026-05-15T20:20,13,40,0.01953125,40,75,0.0
2026-05-15T20:50,13,40,0.01953125,40,74,0.0
2026-05-15T21:20,12,40,0.01953125,40,73,0.0
2026-05-15T21:50,12,40,0.01953125,40,72,0.0
2026-05-15T22:20,12,40,0.01953125,40,69,0.0
2026-05-15T22:50,11,40,0.01953125,40,69,0.0
2026-05-15T23:20,11,40,0.01953125,40,67,0.0
2026-05-15T23:50,9,40,0.01953125,40,66,0.0
2026-05-16T00:20,10,40,0.01953125,40,66,0.0
2026-05-16T00:50,9,40,0.01953125,40,66,0.0
2026-05-16T01:20,9,40,0.01953125,40,66,0.0
2026-05-16T01:50,9,40,0.01953125,41,66,0.0
2026-05-16T02:20,9,40,0.01953125,41,66,0.0
2026-05-16T02:50,9,40,0.01953125,41,66,0.0
2026-05-16T03:20,8,40,0.01953125,42,67,0.0
2026-05-16T03:50,8,40,0.01953125,44,74,0.0
2026-05-16T04:20,7,40,0.01953125,44,76,0.0
2026-05-16T04:50,7,40,0.01953125,44,78,0.0
2026-05-16T05:20,7,40,0.01953125,44,78,0.0
2026-05-16T05:50,7,40,0.01953125,44,78,0.0
2026-05-16T06:20,7,40,0.01953125,44,78,0.0
2026-05-16T06:50,8,40,0.01953125,44,75,0.0
2026-05-16T07:20,9,40,0.01953125,44,71,0.0
2026-05-16T07:50,9,40,0.01953125,44,68,0.0
2026-05-16T08:20,9,40,0.01953125,44,68,0.0
2026-05-16T08:50,10,40,0.01953125,44,69,0.0
2026-05-16T09:20,11,40,0.01953125,44,67,0.0
2026-05-16T09:50,12,40,0.01953125,43,67,0.0
2026-05-16T10:20,13,40,0.01953125,43,67,0.0
2026-05-16T10:50,13,40,0.01953125,42,67,0.0
2026-05-16T11:20,13,40,0.01953125,42,67,0.0
2026-05-16T11:50,14,40,0.01953125,41,67,0.0
2026-05-16T12:20,14,40,0.01953125,41,67,0.0
2026-05-16T12:50,14,40,0.01953125,41,67,0.0
2026-05-16T13:20,15,40,0.01953125,41,56,0.0
2026-05-16T13:50,14,40,0.01953125,41,68,0.0
2026-05-16T14:20,14,40,0.01953125,41,68,0.0
2026-05-16T14:50,14,40,0.01953125,41,70,0.0
2026-05-16T15:20,14,40,0.01953125,41,73,0.0
2026-05-16T15:50,14,40,0.01953125,40,73,0.0
2026-05-16T16:20,14,40,0.01953125,40,73,0.0
2026-05-16T16:50,14,40,0.01953125,40,77,0.0
2026-05-16T17:20,14,40,0.01953125,40,78,0.0
2026-05-16T17:50,14,40,0.01953125,40,78,0.0
2026-05-16T18:20,13,40,0.01953125,40,78,0.0
2026-05-16T18:50,13,40,0.01953125,40,78,0.0
2026-05-16T19:20,12,40,0.01953125,40,78,0.0
2026-05-16T19:50,12,40,0.01953125,40,75,0.0
2026-05-16T20:20,12,40,0.01953125,40,75,0.0
2026-05-16T20:50,12,40,0.01953125,40,74,0.0
2026-05-16T21:20,12,40,0.01953125,40,73,0.0
2026-05-16T21:50,12,40,0.01953125,40,72,0.0
2026-05-16T22:20,12,40,0.01953125,40,69,0.0
2026-05-16T22:50,12,40,0.01953125,40,69,0.0
2026-05-16T23:20,12,40,0.01953125,40,67,0.0
2026-05-16T23:50,12,40,0.01953125,40,66,0.0
2026-05-17T00:20,11,40,0.01953125,40,66,0.0
2026-05-17T00:50,12,40,0.01953125,40,66,0.0
2026-05-17T01:20,12,40,0.01953125,40,66,0.0
2026-05-17T01:50,12,40,0.01953125,41,66,0.0
2026-05-17T02:20,12,40,0.01953125,41,66,0.0
2026-05-17T02:50,11,40,0.01953125,41,66,0.0
2026-05-17T03:20,11,40,0.01953125,42,67,0.0
2026-05-17T03:50,11,40,0.01953125,44,74,0.0
2026-05-17T04:20,11,40,0.01953125,44,76,0.0
2026-05-17T04:50,11,40,0.01953125,44,78,0.0
2026-05-17T05:20,11,40,0.01953125,44,78,0.0
2026-05-17T05:50,11,40,0.01953125,44,78,0.0
2026-05-17T06:20,11,40,0.01953125,44,78,0.0
2026-05-17T06:50,11,40,0.01953125,44,76,0.0
2026-05-17T07:20,11,40,0.01953125,44,71,0.0
2026-05-17T07:50,11,40,0.01953125,44,68,0.0
2026-05-17T08:20,12,40,0.01953125,44,68,0.0
2026-04-27T07:20,9,40,0.01953125,44,71,0.0
2026-04-27T07:50,10,40,0.01953125,44,69,0.0
2026-04-27T08:20,11,40,0.01953125,44,68,0.0
2026-04-27T08:50,12,40,0.01953125,44,69,0.0
2026-04-27T09:50,14,40,0.01953125,43,67,0.0
2026-04-27T10:50,16,40,0.01953125,42,67,0.0
2026-04-27T11:50,18,40,0.01953125,41,67,0.0
2026-04-27T12:50,18,40,0.01953125,41,67,0.0
2026-04-27T13:20,19,40,0.01953125,41,58,0.0
2026-04-27T13:50,19,40,0.01953125,41,68,0.0
2026-04-27T14:50,20,40,0.01953125,41,70,0.0
2026-04-27T15:50,21,40,0.01953125,40,74,0.0
2026-04-27T16:50,20,40,0.01953125,40,77,0.0
2026-04-27T17:50,19,40,0.01953125,40,78,0.0
2026-04-27T18:50,18,40,0.01953125,40,78,0.0
2026-04-27T19:50,17,40,0.01953125,40,75,0.0
2026-04-27T20:50,16,40,0.01953125,40,74,0.0
2026-04-27T21:50,14,40,0.01953125,40,72,0.0
2026-04-27T22:50,14,40,0.01953125,40,69,0.0
2026-04-27T23:50,12,40,0.01953125,40,66,0.0
2026-04-28T00:50,10,40,0.01953125,40,67,0.0
2026-04-28T01:50,11,40,0.01953125,41,67,0.0
2026-04-28T02:50,10,40,0.01953125,41,67,0.0
2026-04-28T03:50,10,40,0.01953125,44,75,0.0
2026-04-28T04:50,9,40,0.01953125,44,78,0.0
2026-04-28T05:50,9,40,0.01953125,44,78,0.0
2026-04-28T06:50,10,40,0.01953125,44,76,0.0
2026-04-28T07:50,10,40,0.01953125,44,70,0.0
2026-04-28T08:50,10,40,0.01953125,44,69,0.0
2026-04-28T09:50,10,40,0.01953125,43,70,0.0
2026-04-28T10:50,10,40,0.01953125,42,70,0.0
2026-04-28T11:50,12,40,0.01953125,41,70,0.0
2026-04-28T12:50,14,40,0.01953125,41,70,0.0
2026-04-28T13:50,14,40,0.01953125,41,70,0.0
2026-04-28T14:50,16,40,0.01953125,41,76,0.0
2026-04-28T15:50,16,40,0.01953125,40,76,0.0
2026-04-28T16:50,16,40,0.01953125,40,78,0.0
2026-04-28T17:50,15,40,0.01953125,40,78,0.0
2026-04-28T18:50,15,40,0.01953125,40,78,0.0
2026-04-28T19:50,13,40,0.01953125,40,76,0.0
2026-04-28T20:50,12,40,0.01953125,40,75,0.0
2026-04-28T21:50,10,40,0.01953125,40,72,0.0
2026-04-28T22:50,9,40,0.01953125,40,69,0.0
2026-04-28T23:50,9,40,0.01953125,40,66,0.0
2026-04-29T00:50,9,40,0.01953125,40,67,0.0
2026-04-29T01:50,9,40,0.01953125,41,67,0.0
2026-04-29T02:50,9,40,0.01953125,41,67,0.0
2026-04-29T03:50,9,40,0.01953125,44,75,0.0
2026-04-29T04:50,10,40,0.01953125,44,78,0.0
2026-04-29T05:50,10,40,0.01953125,44,78,0.0
2026-04-29T06:50,11,40,0.01953125,44,76,0.0
2026-04-29T07:50,12,40,0.01953125,44,69,0.0
2026-04-29T08:50,13,40,0.01953125,44,69,0.0
2026-04-29T09:50,14,40,0.01953125,43,70,0.0
2026-04-29T10:50,14,40,0.01953125,42,70,0.0
2026-04-29T11:50,15,40,0.01953125,41,70,0.0
2026-04-29T12:50,15,40,0.01953125,41,70,0.0
2026-04-29T13:50,15,40,0.01953125,41,70,0.0
2026-04-29T14:50,15,40,0.01953125,41,76,0.0
2026-04-29T15:50,15,40,0.01953125,40,76,0.0
2026-04-29T16:50,15,40,0.01953125,40,78,0.0
2026-04-29T17:50,15,40,0.01953125,40,78,0.0
2026-04-29T18:50,14,40,0.01953125,40,78,0.0
2026-04-29T19:50,14,40,0.01953125,40,76,0.0
2026-04-29T20:50,13,40,0.01953125,40,75,0.0
2026-04-29T21:50,13,40,0.01953125,40,72,0.0
2026-04-29T22:50,12,40,0.01953125,40,69,0.0
2026-04-29T23:50,12,40,0.01953125,40,66,0.0
2026-04-30T00:50,12,40,0.01953125,40,67,0.0
2026-04-30T01:50,12,40,0.01953125,41,67,0.0
2026-04-30T02:50,12,40,0.01953125,41,67,0.0
2026-04-30T03:50,12,40,0.01953125,44,75,0.0
2026-04-30T04:50,11,40,0.01953125,44,78,0.0
2026-04-30T05:50,11,40,0.01953125,44,78,0.0
2026-04-30T06:50,12,40,0.01953125,44,77,0.0
2026-04-30T07:20,13,40,0.01953125,44,71,0.0
2026-04-30T07:50,13,40,0.01953125,44,69,0.0
2026-04-30T08:20,14,40,0.01953125,44,69,0.0
2026-04-30T08:50,15,40,0.01953125,44,69,0.0
2026-04-30T09:20,15,40,0.01953125,43,70,0.0
2026-04-30T09:50,14,40,0.01953125,43,70,0.0
2026-04-30T10:20,15,40,0.01953125,43,70,0.0
2026-04-30T10:50,15,40,0.01953125,42,70,0.0
2026-04-30T11:20,15,40,0.01953125,42,70,0.0
2026-04-30T11:50,17,40,0.01953125,41,70,0.0
2026-04-30T12:20,16,40,0.01953125,41,70,0.0
2026-04-30T12:50,16,40,0.01953125,41,70,0.0
2026-04-30T13:20,17,40,0.01953125,41,70,0.0
2026-04-30T13:50,18,40,0.01953125,41,70,0.0
2026-04-30T14:20,18,40,0.01953125,41,74,0.0
2026-04-30T14:50,18,40,0.01953125,41,74,0.0
2026-04-30T15:20,18,40,0.01953125,41,75,0.0
2026-04-30T15:50,18,40,0.01953125,40,76,0.0
2026-04-30T16:20,18,40,0.01953125,40,76,0.0
2026-04-30T16:50,19,40,0.01953125,40,78,0.0
2026-04-30T17:20,18,40,0.01953125,40,78,0.0
2026-04-30T17:50,18,40,0.01953125,40,78,0.0
2026-04-30T18:20,17,40,0.01953125,40,78,0.0
2026-04-30T18:50,17,40,0.01953125,40,78,0.0
2026-04-30T19:20,16,40,0.01953125,40,78,0.0
2026-04-30T19:50,16,40,0.01953125,40,75,0.0
2026-04-30T20:20,15,40,0.01953125,40,74,0.0
2026-04-30T20:50,14,40,0.01953125,40,74,0.0
2026-04-30T21:20,14,40,0.01953125,40,74,0.0
2026-04-30T21:50,14,40,0.01953125,40,72,0.0
2026-04-30T22:20,13,40,0.01953125,40,69,0.0
2026-04-30T22:50,13,40,0.01953125,40,69,0.0
2026-04-30T23:20,13,40,0.01953125,40,67,0.0
2026-04-30T23:50,12,40,0.01953125,40,66,0.0
2026-05-01T00:20,11,40,0.01953125,40,66,0.0
2026-05-01T00:50,12,40,0.01953125,40,66,0.0
2026-05-01T01:20,11,40,0.01953125,40,66,0.0
2026-05-01T01:50,11,40,0.01953125,41,66,0.0
2026-05-01T02:20,11,40,0.01953125,41,66,0.0
2026-05-01T02:50,12,40,0.01953125,41,66,0.0
2026-05-01T03:20,12,40,0.01953125,42,67,0.0
2026-05-01T03:50,10,40,0.01953125,44,74,0.0
2026-05-01T04:20,10,40,0.01953125,44,75,0.0
2026-05-01T04:50,10,40,0.01953125,44,78,0.0
2026-05-01T05:20,10,40,0.01953125,44,78,0.0
2026-05-01T05:50,10,40,0.01953125,44,78,0.0
2026-05-01T06:20,11,40,0.01953125,44,78,0.0
2026-05-01T06:50,11,40,0.01953125,44,76,0.0
2026-05-01T07:20,12,40,0.01953125,44,71,0.0
2026-05-01T07:50,13,40,0.01953125,44,69,0.0
2026-05-01T08:20,14,40,0.01953125,44,69,0.0
2026-05-01T08:50,15,40,0.01953125,44,69,0.0
2026-05-01T10:20,17,40,0.01953125,43,69,0.0
2026-05-01T10:50,18,40,0.01953125,42,69,0.0
2026-05-01T11:20,20,40,0.01953125,41,69,0.0
2026-05-01T11:50,20,40,0.01953125,41,69,0.0
2026-05-01T12:20,21,40,0.01953125,41,69,0.0
2026-05-01T12:50,22,40,0.01953125,41,69,0.0
2026-05-01T13:20,24,40,0.01953125,41,69,0.0
2026-05-01T13:50,24,40,0.01953125,41,70,0.0
2026-05-01T14:20,24,40,0.01953125,41,70,0.0
2026-05-01T14:50,24,40,0.01953125,41,72,0.0
2026-05-01T15:20,24,40,0.01953125,41,76,0.0
2026-05-01T15:50,24,40,0.01953125,41,76,0.0
2026-05-01T16:20,24,40,0.01953125,40,76,0.0
2026-05-01T16:50,24,40,0.01953125,40,77,0.0
2026-05-01T17:20,23,40,0.01953125,40,78,0.0
2026-05-01T17:50,23,40,0.01953125,40,78,0.0
2026-05-01T18:20,22,40,0.01953125,40,78,0.0
2026-05-01T18:50,22,40,0.01953125,40,78,0.0
2026-05-01T19:20,21,40,0.01953125,40,78,0.0
2026-05-01T19:50,20,40,0.01953125,40,78,0.0
2026-05-01T20:20,20,40,0.01953125,40,76,0.0
2026-05-01T20:50,19,40,0.01953125,40,75,0.0
2026-05-01T21:20,19,40,0.01953125,40,75,0.0
2026-05-01T21:50,18,40,0.01953125,40,74,0.0
2026-05-01T22:20,18,40,0.01953125,40,72,0.0
2026-05-01T22:50,18,40,0.01953125,40,69,0.0
2026-05-01T23:20,17,40,0.01953125,40,69,0.0
2026-05-01T23:50,16,40,0.01953125,40,67,0.0
2026-05-02T00:20,16,40,0.01953125,40,66,0.0
2026-05-02T00:50,15,40,0.01953125,40,67,0.0
2026-05-02T01:20,14,40,0.01953125,40,67,0.0
2026-05-02T01:50,13,40,0.01953125,41,67,0.0
2026-05-02T02:20,13,40,0.01953125,41,67,0.0
2026-05-02T02:50,12,40,0.01953125,41,67,0.0
2026-05-02T03:20,12,40,0.01953125,42,67,0.0
2026-05-02T03:50,12,40,0.01953125,44,73,0.0
2026-05-02T04:20,12,40,0.01953125,44,75,0.0
2026-05-02T04:50,11,40,0.01953125,44,78,0.0
2026-05-02T05:20,11,40,0.01953125,44,78,0.0
2026-05-02T05:50,11,40,0.01953125,44,78,0.0
2026-05-02T06:20,11,40,0.01953125,44,78,0.0
2026-05-02T06:50,11,40,0.01953125,44,76,0.0
2026-05-02T07:20,11,40,0.01953125,44,71,0.0
2026-05-02T07:50,11,40,0.01953125,44,69,0.0
2026-05-02T08:20,12,40,0.01953125,44,69,0.0
2026-05-02T08:50,13,40,0.01953125,44,69,0.0
2026-05-02T09:20,14,40,0.01953125,44,69,0.0
2026-05-02T09:50,15,40,0.01953125,43,69,0.0
2026-05-02T10:20,16,40,0.01953125,43,69,0.0
2026-05-02T10:50,17,40,0.01953125,42,69,0.0
2026-05-02T11:20,17,40,0.01953125,42,69,0.0
2026-05-02T11:50,19,40,0.01953125,41,69,0.0
2026-05-02T12:20,19,40,0.01953125,41,69,0.0
2026-05-02T12:50,21,40,0.01953125,41,69,0.0
2026-05-02T13:20,21,40,0.01953125,41,56,0.0
2026-05-02T13:50,22,40,0.01953125,41,70,0.0
2026-05-02T14:20,22,40,0.01953125,41,72,0.0
2026-05-02T14:50,22,40,0.01953125,41,72,0.0
2026-05-02T15:20,22,40,0.01953125,41,72,0.0
2026-05-02T15:50,23,40,0.01953125,40,76,0.0
2026-05-02T16:20,22,40,0.01953125,40,76,0.0
2026-05-02T16:50,21,40,0.01953125,40,78,0.0
2026-05-02T17:20,20,40,0.01953125,40,78,0.0
2026-05-02T17:50,20,40,0.01953125,40,78,0.0
2026-05-02T18:20,17,40,0.01953125,40,78,0.0
2026-05-02T18:50,17,40,0.01953125,40,78,0.0
2026-05-02T19:20,16,40,0.01953125,40,78,0.0
2026-05-02T19:50,17,40,0.01953125,40,75,0.0
2026-05-02T20:20,16,40,0.01953125,40,74,0.0
2026-05-02T20:50,16,40,0.01953125,40,74,0.0
2026-05-02T21:20,16,40,0.01953125,40,73,0.0
2026-05-02T21:50,16,40,0.01953125,40,72,0.0
2026-05-02T22:20,15,40,0.01953125,40,69,0.0
2026-05-02T22:50,15,40,0.01953125,40,69,0.0
2026-05-02T23:20,15,40,0.01953125,40,67,0.0
2026-05-02T23:50,15,40,0.01953125,40,67,0.0
2026-05-03T00:20,15,40,0.01953125,40,66,0.0
2026-05-03T00:50,15,40,0.01953125,40,66,0.0
2026-05-03T01:20,15,40,0.01953125,40,66,0.0
2026-05-03T01:50,15,40,0.01953125,41,66,0.0
2026-05-03T02:20,15,40,0.01953125,41,66,0.0
2026-05-03T02:50,14,40,0.01953125,41,66,0.0
2026-05-03T03:20,14,40,0.01953125,42,67,0.0
2026-05-03T03:50,14,40,0.01953125,44,74,0.0
2026-05-03T04:20,14,40,0.01953125,44,75,0.0
2026-05-03T04:50,14,40,0.01953125,44,78,0.0
2026-05-03T05:20,14,40,0.01953125,44,78,0.0
2026-05-03T05:50,14,40,0.01953125,44,78,0.0
2026-05-03T06:20,14,40,0.01953125,44,78,0.0
2026-05-03T06:50,14,40,0.01953125,44,78,0.0
2026-05-03T07:20,14,40,0.01953125,44,71,0.0
2026-05-03T07:50,14,40,0.01953125,44,68,0.0
2026-05-03T08:20,15,40,0.01953125,44,68,0.0
2026-05-03T08:50,15,40,0.01953125,44,68,0.0
2026-05-03T09:20,15,40,0.01953125,44,69,0.0
2026-05-03T09:50,16,40,0.01953125,43,69,0.0
2026-05-03T10:20,16,40,0.01953125,43,69,0.0
2026-05-03T10:50,17,40,0.01953125,42,69,0.0
2026-05-03T11:20,17,40,0.01953125,42,69,0.0
2026-05-03T11:50,17,40,0.01953125,41,69,0.0
2026-05-03T12:20,17,40,0.01953125,41,69,0.0
2026-05-03T12:50,19,40,0.01953125,41,69,0.0
2026-05-03T13:20,18,40,0.01953125,41,69,0.0
2026-05-03T13:50,19,40,0.01953125,41,70,0.0
2026-05-03T14:20,19,40,0.01953125,41,71,0.0
2026-05-03T14:50,19,40,0.01953125,41,76,0.0
2026-05-03T15:20,19,40,0.01953125,41,76,0.0
2026-05-03T15:50,20,40,0.01953125,41,76,0.0
2026-05-03T16:20,19,40,0.01953125,40,77,0.0
2026-05-03T16:50,19,40,0.01953125,40,78,0.0
2026-05-03T17:20,20,40,0.01953125,40,78,0.0
2026-05-03T17:50,19,40,0.01953125,40,78,0.0
2026-05-03T18:20,19,40,0.01953125,40,78,0.0
2026-05-03T18:50,19,40,0.01953125,40,78,0.0
2026-05-03T19:20,19,40,0.01953125,40,78,0.0
2026-05-03T19:50,18,40,0.01953125,40,75,0.0
2026-05-03T20:20,18,40,0.01953125,40,74,0.0
2026-05-03T20:50,18,40,0.01953125,40,74,0.0
2026-05-03T21:20,18,40,0.01953125,40,73,0.0
2026-05-03T21:50,17,40,0.01953125,40,71,0.0
2026-05-03T22:20,17,40,0.01953125,40,69,0.0
2026-05-03T22:50,16,40,0.01953125,40,69,0.0
2026-05-03T23:20,16,40,0.01953125,40,67,0.0
2026-05-03T23:50,15,40,0.01953125,40,67,0.0
2026-05-04T00:20,15,40,0.01953125,40,66,0.0
2026-05-04T00:50,15,40,0.01953125,40,66,0.0
2026-05-04T01:20,14,40,0.01953125,40,66,0.0
2026-05-04T01:50,14,40,0.01953125,41,66,0.0
2026-05-04T02:20,15,40,0.01953125,41,66,0.0
2026-05-04T02:50,14,40,0.01953125,41,66,0.0
2026-05-04T03:20,13,40,0.01953125,42,67,0.0
2026-05-04T03:50,13,40,0.01953125,44,73,0.0
2026-05-04T04:20,13,40,0.01953125,44,74,0.0
2026-05-04T04:50,13,40,0.01953125,44,77,0.0
2026-05-04T05:20,13,40,0.01953125,44,77,0.0
2026-05-04T05:50,13,40,0.01953125,44,78,0.0
2026-05-04T06:20,13,40,0.01953125,44,78,0.0
2026-05-04T06:50,12,40,0.01953125,44,77,0.0
2026-05-04T07:20,12,40,0.01953125,44,71,0.0
2026-05-04T07:50,12,40,0.01953125,44,68,0.0
2026-05-04T08:20,12,40,0.01953125,44,68,0.0
2026-05-04T08:50,12,40,0.01953125,44,68,0.0
2026-05-04T09:20,12,40,0.01953125,44,69,0.0
2026-05-04T09:50,13,40,0.01953125,43,69,0.0
2026-05-04T10:20,13,40,0.01953125,43,69,0.0
2026-05-04T10:50,13,40,0.01953125,42,69,0.0
2026-05-04T11:20,14,40,0.01953125,42,69,0.0
2026-05-04T11:50,14,40,0.01953125,41,69,0.0
2026-05-04T12:20,14,40,0.01953125,41,69,0.0
2026-05-04T12:50,14,40,0.01953125,41,69,0.0
2026-05-04T13:20,15,40,0.01953125,41,69,0.0
2026-05-04T13:50,15,40,0.01953125,41,70,0.0
2026-05-04T14:20,15,40,0.01953125,41,72,0.0
2026-05-04T14:50,15,40,0.01953125,41,76,0.0
2026-05-04T15:20,15,40,0.01953125,41,76,0.0
2026-05-04T15:50,15,40,0.01953125,40,76,0.0
2026-05-04T16:20,15,40,0.01953125,40,77,0.0
2026-05-04T16:50,14,40,0.01953125,40,78,0.0
2026-05-04T17:20,14,40,0.01953125,40,78,0.0
2026-05-04T17:50,15,40,0.01953125,40,78,0.0
2026-05-04T18:20,15,40,0.01953125,40,78,0.0
2026-05-04T18:50,15,40,0.01953125,40,78,0.0
2026-05-04T19:20,15,40,0.01953125,40,78,0.0
2026-05-04T19:50,15,40,0.01953125,40,75,0.0
2026-05-04T20:20,14,40,0.01953125,40,74,0.0
2026-05-04T20:50,14,40,0.01953125,40,74,0.0
2026-05-04T21:20,13,40,0.01953125,40,73,0.0
2026-05-04T21:50,14,40,0.01953125,40,72,0.0
2026-05-04T22:20,13,40,0.01953125,40,69,0.0
2026-05-04T22:50,13,40,0.01953125,40,69,0.0
2026-05-04T23:20,13,40,0.01953125,40,67,0.0
2026-05-04T23:50,12,40,0.01953125,40,66,0.0
2026-05-05T00:20,12,40,0.01953125,40,66,0.0
2026-05-05T00:50,12,40,0.01953125,40,66,0.0
2026-05-05T01:20,12,40,0.01953125,40,66,0.0
2026-05-05T01:50,11,40,0.01953125,41,66,0.0
2026-05-05T02:20,11,40,0.01953125,41,66,0.0
2026-05-05T02:50,11,40,0.01953125,41,66,0.0
2026-05-05T03:20,11,40,0.01953125,42,67,0.0
2026-05-05T03:50,11,40,0.01953125,44,75,0.0
2026-05-05T04:20,11,40,0.01953125,44,76,0.0
2026-05-05T04:50,11,40,0.01953125,44,78,0.0
2026-05-05T05:20,11,40,0.01953125,44,78,0.0
2026-05-05T05:50,11,40,0.01953125,44,78,0.0
2026-05-05T06:20,11,40,0.01953125,44,78,0.0
2026-05-05T06:50,11,40,0.01953125,44,76,0.0
2026-05-05T07:20,11,40,0.01953125,44,71,0.0
2026-05-05T07:50,11,40,0.01953125,44,69,0.0
2026-05-05T08:20,12,40,0.01953125,44,69,0.0
2026-05-05T08:50,12,40,0.01953125,44,69,0.0
2026-05-05T09:20,12,40,0.01953125,44,69,0.0
2026-05-05T09:50,13,40,0.01953125,43,69,0.0
2026-05-05T10:20,13,40,0.01953125,43,69,0.0
2026-05-05T10:50,13,40,0.01953125,42,69,0.0
2026-05-05T11:20,14,40,0.01953125,42,69,0.0
2026-05-05T11:50,15,40,0.01953125,41,69,0.0
2026-05-05T12:20,15,40,0.01953125,41,69,0.0
2026-05-05T12:50,16,40,0.01953125,41,69,0.0
2026-05-05T13:20,16,40,0.01953125,41,69,0.0
2026-05-05T13:50,16,40,0.01953125,41,70,0.0
2026-05-05T14:20,16,40,0.01953125,41,72,0.0
2026-05-05T14:50,16,40,0.01953125,41,76,0.0
2026-05-05T15:20,16,40,0.01953125,41,76,0.0
2026-05-05T15:50,16,40,0.01953125,40,76,0.0
2026-05-05T16:20,16,40,0.01953125,40,77,0.0
2026-05-05T16:50,15,40,0.01953125,40,78,0.0
2026-05-05T17:20,15,40,0.01953125,40,78,0.0
2026-05-05T17:50,15,40,0.01953125,40,78,0.0
2026-05-05T18:20,15,40,0.01953125,40,78,0.0
2026-05-05T18:50,14,40,0.01953125,40,78,0.0
2026-05-05T19:20,14,40,0.01953125,40,78,0.0
2026-05-05T19:50,14,40,0.01953125,40,75,0.0
2026-05-05T20:20,13,40,0.01953125,40,74,0.0
2026-05-05T20:50,13,40,0.01953125,40,74,0.0
2026-05-05T21:20,13,40,0.01953125,40,73,0.0
2026-05-05T21:50,12,40,0.01953125,40,72,0.0
2026-05-05T22:20,12,40,0.01953125,40,69,0.0
2026-05-05T22:50,11,40,0.01953125,40,69,0.0
2026-05-05T23:20,12,40,0.01953125,40,67,0.0
2026-05-05T23:50,11,40,0.01953125,40,66,0.0
2026-05-06T00:20,11,40,0.01953125,40,66,0.0
2026-05-06T00:50,11,40,0.01953125,40,66,0.0
2026-05-06T01:20,10,40,0.01953125,40,66,0.0
2026-05-06T01:50,10,40,0.01953125,41,66,0.0
2026-05-06T02:20,10,40,0.01953125,41,66,0.0
2026-05-06T02:50,10,40,0.01953125,41,66,0.0
2026-05-06T03:20,10,40,0.01953125,43,68,0.0
2026-05-06T03:50,10,40,0.01953125,44,75,0.0
2026-05-06T04:20,9,40,0.01953125,44,76,0.0
2026-05-06T04:50,9,40,0.01953125,44,78,0.0
2026-05-06T05:20,9,40,0.01953125,44,78,0.0
2026-05-06T05:50,9,40,0.01953125,44,78,0.0
2026-05-06T06:20,8,40,0.01953125,44,78,0.0
2026-05-06T06:50,8,40,0.01953125,44,76,0.0
2026-05-06T07:20,8,40,0.01953125,44,72,0.0
2026-05-06T07:50,9,40,0.01953125,44,70,0.0
2026-05-06T08:20,9,40,0.01953125,44,69,0.0
2026-05-06T08:50,10,40,0.01953125,44,69,0.0
2026-05-06T09:20,10,40,0.01953125,44,69,0.0
2026-05-06T09:50,11,40,0.01953125,43,69,0.0
2026-05-06T10:20,11,40,0.01953125,43,69,0.0
2026-05-06T10:50,11,40,0.01953125,42,69,0.0
2026-05-06T11:20,11,40,0.01953125,42,69,0.0
2026-05-06T11:50,12,40,0.01953125,41,69,0.0
2026-05-06T12:20,12,40,0.01953125,41,69,0.0
2026-05-06T12:50,12,40,0.01953125,41,69,0.0
2026-05-06T13:50,12,40,0.01953125,41,70,0.0
2026-05-06T14:20,12,40,0.01953125,41,70,0.0
2026-05-06T14:50,12,40,0.01953125,41,75,0.0
2026-05-06T15:20,12,40,0.01953125,41,75,0.0
2026-05-06T15:50,13,40,0.01953125,41,75,0.0
2026-05-06T16:20,13,40,0.01953125,40,75,0.0
2026-05-06T16:50,13,40,0.01953125,40,78,0.0
2026-05-06T17:20,13,40,0.01953125,40,78,0.0
2026-05-06T17:50,13,40,0.01953125,40,78,0.0
2026-05-06T18:20,12,40,0.01953125,40,78,0.0
2026-05-06T18:50,12,40,0.01953125,40,78,0.0
2026-05-06T19:50,12,40,0.01953125,40,75,0.0
2026-05-06T20:20,12,40,0.01953125,40,74,0.0
2026-05-06T20:50,12,40,0.01953125,40,74,0.0
2026-05-06T21:20,11,40,0.01953125,40,73,0.0
2026-05-06T21:50,11,40,0.01953125,40,72,0.0
2026-05-06T22:20,11,40,0.01953125,40,69,0.0
2026-05-06T22:50,10,40,0.01953125,40,69,0.0
2026-05-06T23:20,10,40,0.01953125,40,67,0.0
2026-05-06T23:50,10,40,0.01953125,40,66,0.0
2026-05-07T00:20,10,40,0.01953125,40,66,0.0
2026-05-07T00:50,10,40,0.01953125,40,66,0.0
2026-05-07T01:20,10,40,0.01953125,40,66,0.0
2026-05-07T01:50,10,40,0.01953125,41,67,0.0
2026-05-07T02:20,10,40,0.01953125,41,67,0.0
2026-05-07T02:50,10,40,0.01953125,41,67,0.0
2026-05-07T03:20,10,40,0.01953125,43,68,0.0
2026-05-07T03:50,10,40,0.01953125,44,75,0.0
2026-05-07T04:20,10,40,0.01953125,44,76,0.0
2026-05-07T04:50,9,40,0.01953125,44,78,0.0
2026-05-07T05:20,9,40,0.01953125,44,78,0.0
2026-05-07T05:50,9,40,0.01953125,44,78,0.0
2026-05-07T06:20,9,40,0.01953125,44,78,0.0
2026-05-07T06:50,9,40,0.01953125,44,76,0.0
2026-05-07T07:20,10,40,0.01953125,44,72,0.0
2026-05-07T07:50,10,40,0.01953125,44,70,0.0
2026-05-07T08:20,10,40,0.01953125,44,69,0.0
2026-05-07T08:50,11,40,0.01953125,44,69,0.0
2026-05-07T09:20,12,40,0.01953125,44,69,0.0
2026-05-07T09:50,12,40,0.01953125,43,69,0.0
2026-05-07T10:20,12,40,0.01953125,43,69,0.0
2026-05-07T10:50,13,40,0.01953125,42,69,0.0
2026-05-07T11:20,13,40,0.01953125,42,69,0.0
2026-05-07T11:50,13,40,0.01953125,41,69,0.0
2026-05-07T12:20,14,40,0.01953125,41,69,0.0
2026-05-07T12:50,13,40,0.01953125,41,69,0.0
2026-05-07T13:20,14,40,0.01953125,41,69,0.0
2026-05-07T13:50,14,40,0.01953125,41,70,0.0
2026-05-07T14:20,13,40,0.01953125,41,70,0.0
2026-05-07T14:50,14,40,0.01953125,41,75,0.0
2026-05-07T15:20,14,40,0.01953125,41,75,0.0
2026-05-07T15:50,14,40,0.01953125,41,75,0.0
2026-05-07T16:20,14,40,0.01953125,40,75,0.0
2026-05-07T16:50,14,40,0.01953125,40,78,0.0
2026-05-07T17:20,14,40,0.01953125,40,78,0.0
2026-05-07T17:50,13,40,0.01953125,40,78,0.0
2026-05-07T18:20,13,40,0.01953125,40,78,0.0
2026-05-07T18:50,13,40,0.01953125,40,78,0.0
2026-05-07T19:20,13,40,0.01953125,40,78,0.0
2026-05-07T19:50,13,40,0.01953125,40,75,0.0
2026-05-07T20:20,12,40,0.01953125,40,74,0.0
2026-05-07T20:50,12,40,0.01953125,40,73,0.0
2026-05-07T21:20,12,40,0.01953125,40,73,0.0
2026-05-07T21:50,12,40,0.01953125,40,72,0.0
2026-05-07T22:20,12,40,0.01953125,40,69,0.0
2026-05-07T22:50,12,40,0.01953125,40,69,0.0
2026-05-07T23:20,11,40,0.01953125,40,67,0.0
2026-05-07T23:50,11,40,0.01953125,40,66,0.0
2026-05-08T00:20,11,40,0.01953125,40,66,0.0
2026-05-08T00:50,10,40,0.01953125,40,66,0.0
2026-05-08T01:20,10,40,0.01953125,40,66,0.0
2026-05-08T01:50,9,40,0.01953125,41,67,0.0
2026-05-08T02:20,9,40,0.01953125,41,67,0.0
2026-05-08T02:50,9,40,0.01953125,41,67,0.0
2026-05-08T03:20,9,40,0.01953125,42,67,0.0
2026-05-08T03:50,9,40,0.01953125,44,75,0.0
2026-05-08T04:20,8,40,0.01953125,44,76,0.0
2026-05-08T04:50,8,40,0.01953125,44,78,0.0
2026-05-08T05:20,8,40,0.01953125,44,78,0.0
2026-05-08T05:50,8,40,0.01953125,44,78,0.0
2026-05-08T06:20,9,40,0.01953125,44,78,0.0
2026-05-08T06:50,9,40,0.01953125,44,76,0.0
2026-05-08T07:20,10,40,0.01953125,44,72,0.0
2026-05-08T07:50,11,40,0.01953125,44,69,0.0
2026-05-08T08:20,12,40,0.01953125,44,69,0.0
2026-05-08T08:50,13,40,0.01953125,44,69,0.0
2026-05-08T09:20,14,40,0.01953125,44,69,0.0
2026-05-08T09:50,15,40,0.01953125,43,69,0.0
2026-05-08T10:20,16,40,0.01953125,43,69,0.0
2026-05-08T10:50,16,40,0.01953125,42,69,0.0
2026-05-08T11:20,16,40,0.01953125,42,69,0.0
2026-05-08T11:50,17,40,0.01953125,41,69,0.0
2026-05-08T12:20,17,40,0.01953125,41,69,0.0
2026-05-08T12:50,17,40,0.01953125,41,69,0.0
2026-05-08T13:20,17,40,0.01953125,41,69,0.0
2026-05-08T13:50,17,40,0.01953125,41,70,0.0
2026-05-08T14:20,18,40,0.01953125,41,72,0.0
2026-05-08T14:50,18,40,0.01953125,41,75,0.0
2026-05-08T15:20,18,40,0.01953125,41,75,0.0
2026-05-08T15:50,18,40,0.01953125,40,75,0.0
2026-05-08T16:20,18,40,0.01953125,40,77,0.0
2026-05-08T16:50,18,40,0.01953125,40,78,0.0
2026-05-08T17:20,18,40,0.01953125,40,78,0.0
2026-05-08T17:50,18,40,0.01953125,40,78,0.0
2026-05-08T19:20,16,40,0.01953125,40,78,0.0
2026-05-08T19:50,15,40,0.01953125,40,75,0.0
2026-05-08T20:20,15,40,0.01953125,40,74,0.0
2026-05-08T20:50,14,40,0.01953125,40,73,0.0
2026-05-08T21:20,13,40,0.01953125,40,73,0.0
2026-05-08T21:50,13,40,0.01953125,40,69,0.0
2026-05-08T22:20,13,40,0.01953125,40,69,0.0
2026-05-08T22:50,12,40,0.01953125,40,69,0.0
2026-05-08T23:20,13,40,0.01953125,40,67,0.0
2026-05-08T23:50,12,40,0.01953125,40,66,0.0
2026-05-09T00:20,12,40,0.01953125,40,66,0.0
2026-05-09T00:50,10,40,0.01953125,40,66,0.0
2026-05-09T01:20,10,40,0.01953125,40,66,0.0
2026-05-09T01:50,10,40,0.01953125,41,67,0.0
2026-05-09T02:20,11,40,0.01953125,41,67,0.0
2026-05-09T02:50,11,40,0.01953125,41,67,0.0
2026-05-09T03:20,10,40,0.01953125,43,68,0.0
2026-05-09T03:50,10,40,0.01953125,44,75,0.0
2026-05-09T04:20,10,40,0.01953125,44,76,0.0
2026-05-09T04:50,10,40,0.01953125,44,78,0.0
2026-05-09T05:20,9,40,0.01953125,44,78,0.0
2026-05-09T05:50,10,40,0.01953125,44,78,0.0
2026-05-09T06:20,10,40,0.01953125,44,78,0.0
2026-05-09T06:50,11,40,0.01953125,44,76,0.0
2026-05-09T07:20,11,40,0.01953125,44,72,0.0
2026-05-09T07:50,12,40,0.01953125,44,69,0.0
2026-05-09T08:20,13,40,0.01953125,44,69,0.0
2026-05-09T08:50,14,40,0.01953125,44,69,0.0
2026-05-09T09:20,15,40,0.01953125,44,69,0.0
2026-05-09T09:50,16,40,0.01953125,43,69,0.0
2026-05-09T10:20,16,40,0.01953125,43,69,0.0
2026-05-09T10:50,17,40,0.01953125,42,69,0.0
2026-05-09T11:20,18,40,0.01953125,42,69,0.0
2026-05-09T11:50,18,40,0.01953125,41,69,0.0
2026-05-09T12:20,18,40,0.01953125,41,69,0.0
2026-05-09T12:50,19,40,0.01953125,41,69,0.0
2026-05-09T13:20,19,40,0.01953125,41,69,0.0
2026-05-09T13:50,19,40,0.01953125,41,70,0.0
2026-05-09T14:20,20,40,0.01953125,41,72,0.0
2026-05-09T14:50,20,40,0.01953125,41,75,0.0
2026-05-09T15:20,19,40,0.01953125,41,72,0.0
2026-05-09T15:50,20,40,0.01953125,41,75,0.0
2026-05-09T16:20,20,40,0.01953125,41,75,0.0
2026-05-09T16:50,19,40,0.01953125,40,78,0.0
2026-05-09T17:20,18,40,0.01953125,40,78,0.0
2026-05-09T17:50,18,40,0.01953125,40,78,0.0
2026-05-09T18:20,18,40,0.01953125,40,78,0.0
2026-05-09T18:50,17,40,0.01953125,40,78,0.0
2026-05-09T19:20,17,40,0.01953125,40,78,0.0
2026-05-09T19:50,16,40,0.01953125,40,75,0.0
2026-05-09T20:20,15,40,0.01953125,40,74,0.0
2026-05-09T20:50,15,40,0.01953125,40,73,0.0
2026-05-09T21:20,14,40,0.01953125,40,73,0.0
2026-05-09T21:50,14,40,0.01953125,40,69,0.0
2026-05-09T22:20,14,40,0.01953125,40,69,0.0
2026-05-09T22:50,13,40,0.01953125,40,69,0.0
2026-05-09T23:20,13,40,0.01953125,40,67,0.0
2026-05-09T23:50,13,40,0.01953125,40,67,0.0
2026-05-10T00:20,12,40,0.01953125,40,66,0.0
2026-05-10T00:50,12,40,0.01953125,40,66,0.0
2026-05-10T01:20,11,40,0.01953125,40,66,0.0
2026-05-10T01:50,11,40,0.01953125,41,66,0.0
2026-05-10T02:20,10,40,0.01953125,41,66,0.0
2026-05-10T02:50,10,40,0.01953125,41,66,0.0
2026-05-10T03:20,9,40,0.01953125,43,68,0.0
2026-05-10T03:50,10,40,0.01953125,44,74,0.0
2026-05-10T04:20,10,40,0.01953125,44,75,0.0
2026-05-10T04:50,10,40,0.01953125,44,78,0.0
2026-05-10T05:20,10,40,0.01953125,44,78,0.0
2026-05-10T05:50,10,40,0.01953125,44,78,0.0
2026-05-10T06:20,10,40,0.01953125,44,78,0.0
2026-05-10T06:50,10,40,0.01953125,44,76,0.0
2026-05-10T07:20,10,40,0.01953125,44,72,0.0
2026-05-10T07:50,10,40,0.01953125,44,69,0.0
2026-05-10T08:20,11,40,0.01953125,44,69,0.0
2026-05-10T08:50,11,40,0.01953125,44,69,0.0
2026-05-10T09:20,12,40,0.01953125,44,69,0.0
2026-05-10T09:50,12,40,0.01953125,43,69,0.0
2026-05-10T10:20,12,40,0.01953125,43,69,0.0
2026-05-10T10:50,12,40,0.01953125,42,69,0.0
2026-05-10T11:20,12,40,0.01953125,42,69,0.0
2026-05-10T11:50,12,40,0.01953125,41,69,0.0
2026-05-10T12:20,12,40,0.01953125,41,69,0.0
2026-05-10T12:50,12,40,0.01953125,41,69,0.0
2026-05-10T13:20,12,40,0.01953125,41,69,0.0
2026-05-10T13:50,12,40,0.01953125,41,70,0.0
2026-05-10T14:20,12,40,0.01953125,41,71,0.0
2026-05-10T14:50,12,40,0.01953125,41,75,0.0
2026-05-10T15:20,12,40,0.01953125,41,72,0.0
2026-05-10T15:50,12,40,0.01953125,41,75,0.0
2026-05-10T16:20,12,40,0.01953125,40,75,0.0
2026-05-10T16:50,12,40,0.01953125,40,78,0.0
2026-05-10T17:20,12,40,0.01953125,40,78,0.0
2026-05-10T17:50,13,40,0.01953125,40,78,0.0
2026-05-10T18:20,12,40,0.01953125,40,78,0.0
2026-05-10T18:50,12,40,0.01953125,40,78,0.0
2026-05-10T19:20,12,40,0.01953125,40,78,0.0
2026-05-10T19:50,12,40,0.01953125,40,75,0.0
2026-05-10T20:20,11,40,0.01953125,40,74,0.0
2026-05-10T20:50,11,40,0.01953125,40,73,0.0
2026-05-10T21:20,10,40,0.01953125,40,74,0.0
2026-05-10T21:50,9,40,0.01953125,40,69,0.0
2026-05-10T22:20,9,40,0.01953125,40,69,0.0
2026-05-10T22:50,8,40,0.01953125,40,69,0.0
2026-05-10T23:20,8,40,0.01953125,40,67,0.0
2026-05-10T23:50,7,40,0.01953125,40,66,0.0
2026-05-11T00:20,7,40,0.01953125,40,66,0.0
2026-05-11T00:50,7,40,0.01953125,40,66,0.0
2026-05-11T01:20,6,40,0.01953125,40,66,0.0
2026-05-11T01:50,6,40,0.01953125,41,67,0.0
2026-05-11T02:20,6,40,0.01953125,41,67,0.0
2026-05-11T02:50,6,40,0.01953125,41,67,0.0
2026-05-11T03:20,5,40,0.01953125,42,67,0.0
2026-05-11T03:50,5,40,0.01953125,44,75,0.0
2026-05-11T04:20,5,40,0.01953125,44,76,0.0
2026-05-11T04:50,5,40,0.01953125,44,76,0.0
2026-05-11T05:20,5,40,0.01953125,44,78,0.0
2026-05-11T05:50,6,40,0.01953125,44,78,0.0
2026-05-11T06:20,7,40,0.01953125,44,78,0.0
2026-05-11T06:50,8,40,0.01953125,44,76,0.0
2026-05-11T07:20,8,40,0.01953125,44,72,0.0
2026-05-11T07:50,9,40,0.01953125,44,70,0.0
2026-05-11T08:20,10,40,0.01953125,44,70,0.0
2026-05-11T08:50,10,40,0.01953125,44,70,0.0
2026-05-11T09:20,10,40,0.01953125,44,70,0.0
2026-05-11T09:50,9,40,0.01953125,43,70,0.0
2026-05-11T10:20,9,40,0.01953125,43,70,0.0
2026-05-11T10:50,10,40,0.01953125,42,70,0.0
2026-05-11T11:20,10,40,0.01953125,42,70,0.0
2026-05-11T11:50,10,40,0.01953125,42,70,0.0
2026-05-11T12:20,10,40,0.01953125,41,70,0.0
2026-05-11T12:50,9,40,0.01953125,41,70,0.0
2026-05-11T13:20,8,40,0.01953125,41,70,0.0
2026-05-11T13:50,9,40,0.01953125,41,71,0.0
2026-05-11T14:20,10,40,0.01953125,41,72,0.0
2026-05-11T14:50,10,40,0.01953125,41,76,0.0
2026-05-11T15:20,10,40,0.01953125,41,76,0.0
2026-05-11T15:50,10,40,0.01953125,41,76,0.0
2026-05-11T16:20,11,40,0.01953125,40,76,0.0
2026-05-11T16:50,12,40,0.01953125,40,78,0.0
2026-05-11T17:20,11,40,0.01953125,40,78,0.0
2026-05-11T17:50,11,40,0.01953125,40,78,0.0
2026-05-11T18:20,12,40,0.01953125,40,78,0.0
2026-05-11T18:50,12,40,0.01953125,40,78,0.0
2026-05-11T19:20,11,40,0.01953125,40,78,0.0
2026-05-11T19:50,11,40,0.01953125,40,75,0.0
2026-05-11T20:20,10,40,0.01953125,40,74,0.0
2026-05-11T20:50,10,40,0.01953125,40,74,0.0
2026-05-11T21:20,9,40,0.01953125,40,73,0.0
2026-05-11T21:50,9,40,0.01953125,40,72,0.0
2026-05-11T22:20,9,40,0.01953125,40,69,0.0
2026-05-11T22:50,8,40,0.01953125,40,69,0.0
2026-05-11T23:20,8,40,0.01953125,40,67,0.0
2026-05-11T23:50,8,40,0.01953125,40,66,0.0
2026-05-12T00:20,7,40,0.01953125,40,66,0.0
2026-05-12T00:50,7,40,0.01953125,40,66,0.0
2026-05-12T01:20,7,40,0.01953125,40,66,0.0
2026-05-12T01:50,7,40,0.01953125,41,67,0.0
2026-05-12T02:20,5,40,0.01953125,41,67,0.0
2026-05-12T02:50,6,40,0.01953125,41,67,0.0
2026-05-12T03:20,5,40,0.01953125,43,68,0.0
2026-05-12T03:50,5,40,0.01953125,44,75,0.0
2026-05-12T04:20,5,40,0.01953125,44,76,0.0
2026-05-12T04:50,5,40,0.01953125,44,76,0.0
2026-05-12T05:20,5,40,0.01953125,44,78,0.0
2026-05-12T05:50,5,40,0.01953125,44,78,0.0
2026-05-12T06:20,5,40,0.01953125,44,78,0.0
2026-05-12T06:50,6,40,0.01953125,44,78,0.0
2026-05-12T07:20,8,40,0.01953125,44,72,0.0
2026-05-12T07:50,9,40,0.01953125,44,71,0.0
2026-05-12T08:20,10,40,0.01953125,44,70,0.0
2026-05-12T08:50,11,40,0.01953125,44,70,0.0
2026-05-12T09:20,12,40,0.01953125,44,70,0.0
2026-05-12T09:50,12,40,0.01953125,43,70,0.0
2026-05-12T10:20,13,40,0.01953125,43,70,0.0
2026-05-12T10:50,14,40,0.01953125,42,70,0.0
2026-05-12T11:20,14,40,0.01953125,42,70,0.0
2026-05-12T11:50,14,40,0.01953125,41,70,0.0
2026-05-12T12:20,15,40,0.01953125,41,70,0.0
2026-05-12T12:50,16,40,0.01953125,41,70,0.0
2026-05-12T13:20,15,40,0.01953125,41,70,0.0
2026-05-12T13:50,15,40,0.01953125,41,71,0.0
2026-05-12T14:20,15,40,0.01953125,41,72,0.0
2026-05-12T14:50,17,40,0.01953125,41,72,0.0
2026-05-12T15:20,16,40,0.01953125,41,72,0.0
2026-05-12T15:50,16,40,0.01953125,40,76,0.0
2026-05-12T16:20,15,40,0.01953125,40,76,0.0
2026-05-12T16:50,16,40,0.01953125,40,78,0.0
2026-05-12T17:20,15,40,0.01953125,40,78,0.0
2026-05-12T17:50,15,40,0.01953125,40,78,0.0
2026-05-12T18:20,15,40,0.01953125,40,78,0.0
2026-05-12T18:50,13,40,0.01953125,40,78,0.0
2026-05-12T19:20,13,40,0.01953125,40,78,0.0
2026-05-12T19:50,14,40,0.01953125,40,75,0.0
2026-05-12T20:20,14,40,0.01953125,40,74,0.0
2026-05-12T20:50,14,40,0.01953125,40,73,0.0
2026-05-12T21:20,13,40,0.01953125,40,73,0.0
2026-05-12T21:50,13,40,0.01953125,40,69,0.0
2026-05-12T22:20,13,40,0.01953125,40,69,0.0
2026-05-12T22:50,13,40,0.01953125,40,69,0.0
2026-05-12T23:20,13,40,0.01953125,40,67,0.0
2026-05-12T23:50,12,40,0.01953125,40,66,0.0
2026-05-13T00:20,12,40,0.01953125,40,66,0.0
2026-05-13T00:50,11,40,0.01953125,40,66,0.0
2026-05-13T01:20,11,40,0.01953125,40,66,0.0
2026-05-13T01:50,10,40,0.01953125,41,67,0.0
2026-05-13T02:20,9,40,0.01953125,41,67,0.0
2026-05-13T02:50,9,40,0.01953125,41,67,0.0
2026-05-13T03:20,9,40,0.01953125,43,68,0.0
2026-05-13T03:50,10,40,0.01953125,44,75,0.0
2026-05-13T04:20,10,40,0.01953125,44,76,0.0
2026-05-13T04:50,10,40,0.01953125,44,77,0.0
2026-05-13T05:20,10,40,0.01953125,44,78,0.0
2026-05-13T05:50,10,40,0.01953125,44,78,0.0
2026-05-13T06:20,10,40,0.01953125,44,78,0.0
2026-05-13T06:50,11,40,0.01953125,44,76,0.0
2026-05-13T07:20,10,40,0.01953125,44,72,0.0
2026-05-13T07:50,11,40,0.01953125,44,70,0.0
2026-05-13T08:20,11,40,0.01953125,44,70,0.0
2026-05-13T08:50,12,40,0.01953125,44,70,0.0
2026-05-13T09:20,12,40,0.01953125,44,70,0.0
2026-05-13T09:50,12,40,0.01953125,43,70,0.0
2026-05-13T10:20,13,40,0.01953125,43,70,0.0
2026-05-13T10:50,10,40,0.01953125,42,70,0.0
2026-05-13T11:20,9,40,0.01953125,42,70,0.0
2026-05-13T11:50,12,40,0.01953125,41,70,0.0
2026-05-13T12:20,12,40,0.01953125,41,70,0.0
2026-05-13T12:50,12,40,0.01953125,41,70,0.0
2026-05-13T13:20,11,40,0.01953125,41,70,0.0
2026-05-13T13:50,12,40,0.01953125,41,71,0.0
2026-05-13T14:20,12,40,0.01953125,41,72,0.0
2026-05-13T14:50,9,40,0.01953125,41,73,0.0
2026-05-13T15:20,11,40,0.01953125,41,73,0.0
2026-05-13T15:50,10,40,0.01953125,41,76,0.0
2026-05-13T16:20,10,40,0.01953125,40,76,0.0
2026-05-13T16:50,11,40,0.01953125,40,78,0.0
2026-05-13T17:20,12,40,0.01953125,40,78,0.0
2026-05-13T17:50,9,40,0.01953125,40,78,0.0
2026-05-13T18:20,10,40,0.01953125,40,78,0.0
2026-05-13T18:50,10,40,0.01953125,40,78,0.0
2026-05-13T19:20,10,40,0.01953125,40,78,0.0
2026-05-13T19:50,10,40,0.01953125,40,75,0.0
2026-05-13T20:20,10,40,0.01953125,40,74,0.0
2026-05-13T20:50,9,40,0.01953125,40,73,0.0
2026-05-13T21:20,9,40,0.01953125,40,73,0.0
2026-05-13T21:50,9,40,0.01953125,40,72,0.0
2026-05-13T22:20,9,40,0.01953125,40,69,0.0
2026-05-13T22:50,9,40,0.01953125,40,69,0.0
2026-05-13T23:20,9,40,0.01953125,40,67,0.0
2026-05-13T23:50,9,40,0.01953125,40,66,0.0
2026-05-14T00:20,8,40,0.01953125,40,66,0.0
2026-05-14T00:50,9,40,0.01953125,40,66,0.0
2026-05-14T01:20,8,40,0.01953125,40,66,0.0
2026-05-14T01:50,8,40,0.01953125,41,67,0.0
2026-05-14T02:20,9,40,0.01953125,41,67,0.0
2026-05-14T02:50,9,40,0.01953125,41,67,0.0
2026-05-14T03:20,8,40,0.01953125,43,68,0.0
2026-05-14T03:50,8,40,0.01953125,44,75,0.0
2026-05-14T04:20,8,40,0.01953125,44,76,0.0
2026-05-14T04:50,8,40,0.01953125,44,77,0.0
2026-05-14T05:20,8,40,0.01953125,44,78,0.0
2026-05-14T05:50,8,40,0.01953125,44,78,0.0
2026-05-14T06:20,8,40,0.01953125,44,78,0.0
2026-05-14T06:50,8,40,0.01953125,44,76,0.0
2026-05-14T07:20,8,40,0.01953125,44,72,0.0
2026-05-14T07:50,8,40,0.01953125,44,70,0.0
2026-05-14T08:20,8,40,0.01953125,44,69,0.0
2026-05-14T08:50,9,40,0.01953125,44,69,0.0
2026-05-14T09:20,9,40,0.01953125,44,70,0.0
2026-05-14T09:50,9,40,0.01953125,43,70,0.0
2026-05-14T10:20,9,40,0.01953125,43,70,0.0
2026-05-14T10:50,10,40,0.01953125,42,70,0.0
2026-05-14T11:20,10,40,0.01953125,42,70,0.0
2026-05-14T11:50,9,40,0.01953125,42,70,0.0
2026-05-14T12:20,8,40,0.01953125,41,70,0.0
2026-05-14T12:50,9,40,0.01953125,41,70,0.0
2026-05-14T13:20,9,40,0.01953125,41,70,0.0
2026-05-14T13:50,9,40,0.01953125,41,71,0.0
2026-05-14T14:20,10,40,0.01953125,41,72,0.0
2026-05-14T14:50,12,40,0.01953125,41,76,0.0
2026-05-14T15:20,12,40,0.01953125,41,73,0.0
2026-05-14T15:50,9,40,0.01953125,41,76,0.0
2026-05-14T16:20,9,40,0.01953125,40,76,0.0
2026-05-14T16:50,11,40,0.01953125,40,78,0.0
2026-05-14T17:20,11,40,0.01953125,40,78,0.0
2026-05-14T17:50,11,40,0.01953125,40,78,0.0
2026-05-14T18:20,9,40,0.01953125,40,78,0.0
2026-05-14T18:50,10,40,0.01953125,40,78,0.0
2026-05-14T19:20,9,40,0.01953125,40,78,0.0
2026-05-14T19:50,10,40,0.01953125,40,75,0.0
2026-05-14T20:20,9,40,0.01953125,40,74,0.0
2026-05-14T20:50,9,40,0.01953125,40,73,0.0
2026-05-14T21:20,9,40,0.01953125,40,73,0.0
2026-05-14T21:50,9,40,0.01953125,40,72,0.0
2026-05-14T22:20,9,40,0.01953125,40,69,0.0
2026-05-14T22:50,9,40,0.01953125,40,69,0.0
2026-05-14T23:20,9,40,0.01953125,40,67,0.0
2026-05-14T23:50,8,40,0.01953125,40,66,0.0
2026-05-15T00:20,8,40,0.01953125,40,66,0.0
2026-05-15T00:50,8,40,0.01953125,40,66,0.0
2026-05-15T01:20,8,40,0.01953125,40,66,0.0
2026-05-15T02:20,8,40,0.01953125,41,67,0.0
2026-05-15T02:50,8,40,0.01953125,41,67,0.0
2026-05-15T03:20,8,40,0.01953125,43,68,0.0
2026-05-15T03:50,8,40,0.01953125,44,75,0.0
2026-05-15T04:20,7,40,0.01953125,44,76,0.0
2026-05-15T04:50,7,40,0.01953125,44,77,0.0
2026-05-15T05:20,7,40,0.01953125,44,78,0.0
2026-05-15T05:50,7,40,0.01953125,44,78,0.0
2026-05-15T06:20,7,40,0.01953125,44,78,0.0
2026-05-15T06:50,8,40,0.01953125,44,76,0.0
2026-05-15T07:20,8,40,0.01953125,44,72,0.0
2026-05-15T07:50,8,40,0.01953125,44,70,0.0
2026-05-15T08:20,9,40,0.01953125,44,69,0.0
2026-05-15T08:50,9,40,0.01953125,44,69,0.0
2026-05-15T09:20,10,40,0.01953125,44,70,0.0
2026-05-15T09:50,10,40,0.01953125,43,70,0.0
2026-05-15T10:20,10,40,0.01953125,43,70,0.0
2026-05-15T10:50,10,40,0.01953125,42,70,0.0
2026-05-15T11:20,10,40,0.01953125,42,70,0.0
2026-05-15T11:50,12,40,0.01953125,41,70,0.0
2026-05-15T12:20,11,40,0.01953125,41,70,0.0
2026-05-15T12:50,12,40,0.01953125,41,70,0.0
2026-05-15T13:20,12,40,0.01953125,41,70,0.0
2026-05-15T13:50,13,40,0.01953125,41,71,0.0
2026-05-15T14:20,13,40,0.01953125,41,72,0.0
2026-05-15T14:50,13,40,0.01953125,41,73,0.0
2026-05-15T15:20,13,40,0.01953125,41,73,0.0
2026-05-15T15:50,14,40,0.01953125,41,76,0.0
2026-05-15T16:20,14,40,0.01953125,40,77,0.0
2026-05-15T17:20,14,40,0.01953125,40,78,0.0
2026-05-15T17:50,14,40,0.01953125,40,78,0.0
2026-05-15T18:20,14,40,0.01953125,40,78,0.0
2026-05-15T18:50,13,40,0.01953125,40,78,0.0
2026-05-15T19:20,13,40,0.01953125,40,78,0.0
2026-05-15T19:50,13,40,0.01953125,40,75,0.0
2026-05-15T20:20,13,40,0.01953125,40,74,0.0
2026-05-15T20:50,13,40,0.01953125,40,73,0.0
2026-05-15T21:20,12,40,0.01953125,40,73,0.0
2026-05-15T21:50,12,40,0.01953125,40,72,0.0
2026-05-15T22:20,12,40,0.01953125,40,69,0.0
2026-05-15T22:50,11,40,0.01953125,40,69,0.0
2026-05-15T23:20,11,40,0.01953125,40,67,0.0
2026-05-15T23:50,9,40,0.01953125,40,66,0.0
2026-05-16T00:20,10,40,0.01953125,40,66,0.0
2026-05-16T00:50,9,40,0.01953125,40,66,0.0
2026-05-16T01:20,9,40,0.01953125,40,66,0.0
2026-05-16T01:50,9,40,0.01953125,41,67,0.0
2026-05-16T02:20,9,40,0.01953125,41,67,0.0
2026-05-16T02:50,9,40,0.01953125,41,67,0.0
2026-05-16T03:20,8,40,0.01953125,43,68,0.0
2026-05-16T03:50,8,40,0.01953125,44,74,0.0
2026-05-16T04:20,7,40,0.01953125,44,76,0.0
2026-05-16T04:50,7,40,0.01953125,44,77,0.0
2026-05-16T05:20,7,40,0.01953125,44,78,0.0
2026-05-16T05:50,7,40,0.01953125,44,78,0.0
2026-05-16T06:20,7,40,0.01953125,44,78,0.0
2026-05-16T06:50,8,40,0.01953125,44,76,0.0
2026-05-16T07:20,9,40,0.01953125,44,72,0.0
2026-05-16T07:50,9,40,0.01953125,44,70,0.0
2026-05-16T08:20,9,40,0.01953125,44,69,0.0
2026-05-16T08:50,10,40,0.01953125,44,69,0.0
2026-05-16T09:20,11,40,0.01953125,44,70,0.0
2026-05-16T09:50,12,40,0.01953125,43,70,0.0
2026-05-16T10:20,13,40,0.01953125,43,70,0.0
2026-05-16T10:50,13,40,0.01953125,42,70,0.0
2026-05-16T11:20,13,40,0.01953125,42,70,0.0
2026-05-16T11:50,14,40,0.01953125,41,70,0.0
2026-05-16T12:20,14,40,0.01953125,41,70,0.0
2026-05-16T12:50,14,40,0.01953125,41,70,0.0
2026-05-16T13:20,15,40,0.01953125,41,56,0.0
2026-05-16T13:50,14,40,0.01953125,41,71,0.0
2026-05-16T14:20,14,40,0.01953125,41,72,0.0
2026-05-16T14:50,14,40,0.01953125,41,73,0.0
2026-05-16T15:20,14,40,0.01953125,41,73,0.0
2026-05-16T15:50,14,40,0.01953125,41,75,0.0
2026-05-16T16:20,14,40,0.01953125,40,77,0.0
2026-05-16T16:50,14,40,0.01953125,40,78,0.0
2026-05-16T17:20,14,40,0.01953125,40,78,0.0
2026-05-16T17:50,14,40,0.01953125,40,78,0.0
2026-05-16T18:20,13,40,0.01953125,40,78,0.0
2026-05-16T18:50,13,40,0.01953125,40,78,0.0
2026-05-16T19:20,12,40,0.01953125,40,78,0.0
2026-05-16T19:50,12,40,0.01953125,40,75,0.0
2026-05-16T20:20,12,40,0.01953125,40,74,0.0
2026-05-16T20:50,12,40,0.01953125,40,73,0.0
2026-05-16T21:20,12,40,0.01953125,40,73,0.0
2026-05-16T21:50,12,40,0.01953125,40,72,0.0
2026-05-16T22:20,12,40,0.01953125,40,69,0.0
2026-05-16T22:50,12,40,0.01953125,40,69,0.0
2026-05-16T23:20,12,40,0.01953125,40,67,0.0
2026-05-16T23:50,12,40,0.01953125,40,66,0.0
2026-05-17T00:20,11,40,0.01953125,40,66,0.0
2026-05-17T00:50,12,40,0.01953125,40,66,0.0
2026-05-17T01:20,12,40,0.01953125,40,66,0.0
2026-05-17T01:50,12,40,0.01953125,41,67,0.0
2026-05-17T02:20,12,40,0.01953125,41,67,0.0
2026-05-17T02:50,11,40,0.01953125,41,67,0.0
2026-05-17T03:20,11,40,0.01953125,43,68,0.0
2026-05-17T03:50,11,40,0.01953125,44,74,0.0
2026-05-17T04:20,11,40,0.01953125,44,76,0.0
2026-05-17T04:50,11,40,0.01953125,44,78,0.0
2026-05-17T05:20,11,40,0.01953125,44,78,0.0
2026-05-17T05:50,11,40,0.01953125,44,78,0.0
2026-05-17T06:20,11,40,0.01953125,44,78,0.0
2026-05-17T06:50,11,40,0.01953125,44,76,0.0
2026-05-17T07:20,11,40,0.01953125,44,72,0.0
2026-05-17T07:50,11,40,0.01953125,44,69,0.0
2026-05-17T08:20,12,40,0.01953125,44,69,0.0
2026-04-27T07:20,9,40,0.01953125,44,72,0.0
2026-04-27T07:50,10,40,0.01953125,44,70,0.0
2026-04-27T08:20,11,40,0.01953125,44,69,0.0
2026-04-27T08:50,12,40,0.01953125,44,69,0.0
2026-04-27T09:50,14,40,0.01953125,43,70,0.0
2026-04-27T10:50,16,40,0.01953125,42,70,0.0
2026-04-27T11:50,18,40,0.01953125,41,70,0.0
2026-04-27T12:50,18,40,0.01953125,41,70,0.0
2026-04-27T13:20,19,40,0.01953125,41,58,0.0
2026-04-27T13:50,19,40,0.01953125,41,71,0.0
2026-04-27T14:50,20,40,0.01953125,41,72,0.0
2026-04-27T15:50,21,40,0.01953125,41,76,0.0
2026-04-27T16:50,20,40,0.01953125,40,78,0.0
2026-04-27T17:50,19,40,0.01953125,40,78,0.0
2026-04-27T18:50,18,40,0.01953125,40,78,0.0
2026-04-27T19:50,17,40,0.01953125,40,75,0.0
2026-04-27T20:50,16,40,0.01953125,40,72,0.0
2026-04-27T21:50,14,40,0.01953125,40,72,0.0
2026-04-27T22:50,14,40,0.01953125,40,69,0.0
2026-04-27T23:50,12,40,0.01953125,40,66,0.0
2026-04-28T00:50,10,40,0.01953125,40,67,0.0
2026-04-28T01:50,11,40,0.01953125,41,67,0.0
2026-04-28T02:50,10,40,0.01953125,41,67,0.0
2026-04-28T03:50,10,40,0.01953125,44,75,0.0
2026-04-28T04:50,9,40,0.01953125,44,78,0.0
2026-04-28T05:50,9,40,0.01953125,44,78,0.0
2026-04-28T06:50,10,40,0.01953125,44,77,0.0
2026-04-28T07:50,10,40,0.01953125,44,71,0.0
2026-04-28T08:50,10,40,0.01953125,44,70,0.0
2026-04-28T09:50,10,40,0.01953125,43,71,0.0
2026-04-28T10:50,10,40,0.01953125,42,71,0.0
2026-04-28T11:50,12,40,0.01953125,41,71,0.0
2026-04-28T12:50,14,40,0.01953125,41,71,0.0
2026-04-28T13:50,14,40,0.01953125,41,72,0.0
2026-04-28T14:50,16,40,0.01953125,41,76,0.0
2026-04-28T15:50,16,40,0.01953125,40,76,0.0
2026-04-28T16:50,16,40,0.01953125,40,78,0.0
2026-04-28T17:50,15,40,0.01953125,40,78,0.0
2026-04-28T18:50,15,40,0.01953125,40,78,0.0
2026-04-28T19:50,13,40,0.01953125,40,76,0.0
2026-04-28T20:50,12,40,0.01953125,40,73,0.0
2026-04-28T21:50,10,40,0.01953125,40,72,0.0
2026-04-28T22:50,9,40,0.01953125,40,69,0.0
2026-04-28T23:50,9,40,0.01953125,40,66,0.0
2026-04-29T00:50,9,40,0.01953125,40,67,0.0
2026-04-29T01:50,9,40,0.01953125,41,67,0.0
2026-04-29T02:50,9,40,0.01953125,41,67,0.0
2026-04-29T03:50,9,40,0.01953125,44,75,0.0
2026-04-29T04:50,10,40,0.01953125,44,78,0.0
2026-04-29T05:50,10,40,0.01953125,44,78,0.0
2026-04-29T06:50,11,40,0.01953125,44,77,0.0
2026-04-29T07:50,12,40,0.01953125,44,71,0.0
2026-04-29T08:50,13,40,0.01953125,44,71,0.0
2026-04-29T09:50,14,40,0.01953125,43,71,0.0
2026-04-29T10:50,14,40,0.01953125,42,71,0.0
2026-04-29T11:50,15,40,0.01953125,41,71,0.0
2026-04-29T12:50,15,40,0.01953125,41,71,0.0
2026-04-29T13:50,15,40,0.01953125,41,72,0.0
2026-04-29T14:50,15,40,0.01953125,41,76,0.0
2026-04-29T15:50,15,40,0.01953125,40,76,0.0
2026-04-29T16:50,15,40,0.01953125,40,78,0.0
2026-04-29T17:50,15,40,0.01953125,40,78,0.0
2026-04-29T18:50,14,40,0.01953125,40,78,0.0
2026-04-29T19:50,14,40,0.01953125,40,76,0.0
2026-04-29T20:50,13,40,0.01953125,40,73,0.0
2026-04-29T21:50,13,40,0.01953125,40,69,0.0
2026-04-29T22:50,12,40,0.01953125,40,69,0.0
2026-04-29T23:50,12,40,0.01953125,40,66,0.0
2026-04-30T00:50,12,40,0.01953125,40,67,0.0
2026-04-30T01:50,12,40,0.01953125,41,67,0.0
2026-04-30T02:50,12,40,0.01953125,41,67,0.0
2026-04-30T03:50,12,40,0.01953125,44,75,0.0
2026-04-30T04:50,11,40,0.01953125,44,78,0.0
2026-04-30T05:50,11,40,0.01953125,44,78,0.0
2026-04-30T06:50,12,40,0.01953125,44,77,0.0
2026-04-30T07:20,13,40,0.01953125,44,73,0.0
2026-04-30T07:50,13,40,0.01953125,44,71,0.0
2026-04-30T08:20,14,40,0.01953125,44,71,0.0
2026-04-30T08:50,15,40,0.01953125,44,71,0.0
2026-04-30T09:20,15,40,0.01953125,44,71,0.0
2026-04-30T09:50,14,40,0.01953125,44,71,0.0
2026-04-30T10:20,15,40,0.01953125,43,71,0.0
2026-04-30T10:50,15,40,0.01953125,42,71,0.0
2026-04-30T11:20,15,40,0.01953125,42,71,0.0
2026-04-30T11:50,17,40,0.01953125,41,71,0.0
2026-04-30T12:20,16,40,0.01953125,41,71,0.0
2026-04-30T12:50,16,40,0.01953125,41,71,0.0
2026-04-30T13:20,17,40,0.01953125,41,72,0.0
2026-04-30T13:50,18,40,0.01953125,41,73,0.0
2026-04-30T14:20,18,40,0.01953125,41,75,0.0
2026-04-30T14:50,18,40,0.01953125,41,76,0.0
2026-04-30T15:20,18,40,0.01953125,41,76,0.0
2026-04-30T15:50,18,40,0.01953125,41,76,0.0
2026-04-30T16:20,18,40,0.01953125,41,76,0.0
2026-04-30T16:50,19,40,0.01953125,40,78,0.0
2026-04-30T17:20,18,40,0.01953125,40,78,0.0
2026-04-30T17:50,18,40,0.01953125,40,78,0.0
2026-04-30T18:20,17,40,0.01953125,40,78,0.0
2026-04-30T18:50,17,40,0.01953125,40,78,0.0
2026-04-30T19:20,16,40,0.01953125,40,78,0.0
2026-04-30T19:50,16,40,0.01953125,40,76,0.0
2026-04-30T20:20,15,40,0.01953125,40,75,0.0
2026-04-30T20:50,14,40,0.01953125,40,73,0.0
2026-04-30T21:20,14,40,0.01953125,40,73,0.0
2026-04-30T21:50,14,40,0.01953125,40,72,0.0
2026-04-30T22:20,13,40,0.01953125,40,69,0.0
2026-04-30T22:50,13,40,0.01953125,40,69,0.0
2026-04-30T23:20,13,40,0.01953125,40,67,0.0
2026-04-30T23:50,12,40,0.01953125,40,66,0.0
2026-05-01T00:20,11,40,0.01953125,40,66,0.0
2026-05-01T00:50,12,40,0.01953125,40,66,0.0
2026-05-01T01:20,11,40,0.01953125,40,66,0.0
2026-05-01T01:50,11,40,0.01953125,41,67,0.0
2026-05-01T02:20,11,40,0.01953125,41,67,0.0
2026-05-01T02:50,12,40,0.01953125,41,67,0.0
2026-05-01T03:20,12,40,0.01953125,43,68,0.0
2026-05-01T03:50,10,40,0.01953125,44,74,0.0
2026-05-01T04:20,10,40,0.01953125,44,75,0.0
2026-05-01T04:50,10,40,0.01953125,44,78,0.0
2026-05-01T05:20,10,40,0.01953125,44,78,0.0
2026-05-01T05:50,10,40,0.01953125,44,78,0.0
2026-05-01T06:20,11,40,0.01953125,44,77,0.0
2026-05-01T06:50,11,40,0.01953125,44,76,0.0
2026-05-01T07:20,12,40,0.01953125,44,73,0.0
2026-05-01T07:50,13,40,0.01953125,44,70,0.0
2026-05-01T08:20,14,40,0.01953125,44,70,0.0
2026-05-01T08:50,15,40,0.01953125,44,70,0.0
2026-05-01T10:20,17,40,0.01953125,43,71,0.0
2026-05-01T10:50,18,40,0.01953125,42,71,0.0
2026-05-01T11:20,20,40,0.01953125,41,71,0.0
2026-05-01T11:50,20,40,0.01953125,41,71,0.0
2026-05-01T12:20,21,40,0.01953125,41,71,0.0
2026-05-01T12:50,22,40,0.01953125,41,71,0.0
2026-05-01T13:20,24,40,0.01953125,41,71,0.0
2026-05-01T13:50,24,40,0.01953125,41,71,0.0
2026-05-01T14:20,24,40,0.01953125,41,71,0.0
2026-05-01T14:50,24,40,0.01953125,41,74,0.0
2026-05-01T15:20,24,40,0.01953125,41,74,0.0
2026-05-01T15:50,24,40,0.01953125,41,76,0.0
2026-05-01T16:20,24,40,0.01953125,41,76,0.0
2026-05-01T16:50,24,40,0.01953125,40,77,0.0
2026-05-01T17:20,23,40,0.01953125,40,78,0.0
2026-05-01T17:50,23,40,0.01953125,40,78,0.0
2026-05-01T18:20,22,40,0.01953125,40,78,0.0
2026-05-01T18:50,22,40,0.01953125,40,78,0.0
2026-05-01T19:20,21,40,0.01953125,40,78,0.0
2026-05-01T19:50,20,40,0.01953125,40,78,0.0
2026-05-01T20:20,20,40,0.01953125,40,77,0.0
2026-05-01T20:50,19,40,0.01953125,40,75,0.0
2026-05-01T21:20,19,40,0.01953125,40,74,0.0
2026-05-01T21:50,18,40,0.01953125,40,74,0.0
2026-05-01T22:20,18,40,0.01953125,40,73,0.0
2026-05-01T22:50,18,40,0.01953125,40,70,0.0
2026-05-01T23:20,17,40,0.01953125,40,70,0.0
2026-05-01T23:50,16,40,0.01953125,40,68,0.0
2026-05-02T00:20,16,40,0.01953125,40,67,0.0
2026-05-02T00:50,15,40,0.01953125,40,67,0.0
2026-05-02T01:20,14,40,0.01953125,40,67,0.0
2026-05-02T01:50,13,40,0.01953125,41,67,0.0
2026-05-02T02:20,13,40,0.01953125,41,67,0.0
2026-05-02T02:50,12,40,0.01953125,41,67,0.0
2026-05-02T03:20,12,40,0.01953125,43,67,0.0
2026-05-02T03:50,12,40,0.01953125,44,73,0.0
2026-05-02T04:20,12,40,0.01953125,44,75,0.0
2026-05-02T04:50,11,40,0.01953125,44,78,0.0
2026-05-02T05:20,11,40,0.01953125,44,78,0.0
2026-05-02T05:50,11,40,0.01953125,44,78,0.0
2026-05-02T06:20,11,40,0.01953125,44,77,0.0
2026-05-02T06:50,11,40,0.01953125,44,76,0.0
2026-05-02T07:20,11,40,0.01953125,44,73,0.0
2026-05-02T07:50,11,40,0.01953125,44,70,0.0
2026-05-02T08:20,12,40,0.01953125,44,70,0.0
2026-05-02T08:50,13,40,0.01953125,44,70,0.0
2026-05-02T09:20,14,40,0.01953125,44,71,0.0
2026-05-02T09:50,15,40,0.01953125,43,71,0.0
2026-05-02T10:20,16,40,0.01953125,43,71,0.0
2026-05-02T10:50,17,40,0.01953125,42,71,0.0
2026-05-02T11:20,17,40,0.01953125,42,71,0.0
2026-05-02T11:50,19,40,0.01953125,41,71,0.0
2026-05-02T12:20,19,40,0.01953125,41,71,0.0
2026-05-02T12:50,21,40,0.01953125,41,71,0.0
2026-05-02T13:20,21,40,0.01953125,41,58,0.0
2026-05-02T13:50,22,40,0.01953125,41,71,0.0
2026-05-02T14:20,22,40,0.01953125,41,73,0.0
2026-05-02T14:50,22,40,0.01953125,41,73,0.0
2026-05-02T15:20,22,40,0.01953125,41,73,0.0
2026-05-02T15:50,23,40,0.01953125,41,76,0.0
2026-05-02T16:20,22,40,0.01953125,40,77,0.0
2026-05-02T16:50,21,40,0.01953125,40,78,0.0
2026-05-02T17:20,20,40,0.01953125,40,78,0.0
2026-05-02T17:50,20,40,0.01953125,40,78,0.0
2026-05-02T18:20,17,40,0.01953125,40,78,0.0
2026-05-02T18:50,17,40,0.01953125,40,78,0.0
2026-05-02T19:20,16,40,0.01953125,40,78,0.0
2026-05-02T19:50,17,40,0.01953125,40,76,0.0
2026-05-02T20:20,16,40,0.01953125,40,75,0.0
2026-05-02T20:50,16,40,0.01953125,40,73,0.0
2026-05-02T21:20,16,40,0.01953125,40,73,0.0
2026-05-02T21:50,16,40,0.01953125,40,73,0.0
2026-05-02T22:20,15,40,0.01953125,40,70,0.0
2026-05-02T22:50,15,40,0.01953125,40,70,0.0
2026-05-02T23:20,15,40,0.01953125,40,68,0.0
2026-05-02T23:50,15,40,0.01953125,40,68,0.0
2026-05-03T00:20,15,40,0.01953125,40,67,0.0
2026-05-03T00:50,15,40,0.01953125,40,67,0.0
2026-05-03T01:20,15,40,0.01953125,40,67,0.0
2026-05-03T01:50,15,40,0.01953125,41,67,0.0
2026-05-03T02:20,15,40,0.01953125,41,67,0.0
2026-05-03T02:50,14,40,0.01953125,41,67,0.0
2026-05-03T03:20,14,40,0.01953125,42,71,0.0
2026-05-03T03:50,14,40,0.01953125,44,74,0.0
2026-05-03T04:20,14,40,0.01953125,44,75,0.0
2026-05-03T04:50,14,40,0.01953125,44,78,0.0
2026-05-03T05:20,14,40,0.01953125,44,78,0.0
2026-05-03T05:50,14,40,0.01953125,44,78,0.0
2026-05-03T06:20,14,40,0.01953125,44,77,0.0
2026-05-03T06:50,14,40,0.01953125,44,76,0.0
2026-05-03T07:20,14,40,0.01953125,44,73,0.0
2026-05-03T07:50,14,40,0.01953125,44,70,0.0
2026-05-03T08:20,15,40,0.01953125,44,70,0.0
2026-05-03T08:50,15,40,0.01953125,44,70,0.0
2026-05-03T09:20,15,40,0.01953125,44,70,0.0
2026-05-03T09:50,16,40,0.01953125,43,71,0.0
2026-05-03T10:20,16,40,0.01953125,43,71,0.0
2026-05-03T10:50,17,40,0.01953125,42,71,0.0
2026-05-03T11:20,17,40,0.01953125,42,71,0.0
2026-05-03T11:50,17,40,0.01953125,41,71,0.0
2026-05-03T12:20,17,40,0.01953125,41,71,0.0
2026-05-03T12:50,19,40,0.01953125,41,71,0.0
2026-05-03T13:20,18,40,0.01953125,41,71,0.0
2026-05-03T13:50,19,40,0.01953125,41,71,0.0
2026-05-03T14:20,19,40,0.01953125,41,73,0.0
2026-05-03T14:50,19,40,0.01953125,41,73,0.0
2026-05-03T15:20,19,40,0.01953125,41,73,0.0
2026-05-03T15:50,20,40,0.01953125,41,76,0.0
2026-05-03T16:20,19,40,0.01953125,40,77,0.0
2026-05-03T16:50,19,40,0.01953125,40,78,0.0
2026-05-03T17:20,20,40,0.01953125,40,78,0.0
2026-05-03T17:50,19,40,0.01953125,40,78,0.0
2026-05-03T18:20,19,40,0.01953125,40,78,0.0
2026-05-03T18:50,19,40,0.01953125,40,78,0.0
2026-05-03T19:20,19,40,0.01953125,40,78,0.0
2026-05-03T19:50,18,40,0.01953125,40,76,0.0
2026-05-03T20:20,18,40,0.01953125,40,75,0.0
2026-05-03T20:50,18,40,0.01953125,40,73,0.0
2026-05-03T21:20,18,40,0.01953125,40,73,0.0
2026-05-03T21:50,17,40,0.01953125,40,71,0.0
2026-05-03T22:20,17,40,0.01953125,40,70,0.0
2026-05-03T22:50,16,40,0.01953125,40,70,0.0
2026-05-03T23:20,16,40,0.01953125,40,68,0.0
2026-05-03T23:50,15,40,0.01953125,40,68,0.0
2026-05-04T00:20,15,40,0.01953125,40,67,0.0
2026-05-04T00:50,15,40,0.01953125,40,67,0.0
2026-05-04T01:20,14,40,0.01953125,40,67,0.0
2026-05-04T01:50,14,40,0.01953125,41,67,0.0
2026-05-04T02:20,15,40,0.01953125,41,67,0.0
2026-05-04T02:50,14,40,0.01953125,41,67,0.0
2026-05-04T03:20,13,40,0.01953125,43,70,0.0
2026-05-04T03:50,13,40,0.01953125,44,73,0.0
2026-05-04T04:20,13,40,0.01953125,44,74,0.0
2026-05-04T04:50,13,40,0.01953125,44,77,0.0
2026-05-04T05:20,13,40,0.01953125,44,77,0.0
2026-05-04T05:50,13,40,0.01953125,44,78,0.0
2026-05-04T06:20,13,40,0.01953125,44,77,0.0
2026-05-04T06:50,12,40,0.01953125,44,76,0.0
2026-05-04T07:20,12,40,0.01953125,44,73,0.0
2026-05-04T07:50,12,40,0.01953125,44,70,0.0
2026-05-04T08:20,12,40,0.01953125,44,70,0.0
2026-05-04T08:50,12,40,0.01953125,44,70,0.0
2026-05-04T09:20,12,40,0.01953125,44,71,0.0
2026-05-04T09:50,13,40,0.01953125,44,71,0.0
2026-05-04T10:20,13,40,0.01953125,43,71,0.0
2026-05-04T10:50,13,40,0.01953125,42,71,0.0
2026-05-04T11:20,14,40,0.01953125,42,71,0.0
2026-05-04T11:50,14,40,0.01953125,41,71,0.0
2026-05-04T12:20,14,40,0.01953125,41,71,0.0
2026-05-04T12:50,14,40,0.01953125,41,71,0.0
2026-05-04T13:20,15,40,0.01953125,41,71,0.0
2026-05-04T13:50,15,40,0.01953125,41,71,0.0
2026-05-04T14:20,15,40,0.01953125,41,73,0.0
2026-05-04T14:50,15,40,0.01953125,41,73,0.0
2026-05-04T15:20,15,40,0.01953125,41,73,0.0
2026-05-04T15:50,15,40,0.01953125,40,76,0.0
2026-05-04T16:20,15,40,0.01953125,40,77,0.0
2026-05-04T16:50,14,40,0.01953125,40,78,0.0
2026-05-04T17:20,14,40,0.01953125,40,78,0.0
2026-05-04T17:50,15,40,0.01953125,40,78,0.0
2026-05-04T18:20,15,40,0.01953125,40,78,0.0
2026-05-04T18:50,15,40,0.01953125,40,78,0.0
2026-05-04T19:20,15,40,0.01953125,40,78,0.0
2026-05-04T19:50,15,40,0.01953125,40,76,0.0
2026-05-04T20:20,14,40,0.01953125,40,75,0.0
2026-05-04T20:50,14,40,0.01953125,40,73,0.0
2026-05-04T21:20,13,40,0.01953125,40,73,0.0
2026-05-04T21:50,14,40,0.01953125,40,70,0.0
2026-05-04T22:20,13,40,0.01953125,40,70,0.0
2026-05-04T22:50,13,40,0.01953125,40,70,0.0
2026-05-04T23:20,13,40,0.01953125,40,68,0.0
2026-05-04T23:50,12,40,0.01953125,40,67,0.0
2026-05-05T00:20,12,40,0.01953125,40,67,0.0
2026-05-05T00:50,12,40,0.01953125,40,67,0.0
2026-05-05T01:20,12,40,0.01953125,40,67,0.0
2026-05-05T01:50,11,40,0.01953125,41,67,0.0
2026-05-05T02:20,11,40,0.01953125,41,67,0.0
2026-05-05T02:50,11,40,0.01953125,41,67,0.0
2026-05-05T03:20,11,40,0.01953125,43,68,0.0
2026-05-05T03:50,11,40,0.01953125,44,75,0.0
2026-05-05T04:20,11,40,0.01953125,44,76,0.0
2026-05-05T04:50,11,40,0.01953125,44,78,0.0
2026-05-05T05:20,11,40,0.01953125,44,78,0.0
2026-05-05T05:50,11,40,0.01953125,44,78,0.0
2026-05-05T06:20,11,40,0.01953125,44,77,0.0
2026-05-05T06:50,11,40,0.01953125,44,76,0.0
2026-05-05T07:20,11,40,0.01953125,44,73,0.0
2026-05-05T07:50,11,40,0.01953125,44,70,0.0
2026-05-05T08:20,12,40,0.01953125,44,70,0.0
2026-05-05T08:50,12,40,0.01953125,44,70,0.0
2026-05-05T09:20,12,40,0.01953125,44,71,0.0
2026-05-05T09:50,13,40,0.01953125,44,71,0.0
2026-05-05T10:20,13,40,0.01953125,43,71,0.0
2026-05-05T10:50,13,40,0.01953125,42,71,0.0
2026-05-05T11:20,14,40,0.01953125,42,71,0.0
2026-05-05T11:50,15,40,0.01953125,41,71,0.0
2026-05-05T12:20,15,40,0.01953125,41,71,0.0
2026-05-05T12:50,16,40,0.01953125,41,71,0.0
2026-05-05T13:20,16,40,0.01953125,41,71,0.0
2026-05-05T13:50,16,40,0.01953125,41,71,0.0
2026-05-05T14:20,16,40,0.01953125,41,73,0.0
2026-05-05T14:50,16,40,0.01953125,41,73,0.0
2026-05-05T15:20,16,40,0.01953125,41,73,0.0
2026-05-05T15:50,16,40,0.01953125,40,76,0.0
2026-05-05T16:20,16,40,0.01953125,40,77,0.0
2026-05-05T16:50,15,40,0.01953125,40,78,0.0
2026-05-05T17:20,15,40,0.01953125,40,78,0.0
2026-05-05T17:50,15,40,0.01953125,40,78,0.0
2026-05-05T18:20,15,40,0.01953125,40,78,0.0
2026-05-05T18:50,14,40,0.01953125,40,78,0.0
2026-05-05T19:20,14,40,0.01953125,40,78,0.0
2026-05-05T19:50,14,40,0.01953125,40,76,0.0
2026-05-05T20:20,13,40,0.01953125,40,75,0.0
2026-05-05T20:50,13,40,0.01953125,40,73,0.0
2026-05-05T21:20,13,40,0.01953125,40,73,0.0
2026-05-05T21:50,12,40,0.01953125,40,72,0.0
2026-05-05T22:20,12,40,0.01953125,40,70,0.0
2026-05-05T22:50,11,40,0.01953125,40,70,0.0
2026-05-05T23:20,12,40,0.01953125,40,68,0.0
2026-05-05T23:50,11,40,0.01953125,40,67,0.0
2026-05-06T00:20,11,40,0.01953125,40,67,0.0
2026-05-06T00:50,11,40,0.01953125,40,67,0.0
2026-05-06T01:20,10,40,0.01953125,40,67,0.0
2026-05-06T01:50,10,40,0.01953125,41,67,0.0
2026-05-06T02:20,10,40,0.01953125,41,67,0.0
2026-05-06T02:50,10,40,0.01953125,41,67,0.0
2026-05-06T03:20,10,40,0.01953125,43,72,0.0
2026-05-06T03:50,10,40,0.01953125,44,75,0.0
2026-05-06T04:20,9,40,0.01953125,44,76,0.0
2026-05-06T04:50,9,40,0.01953125,44,77,0.0
2026-05-06T05:20,9,40,0.01953125,44,78,0.0
2026-05-06T05:50,9,40,0.01953125,44,78,0.0
2026-05-06T06:20,8,40,0.01953125,44,78,0.0
2026-05-06T06:50,8,40,0.01953125,44,76,0.0
2026-05-06T07:20,8,40,0.01953125,44,73,0.0
2026-05-06T07:50,9,40,0.01953125,44,71,0.0
2026-05-06T08:20,9,40,0.01953125,44,70,0.0
2026-05-06T08:50,10,40,0.01953125,44,70,0.0
2026-05-06T09:20,10,40,0.01953125,44,70,0.0
2026-05-06T09:50,11,40,0.01953125,44,71,0.0
2026-05-06T10:20,11,40,0.01953125,43,71,0.0
2026-05-06T10:50,11,40,0.01953125,42,71,0.0
2026-05-06T11:20,11,40,0.01953125,42,71,0.0
2026-05-06T11:50,12,40,0.01953125,41,71,0.0
2026-05-06T12:20,12,40,0.01953125,41,71,0.0
2026-05-06T12:50,12,40,0.01953125,41,71,0.0
2026-05-06T13:50,12,40,0.01953125,41,71,0.0
2026-05-06T14:20,12,40,0.01953125,41,73,0.0
2026-05-06T14:50,12,40,0.01953125,41,74,0.0
2026-05-06T15:20,12,40,0.01953125,41,74,0.0
2026-05-06T15:50,13,40,0.01953125,41,75,0.0
2026-05-06T16:20,13,40,0.01953125,40,76,0.0
2026-05-06T16:50,13,40,0.01953125,40,78,0.0
2026-05-06T17:20,13,40,0.01953125,40,78,0.0
2026-05-06T17:50,13,40,0.01953125,40,78,0.0
2026-05-06T18:20,12,40,0.01953125,40,78,0.0
2026-05-06T18:50,12,40,0.01953125,40,78,0.0
2026-05-06T19:50,12,40,0.01953125,40,76,0.0
2026-05-06T20:20,12,40,0.01953125,40,75,0.0
2026-05-06T20:50,12,40,0.01953125,40,73,0.0
2026-05-06T21:20,11,40,0.01953125,40,73,0.0
2026-05-06T21:50,11,40,0.01953125,40,72,0.0
2026-05-06T22:20,11,40,0.01953125,40,70,0.0
2026-05-06T22:50,10,40,0.01953125,40,70,0.0
2026-05-06T23:20,10,40,0.01953125,40,68,0.0
2026-05-06T23:50,10,40,0.01953125,40,67,0.0
2026-05-07T00:20,10,40,0.01953125,40,67,0.0
2026-05-07T00:50,10,40,0.01953125,40,67,0.0
2026-05-07T01:20,10,40,0.01953125,40,67,0.0
2026-05-07T01:50,10,40,0.01953125,41,67,0.0
2026-05-07T02:20,10,40,0.01953125,41,67,0.0
2026-05-07T02:50,10,40,0.01953125,41,67,0.0
2026-05-07T03:20,10,40,0.01953125,43,72,0.0
2026-05-07T03:50,10,40,0.01953125,44,75,0.0
2026-05-07T04:20,10,40,0.01953125,44,76,0.0
2026-05-07T04:50,9,40,0.01953125,44,78,0.0
2026-05-07T05:20,9,40,0.01953125,44,78,0.0
2026-05-07T05:50,9,40,0.01953125,44,78,0.0
2026-05-07T06:20,9,40,0.01953125,44,78,0.0
2026-05-07T06:50,9,40,0.01953125,44,76,0.0
2026-05-07T07:20,10,40,0.01953125,44,73,0.0
2026-05-07T07:50,10,40,0.01953125,44,71,0.0
2026-05-07T08:20,10,40,0.01953125,44,70,0.0
2026-05-07T08:50,11,40,0.01953125,44,70,0.0
2026-05-07T09:20,12,40,0.01953125,44,71,0.0
2026-05-07T09:50,12,40,0.01953125,44,71,0.0
2026-05-07T10:20,12,40,0.01953125,43,71,0.0
2026-05-07T10:50,13,40,0.01953125,42,71,0.0
2026-05-07T11:20,13,40,0.01953125,42,71,0.0
2026-05-07T11:50,13,40,0.01953125,41,71,0.0
2026-05-07T12:20,14,40,0.01953125,41,71,0.0
2026-05-07T12:50,13,40,0.01953125,41,71,0.0
2026-05-07T13:20,14,40,0.01953125,41,71,0.0
2026-05-07T13:50,14,40,0.01953125,41,71,0.0
2026-05-07T14:20,13,40,0.01953125,41,73,0.0
2026-05-07T14:50,14,40,0.01953125,41,74,0.0
2026-05-07T15:20,14,40,0.01953125,41,74,0.0
2026-05-07T15:50,14,40,0.01953125,41,75,0.0
2026-05-07T16:20,14,40,0.01953125,40,77,0.0
2026-05-07T16:50,14,40,0.01953125,40,78,0.0
2026-05-07T17:20,14,40,0.01953125,40,78,0.0
2026-05-07T17:50,13,40,0.01953125,40,78,0.0
2026-05-07T18:20,13,40,0.01953125,40,78,0.0
2026-05-07T18:50,13,40,0.01953125,40,78,0.0
2026-05-07T19:20,13,40,0.01953125,40,78,0.0
2026-05-07T19:50,13,40,0.01953125,40,76,0.0
2026-05-07T20:20,12,40,0.01953125,40,75,0.0
2026-05-07T20:50,12,40,0.01953125,40,73,0.0
2026-05-07T21:20,12,40,0.01953125,40,73,0.0
2026-05-07T21:50,12,40,0.01953125,40,72,0.0
2026-05-07T22:20,12,40,0.01953125,40,70,0.0
2026-05-07T22:50,12,40,0.01953125,40,70,0.0
2026-05-07T23:20,11,40,0.01953125,40,68,0.0
2026-05-07T23:50,11,40,0.01953125,40,67,0.0
2026-05-08T00:20,11,40,0.01953125,40,67,0.0
2026-05-08T00:50,10,40,0.01953125,40,67,0.0
2026-05-08T01:20,10,40,0.01953125,40,67,0.0
2026-05-08T01:50,9,40,0.01953125,41,67,0.0
2026-05-08T02:20,9,40,0.01953125,41,67,0.0
2026-05-08T02:50,9,40,0.01953125,41,67,0.0
2026-05-08T03:20,9,40,0.01953125,43,68,0.0
2026-05-08T03:50,9,40,0.01953125,44,75,0.0
2026-05-08T04:20,8,40,0.01953125,44,76,0.0
2026-05-08T04:50,8,40,0.01953125,44,78,0.0
2026-05-08T05:20,8,40,0.01953125,44,78,0.0
2026-05-08T05:50,8,40,0.01953125,44,78,0.0
2026-05-08T06:20,9,40,0.01953125,44,78,0.0
2026-05-08T06:50,9,40,0.01953125,44,76,0.0
2026-05-08T07:20,10,40,0.01953125,44,73,0.0
2026-05-08T07:50,11,40,0.01953125,44,70,0.0
2026-05-08T08:20,12,40,0.01953125,44,70,0.0
2026-05-08T08:50,13,40,0.01953125,44,70,0.0
2026-05-08T09:20,14,40,0.01953125,44,70,0.0
2026-05-08T09:50,15,40,0.01953125,43,71,0.0
2026-05-08T10:20,16,40,0.01953125,43,71,0.0
2026-05-08T10:50,16,40,0.01953125,42,71,0.0
2026-05-08T11:20,16,40,0.01953125,42,71,0.0
2026-05-08T11:50,17,40,0.01953125,41,71,0.0
2026-05-08T12:20,17,40,0.01953125,41,71,0.0
2026-05-08T12:50,17,40,0.01953125,41,71,0.0
2026-05-08T13:20,17,40,0.01953125,41,71,0.0
2026-05-08T13:50,17,40,0.01953125,41,71,0.0
2026-05-08T14:20,18,40,0.01953125,41,74,0.0
2026-05-08T14:50,18,40,0.01953125,41,74,0.0
2026-05-08T15:20,18,40,0.01953125,41,74,0.0
2026-05-08T15:50,18,40,0.01953125,41,76,0.0
2026-05-08T16:20,18,40,0.01953125,40,76,0.0
2026-05-08T16:50,18,40,0.01953125,40,78,0.0
2026-05-08T17:20,18,40,0.01953125,40,78,0.0
2026-05-08T17:50,18,40,0.01953125,40,78,0.0
2026-05-08T19:20,16,40,0.01953125,40,78,0.0
2026-05-08T19:50,15,40,0.01953125,40,76,0.0
2026-05-08T20:20,15,40,0.01953125,40,75,0.0
2026-05-08T20:50,14,40,0.01953125,40,73,0.0
2026-05-08T21:20,13,40,0.01953125,40,73,0.0
2026-05-08T21:50,13,40,0.01953125,40,70,0.0
2026-05-08T22:20,13,40,0.01953125,40,70,0.0
2026-05-08T22:50,12,40,0.01953125,40,70,0.0
2026-05-08T23:20,13,40,0.01953125,40,68,0.0
2026-05-08T23:50,12,40,0.01953125,40,67,0.0
2026-05-09T00:20,12,40,0.01953125,40,67,0.0
2026-05-09T00:50,10,40,0.01953125,40,67,0.0
2026-05-09T01:20,10,40,0.01953125,40,67,0.0
2026-05-09T01:50,10,40,0.01953125,41,67,0.0
2026-05-09T02:20,11,40,0.01953125,41,67,0.0
2026-05-09T02:50,11,40,0.01953125,41,67,0.0
2026-05-09T03:20,10,40,0.01953125,43,72,0.0
2026-05-09T03:50,10,40,0.01953125,44,75,0.0
2026-05-09T04:20,10,40,0.01953125,44,76,0.0
2026-05-09T04:50,10,40,0.01953125,44,78,0.0
2026-05-09T05:20,9,40,0.01953125,44,78,0.0
2026-05-09T05:50,10,40,0.01953125,44,78,0.0
2026-05-09T06:20,10,40,0.01953125,44,78,0.0
2026-05-09T06:50,11,40,0.01953125,44,76,0.0
2026-05-09T07:20,11,40,0.01953125,44,73,0.0
2026-05-09T07:50,12,40,0.01953125,44,70,0.0
2026-05-09T08:20,13,40,0.01953125,44,70,0.0
2026-05-09T08:50,14,40,0.01953125,44,70,0.0
2026-05-09T09:20,15,40,0.01953125,44,71,0.0
2026-05-09T09:50,16,40,0.01953125,43,71,0.0
2026-05-09T10:20,16,40,0.01953125,43,71,0.0
2026-05-09T10:50,17,40,0.01953125,42,71,0.0
2026-05-09T11:20,18,40,0.01953125,42,71,0.0
2026-05-09T11:50,18,40,0.01953125,41,71,0.0
2026-05-09T12:20,18,40,0.01953125,41,71,0.0
2026-05-09T12:50,19,40,0.01953125,41,71,0.0
2026-05-09T13:20,19,40,0.01953125,41,71,0.0
2026-05-09T13:50,19,40,0.01953125,41,71,0.0
2026-05-09T14:20,20,40,0.01953125,41,73,0.0
2026-05-09T14:50,20,40,0.01953125,41,73,0.0
2026-05-09T15:20,19,40,0.01953125,41,73,0.0
2026-05-09T15:50,20,40,0.01953125,41,76,0.0
2026-05-09T16:20,20,40,0.01953125,41,76,0.0
2026-05-09T16:50,19,40,0.01953125,40,78,0.0
2026-05-09T17:20,18,40,0.01953125,40,78,0.0
2026-05-09T17:50,18,40,0.01953125,40,78,0.0
2026-05-09T18:20,18,40,0.01953125,40,78,0.0
2026-05-09T18:50,17,40,0.01953125,40,78,0.0
2026-05-09T19:20,17,40,0.01953125,40,78,0.0
2026-05-09T19:50,16,40,0.01953125,40,76,0.0
2026-05-09T20:20,15,40,0.01953125,40,75,0.0
2026-05-09T20:50,15,40,0.01953125,40,73,0.0
2026-05-09T21:20,14,40,0.01953125,40,73,0.0
2026-05-09T21:50,14,40,0.01953125,40,70,0.0
2026-05-09T22:20,14,40,0.01953125,40,70,0.0
2026-05-09T22:50,13,40,0.01953125,40,70,0.0
2026-05-09T23:20,13,40,0.01953125,40,68,0.0
2026-05-09T23:50,13,40,0.01953125,40,68,0.0
2026-05-10T00:20,12,40,0.01953125,40,67,0.0
2026-05-10T00:50,12,40,0.01953125,40,67,0.0
2026-05-10T01:20,11,40,0.01953125,40,67,0.0
2026-05-10T01:50,11,40,0.01953125,41,67,0.0
2026-05-10T02:20,10,40,0.01953125,41,67,0.0
2026-05-10T02:50,10,40,0.01953125,41,67,0.0
2026-05-10T03:20,9,40,0.01953125,44,74,0.0
2026-05-10T03:50,10,40,0.01953125,44,74,0.0
2026-05-10T04:20,10,40,0.01953125,44,75,0.0
2026-05-10T04:50,10,40,0.01953125,44,78,0.0
2026-05-10T05:20,10,40,0.01953125,44,78,0.0
2026-05-10T05:50,10,40,0.01953125,44,78,0.0
2026-05-10T06:20,10,40,0.01953125,44,77,0.0
2026-05-10T06:50,10,40,0.01953125,44,76,0.0
2026-05-10T07:20,10,40,0.01953125,44,73,0.0
2026-05-10T07:50,10,40,0.01953125,44,72,0.0
2026-05-10T08:20,11,40,0.01953125,44,71,0.0
2026-05-10T08:50,11,40,0.01953125,44,71,0.0
2026-05-10T09:20,12,40,0.01953125,44,71,0.0
2026-05-10T09:50,12,40,0.01953125,44,71,0.0
2026-05-10T10:20,12,40,0.01953125,43,71,0.0
2026-05-10T10:50,12,40,0.01953125,42,71,0.0
2026-05-10T11:20,12,40,0.01953125,42,71,0.0
2026-05-10T11:50,12,40,0.01953125,41,71,0.0
2026-05-10T12:20,12,40,0.01953125,41,71,0.0
2026-05-10T12:50,12,40,0.01953125,41,71,0.0
2026-05-10T13:20,12,40,0.01953125,41,71,0.0
2026-05-10T13:50,12,40,0.01953125,41,71,0.0
2026-05-10T14:20,12,40,0.01953125,41,73,0.0
2026-05-10T14:50,12,40,0.01953125,41,73,0.0
2026-05-10T15:20,12,40,0.01953125,41,73,0.0
2026-05-10T15:50,12,40,0.01953125,41,76,0.0
2026-05-10T16:20,12,40,0.01953125,40,77,0.0
2026-05-10T16:50,12,40,0.01953125,40,78,0.0
2026-05-10T17:20,12,40,0.01953125,40,78,0.0
2026-05-10T17:50,13,40,0.01953125,40,78,0.0
2026-05-10T18:20,12,40,0.01953125,40,78,0.0
2026-05-10T18:50,12,40,0.01953125,40,78,0.0
2026-05-10T19:20,12,40,0.01953125,40,78,0.0
2026-05-10T19:50,12,40,0.01953125,40,76,0.0
2026-05-10T20:20,11,40,0.01953125,40,75,0.0
2026-05-10T20:50,11,40,0.01953125,40,73,0.0
2026-05-10T21:20,10,40,0.01953125,40,72,0.0
2026-05-10T21:50,9,40,0.01953125,40,70,0.0
2026-05-10T22:20,9,40,0.01953125,40,70,0.0
2026-05-10T22:50,8,40,0.01953125,40,70,0.0
2026-05-10T23:20,8,40,0.01953125,40,68,0.0
2026-05-10T23:50,7,40,0.01953125,40,67,0.0
2026-05-11T00:20,7,40,0.01953125,40,67,0.0
2026-05-11T00:50,7,40,0.01953125,40,67,0.0
2026-05-11T01:20,6,40,0.01953125,40,67,0.0
2026-05-11T01:50,6,40,0.01953125,41,67,0.0
2026-05-11T02:20,6,40,0.01953125,41,67,0.0
2026-05-11T02:50,6,40,0.01953125,41,67,0.0
2026-05-11T03:20,5,40,0.01953125,42,67,0.0
2026-05-11T03:50,5,40,0.01953125,44,75,0.0
2026-05-11T04:20,5,40,0.01953125,44,75,0.0
2026-05-11T04:50,5,40,0.01953125,44,76,0.0
2026-05-11T05:20,5,40,0.01953125,44,78,0.0
2026-05-11T05:50,6,40,0.01953125,44,78,0.0
2026-05-11T06:20,7,40,0.01953125,44,78,0.0
2026-05-11T06:50,8,40,0.01953125,44,77,0.0
2026-05-11T07:20,8,40,0.01953125,44,74,0.0
2026-05-11T07:50,9,40,0.01953125,44,72,0.0
2026-05-11T08:20,10,40,0.01953125,44,71,0.0
2026-05-11T08:50,10,40,0.01953125,44,71,0.0
2026-05-11T09:20,10,40,0.01953125,44,71,0.0
2026-05-11T09:50,9,40,0.01953125,44,71,0.0
2026-05-11T10:20,9,40,0.01953125,43,71,0.0
2026-05-11T10:50,10,40,0.01953125,42,71,0.0
2026-05-11T11:20,10,40,0.01953125,42,71,0.0
2026-05-11T11:50,10,40,0.01953125,42,71,0.0
2026-05-11T12:20,10,40,0.01953125,41,71,0.0
2026-05-11T12:50,9,40,0.01953125,41,71,0.0
2026-05-11T13:20,8,40,0.01953125,41,71,0.0
2026-05-11T13:50,9,40,0.01953125,41,71,0.0
2026-05-11T14:20,10,40,0.01953125,41,73,0.0
2026-05-11T14:50,10,40,0.01953125,41,73,0.0
2026-05-11T15:20,10,40,0.01953125,41,75,0.0
2026-05-11T15:50,10,40,0.01953125,41,75,0.0
2026-05-11T16:20,11,40,0.01953125,40,76,0.0
2026-05-11T16:50,12,40,0.01953125,40,78,0.0
2026-05-11T17:20,11,40,0.01953125,40,78,0.0
2026-05-11T17:50,11,40,0.01953125,40,78,0.0
2026-05-11T18:20,12,40,0.01953125,40,78,0.0
2026-05-11T18:50,12,40,0.01953125,40,78,0.0
2026-05-11T19:20,11,40,0.01953125,40,78,0.0
2026-05-11T19:50,11,40,0.01953125,40,76,0.0
2026-05-11T20:20,10,40,0.01953125,40,75,0.0
2026-05-11T20:50,10,40,0.01953125,40,73,0.0
2026-05-11T21:20,9,40,0.01953125,40,72,0.0
2026-05-11T21:50,9,40,0.01953125,40,72,0.0
2026-05-11T22:20,9,40,0.01953125,40,70,0.0
2026-05-11T22:50,8,40,0.01953125,40,70,0.0
2026-05-11T23:20,8,40,0.01953125,40,68,0.0
2026-05-11T23:50,8,40,0.01953125,40,67,0.0
2026-05-12T00:20,7,40,0.01953125,40,67,0.0
2026-05-12T00:50,7,40,0.01953125,40,67,0.0
2026-05-12T01:20,7,40,0.01953125,40,67,0.0
2026-05-12T01:50,7,40,0.01953125,41,67,0.0
2026-05-12T02:20,5,40,0.01953125,41,67,0.0
2026-05-12T02:50,6,40,0.01953125,41,67,0.0
2026-05-12T03:20,5,40,0.01953125,43,68,0.0
2026-05-12T03:50,5,40,0.01953125,44,75,0.0
2026-05-12T04:20,5,40,0.01953125,44,75,0.0
2026-05-12T04:50,5,40,0.01953125,44,76,0.0
2026-05-12T05:20,5,40,0.01953125,44,78,0.0
2026-05-12T05:50,5,40,0.01953125,44,78,0.0
2026-05-12T06:20,5,40,0.01953125,44,78,0.0
2026-05-12T06:50,6,40,0.01953125,44,78,0.0
2026-05-12T07:20,8,40,0.01953125,44,74,0.0
2026-05-12T07:50,9,40,0.01953125,44,72,0.0
2026-05-12T08:20,10,40,0.01953125,44,71,0.0
2026-05-12T08:50,11,40,0.01953125,44,71,0.0
2026-05-12T09:20,12,40,0.01953125,44,71,0.0
2026-05-12T09:50,12,40,0.01953125,44,71,0.0
2026-05-12T10:20,13,40,0.01953125,43,71,0.0
2026-05-12T10:50,14,40,0.01953125,42,71,0.0
2026-05-12T11:20,14,40,0.01953125,42,71,0.0
2026-05-12T11:50,14,40,0.01953125,41,71,0.0
2026-05-12T12:20,15,40,0.01953125,41,71,0.0
2026-05-12T12:50,16,40,0.01953125,41,71,0.0
2026-05-12T13:20,15,40,0.01953125,41,71,0.0
2026-05-12T13:50,15,40,0.01953125,41,71,0.0
2026-05-12T14:20,15,40,0.01953125,41,73,0.0
2026-05-12T14:50,17,40,0.01953125,41,73,0.0
2026-05-12T15:20,16,40,0.01953125,41,73,0.0
2026-05-12T15:50,16,40,0.01953125,40,75,0.0
2026-05-12T16:20,15,40,0.01953125,40,76,0.0
2026-05-12T16:50,16,40,0.01953125,40,78,0.0
2026-05-12T17:20,15,40,0.01953125,40,78,0.0
2026-05-12T17:50,15,40,0.01953125,40,78,0.0
2026-05-12T18:20,15,40,0.01953125,40,78,0.0
2026-05-12T18:50,13,40,0.01953125,40,78,0.0
2026-05-12T19:20,13,40,0.01953125,40,78,0.0
2026-05-12T19:50,14,40,0.01953125,40,76,0.0
2026-05-12T20:20,14,40,0.01953125,40,75,0.0
2026-05-12T20:50,14,40,0.01953125,40,73,0.0
2026-05-12T21:20,13,40,0.01953125,40,72,0.0
2026-05-12T21:50,13,40,0.01953125,40,70,0.0
2026-05-12T22:20,13,40,0.01953125,40,70,0.0
2026-05-12T22:50,13,40,0.01953125,40,70,0.0
2026-05-12T23:20,13,40,0.01953125,40,68,0.0
2026-05-12T23:50,12,40,0.01953125,40,67,0.0
2026-05-13T00:20,12,40,0.01953125,40,67,0.0
2026-05-13T00:50,11,40,0.01953125,40,67,0.0
2026-05-13T01:20,11,40,0.01953125,40,67,0.0
2026-05-13T01:50,10,40,0.01953125,41,67,0.0
2026-05-13T02:20,9,40,0.01953125,41,67,0.0
2026-05-13T02:50,9,40,0.01953125,41,67,0.0
2026-05-13T03:20,9,40,0.01953125,43,68,0.0
2026-05-13T03:50,10,40,0.01953125,44,75,0.0
2026-05-13T04:20,10,40,0.01953125,44,76,0.0
2026-05-13T04:50,10,40,0.01953125,44,78,0.0
2026-05-13T05:20,10,40,0.01953125,44,78,0.0
2026-05-13T05:50,10,40,0.01953125,44,78,0.0
2026-05-13T06:20,10,40,0.01953125,44,78,0.0
2026-05-13T06:50,11,40,0.01953125,44,77,0.0
2026-05-13T07:20,10,40,0.01953125,44,74,0.0
2026-05-13T07:50,11,40,0.01953125,44,71,0.0
2026-05-13T08:20,11,40,0.01953125,44,71,0.0
2026-05-13T08:50,12,40,0.01953125,44,71,0.0
2026-05-13T09:20,12,40,0.01953125,44,71,0.0
2026-05-13T09:50,12,40,0.01953125,44,71,0.0
2026-05-13T10:20,13,40,0.01953125,43,71,0.0
2026-05-13T10:50,10,40,0.01953125,42,71,0.0
2026-05-13T11:20,9,40,0.01953125,42,71,0.0
2026-05-13T11:50,12,40,0.01953125,41,71,0.0
2026-05-13T12:20,12,40,0.01953125,41,71,0.0
2026-05-13T12:50,12,40,0.01953125,41,71,0.0
2026-05-13T13:20,11,40,0.01953125,41,71,0.0
2026-05-13T13:50,12,40,0.01953125,41,71,0.0
2026-05-13T14:20,12,40,0.01953125,41,73,0.0
2026-05-13T14:50,9,40,0.01953125,41,73,0.0
2026-05-13T15:20,11,40,0.01953125,41,73,0.0
2026-05-13T15:50,10,40,0.01953125,41,76,0.0
2026-05-13T16:20,10,40,0.01953125,40,77,0.0
2026-05-13T16:50,11,40,0.01953125,40,78,0.0
2026-05-13T17:20,12,40,0.01953125,40,78,0.0
2026-05-13T17:50,9,40,0.01953125,40,78,0.0
2026-05-13T18:20,10,40,0.01953125,40,78,0.0
2026-05-13T18:50,10,40,0.01953125,40,78,0.0
2026-05-13T19:20,10,40,0.01953125,40,78,0.0
2026-05-13T19:50,10,40,0.01953125,40,76,0.0
2026-05-13T20:20,10,40,0.01953125,40,76,0.0
2026-05-13T20:50,9,40,0.01953125,40,73,0.0
2026-05-13T21:20,9,40,0.01953125,40,72,0.0
2026-05-13T21:50,9,40,0.01953125,40,72,0.0
2026-05-13T22:20,9,40,0.01953125,40,70,0.0
2026-05-13T22:50,9,40,0.01953125,40,70,0.0
2026-05-13T23:20,9,40,0.01953125,40,68,0.0
2026-05-13T23:50,9,40,0.01953125,40,67,0.0
2026-05-14T00:20,8,40,0.01953125,40,67,0.0
2026-05-14T00:50,9,40,0.01953125,40,67,0.0
2026-05-14T01:20,8,40,0.01953125,40,67,0.0
2026-05-14T01:50,8,40,0.01953125,41,67,0.0
2026-05-14T02:20,9,40,0.01953125,41,67,0.0
2026-05-14T02:50,9,40,0.01953125,41,67,0.0
2026-05-14T03:20,8,40,0.01953125,43,68,0.0
2026-05-14T03:50,8,40,0.01953125,44,75,0.0
2026-05-14T04:20,8,40,0.01953125,44,76,0.0
2026-05-14T04:50,8,40,0.01953125,44,78,0.0
2026-05-14T05:20,8,40,0.01953125,44,78,0.0
2026-05-14T05:50,8,40,0.01953125,44,78,0.0
2026-05-14T06:20,8,40,0.01953125,44,78,0.0
2026-05-14T06:50,8,40,0.01953125,44,77,0.0
2026-05-14T07:20,8,40,0.01953125,44,74,0.0
2026-05-14T07:50,8,40,0.01953125,44,72,0.0
2026-05-14T08:20,8,40,0.01953125,44,71,0.0
2026-05-14T08:50,9,40,0.01953125,44,71,0.0
2026-05-14T09:20,9,40,0.01953125,44,71,0.0
2026-05-14T09:50,9,40,0.01953125,44,71,0.0
2026-05-14T10:20,9,40,0.01953125,43,71,0.0
2026-05-14T10:50,10,40,0.01953125,42,71,0.0
2026-05-14T11:20,10,40,0.01953125,42,71,0.0
2026-05-14T11:50,9,40,0.01953125,42,71,0.0
2026-05-14T12:20,8,40,0.01953125,41,71,0.0
2026-05-14T12:50,9,40,0.01953125,41,71,0.0
2026-05-14T13:20,9,40,0.01953125,41,71,0.0
2026-05-14T13:50,9,40,0.01953125,41,71,0.0
2026-05-14T14:20,10,40,0.01953125,41,73,0.0
2026-05-14T14:50,12,40,0.01953125,41,74,0.0
2026-05-14T15:20,12,40,0.01953125,41,74,0.0
2026-05-14T15:50,9,40,0.01953125,41,75,0.0
2026-05-14T16:20,9,40,0.01953125,40,77,0.0
2026-05-14T16:50,11,40,0.01953125,40,78,0.0
2026-05-14T17:20,11,40,0.01953125,40,78,0.0
2026-05-14T17:50,11,40,0.01953125,40,78,0.0
2026-05-14T18:20,9,40,0.01953125,40,78,0.0
2026-05-14T18:50,10,40,0.01953125,40,78,0.0
2026-05-14T19:20,9,40,0.01953125,40,78,0.0
2026-05-14T19:50,10,40,0.01953125,40,76,0.0
2026-05-14T20:20,9,40,0.01953125,40,73,0.0
2026-05-14T20:50,9,40,0.01953125,40,73,0.0
2026-05-14T21:20,9,40,0.01953125,40,72,0.0
2026-05-14T21:50,9,40,0.01953125,40,72,0.0
2026-05-14T22:20,9,40,0.01953125,40,69,0.0
2026-05-14T22:50,9,40,0.01953125,40,69,0.0
2026-05-14T23:20,9,40,0.01953125,40,67,0.0
2026-05-14T23:50,8,40,0.01953125,40,66,0.0
2026-05-15T00:20,8,40,0.01953125,40,67,0.0
2026-05-15T00:50,8,40,0.01953125,40,67,0.0
2026-05-15T01:20,8,40,0.01953125,40,67,0.0
2026-05-15T02:20,8,40,0.01953125,41,67,0.0
2026-05-15T02:50,8,40,0.01953125,41,67,0.0
2026-05-15T03:20,8,40,0.01953125,43,68,0.0
2026-05-15T03:50,8,40,0.01953125,44,75,0.0
2026-05-15T04:20,7,40,0.01953125,44,76,0.0
2026-05-15T04:50,7,40,0.01953125,44,77,0.0
2026-05-15T05:20,7,40,0.01953125,44,78,0.0
2026-05-15T05:50,7,40,0.01953125,44,78,0.0
2026-05-15T06:20,7,40,0.01953125,44,78,0.0
2026-05-15T06:50,8,40,0.01953125,44,77,0.0
2026-05-15T07:20,8,40,0.01953125,44,74,0.0
2026-05-15T07:50,8,40,0.01953125,44,72,0.0
2026-05-15T08:20,9,40,0.01953125,44,71,0.0
2026-05-15T08:50,9,40,0.01953125,44,71,0.0
2026-05-15T09:20,10,40,0.01953125,44,71,0.0
2026-05-15T09:50,10,40,0.01953125,44,71,0.0
2026-05-15T10:20,10,40,0.01953125,43,71,0.0
2026-05-15T10:50,10,40,0.01953125,42,71,0.0
2026-05-15T11:20,10,40,0.01953125,42,71,0.0
2026-05-15T11:50,12,40,0.01953125,41,71,0.0
2026-05-15T12:20,11,40,0.01953125,41,71,0.0
2026-05-15T12:50,12,40,0.01953125,41,71,0.0
2026-05-15T13:20,12,40,0.01953125,41,71,0.0
2026-05-15T13:50,13,40,0.01953125,41,71,0.0
2026-05-15T14:20,13,40,0.01953125,41,73,0.0
2026-05-15T14:50,13,40,0.01953125,41,74,0.0
2026-05-15T15:20,13,40,0.01953125,41,74,0.0
2026-05-15T15:50,14,40,0.01953125,41,76,0.0
2026-05-15T16:20,14,40,0.01953125,40,77,0.0
2026-05-15T17:20,14,40,0.01953125,40,78,0.0
2026-05-15T17:50,14,40,0.01953125,40,78,0.0
2026-05-15T18:20,14,40,0.01953125,40,78,0.0
2026-05-15T18:50,13,40,0.01953125,40,78,0.0
2026-05-15T19:20,13,40,0.01953125,40,78,0.0
2026-05-15T19:50,13,40,0.01953125,40,76,0.0
2026-05-15T20:20,13,40,0.01953125,40,73,0.0
2026-05-15T20:50,13,40,0.01953125,40,73,0.0
2026-05-15T21:20,12,40,0.01953125,40,72,0.0
2026-05-15T21:50,12,40,0.01953125,40,72,0.0
2026-05-15T22:20,12,40,0.01953125,40,70,0.0
2026-05-15T22:50,11,40,0.01953125,40,70,0.0
2026-05-15T23:20,11,40,0.01953125,40,68,0.0
2026-05-15T23:50,9,40,0.01953125,40,67,0.0
2026-05-16T00:20,10,40,0.01953125,40,67,0.0
2026-05-16T00:50,9,40,0.01953125,40,67,0.0
2026-05-16T01:20,9,40,0.01953125,40,67,0.0
2026-05-16T01:50,9,40,0.01953125,41,67,0.0
2026-05-16T02:20,9,40,0.01953125,41,67,0.0
2026-05-16T02:50,9,40,0.01953125,41,67,0.0
2026-05-16T03:20,8,40,0.01953125,43,68,0.0
2026-05-16T03:50,8,40,0.01953125,44,75,0.0
2026-05-16T04:20,7,40,0.01953125,44,76,0.0
2026-05-16T04:50,7,40,0.01953125,44,77,0.0
2026-05-16T05:20,7,40,0.01953125,44,78,0.0
2026-05-16T05:50,7,40,0.01953125,44,78,0.0
2026-05-16T06:20,7,40,0.01953125,44,78,0.0
2026-05-16T06:50,8,40,0.01953125,44,77,0.0
2026-05-16T07:20,9,40,0.01953125,44,74,0.0
2026-05-16T07:50,9,40,0.01953125,44,72,0.0
2026-05-16T08:20,9,40,0.01953125,44,71,0.0
2026-05-16T08:50,10,40,0.01953125,44,71,0.0
2026-05-16T09:20,11,40,0.01953125,44,71,0.0
2026-05-16T09:50,12,40,0.01953125,44,71,0.0
2026-05-16T10:20,13,40,0.01953125,43,71,0.0
2026-05-16T10:50,13,40,0.01953125,42,71,0.0
2026-05-16T11:20,13,40,0.01953125,42,71,0.0
2026-05-16T11:50,14,40,0.01953125,41,71,0.0
2026-05-16T12:20,14,40,0.01953125,41,71,0.0
2026-05-16T12:50,14,40,0.01953125,41,71,0.0
2026-05-16T13:20,15,40,0.01953125,41,58,0.0
2026-05-16T13:50,14,40,0.01953125,41,71,0.0
2026-05-16T14:20,14,40,0.01953125,41,73,0.0
2026-05-16T14:50,14,40,0.01953125,41,73,0.0
2026-05-16T15:20,14,40,0.01953125,41,73,0.0
2026-05-16T15:50,14,40,0.01953125,41,75,0.0
2026-05-16T16:20,14,40,0.01953125,40,77,0.0
2026-05-16T16:50,14,40,0.01953125,40,78,0.0
2026-05-16T17:20,14,40,0.01953125,40,78,0.0
2026-05-16T17:50,14,40,0.01953125,40,78,0.0
2026-05-16T18:20,13,40,0.01953125,40,78,0.0
2026-05-16T18:50,13,40,0.01953125,40,78,0.0
2026-05-16T19:20,12,40,0.01953125,40,78,0.0
2026-05-16T19:50,12,40,0.01953125,40,76,0.0
2026-05-16T20:20,12,40,0.01953125,40,75,0.0
2026-05-16T20:50,12,40,0.01953125,40,73,0.0
2026-05-16T21:20,12,40,0.01953125,40,72,0.0
2026-05-16T21:50,12,40,0.01953125,40,72,0.0
2026-05-16T22:20,12,40,0.01953125,40,70,0.0
2026-05-16T22:50,12,40,0.01953125,40,70,0.0
2026-05-16T23:20,12,40,0.01953125,40,68,0.0
2026-05-16T23:50,12,40,0.01953125,40,67,0.0
2026-05-17T00:20,11,40,0.01953125,40,67,0.0
2026-05-17T00:50,12,40,0.01953125,40,67,0.0
2026-05-17T01:20,12,40,0.01953125,40,67,0.0
2026-05-17T01:50,12,40,0.01953125,41,67,0.0
2026-05-17T02:20,12,40,0.01953125,41,67,0.0
2026-05-17T02:50,11,40,0.01953125,41,67,0.0
2026-05-17T03:20,11,40,0.01953125,43,68,0.0
2026-05-17T03:50,11,40,0.01953125,44,75,0.0
2026-05-17T04:20,11,40,0.01953125,44,76,0.0
2026-05-17T04:50,11,40,0.01953125,44,78,0.0
2026-05-17T05:20,11,40,0.01953125,44,78,0.0
2026-05-17T05:50,11,40,0.01953125,44,78,0.0
2026-05-17T06:20,11,40,0.01953125,44,78,0.0
2026-05-17T06:50,11,40,0.01953125,44,77,0.0
2026-05-17T07:20,11,40,0.01953125,44,74,0.0
2026-05-17T07:50,11,40,0.01953125,44,71,0.0
2026-05-17T08:20,12,40,0.01953125,44,71,0.0
2026-04-27T07:20,9,40,0.01953125,44,74,0.0
2026-04-27T07:50,10,40,0.01953125,44,72,0.0
2026-04-27T08:20,11,40,0.01953125,44,71,0.0
2026-04-27T08:50,12,40,0.01953125,44,71,0.0
2026-04-27T09:50,14,40,0.01953125,43,71,0.0
2026-04-27T10:50,16,40,0.01953125,42,71,0.0
2026-04-27T11:50,18,40,0.01953125,41,71,0.0
2026-04-27T12:50,18,40,0.01953125,41,71,0.0
2026-04-27T13:20,19,40,0.01953125,41,59,0.0
2026-04-27T13:50,19,40,0.01953125,41,71,0.0
2026-04-27T14:50,20,40,0.01953125,41,73,0.0
2026-04-27T15:50,21,40,0.01953125,41,73,0.0
2026-04-27T16:50,20,40,0.01953125,40,78,0.0
2026-04-27T17:50,19,40,0.01953125,40,78,0.0
2026-04-27T18:50,18,40,0.01953125,40,78,0.0
2026-04-27T19:50,17,40,0.01953125,40,76,0.0
2026-04-27T20:50,16,40,0.01953125,40,73,0.0
2026-04-27T21:50,14,40,0.01953125,40,72,0.0
2026-04-27T22:50,14,40,0.01953125,40,70,0.0
2026-04-27T23:50,12,40,0.01953125,40,67,0.0
2026-04-28T00:50,10,40,0.01953125,40,67,0.0
2026-04-28T01:50,11,40,0.01953125,41,67,0.0
2026-04-28T02:50,10,40,0.01953125,41,67,0.0
2026-04-28T03:50,10,40,0.01953125,44,75,0.0
2026-04-28T04:50,9,40,0.01953125,44,78,0.0
2026-04-28T05:50,9,40,0.01953125,44,78,0.0
2026-04-28T06:50,10,40,0.01953125,44,77,0.0
2026-04-28T07:50,10,40,0.01953125,44,72,0.0
2026-04-28T08:50,10,40,0.01953125,44,71,0.0
2026-04-28T09:50,10,40,0.01953125,44,71,0.0
2026-04-28T10:50,10,40,0.01953125,42,71,0.0
2026-04-28T11:50,12,40,0.01953125,41,71,0.0
2026-04-28T12:50,14,40,0.01953125,41,71,0.0
2026-04-28T13:50,14,40,0.01953125,41,72,0.0
2026-04-28T14:50,16,40,0.01953125,41,75,0.0
2026-04-28T15:50,16,40,0.01953125,40,76,0.0
2026-04-28T16:50,16,40,0.01953125,40,78,0.0
2026-04-28T17:50,15,40,0.01953125,40,78,0.0
2026-04-28T18:50,15,40,0.01953125,40,78,0.0
2026-04-28T19:50,13,40,0.01953125,40,77,0.0
2026-04-28T20:50,12,40,0.01953125,40,74,0.0
2026-04-28T21:50,10,40,0.01953125,40,72,0.0
2026-04-28T22:50,9,40,0.01953125,40,70,0.0
2026-04-28T23:50,9,40,0.01953125,40,67,0.0
2026-04-29T00:50,9,40,0.01953125,40,67,0.0
2026-04-29T01:50,9,40,0.01953125,41,67,0.0
2026-04-29T02:50,9,40,0.01953125,41,67,0.0
2026-04-29T03:50,9,40,0.01953125,44,75,0.0
2026-04-29T04:50,10,40,0.01953125,44,78,0.0
2026-04-29T05:50,10,40,0.01953125,44,78,0.0
2026-04-29T06:50,11,40,0.01953125,44,77,0.0
2026-04-29T07:50,12,40,0.01953125,44,71,0.0
2026-04-29T08:50,13,40,0.01953125,44,71,0.0
2026-04-29T09:50,14,40,0.01953125,43,71,0.0
2026-04-29T10:50,14,40,0.01953125,42,71,0.0
2026-04-29T11:50,15,40,0.01953125,41,71,0.0
2026-04-29T12:50,15,40,0.01953125,41,71,0.0
2026-04-29T13:50,15,40,0.01953125,41,72,0.0
2026-04-29T14:50,15,40,0.01953125,41,76,0.0
2026-04-29T15:50,15,40,0.01953125,40,76,0.0
2026-04-29T16:50,15,40,0.01953125,40,78,0.0
2026-04-29T17:50,15,40,0.01953125,40,78,0.0
2026-04-29T18:50,14,40,0.01953125,40,78,0.0
2026-04-29T19:50,14,40,0.01953125,40,77,0.0
2026-04-29T20:50,13,40,0.01953125,40,74,0.0
2026-04-29T21:50,13,40,0.01953125,40,70,0.0
2026-04-29T22:50,12,40,0.01953125,40,70,0.0
2026-04-29T23:50,12,40,0.01953125,40,67,0.0
2026-04-30T00:50,12,40,0.01953125,40,67,0.0
2026-04-30T01:50,12,40,0.01953125,41,67,0.0
2026-04-30T02:50,12,40,0.01953125,41,67,0.0
2026-04-30T03:50,12,40,0.01953125,44,75,0.0
2026-04-30T04:50,11,40,0.01953125,44,78,0.0
2026-04-30T05:50,11,40,0.01953125,44,78,0.0
2026-04-30T06:50,12,40,0.01953125,44,77,0.0
2026-04-30T07:20,13,40,0.01953125,44,74,0.0
2026-04-30T07:50,13,40,0.01953125,44,71,0.0
2026-04-30T08:20,14,40,0.01953125,44,71,0.0
2026-04-30T08:50,15,40,0.01953125,44,71,0.0
2026-04-30T09:20,15,40,0.01953125,44,71,0.0
2026-04-30T09:50,14,40,0.01953125,44,71,0.0
2026-04-30T10:20,15,40,0.01953125,43,71,0.0
2026-04-30T10:50,15,40,0.01953125,42,71,0.0
2026-04-30T11:20,15,40,0.01953125,42,71,0.0
2026-04-30T11:50,17,40,0.01953125,41,71,0.0
2026-04-30T12:20,16,40,0.01953125,41,71,0.0
2026-04-30T12:50,16,40,0.01953125,41,71,0.0
2026-04-30T13:20,17,40,0.01953125,41,72,0.0
2026-04-30T13:50,18,40,0.01953125,41,73,0.0
2026-04-30T14:20,18,40,0.01953125,41,75,0.0
2026-04-30T14:50,18,40,0.01953125,41,76,0.0
2026-04-30T15:20,18,40,0.01953125,41,76,0.0
2026-04-30T15:50,18,40,0.01953125,41,76,0.0
2026-04-30T16:20,18,40,0.01953125,41,76,0.0
2026-04-30T16:50,19,40,0.01953125,40,78,0.0
2026-04-30T17:20,18,40,0.01953125,40,78,0.0
2026-04-30T17:50,18,40,0.01953125,40,78,0.0
2026-04-30T18:20,17,40,0.01953125,40,78,0.0
2026-04-30T18:50,17,40,0.01953125,40,78,0.0
2026-04-30T19:20,16,40,0.01953125,40,78,0.0
2026-04-30T19:50,16,40,0.01953125,40,76,0.0
2026-04-30T20:20,15,40,0.01953125,40,75,0.0
2026-04-30T20:50,14,40,0.01953125,40,73,0.0
2026-04-30T21:20,14,40,0.01953125,40,72,0.0
2026-04-30T21:50,14,40,0.01953125,40,72,0.0
2026-04-30T22:20,13,40,0.01953125,40,69,0.0
2026-04-30T22:50,13,40,0.01953125,40,69,0.0
2026-04-30T23:20,13,40,0.01953125,40,67,0.0
2026-04-30T23:50,12,40,0.01953125,40,66,0.0
2026-05-01T00:20,11,40,0.01953125,40,66,0.0
2026-05-01T00:50,12,40,0.01953125,40,66,0.0
2026-05-01T01:20,11,40,0.01953125,40,66,0.0
2026-05-01T01:50,11,40,0.01953125,41,67,0.0
2026-05-01T02:20,11,40,0.01953125,41,67,0.0
2026-05-01T02:50,12,40,0.01953125,41,67,0.0
2026-05-01T03:20,12,40,0.01953125,43,72,0.0
2026-05-01T03:50,10,40,0.01953125,44,75,0.0
2026-05-01T04:20,10,40,0.01953125,44,76,0.0
2026-05-01T04:50,10,40,0.01953125,44,78,0.0
2026-05-01T05:20,10,40,0.01953125,44,78,0.0
2026-05-01T05:50,10,40,0.01953125,44,78,0.0
2026-05-01T06:20,11,40,0.01953125,44,78,0.0
2026-05-01T06:50,11,40,0.01953125,44,77,0.0
2026-05-01T07:20,12,40,0.01953125,44,74,0.0
2026-05-01T07:50,13,40,0.01953125,44,71,0.0
2026-05-01T08:20,14,40,0.01953125,44,71,0.0
2026-05-01T08:50,15,40,0.01953125,44,71,0.0
2026-05-01T10:20,17,40,0.01953125,43,71,0.0
2026-05-01T10:50,18,40,0.01953125,42,71,0.0
2026-05-01T11:20,20,40,0.01953125,41,71,0.0
2026-05-01T11:50,20,40,0.01953125,41,71,0.0
2026-05-01T12:20,21,40,0.01953125,41,71,0.0
2026-05-01T12:50,22,40,0.01953125,41,71,0.0
2026-05-01T13:20,24,40,0.01953125,41,71,0.0
2026-05-01T13:50,24,40,0.01953125,41,71,0.0
2026-05-01T14:20,24,40,0.01953125,41,71,0.0
2026-05-01T14:50,24,40,0.01953125,41,73,0.0
2026-05-01T15:20,24,40,0.01953125,41,73,0.0
2026-05-01T15:50,24,40,0.01953125,41,73,0.0
2026-05-01T16:20,24,40,0.01953125,41,76,0.0
2026-05-01T16:50,24,40,0.01953125,40,77,0.0
2026-05-01T17:20,23,40,0.01953125,40,78,0.0
2026-05-01T17:50,23,40,0.01953125,40,78,0.0
2026-05-01T18:20,22,40,0.01953125,40,78,0.0
2026-05-01T18:50,22,40,0.01953125,40,78,0.0
2026-05-01T19:20,21,40,0.01953125,40,78,0.0
2026-05-01T19:50,20,40,0.01953125,40,78,0.0
2026-05-01T20:20,20,40,0.01953125,40,77,0.0
2026-05-01T20:50,19,40,0.01953125,40,74,0.0
2026-05-01T21:20,19,40,0.01953125,40,74,0.0
2026-05-01T21:50,18,40,0.01953125,40,74,0.0
2026-05-01T22:20,18,40,0.01953125,40,73,0.0
2026-05-01T22:50,18,40,0.01953125,40,70,0.0
2026-05-01T23:20,17,40,0.01953125,40,70,0.0
2026-05-01T23:50,16,40,0.01953125,40,68,0.0
2026-05-02T00:20,16,40,0.01953125,40,67,0.0
2026-05-02T00:50,15,40,0.01953125,40,67,0.0
2026-05-02T01:20,14,40,0.01953125,40,67,0.0
2026-05-02T01:50,13,40,0.01953125,41,67,0.0
2026-05-02T02:20,13,40,0.01953125,41,67,0.0
2026-05-02T02:50,12,40,0.01953125,41,67,0.0
2026-05-02T03:20,12,40,0.01953125,43,71,0.0
2026-05-02T03:50,12,40,0.01953125,44,73,0.0
2026-05-02T04:20,12,40,0.01953125,44,75,0.0
2026-05-02T04:50,11,40,0.01953125,44,78,0.0
2026-05-02T05:20,11,40,0.01953125,44,78,0.0
2026-05-02T05:50,11,40,0.01953125,44,78,0.0
2026-05-02T06:20,11,40,0.01953125,44,78,0.0
2026-05-02T06:50,11,40,0.01953125,44,77,0.0
2026-05-02T07:20,11,40,0.01953125,44,74,0.0
2026-05-02T07:50,11,40,0.01953125,44,71,0.0
2026-05-02T08:20,12,40,0.01953125,44,71,0.0
2026-05-02T08:50,13,40,0.01953125,44,71,0.0
2026-05-02T09:20,14,40,0.01953125,44,71,0.0
2026-05-02T09:50,15,40,0.01953125,43,71,0.0
2026-05-02T10:20,16,40,0.01953125,43,71,0.0
2026-05-02T10:50,17,40,0.01953125,42,71,0.0
2026-05-02T11:20,17,40,0.01953125,42,71,0.0
2026-05-02T11:50,19,40,0.01953125,41,71,0.0
2026-05-02T12:20,19,40,0.01953125,41,71,0.0
2026-05-02T12:50,21,40,0.01953125,41,71,0.0
2026-05-02T13:20,21,40,0.01953125,41,57,0.0
2026-05-02T13:50,22,40,0.01953125,41,71,0.0
2026-05-02T14:20,22,40,0.01953125,41,73,0.0
2026-05-02T14:50,22,40,0.01953125,41,73,0.0
2026-05-02T15:20,22,40,0.01953125,41,73,0.0
2026-05-02T15:50,23,40,0.01953125,41,76,0.0
2026-05-02T16:20,22,40,0.01953125,40,77,0.0
2026-05-02T16:50,21,40,0.01953125,40,78,0.0
2026-05-02T17:20,20,40,0.01953125,40,78,0.0
2026-05-02T17:50,20,40,0.01953125,40,78,0.0
2026-05-02T18:20,17,40,0.01953125,40,78,0.0
2026-05-02T18:50,17,40,0.01953125,40,78,0.0
2026-05-02T19:20,16,40,0.01953125,40,78,0.0
2026-05-02T19:50,17,40,0.01953125,40,75,0.0
2026-05-02T20:20,16,40,0.01953125,40,73,0.0
2026-05-02T20:50,16,40,0.01953125,40,73,0.0
2026-05-02T21:20,16,40,0.01953125,40,74,0.0
2026-05-02T21:50,16,40,0.01953125,40,73,0.0
2026-05-02T22:20,15,40,0.01953125,40,71,0.0
2026-05-02T22:50,15,40,0.01953125,40,71,0.0
2026-05-02T23:20,15,40,0.01953125,40,68,0.0
2026-05-02T23:50,15,40,0.01953125,40,68,0.0
2026-05-03T00:20,15,40,0.01953125,40,67,0.0
2026-05-03T00:50,15,40,0.01953125,40,67,0.0
2026-05-03T01:20,15,40,0.01953125,40,67,0.0
2026-05-03T01:50,15,40,0.01953125,41,67,0.0
2026-05-03T02:20,15,40,0.01953125,41,67,0.0
2026-05-03T02:50,14,40,0.01953125,41,67,0.0
2026-05-03T03:20,14,40,0.01953125,43,71,0.0
2026-05-03T03:50,14,40,0.01953125,44,75,0.0
2026-05-03T04:20,14,40,0.01953125,44,76,0.0
2026-05-03T04:50,14,40,0.01953125,44,78,0.0
2026-05-03T05:20,14,40,0.01953125,44,78,0.0
2026-05-03T05:50,14,40,0.01953125,44,78,0.0
2026-05-03T06:20,14,40,0.01953125,44,78,0.0
2026-05-03T06:50,14,40,0.01953125,44,78,0.0
2026-05-03T07:20,14,40,0.01953125,44,74,0.0
2026-05-03T07:50,14,40,0.01953125,44,71,0.0
2026-05-03T08:20,15,40,0.01953125,44,71,0.0
2026-05-03T08:50,15,40,0.01953125,44,71,0.0
2026-05-03T09:20,15,40,0.01953125,44,71,0.0
2026-05-03T09:50,16,40,0.01953125,43,71,0.0
2026-05-03T10:20,16,40,0.01953125,43,71,0.0
2026-05-03T10:50,17,40,0.01953125,42,71,0.0
2026-05-03T11:20,17,40,0.01953125,42,71,0.0
2026-05-03T11:50,17,40,0.01953125,41,71,0.0
2026-05-03T12:20,17,40,0.01953125,41,71,0.0
2026-05-03T12:50,19,40,0.01953125,41,71,0.0
2026-05-03T13:20,18,40,0.01953125,41,71,0.0
2026-05-03T13:50,19,40,0.01953125,41,71,0.0
2026-05-03T14:20,19,40,0.01953125,41,73,0.0
2026-05-03T14:50,19,40,0.01953125,41,73,0.0
2026-05-03T15:20,19,40,0.01953125,41,73,0.0
2026-05-03T15:50,20,40,0.01953125,41,76,0.0
2026-05-03T16:20,19,40,0.01953125,40,77,0.0
2026-05-03T16:50,19,40,0.01953125,40,78,0.0
2026-05-03T17:20,20,40,0.01953125,40,78,0.0
2026-05-03T17:50,19,40,0.01953125,40,78,0.0
2026-05-03T18:20,19,40,0.01953125,40,78,0.0
2026-05-03T18:50,19,40,0.01953125,40,78,0.0
2026-05-03T19:20,19,40,0.01953125,40,78,0.0
2026-05-03T19:50,18,40,0.01953125,40,76,0.0
2026-05-03T20:20,18,40,0.01953125,40,75,0.0
2026-05-03T20:50,18,40,0.01953125,40,73,0.0
2026-05-03T21:20,18,40,0.01953125,40,73,0.0
2026-05-03T21:50,17,40,0.01953125,40,71,0.0
2026-05-03T22:20,17,40,0.01953125,40,71,0.0
2026-05-03T22:50,16,40,0.01953125,40,71,0.0
2026-05-03T23:20,16,40,0.01953125,40,68,0.0
2026-05-03T23:50,15,40,0.01953125,40,68,0.0
2026-05-04T00:20,15,40,0.01953125,40,67,0.0
2026-05-04T00:50,15,40,0.01953125,40,67,0.0
2026-05-04T01:20,14,40,0.01953125,40,67,0.0
2026-05-04T01:50,14,40,0.01953125,41,67,0.0
2026-05-04T02:20,15,40,0.01953125,41,67,0.0
2026-05-04T02:50,14,40,0.01953125,41,67,0.0
2026-05-04T03:20,13,40,0.01953125,43,70,0.0
2026-05-04T03:50,13,40,0.01953125,44,74,0.0
2026-05-04T04:20,13,40,0.01953125,44,75,0.0
2026-05-04T04:50,13,40,0.01953125,44,77,0.0
2026-05-04T05:20,13,40,0.01953125,44,77,0.0
2026-05-04T05:50,13,40,0.01953125,44,78,0.0
2026-05-04T06:20,13,40,0.01953125,44,78,0.0
2026-05-04T06:50,12,40,0.01953125,44,78,0.0
2026-05-04T07:20,12,40,0.01953125,44,74,0.0
2026-05-04T07:50,12,40,0.01953125,44,71,0.0
2026-05-04T08:20,12,40,0.01953125,44,71,0.0
2026-05-04T08:50,12,40,0.01953125,44,71,0.0
2026-05-04T09:20,12,40,0.01953125,44,71,0.0
2026-05-04T09:50,13,40,0.01953125,44,71,0.0
2026-05-04T10:20,13,40,0.01953125,43,71,0.0
2026-05-04T10:50,13,40,0.01953125,42,71,0.0
2026-05-04T11:20,14,40,0.01953125,42,71,0.0
2026-05-04T11:50,14,40,0.01953125,41,71,0.0
2026-05-04T12:20,14,40,0.01953125,41,71,0.0
2026-05-04T12:50,14,40,0.01953125,41,71,0.0
2026-05-04T13:20,15,40,0.01953125,41,71,0.0
2026-05-04T13:50,15,40,0.01953125,41,71,0.0
2026-05-04T14:20,15,40,0.01953125,41,73,0.0
2026-05-04T14:50,15,40,0.01953125,41,73,0.0
2026-05-04T15:20,15,40,0.01953125,41,73,0.0
2026-05-04T15:50,15,40,0.01953125,40,76,0.0
2026-05-04T16:20,15,40,0.01953125,40,77,0.0
2026-05-04T16:50,14,40,0.01953125,40,78,0.0
2026-05-04T17:20,14,40,0.01953125,40,78,0.0
2026-05-04T17:50,15,40,0.01953125,40,78,0.0
2026-05-04T18:20,15,40,0.01953125,40,78,0.0
2026-05-04T18:50,15,40,0.01953125,40,78,0.0
2026-05-04T19:20,15,40,0.01953125,40,78,0.0
2026-05-04T19:50,15,40,0.01953125,40,75,0.0
2026-05-04T20:20,14,40,0.01953125,40,75,0.0
2026-05-04T20:50,14,40,0.01953125,40,73,0.0
2026-05-04T21:20,13,40,0.01953125,40,74,0.0
2026-05-04T21:50,14,40,0.01953125,40,71,0.0
2026-05-04T22:20,13,40,0.01953125,40,71,0.0
2026-05-04T22:50,13,40,0.01953125,40,71,0.0
2026-05-04T23:20,13,40,0.01953125,40,68,0.0
2026-05-04T23:50,12,40,0.01953125,40,67,0.0
2026-05-05T00:20,12,40,0.01953125,40,67,0.0
2026-05-05T00:50,12,40,0.01953125,40,67,0.0
2026-05-05T01:20,12,40,0.01953125,40,67,0.0
2026-05-05T01:50,11,40,0.01953125,41,67,0.0
2026-05-05T02:20,11,40,0.01953125,41,67,0.0
2026-05-05T02:50,11,40,0.01953125,41,67,0.0
2026-05-05T03:20,11,40,0.01953125,43,68,0.0
2026-05-05T03:50,11,40,0.01953125,44,75,0.0
2026-05-05T04:20,11,40,0.01953125,44,76,0.0
2026-05-05T04:50,11,40,0.01953125,44,78,0.0
2026-05-05T05:20,11,40,0.01953125,44,78,0.0
2026-05-05T05:50,11,40,0.01953125,44,78,0.0
2026-05-05T06:20,11,40,0.01953125,44,78,0.0
2026-05-05T06:50,11,40,0.01953125,44,78,0.0
2026-05-05T07:20,11,40,0.01953125,44,74,0.0
2026-05-05T07:50,11,40,0.01953125,44,71,0.0
2026-05-05T08:20,12,40,0.01953125,44,71,0.0
2026-05-05T08:50,12,40,0.01953125,44,71,0.0
2026-05-05T09:20,12,40,0.01953125,44,71,0.0
2026-05-05T09:50,13,40,0.01953125,44,71,0.0
2026-05-05T10:20,13,40,0.01953125,43,71,0.0
2026-05-05T10:50,13,40,0.01953125,42,71,0.0
2026-05-05T11:20,14,40,0.01953125,42,71,0.0
2026-05-05T11:50,15,40,0.01953125,41,71,0.0
2026-05-05T12:20,15,40,0.01953125,41,71,0.0
2026-05-05T12:50,16,40,0.01953125,41,71,0.0
2026-05-05T13:20,16,40,0.01953125,41,71,0.0
2026-05-05T13:50,16,40,0.01953125,41,71,0.0
2026-05-05T14:20,16,40,0.01953125,41,73,0.0
2026-05-05T14:50,16,40,0.01953125,41,73,0.0
2026-05-05T15:20,16,40,0.01953125,41,73,0.0
2026-05-05T15:50,16,40,0.01953125,40,76,0.0
2026-05-05T16:20,16,40,0.01953125,40,77,0.0
2026-05-05T16:50,15,40,0.01953125,40,78,0.0
2026-05-05T17:20,15,40,0.01953125,40,78,0.0
2026-05-05T17:50,15,40,0.01953125,40,78,0.0
2026-05-05T18:20,15,40,0.01953125,40,78,0.0
2026-05-05T18:50,14,40,0.01953125,40,78,0.0
2026-05-05T19:20,14,40,0.01953125,40,78,0.0
2026-05-05T19:50,14,40,0.01953125,40,76,0.0
2026-05-05T20:20,13,40,0.01953125,40,73,0.0
2026-05-05T20:50,13,40,0.01953125,40,73,0.0
2026-05-05T21:20,13,40,0.01953125,40,74,0.0
2026-05-05T21:50,12,40,0.01953125,40,72,0.0
2026-05-05T22:20,12,40,0.01953125,40,71,0.0
2026-05-05T22:50,11,40,0.01953125,40,71,0.0
2026-05-05T23:20,12,40,0.01953125,40,68,0.0
2026-05-05T23:50,11,40,0.01953125,40,67,0.0
2026-05-06T00:20,11,40,0.01953125,40,67,0.0
2026-05-06T00:50,11,40,0.01953125,40,67,0.0
2026-05-06T01:20,10,40,0.01953125,40,67,0.0
2026-05-06T01:50,10,40,0.01953125,41,67,0.0
2026-05-06T02:20,10,40,0.01953125,41,67,0.0
2026-05-06T02:50,10,40,0.01953125,41,67,0.0
2026-05-06T03:20,10,40,0.01953125,43,73,0.0
2026-05-06T03:50,10,40,0.01953125,44,75,0.0
2026-05-06T04:20,9,40,0.01953125,44,76,0.0
2026-05-06T04:50,9,40,0.01953125,44,78,0.0
2026-05-06T05:20,9,40,0.01953125,44,78,0.0
2026-05-06T05:50,9,40,0.01953125,44,78,0.0
2026-05-06T06:20,8,40,0.01953125,44,78,0.0
2026-05-06T06:50,8,40,0.01953125,44,78,0.0
2026-05-06T07:20,8,40,0.01953125,44,74,0.0
2026-05-06T07:50,9,40,0.01953125,44,72,0.0
2026-05-06T08:20,9,40,0.01953125,44,71,0.0
2026-05-06T08:50,10,40,0.01953125,44,71,0.0
2026-05-06T09:20,10,40,0.01953125,44,71,0.0
2026-05-06T09:50,11,40,0.01953125,44,71,0.0
2026-05-06T10:20,11,40,0.01953125,43,71,0.0
2026-05-06T10:50,11,40,0.01953125,42,71,0.0
2026-05-06T11:20,11,40,0.01953125,42,71,0.0
2026-05-06T11:50,12,40,0.01953125,41,71,0.0
2026-05-06T12:20,12,40,0.01953125,41,71,0.0
2026-05-06T12:50,12,40,0.01953125,41,71,0.0
2026-05-06T13:50,12,40,0.01953125,41,71,0.0
2026-05-06T14:20,12,40,0.01953125,41,73,0.0
2026-05-06T14:50,12,40,0.01953125,41,74,0.0
2026-05-06T15:20,12,40,0.01953125,41,74,0.0
2026-05-06T15:50,13,40,0.01953125,41,75,0.0
2026-05-06T16:20,13,40,0.01953125,40,77,0.0
2026-05-06T16:50,13,40,0.01953125,40,78,0.0
2026-05-06T17:20,13,40,0.01953125,40,78,0.0
2026-05-06T17:50,13,40,0.01953125,40,78,0.0
2026-05-06T18:20,12,40,0.01953125,40,78,0.0
2026-05-06T18:50,12,40,0.01953125,40,78,0.0
2026-05-06T19:50,12,40,0.01953125,40,76,0.0
2026-05-06T20:20,12,40,0.01953125,40,75,0.0
2026-05-06T20:50,12,40,0.01953125,40,73,0.0
2026-05-06T21:20,11,40,0.01953125,40,74,0.0
2026-05-06T21:50,11,40,0.01953125,40,72,0.0
2026-05-06T22:20,11,40,0.01953125,40,71,0.0
2026-05-06T22:50,10,40,0.01953125,40,71,0.0
2026-05-06T23:20,10,40,0.01953125,40,68,0.0
2026-05-06T23:50,10,40,0.01953125,40,67,0.0
2026-05-07T00:20,10,40,0.01953125,40,67,0.0
2026-05-07T00:50,10,40,0.01953125,40,67,0.0
2026-05-07T01:20,10,40,0.01953125,40,67,0.0
2026-05-07T01:50,10,40,0.01953125,41,67,0.0
2026-05-07T02:20,10,40,0.01953125,41,67,0.0
2026-05-07T02:50,10,40,0.01953125,41,67,0.0
2026-05-07T03:20,10,40,0.01953125,43,73,0.0
2026-05-07T03:50,10,40,0.01953125,44,75,0.0
2026-05-07T04:20,10,40,0.01953125,44,76,0.0
2026-05-07T04:50,9,40,0.01953125,44,78,0.0
2026-05-07T05:20,9,40,0.01953125,44,78,0.0
2026-05-07T05:50,9,40,0.01953125,44,78,0.0
2026-05-07T06:20,9,40,0.01953125,44,78,0.0
2026-05-07T06:50,9,40,0.01953125,44,78,0.0
2026-05-07T07:20,10,40,0.01953125,44,74,0.0
2026-05-07T07:50,10,40,0.01953125,44,72,0.0
2026-05-07T08:20,10,40,0.01953125,44,71,0.0
2026-05-07T08:50,11,40,0.01953125,44,71,0.0
2026-05-07T09:20,12,40,0.01953125,44,71,0.0
2026-05-07T09:50,12,40,0.01953125,44,71,0.0
2026-05-07T10:20,12,40,0.01953125,43,71,0.0
2026-05-07T10:50,13,40,0.01953125,42,71,0.0
2026-05-07T11:20,13,40,0.01953125,42,71,0.0
2026-05-07T11:50,13,40,0.01953125,41,71,0.0
2026-05-07T12:20,14,40,0.01953125,41,71,0.0
2026-05-07T12:50,13,40,0.01953125,41,71,0.0
2026-05-07T13:20,14,40,0.01953125,41,71,0.0
2026-05-07T13:50,14,40,0.01953125,41,71,0.0
2026-05-07T14:20,13,40,0.01953125,41,73,0.0
2026-05-07T14:50,14,40,0.01953125,41,74,0.0
2026-05-07T15:20,14,40,0.01953125,41,74,0.0
2026-05-07T15:50,14,40,0.01953125,41,75,0.0
2026-05-07T16:20,14,40,0.01953125,40,77,0.0
2026-05-07T16:50,14,40,0.01953125,40,78,0.0
2026-05-07T17:20,14,40,0.01953125,40,78,0.0
2026-05-07T17:50,13,40,0.01953125,40,78,0.0
2026-05-07T18:20,13,40,0.01953125,40,78,0.0
2026-05-07T18:50,13,40,0.01953125,40,78,0.0
2026-05-07T19:20,13,40,0.01953125,40,78,0.0
2026-05-07T19:50,13,40,0.01953125,40,76,0.0
2026-05-07T20:20,12,40,0.01953125,40,75,0.0
2026-05-07T20:50,12,40,0.01953125,40,73,0.0
2026-05-07T21:20,12,40,0.01953125,40,74,0.0
2026-05-07T21:50,12,40,0.01953125,40,72,0.0
2026-05-07T22:20,12,40,0.01953125,40,71,0.0
2026-05-07T22:50,12,40,0.01953125,40,71,0.0
2026-05-07T23:20,11,40,0.01953125,40,68,0.0
2026-05-07T23:50,11,40,0.01953125,40,67,0.0
2026-05-08T00:20,11,40,0.01953125,40,67,0.0
2026-05-08T00:50,10,40,0.01953125,40,67,0.0
2026-05-08T01:20,10,40,0.01953125,40,67,0.0
2026-05-08T01:50,9,40,0.01953125,41,67,0.0
2026-05-08T02:20,9,40,0.01953125,41,67,0.0
2026-05-08T02:50,9,40,0.01953125,41,67,0.0
2026-05-08T03:20,9,40,0.01953125,43,68,0.0
2026-05-08T03:50,9,40,0.01953125,44,75,0.0
2026-05-08T04:20,8,40,0.01953125,44,76,0.0
2026-05-08T04:50,8,40,0.01953125,44,78,0.0
2026-05-08T05:20,8,40,0.01953125,44,78,0.0
2026-05-08T05:50,8,40,0.01953125,44,78,0.0
2026-05-08T06:20,9,40,0.01953125,44,78,0.0
2026-05-08T06:50,9,40,0.01953125,44,78,0.0
2026-05-08T07:20,10,40,0.01953125,44,74,0.0
2026-05-08T07:50,11,40,0.01953125,44,71,0.0
2026-05-08T08:20,12,40,0.01953125,44,71,0.0
2026-05-08T08:50,13,40,0.01953125,44,71,0.0
2026-05-08T09:20,14,40,0.01953125,44,71,0.0
2026-05-08T09:50,15,40,0.01953125,43,71,0.0
2026-05-08T10:20,16,40,0.01953125,43,71,0.0
2026-05-08T10:50,16,40,0.01953125,42,71,0.0
2026-05-08T11:20,16,40,0.01953125,42,71,0.0
2026-05-08T11:50,17,40,0.01953125,41,71,0.0
2026-05-08T12:20,17,40,0.01953125,41,71,0.0
2026-05-08T12:50,17,40,0.01953125,41,71,0.0
2026-05-08T13:20,17,40,0.01953125,41,71,0.0
2026-05-08T13:50,17,40,0.01953125,41,71,0.0
2026-05-08T14:20,18,40,0.01953125,41,74,0.0
2026-05-08T14:50,18,40,0.01953125,41,74,0.0
2026-05-08T15:20,18,40,0.01953125,41,74,0.0
2026-05-08T15:50,18,40,0.01953125,41,75,0.0
2026-05-08T16:20,18,40,0.01953125,40,77,0.0
2026-05-08T16:50,18,40,0.01953125,40,78,0.0
2026-05-08T17:20,18,40,0.01953125,40,78,0.0
2026-05-08T17:50,18,40,0.01953125,40,78,0.0
2026-05-08T19:20,16,40,0.01953125,40,78,0.0
2026-05-08T19:50,15,40,0.01953125,40,75,0.0
2026-05-08T20:20,15,40,0.01953125,40,73,0.0
2026-05-08T20:50,14,40,0.01953125,40,73,0.0
2026-05-08T21:20,13,40,0.01953125,40,74,0.0
2026-05-08T21:50,13,40,0.01953125,40,71,0.0
2026-05-08T22:20,13,40,0.01953125,40,71,0.0
2026-05-08T22:50,12,40,0.01953125,40,71,0.0
2026-05-08T23:20,13,40,0.01953125,40,68,0.0
2026-05-08T23:50,12,40,0.01953125,40,67,0.0
2026-05-09T00:20,12,40,0.01953125,40,67,0.0
2026-05-09T00:50,10,40,0.01953125,40,67,0.0
2026-05-09T01:20,10,40,0.01953125,40,67,0.0
2026-05-09T01:50,10,40,0.01953125,41,67,0.0
2026-05-09T02:20,11,40,0.01953125,41,67,0.0
2026-05-09T02:50,11,40,0.01953125,41,67,0.0
2026-05-09T03:20,10,40,0.01953125,43,73,0.0
2026-05-09T03:50,10,40,0.01953125,44,75,0.0
2026-05-09T04:20,10,40,0.01953125,44,76,0.0
2026-05-09T04:50,10,40,0.01953125,44,78,0.0
2026-05-09T05:20,9,40,0.01953125,44,78,0.0
2026-05-09T05:50,10,40,0.01953125,44,78,0.0
2026-05-09T06:20,10,40,0.01953125,44,78,0.0
2026-05-09T06:50,11,40,0.01953125,44,78,0.0
2026-05-09T07:20,11,40,0.01953125,44,75,0.0
2026-05-09T07:50,12,40,0.01953125,44,71,0.0
2026-05-09T08:20,13,40,0.01953125,44,71,0.0
2026-05-09T08:50,14,40,0.01953125,44,71,0.0
2026-05-09T09:20,15,40,0.01953125,44,71,0.0
2026-05-09T09:50,16,40,0.01953125,43,71,0.0
2026-05-09T10:20,16,40,0.01953125,43,71,0.0
2026-05-09T10:50,17,40,0.01953125,42,71,0.0
2026-05-09T11:20,18,40,0.01953125,42,71,0.0
2026-05-09T11:50,18,40,0.01953125,41,71,0.0
2026-05-09T12:20,18,40,0.01953125,41,71,0.0
2026-05-09T12:50,19,40,0.01953125,41,71,0.0
2026-05-09T13:20,19,40,0.01953125,41,72,0.0
2026-05-09T13:50,19,40,0.01953125,41,72,0.0
2026-05-09T14:20,20,40,0.01953125,41,74,0.0
2026-05-09T14:50,20,40,0.01953125,41,74,0.0
2026-05-09T15:20,19,40,0.01953125,41,74,0.0
2026-05-09T15:50,20,40,0.01953125,41,77,0.0
2026-05-09T16:20,20,40,0.01953125,41,77,0.0
2026-05-09T16:50,19,40,0.01953125,40,78,0.0
2026-05-09T17:20,18,40,0.01953125,40,78,0.0
2026-05-09T17:50,18,40,0.01953125,40,78,0.0
2026-05-09T18:20,18,40,0.01953125,40,78,0.0
2026-05-09T18:50,17,40,0.01953125,40,78,0.0
2026-05-09T19:20,17,40,0.01953125,40,78,0.0
2026-05-09T19:50,16,40,0.01953125,40,75,0.0
2026-05-09T20:20,15,40,0.01953125,40,73,0.0
2026-05-09T20:50,15,40,0.01953125,40,73,0.0
2026-05-09T21:20,14,40,0.01953125,40,72,0.0
2026-05-09T21:50,14,40,0.01953125,40,71,0.0
2026-05-09T22:20,14,40,0.01953125,40,71,0.0
2026-05-09T22:50,13,40,0.01953125,40,71,0.0
2026-05-09T23:20,13,40,0.01953125,40,68,0.0
2026-05-09T23:50,13,40,0.01953125,40,68,0.0
2026-05-10T00:20,12,40,0.01953125,40,67,0.0
2026-05-10T00:50,12,40,0.01953125,40,67,0.0
2026-05-10T01:20,11,40,0.01953125,40,67,0.0
2026-05-10T01:50,11,40,0.01953125,41,67,0.0
2026-05-10T02:20,10,40,0.01953125,41,67,0.0
2026-05-10T02:50,10,40,0.01953125,41,67,0.0
2026-05-10T03:20,9,40,0.01953125,44,75,0.0
2026-05-10T03:50,10,40,0.01953125,44,75,0.0
2026-05-10T04:20,10,40,0.01953125,44,76,0.0
2026-05-10T04:50,10,40,0.01953125,44,78,0.0
2026-05-10T05:20,10,40,0.01953125,44,78,0.0
2026-05-10T05:50,10,40,0.01953125,44,78,0.0
2026-05-10T06:20,10,40,0.01953125,44,78,0.0
2026-05-10T06:50,10,40,0.01953125,44,78,0.0
2026-05-10T07:20,10,40,0.01953125,44,75,0.0
2026-05-10T07:50,10,40,0.01953125,44,72,0.0
2026-05-10T08:20,11,40,0.01953125,44,71,0.0
2026-05-10T08:50,11,40,0.01953125,44,71,0.0
2026-05-10T09:20,12,40,0.01953125,44,71,0.0
2026-05-10T09:50,12,40,0.01953125,44,71,0.0
2026-05-10T10:20,12,40,0.01953125,43,71,0.0
2026-05-10T10:50,12,40,0.01953125,42,71,0.0
2026-05-10T11:20,12,40,0.01953125,42,71,0.0
2026-05-10T11:50,12,40,0.01953125,41,71,0.0
2026-05-10T12:20,12,40,0.01953125,41,71,0.0
2026-05-10T12:50,12,40,0.01953125,41,71,0.0
2026-05-10T13:20,12,40,0.01953125,41,71,0.0
2026-05-10T13:50,12,40,0.01953125,41,72,0.0
2026-05-10T14:20,12,40,0.01953125,41,74,0.0
2026-05-10T14:50,12,40,0.01953125,41,74,0.0
2026-05-10T15:20,12,40,0.01953125,41,74,0.0
2026-05-10T15:50,12,40,0.01953125,41,77,0.0
2026-05-10T16:20,12,40,0.01953125,40,77,0.0
2026-05-10T16:50,12,40,0.01953125,40,78,0.0
2026-05-10T17:20,12,40,0.01953125,40,78,0.0
2026-05-10T17:50,13,40,0.01953125,40,78,0.0
2026-05-10T18:20,12,40,0.01953125,40,78,0.0
2026-05-10T18:50,12,40,0.01953125,40,78,0.0
2026-05-10T19:20,12,40,0.01953125,40,78,0.0
2026-05-10T19:50,12,40,0.01953125,40,76,0.0
2026-05-10T20:20,11,40,0.01953125,40,75,0.0
2026-05-10T20:50,11,40,0.01953125,40,73,0.0
2026-05-10T21:20,10,40,0.01953125,40,72,0.0
2026-05-10T21:50,9,40,0.01953125,40,71,0.0
2026-05-10T22:20,9,40,0.01953125,40,71,0.0
2026-05-10T22:50,8,40,0.01953125,40,71,0.0
2026-05-10T23:20,8,40,0.01953125,40,68,0.0
2026-05-10T23:50,7,40,0.01953125,40,67,0.0
2026-05-11T00:20,7,40,0.01953125,40,67,0.0
2026-05-11T00:50,7,40,0.01953125,40,67,0.0
2026-05-11T01:20,6,40,0.01953125,40,67,0.0
2026-05-11T01:50,6,40,0.01953125,41,67,0.0
2026-05-11T02:20,6,40,0.01953125,41,67,0.0
2026-05-11T02:50,6,40,0.01953125,41,67,0.0
2026-05-11T03:20,5,40,0.01953125,42,67,0.0
2026-05-11T03:50,5,40,0.01953125,44,75,0.0
2026-05-11T04:20,5,40,0.01953125,44,75,0.0
2026-05-11T04:50,5,40,0.01953125,44,76,0.0
2026-05-11T05:20,5,40,0.01953125,44,78,0.0
2026-05-11T05:50,6,40,0.01953125,44,78,0.0
2026-05-11T06:20,7,40,0.01953125,44,78,0.0
2026-05-11T06:50,8,40,0.01953125,44,78,0.0
2026-05-11T07:20,8,40,0.01953125,44,75,0.0
2026-05-11T07:50,9,40,0.01953125,44,72,0.0
2026-05-11T08:20,10,40,0.01953125,44,71,0.0
2026-05-11T08:50,10,40,0.01953125,44,71,0.0
2026-05-11T09:20,10,40,0.01953125,44,71,0.0
2026-05-11T09:50,9,40,0.01953125,44,71,0.0
2026-05-11T10:20,9,40,0.01953125,43,71,0.0
2026-05-11T10:50,10,40,0.01953125,42,71,0.0
2026-05-11T11:20,10,40,0.01953125,42,71,0.0
2026-05-11T11:50,10,40,0.01953125,42,71,0.0
2026-05-11T12:20,10,40,0.01953125,41,71,0.0
2026-05-11T12:50,9,40,0.01953125,41,71,0.0
2026-05-11T13:20,8,40,0.01953125,41,71,0.0
2026-05-11T13:50,9,40,0.01953125,41,71,0.0
2026-05-11T14:20,10,40,0.01953125,41,73,0.0
2026-05-11T14:50,10,40,0.01953125,41,73,0.0
2026-05-11T15:20,10,40,0.01953125,41,73,0.0
2026-05-11T15:50,10,40,0.01953125,41,75,0.0
2026-05-11T16:20,11,40,0.01953125,40,77,0.0
2026-05-11T16:50,12,40,0.01953125,40,78,0.0
2026-05-11T17:20,11,40,0.01953125,40,78,0.0
2026-05-11T17:50,11,40,0.01953125,40,78,0.0
2026-05-11T18:20,12,40,0.01953125,40,78,0.0
2026-05-11T18:50,12,40,0.01953125,40,78,0.0
2026-05-11T19:20,11,40,0.01953125,40,78,0.0
2026-05-11T19:50,11,40,0.01953125,40,76,0.0
2026-05-11T20:20,10,40,0.01953125,40,76,0.0
2026-05-11T20:50,10,40,0.01953125,40,73,0.0
2026-05-11T21:20,9,40,0.01953125,40,72,0.0
2026-05-11T21:50,9,40,0.01953125,40,72,0.0
2026-05-11T22:20,9,40,0.01953125,40,71,0.0
2026-05-11T22:50,8,40,0.01953125,40,71,0.0
2026-05-11T23:20,8,40,0.01953125,40,68,0.0
2026-05-11T23:50,8,40,0.01953125,40,67,0.0
2026-05-12T00:20,7,40,0.01953125,40,67,0.0
2026-05-12T00:50,7,40,0.01953125,40,67,0.0
2026-05-12T01:20,7,40,0.01953125,40,67,0.0
2026-05-12T01:50,7,40,0.01953125,41,67,0.0
2026-05-12T02:20,5,40,0.01953125,41,67,0.0
2026-05-12T02:50,6,40,0.01953125,41,67,0.0
2026-05-12T03:20,5,40,0.01953125,43,68,0.0
2026-05-12T03:50,5,40,0.01953125,44,75,0.0
2026-05-12T04:20,5,40,0.01953125,44,75,0.0
2026-05-12T04:50,5,40,0.01953125,44,76,0.0
2026-05-12T05:20,5,40,0.01953125,44,78,0.0
2026-05-12T05:50,5,40,0.01953125,44,78,0.0
2026-05-12T06:20,5,40,0.01953125,44,78,0.0
2026-05-12T06:50,6,40,0.01953125,44,78,0.0
2026-05-12T07:20,8,40,0.01953125,44,75,0.0
2026-05-12T07:50,9,40,0.01953125,44,72,0.0
2026-05-12T08:20,10,40,0.01953125,44,71,0.0
2026-05-12T08:50,11,40,0.01953125,44,71,0.0
2026-05-12T09:20,12,40,0.01953125,44,71,0.0
2026-05-12T09:50,12,40,0.01953125,44,71,0.0
2026-05-12T10:20,13,40,0.01953125,43,71,0.0
2026-05-12T10:50,14,40,0.01953125,42,71,0.0
2026-05-12T11:20,14,40,0.01953125,42,71,0.0
2026-05-12T11:50,14,40,0.01953125,41,71,0.0
2026-05-12T12:20,15,40,0.01953125,41,71,0.0
2026-05-12T12:50,16,40,0.01953125,41,71,0.0
2026-05-12T13:20,15,40,0.01953125,41,71,0.0
2026-05-12T13:50,15,40,0.01953125,41,71,0.0
2026-05-12T14:20,15,40,0.01953125,41,73,0.0
2026-05-12T14:50,17,40,0.01953125,41,73,0.0
2026-05-12T15:20,16,40,0.01953125,41,73,0.0
2026-05-12T15:50,16,40,0.01953125,40,75,0.0
2026-05-12T16:20,15,40,0.01953125,40,77,0.0
2026-05-12T16:50,16,40,0.01953125,40,78,0.0
2026-05-12T17:20,15,40,0.01953125,40,78,0.0
2026-05-12T17:50,15,40,0.01953125,40,78,0.0
2026-05-12T18:20,15,40,0.01953125,40,78,0.0
2026-05-12T18:50,13,40,0.01953125,40,78,0.0
2026-05-12T19:20,13,40,0.01953125,40,78,0.0
2026-05-12T19:50,14,40,0.01953125,40,76,0.0
2026-05-12T20:20,14,40,0.01953125,40,75,0.0
2026-05-12T20:50,14,40,0.01953125,40,73,0.0
2026-05-12T21:20,13,40,0.01953125,40,72,0.0
2026-05-12T21:50,13,40,0.01953125,40,71,0.0
2026-05-12T22:20,13,40,0.01953125,40,71,0.0
2026-05-12T22:50,13,40,0.01953125,40,71,0.0
2026-05-12T23:20,13,40,0.01953125,40,68,0.0
2026-05-12T23:50,12,40,0.01953125,40,67,0.0
2026-05-13T00:20,12,40,0.01953125,40,67,0.0
2026-05-13T00:50,11,40,0.01953125,40,67,0.0
2026-05-13T01:20,11,40,0.01953125,40,67,0.0
2026-05-13T01:50,10,40,0.01953125,41,67,0.0
2026-05-13T02:20,9,40,0.01953125,41,67,0.0
2026-05-13T02:50,9,40,0.01953125,41,67,0.0
2026-05-13T03:20,9,40,0.01953125,43,68,0.0
2026-05-13T03:50,10,40,0.01953125,44,75,0.0
2026-05-13T04:20,10,40,0.01953125,44,76,0.0
2026-05-13T04:50,10,40,0.01953125,44,78,0.0
2026-05-13T05:20,10,40,0.01953125,44,78,0.0
2026-05-13T05:50,10,40,0.01953125,44,78,0.0
2026-05-13T06:20,10,40,0.01953125,44,78,0.0
2026-05-13T06:50,11,40,0.01953125,44,78,0.0
2026-05-13T07:20,10,40,0.01953125,44,75,0.0
2026-05-13T07:50,11,40,0.01953125,44,71,0.0
2026-05-13T08:20,11,40,0.01953125,44,71,0.0
2026-05-13T08:50,12,40,0.01953125,44,71,0.0
2026-05-13T09:20,12,40,0.01953125,44,71,0.0
2026-05-13T09:50,12,40,0.01953125,44,71,0.0
2026-05-13T10:20,13,40,0.01953125,43,71,0.0
2026-05-13T10:50,10,40,0.01953125,42,71,0.0
2026-05-13T11:20,9,40,0.01953125,42,71,0.0
2026-05-13T11:50,12,40,0.01953125,41,71,0.0
2026-05-13T12:20,12,40,0.01953125,41,71,0.0
2026-05-13T12:50,12,40,0.01953125,41,71,0.0
2026-05-13T13:20,11,40,0.01953125,41,71,0.0
2026-05-13T13:50,12,40,0.01953125,41,72,0.0
2026-05-13T14:20,12,40,0.01953125,41,74,0.0
2026-05-13T14:50,9,40,0.01953125,41,74,0.0
2026-05-13T15:20,11,40,0.01953125,41,74,0.0
2026-05-13T15:50,10,40,0.01953125,41,77,0.0
2026-05-13T16:20,10,40,0.01953125,40,77,0.0
2026-05-13T16:50,11,40,0.01953125,40,78,0.0
2026-05-13T17:20,12,40,0.01953125,40,78,0.0
2026-05-13T17:50,9,40,0.01953125,40,78,0.0
2026-05-13T18:20,10,40,0.01953125,40,78,0.0
2026-05-13T18:50,10,40,0.01953125,40,78,0.0
2026-05-13T19:20,10,40,0.01953125,40,78,0.0
2026-05-13T19:50,10,40,0.01953125,40,75,0.0
2026-05-13T20:20,10,40,0.01953125,40,76,0.0
2026-05-13T20:50,9,40,0.01953125,40,73,0.0
2026-05-13T21:20,9,40,0.01953125,40,72,0.0
2026-05-13T21:50,9,40,0.01953125,40,72,0.0
2026-05-13T22:20,9,40,0.01953125,40,71,0.0
2026-05-13T22:50,9,40,0.01953125,40,71,0.0
2026-05-13T23:20,9,40,0.01953125,40,68,0.0
2026-05-13T23:50,9,40,0.01953125,40,67,0.0
2026-05-14T00:20,8,40,0.01953125,40,67,0.0
2026-05-14T00:50,9,40,0.01953125,40,67,0.0
2026-05-14T01:20,8,40,0.01953125,40,67,0.0
2026-05-14T01:50,8,40,0.01953125,41,67,0.0
2026-05-14T02:20,9,40,0.01953125,41,67,0.0
2026-05-14T02:50,9,40,0.01953125,41,67,0.0
2026-05-14T03:20,8,40,0.01953125,43,68,0.0
2026-05-14T03:50,8,40,0.01953125,44,75,0.0
2026-05-14T04:20,8,40,0.01953125,44,76,0.0
2026-05-14T04:50,8,40,0.01953125,44,78,0.0
2026-05-14T05:20,8,40,0.01953125,44,78,0.0
2026-05-14T05:50,8,40,0.01953125,44,78,0.0
2026-05-14T06:20,8,40,0.01953125,44,78,0.0
2026-05-14T06:50,8,40,0.01953125,44,78,0.0
2026-05-14T07:20,8,40,0.01953125,44,75,0.0
2026-05-14T07:50,8,40,0.01953125,44,72,0.0
2026-05-14T08:20,8,40,0.01953125,44,71,0.0
2026-05-14T08:50,9,40,0.01953125,44,71,0.0
2026-05-14T09:20,9,40,0.01953125,44,71,0.0
2026-05-14T09:50,9,40,0.01953125,44,71,0.0
2026-05-14T10:20,9,40,0.01953125,44,71,0.0
2026-05-14T10:50,10,40,0.01953125,42,71,0.0
2026-05-14T11:20,10,40,0.01953125,42,71,0.0
2026-05-14T11:50,9,40,0.01953125,42,71,0.0
2026-05-14T12:20,8,40,0.01953125,41,71,0.0
2026-05-14T12:50,9,40,0.01953125,41,71,0.0
2026-05-14T13:20,9,40,0.01953125,41,71,0.0
2026-05-14T13:50,9,40,0.01953125,41,72,0.0
2026-05-14T14:20,10,40,0.01953125,41,74,0.0
2026-05-14T14:50,12,40,0.01953125,41,75,0.0
2026-05-14T15:20,12,40,0.01953125,41,75,0.0
2026-05-14T15:50,9,40,0.01953125,41,76,0.0
2026-05-14T16:20,9,40,0.01953125,40,77,0.0
2026-05-14T16:50,11,40,0.01953125,40,78,0.0
2026-05-14T17:20,11,40,0.01953125,40,78,0.0
2026-05-14T17:50,11,40,0.01953125,40,78,0.0
2026-05-14T18:20,9,40,0.01953125,40,78,0.0
2026-05-14T18:50,10,40,0.01953125,40,78,0.0
2026-05-14T19:20,9,40,0.01953125,40,78,0.0
2026-05-14T19:50,10,40,0.01953125,40,75,0.0
2026-05-14T20:20,9,40,0.01953125,40,73,0.0
2026-05-14T20:50,9,40,0.01953125,40,73,0.0
2026-05-14T21:20,9,40,0.01953125,40,72,0.0
2026-05-14T21:50,9,40,0.01953125,40,72,0.0
2026-05-14T22:20,9,40,0.01953125,40,70,0.0
2026-05-14T22:50,9,40,0.01953125,40,70,0.0
2026-05-14T23:20,9,40,0.01953125,40,67,0.0
2026-05-14T23:50,8,40,0.01953125,40,66,0.0
2026-05-15T00:20,8,40,0.01953125,40,67,0.0
2026-05-15T00:50,8,40,0.01953125,40,67,0.0
2026-05-15T01:20,8,40,0.01953125,40,67,0.0
2026-05-15T02:20,8,40,0.01953125,41,67,0.0
2026-05-15T02:50,8,40,0.01953125,41,67,0.0
2026-05-15T03:20,8,40,0.01953125,43,68,0.0
2026-05-15T03:50,8,40,0.01953125,44,75,0.0
2026-05-15T04:20,7,40,0.01953125,44,76,0.0
2026-05-15T04:50,7,40,0.01953125,44,77,0.0
2026-05-15T05:20,7,40,0.01953125,44,78,0.0
2026-05-15T05:50,7,40,0.01953125,44,78,0.0
2026-05-15T06:20,7,40,0.01953125,44,78,0.0
2026-05-15T06:50,8,40,0.01953125,44,78,0.0
2026-05-15T07:20,8,40,0.01953125,44,75,0.0
2026-05-15T07:50,8,40,0.01953125,44,72,0.0
2026-05-15T08:20,9,40,0.01953125,44,71,0.0
2026-05-15T08:50,9,40,0.01953125,44,71,0.0
2026-05-15T09:20,10,40,0.01953125,44,71,0.0
2026-05-15T09:50,10,40,0.01953125,44,71,0.0
2026-05-15T10:20,10,40,0.01953125,44,71,0.0
2026-05-15T10:50,10,40,0.01953125,42,71,0.0
2026-05-15T11:20,10,40,0.01953125,42,71,0.0
2026-05-15T11:50,12,40,0.01953125,41,71,0.0
2026-05-15T12:20,11,40,0.01953125,41,71,0.0
2026-05-15T12:50,12,40,0.01953125,41,71,0.0
2026-05-15T13:20,12,40,0.01953125,41,71,0.0
2026-05-15T13:50,13,40,0.01953125,41,72,0.0
2026-05-15T14:20,13,40,0.01953125,41,74,0.0
2026-05-15T14:50,13,40,0.01953125,41,75,0.0
2026-05-15T15:20,13,40,0.01953125,41,75,0.0
2026-05-15T15:50,14,40,0.01953125,41,77,0.0
2026-05-15T16:20,14,40,0.01953125,40,77,0.0
2026-05-15T17:20,14,40,0.01953125,40,78,0.0
2026-05-15T17:50,14,40,0.01953125,40,78,0.0
2026-05-15T18:20,14,40,0.01953125,40,78,0.0
2026-05-15T18:50,13,40,0.01953125,40,78,0.0
2026-05-15T19:20,13,40,0.01953125,40,78,0.0
2026-05-15T19:50,13,40,0.01953125,40,75,0.0
2026-05-15T20:20,13,40,0.01953125,40,73,0.0
2026-05-15T20:50,13,40,0.01953125,40,73,0.0
2026-05-15T21:20,12,40,0.01953125,40,72,0.0
2026-05-15T21:50,12,40,0.01953125,40,72,0.0
2026-05-15T22:20,12,40,0.01953125,40,71,0.0
2026-05-15T22:50,11,40,0.01953125,40,71,0.0
2026-05-15T23:20,11,40,0.01953125,40,68,0.0
2026-05-15T23:50,9,40,0.01953125,40,67,0.0
2026-05-16T00:20,10,40,0.01953125,40,67,0.0
2026-05-16T00:50,9,40,0.01953125,40,67,0.0
2026-05-16T01:20,9,40,0.01953125,40,67,0.0
2026-05-16T01:50,9,40,0.01953125,41,67,0.0
2026-05-16T02:20,9,40,0.01953125,41,67,0.0
2026-05-16T02:50,9,40,0.01953125,41,67,0.0
2026-05-16T03:20,8,40,0.01953125,43,68,0.0
2026-05-16T03:50,8,40,0.01953125,44,75,0.0
2026-05-16T04:20,7,40,0.01953125,44,76,0.0
2026-05-16T04:50,7,40,0.01953125,44,77,0.0
2026-05-16T05:20,7,40,0.01953125,44,78,0.0
2026-05-16T05:50,7,40,0.01953125,44,78,0.0
2026-05-16T06:20,7,40,0.01953125,44,78,0.0
2026-05-16T06:50,8,40,0.01953125,44,78,0.0
2026-05-16T07:20,9,40,0.01953125,44,75,0.0
2026-05-16T07:50,9,40,0.01953125,44,72,0.0
2026-05-16T08:20,9,40,0.01953125,44,71,0.0
2026-05-16T08:50,10,40,0.01953125,44,71,0.0
2026-05-16T09:20,11,40,0.01953125,44,71,0.0
2026-05-16T09:50,12,40,0.01953125,44,71,0.0
2026-05-16T10:20,13,40,0.01953125,44,71,0.0
2026-05-16T10:50,13,40,0.01953125,42,71,0.0
2026-05-16T11:20,13,40,0.01953125,42,71,0.0
2026-05-16T11:50,14,40,0.01953125,41,71,0.0
2026-05-16T12:20,14,40,0.01953125,41,71,0.0
2026-05-16T12:50,14,40,0.01953125,41,71,0.0
2026-05-16T13:20,15,40,0.01953125,41,72,0.0
2026-05-16T13:50,14,40,0.01953125,41,72,0.0
2026-05-16T14:20,14,40,0.01953125,41,74,0.0
2026-05-16T14:50,14,40,0.01953125,41,74,0.0
2026-05-16T15:20,14,40,0.01953125,41,74,0.0
2026-05-16T15:50,14,40,0.01953125,41,76,0.0
2026-05-16T16:20,14,40,0.01953125,40,77,0.0
2026-05-16T16:50,14,40,0.01953125,40,78,0.0
2026-05-16T17:20,14,40,0.01953125,40,78,0.0
2026-05-16T17:50,14,40,0.01953125,40,78,0.0
2026-05-16T18:20,13,40,0.01953125,40,78,0.0
2026-05-16T18:50,13,40,0.01953125,40,78,0.0
2026-05-16T19:20,12,40,0.01953125,40,78,0.0
2026-05-16T19:50,12,40,0.01953125,40,75,0.0
2026-05-16T20:20,12,40,0.01953125,40,75,0.0
2026-05-16T20:50,12,40,0.01953125,40,73,0.0
2026-05-16T21:20,12,40,0.01953125,40,72,0.0
2026-05-16T21:50,12,40,0.01953125,40,72,0.0
2026-05-16T22:20,12,40,0.01953125,40,71,0.0
2026-05-16T22:50,12,40,0.01953125,40,71,0.0
2026-05-16T23:20,12,40,0.01953125,40,68,0.0
2026-05-16T23:50,12,40,0.01953125,40,67,0.0
2026-05-17T00:20,11,40,0.01953125,40,67,0.0
2026-05-17T00:50,12,40,0.01953125,40,67,0.0
2026-05-17T01:20,12,40,0.01953125,40,67,0.0
2026-05-17T01:50,12,40,0.01953125,41,67,0.0
2026-05-17T02:20,12,40,0.01953125,41,67,0.0
2026-05-17T02:50,11,40,0.01953125,41,67,0.0
2026-05-17T03:20,11,40,0.01953125,43,68,0.0
2026-05-17T03:50,11,40,0.01953125,44,75,0.0
2026-05-17T04:20,11,40,0.01953125,44,76,0.0
2026-05-17T04:50,11,40,0.01953125,44,78,0.0
2026-05-17T05:20,11,40,0.01953125,44,78,0.0
2026-05-17T05:50,11,40,0.01953125,44,78,0.0
2026-05-17T06:20,11,40,0.01953125,44,78,0.0
2026-05-17T06:50,11,40,0.01953125,44,78,0.0
2026-05-17T07:20,11,40,0.01953125,44,75,0.0
2026-05-17T07:50,11,40,0.01953125,44,71,0.0
2026-05-17T08:20,12,40,0.01953125,44,71,0.0
