timestamp,temperature,sp_active_columns,sp_sparsity,tm_active_cells,tm_predictive_cells,anomaly_score,sp_entropy,sp_mean_overlap,sp_dead_column_ratio,sp_max_duty_cycle,sp_mean_duty_cycle
2026-04-27T07:20,9,40,0.15625,1280,0,1.0,5.321928094887363,0.0,0.84375,1.0,0.15625
2026-04-27T07:50,10,40,0.15625,1280,0,1.0,5.321928094887363,1.0,0.84375,1.0,0.15625
2026-04-27T08:20,11,40,0.15625,1280,0,1.0,5.321928094887363,1.0,0.84375,1.0,0.15625
2026-04-27T08:50,12,40,0.15625,1280,0,1.0,5.321928094887363,1.0,0.84375,1.0,0.15625
2026-04-27T09:50,14,40,0.15625,1280,40,1.0,5.321928094887363,1.0,0.84375,1.0,0.15625
2026-04-27T10:50,16,40,0.15625,40,40,0.0,5.321928094887363,1.0,0.84375,1.0,0.15625
2026-04-27T11:50,18,40,0.15625,102,40,0.05000000074505806,5.35151173381648,0.9841269841269842,0.8359375,1.0,0.15625
2026-04-27T12:50,18,40,0.15625,102,40,0.05000000074505806,5.36249200111032,0.9863945578231293,0.8359375,1.0,0.15625
2026-04-27T13:20,19,40,0.15625,133,40,0.07500000298023224,5.380424344959479,0.9819976771196284,0.83203125,1.0,0.15625
2026-04-27T13:50,19,40,0.15625,133,42,0.07500000298023224,5.388523826982281,0.9839979352174475,0.83203125,1.0,0.15625
2026-04-27T14:50,20,40,0.15625,71,42,0.02500000037252903,5.392763378876772,0.9855981416957027,0.83203125,1.0,0.15625
2026-04-27T15:50,21,40,0.15625,71,43,0.02500000037252903,5.394885490738726,0.9869074015415479,0.83203125,1.0,0.15625
2026-04-27T16:50,20,40,0.15625,71,43,0.02500000037252903,5.405526471700413,0.983933410762679,0.828125,1.0,0.15625
2026-04-27T17:50,19,40,0.15625,102,43,0.05000000074505806,5.419892832720514,0.9814169570267132,0.82421875,1.0,0.15625
2026-04-27T18:50,18,40,0.15625,102,43,0.05000000074505806,5.427606355445645,0.9827443172390907,0.82421875,1.0,0.15625
2026-04-27T19:50,17,40,0.15625,133,44,0.07500000298023224,5.440769306313645,0.9806426635694928,0.8203125,1.0,0.15625
2026-04-27T20:50,16,40,0.15625,133,45,0.07500000298023224,5.458337801615691,0.9759001161440186,0.81640625,1.0,0.15625
2026-04-27T21:50,14,40,0.15625,133,45,0.07500000298023224,5.477025175029512,0.9744483159117306,0.8125,1.0,0.15625
2026-04-27T22:50,14,40,0.15625,195,46,0.125,5.503853922812408,0.9705768486256292,0.8046875,1.0,0.15625
2026-04-27T23:50,12,40,0.15625,133,47,0.07500000298023224,5.516264167766722,0.9695580414450763,0.8046875,1.0,0.15625
2026-04-28T00:50,10,40,0.15625,226,48,0.15000000596046448,5.551151468252132,0.9619892302819133,0.7890625,1.0,0.15625
2026-04-28T01:50,11,40,0.15625,226,48,0.15000000596046448,5.579160025532183,0.9614763865634947,0.78515625,1.0,0.15625
2026-04-28T02:50,10,40,0.15625,195,48,0.125,5.598444044310302,0.9632274599015176,0.78515625,1.0,0.15625
2026-04-28T03:50,10,40,0.15625,195,53,0.125,5.612874724160673,0.9627053752186309,0.78515625,1.0,0.15625
2026-04-28T04:50,9,40,0.15625,71,54,0.02500000037252903,5.62198499271237,0.9602910639496005,0.78515625,1.0,0.15625
2026-04-28T05:50,9,40,0.15625,40,54,0.0,5.625374116914047,0.9562980260427792,0.78515625,1.0,0.15625
2026-04-28T06:50,10,40,0.15625,40,54,0.0,5.626503413610795,0.9509858642019731,0.78515625,1.0,0.15625
2026-04-28T07:50,10,40,0.15625,40,54,0.0,5.625453665082742,0.9509945178313488,0.78515625,1.0,0.15625
2026-04-28T08:50,10,40,0.15625,40,54,0.0,5.622859992842196,0.9510025533443408,0.78515625,1.0,0.15625
2026-04-28T09:50,10,40,0.15625,40,54,0.0,5.620070754536048,0.952692120470398,0.78515625,1.0,0.15625
2026-04-28T10:50,10,40,0.15625,40,54,0.0,5.61714062307349,0.9542690497880514,0.78515625,1.0,0.15625
2026-04-28T11:50,12,40,0.15625,40,54,0.0,5.614082709526871,0.9526720451097886,0.78515625,1.0,0.15625
2026-04-28T12:50,14,40,0.15625,40,54,0.0,5.611130802076451,0.9526266534562053,0.78515625,1.0,0.15625
2026-04-28T13:50,14,40,0.15625,40,54,0.0,5.608126049395079,0.9540622094120779,0.78515625,1.0,0.15625
2026-04-28T14:50,16,40,0.15625,40,54,0.0,5.605090518109468,0.955413320899958,0.78515625,1.0,0.15625
2026-04-28T15:50,16,40,0.15625,40,54,0.0,5.602585279768831,0.9552934977941056,0.78515625,1.0,0.15625
2026-04-28T16:50,16,40,0.15625,40,54,0.0,5.60060180049435,0.9551803315274672,0.78515625,1.0,0.15625
2026-04-28T17:50,15,40,0.15625,40,54,0.0,5.598517725324336,0.9563916739186167,0.78515625,1.0,0.15625
2026-04-28T18:50,15,40,0.15625,40,54,0.0,5.597342747009603,0.9562555643995774,0.78515625,1.0,0.15625
2026-04-28T19:50,13,40,0.15625,40,54,0.0,5.59818176139429,0.9549352141524576,0.78515625,1.0,0.15625
2026-04-28T20:50,12,40,0.15625,40,54,0.0,5.600361387205424,0.9536808814176936,0.78515625,1.0,0.15625
2026-04-28T21:50,10,40,0.15625,40,54,0.0,5.602054144278208,0.954810616017262,0.78515625,1.0,0.15625
2026-04-28T22:50,9,40,0.15625,40,54,0.0,5.606082404418478,0.9536189800349917,0.78515625,1.0,0.15625
2026-04-28T23:50,9,40,0.15625,40,54,0.0,5.611724451107368,0.9524827689821292,0.78515625,1.0,0.15625
2026-04-29T00:50,9,40,0.15625,40,54,0.0,5.618004206713569,0.9524540586006064,0.78515625,1.0,0.15625
2026-04-29T01:50,9,40,0.15625,40,54,0.0,5.623390246136794,0.9535106350761484,0.78515625,1.0,0.15625
2026-04-29T02:50,9,40,0.15625,40,54,0.0,5.628013357854872,0.9545212734440582,0.78515625,1.0,0.15625
2026-04-29T03:50,9,40,0.15625,40,54,0.0,5.632048679132986,0.9544510232047192,0.78515625,1.0,0.15625
2026-04-29T04:50,10,40,0.15625,40,54,0.0,5.635006751675404,0.954383700058686,0.78515625,1.0,0.15625
2026-04-29T05:50,10,40,0.15625,40,54,0.0,5.636740619432539,0.9507794975631573,0.78515625,1.0,0.15625
2026-04-29T06:50,11,40,0.15625,40,54,0.0,5.6373192913595345,0.9489732099374756,0.78515625,1.0,0.15625
2026-04-29T07:50,12,40,0.15625,40,54,0.0,5.637000852012966,0.9490172550797824,0.78515625,1.0,0.15625
2026-04-29T08:50,13,40,0.15625,40,54,0.0,5.636063452048932,0.9490596061781543,0.78515625,1.0,0.15625
2026-04-29T09:50,14,40,0.15625,40,54,0.0,5.635023714263304,0.9500207456842269,0.78515625,1.0,0.15625
2026-04-29T10:50,14,40,0.15625,40,54,0.0,5.633895286744267,0.9509462874308153,0.78515625,1.0,0.15625
2026-04-29T11:50,15,40,0.15625,40,54,0.0,5.632454157496693,0.9501065713822896,0.78515625,1.0,0.15625
2026-04-29T12:50,15,40,0.15625,40,54,0.0,5.630909702256102,0.9501264453253757,0.78515625,1.0,0.15625
2026-04-29T13:50,15,40,0.15625,40,54,0.0,5.629329679270759,0.9510014199687902,0.78515625,1.0,0.15625
2026-04-29T14:50,15,40,0.15625,40,54,0.0,5.627720007030346,0.9518462230727766,0.78515625,1.0,0.15625
2026-04-29T15:50,15,40,0.15625,40,54,0.0,5.626244518615456,0.9518356008545112,0.78515625,1.0,0.15625
2026-04-29T16:50,15,40,0.15625,40,54,0.0,5.624819341611368,0.9518253327101881,0.78515625,1.0,0.15625
2026-04-29T17:50,15,40,0.15625,40,54,0.0,5.623363890188548,0.9526150813542834,0.78515625,1.0,0.15625
2026-04-29T18:50,14,40,0.15625,40,54,0.0,5.622312154708596,0.9525925721742969,0.78515625,1.0,0.15625
2026-04-29T19:50,14,40,0.15625,40,54,0.0,5.622164701144527,0.9518333552312431,0.78515625,1.0,0.15625
2026-04-29T20:50,13,40,0.15625,40,54,0.0,5.622679641600945,0.9510978638176597,0.78515625,1.0,0.15625
2026-04-29T21:50,13,40,0.15625,40,54,0.0,5.623052380511237,0.9518502043743111,0.78515625,1.0,0.15625
2026-04-29T22:50,12,40,0.15625,40,54,0.0,5.62400897072814,0.9518406484322022,0.78515625,1.0,0.15625
2026-04-29T23:50,12,40,0.15625,40,54,0.0,5.626470232098656,0.950476834519469,0.78515625,1.0,0.15625
2026-04-30T00:50,12,40,0.15625,40,54,0.0,5.6294305065677115,0.9504877562499933,0.78515625,1.0,0.15625
2026-04-30T01:50,12,40,0.15625,40,54,0.0,5.632093527003314,0.9512053249999933,0.78515625,1.0,0.15625
2026-04-30T02:50,12,40,0.15625,40,54,0.0,5.63448637391882,0.9519023917857078,0.78515625,1.0,0.15625
2026-04-30T03:50,12,40,0.15625,40,54,0.0,5.63667510182978,0.9518927737633052,0.78515625,1.0,0.15625
2026-04-30T04:50,11,40,0.15625,40,54,0.0,5.638720286571588,0.9512381783605078,0.78515625,1.0,0.15625
2026-04-30T05:50,11,40,0.15625,40,54,0.0,5.63961202539275,0.9494154884950462,0.78515625,1.0,0.15625
2026-04-30T06:50,12,40,0.15625,40,54,0.0,5.639980588817705,0.9482134564380736,0.78515625,1.0,0.15625
2026-04-30T07:20,13,40,0.15625,40,54,0.0,5.639828802654638,0.948253537181501,0.78515625,1.0,0.15625
2026-04-30T07:50,13,40,0.15625,40,54,0.0,5.6398030344994785,0.9482925631685223,0.78515625,1.0,0.15625
2026-04-30T08:20,14,40,0.15625,40,54,0.0,5.639224412429199,0.9483305754935432,0.78515625,1.0,0.15625
2026-04-30T08:50,15,40,0.15625,40,54,0.0,5.6385948472555105,0.9489930040128567,0.78515625,1.0,0.15625
2026-04-30T09:20,15,40,0.15625,40,54,0.0,5.637918906764595,0.9496386621899091,0.78515625,1.0,0.15625
2026-04-30T09:50,14,40,0.15625,40,54,0.0,5.63720075748789,0.9502681789125351,0.78515625,1.0,0.15625
2026-04-30T10:20,15,40,0.15625,40,54,0.0,5.636444205916492,0.9508821520123804,0.78515625,1.0,0.15625
2026-04-30T10:50,15,40,0.15625,40,54,0.0,5.635652734614347,0.9514811501585708,0.78515625,1.0,0.15625
2026-04-30T11:20,15,40,0.15625,40,54,0.0,5.634964826549992,0.9514779978939509,0.78515625,1.0,0.15625
2026-04-30T11:50,17,40,0.15625,40,54,0.0,5.634022524621519,0.9514749206832507,0.78515625,1.0,0.15625
2026-04-30T12:20,16,40,0.15625,40,54,0.0,5.633046835566588,0.951471915877508,0.78515625,1.0,0.15625
2026-04-30T12:50,16,40,0.15625,40,54,0.0,5.632052844303357,0.952036195925444,0.78515625,1.0,0.15625
2026-04-30T13:20,17,40,0.15625,40,54,0.0,5.631042460130145,0.9525875040182549,0.78515625,1.0,0.15625
2026-04-30T13:50,18,40,0.15625,40,54,0.0,5.630017443827505,0.9531262823816836,0.78515625,1.0,0.15625
2026-04-30T14:20,18,40,0.15625,40,54,0.0,5.628979420116755,0.9536529533661592,0.78515625,1.0,0.15625
2026-04-30T14:50,18,40,0.15625,40,54,0.0,5.6279298889335125,0.9541679205509795,0.78515625,1.0,0.15625
2026-04-30T15:20,18,40,0.15625,40,54,0.0,5.626870235645087,0.9546715697756941,0.78515625,1.0,0.15625
2026-04-30T15:50,18,40,0.15625,40,54,0.0,5.62591208481081,0.9546340474106879,0.78515625,1.0,0.15625
2026-04-30T16:20,18,40,0.15625,40,54,0.0,5.624941573978877,0.9551218533525084,0.78515625,1.0,0.15625
2026-04-30T16:50,19,40,0.15625,40,54,0.0,5.6240420111836595,0.9550803390848767,0.78515625,1.0,0.15625
2026-04-30T17:20,18,40,0.15625,40,54,0.0,5.623129244195664,0.9555531776208254,0.78515625,1.0,0.15625
2026-04-30T17:50,18,40,0.15625,40,54,0.0,5.622204601855177,0.9560161653539417,0.78515625,1.0,0.15625
2026-04-30T18:20,17,40,0.15625,40,54,0.0,5.621559508578517,0.9559667153213767,0.78515625,1.0,0.15625
2026-04-30T18:50,17,40,0.15625,40,54,0.0,5.620893074825969,0.9564160345527911,0.78515625,1.0,0.15625
2026-04-30T19:20,16,40,0.15625,40,54,0.0,5.620853303472949,0.9558942756660145,0.78515625,1.0,0.15625
2026-04-30T19:50,16,40,0.15625,40,54,0.0,5.620767840660755,0.9563353329093544,0.78515625,1.0,0.15625
2026-04-30T20:20,15,40,0.15625,40,54,0.0,5.621150565801972,0.9558247049078944,0.78515625,1.0,0.15625
2026-04-30T20:50,14,40,0.15625,40,54,0.0,5.621472656554151,0.9562577960362484,0.78515625,1.0,0.15625
2026-04-30T21:20,14,40,0.15625,40,54,0.0,5.621737762872334,0.9566824776281294,0.78515625,1.0,0.15625
2026-04-30T21:50,14,40,0.15625,40,54,0.0,5.622407880251688,0.9566299491143506,0.78515625,1.0,0.15625
2026-04-30T22:20,13,40,0.15625,40,54,0.0,5.623008083850956,0.9570429972180236,0.78515625,1.0,0.15625
2026-04-30T22:50,13,40,0.15625,40,54,0.0,5.62354244277705,0.9574482519612497,0.78515625,1.0,0.15625
2026-04-30T23:20,13,40,0.15625,40,54,0.0,5.625340611332523,0.9565418675156219,0.78515625,1.0,0.15625
2026-04-30T23:50,12,40,0.15625,40,54,0.0,5.627305988753676,0.9564925864478395,0.78515625,1.0,0.15625
2026-05-01T00:20,11,40,0.15625,40,54,0.0,5.629146759170009,0.9568917370308868,0.78515625,1.0,0.15625
2026-05-01T00:50,12,40,0.15625,40,54,0.0,5.63087029887263,0.957283630330606,0.78515625,1.0,0.15625
2026-05-01T01:20,11,40,0.15625,40,54,0.0,5.632483399149803,0.9576684624897898,0.78515625,1.0,0.15625
2026-05-01T01:50,11,40,0.15625,40,54,0.0,5.633992331291263,0.9580464226461309,0.78515625,1.0,0.15625
2026-05-01T02:20,11,40,0.15625,40,54,0.0,5.635402901705258,0.9584176932421828,0.78515625,1.0,0.15625
2026-05-01T02:50,12,40,0.15625,40,54,0.0,5.636720499094095,0.9587824503190059,0.78515625,1.0,0.15625
2026-05-01T03:20,12,40,0.15625,40,54,0.0,5.637950135167057,0.9591408637944927,0.78515625,1.0,0.15625
2026-05-01T03:50,10,40,0.15625,40,54,0.0,5.639136834632488,0.9590725762807051,0.78515625,1.0,0.15625
2026-05-01T04:20,10,40,0.15625,40,54,0.0,5.640369063582415,0.9590054560748454,0.78515625,1.0,0.15625
2026-05-01T04:50,10,40,0.15625,40,54,0.0,5.641461086641386,0.9589394734995935,0.78515625,1.0,0.15625
2026-05-01T05:20,10,40,0.15625,40,54,0.0,5.6424595672122395,0.9584841998127221,0.78515625,1.0,0.15625
2026-05-01T05:50,10,40,0.15625,40,54,0.0,5.643377052307274,0.9580365140206321,0.78515625,1.0,0.15625
2026-05-01T06:20,11,40,0.15625,40,54,0.0,5.643819950105441,0.9575962279937004,0.78515625,1.0,0.15625
2026-05-01T06:50,11,40,0.15625,40,54,0.0,5.6440410343432905,0.9571631597704888,0.78515625,1.0,0.15625
2026-05-01T07:20,12,40,0.15625,40,54,0.0,5.643989230130876,0.9571148374324777,0.78515625,1.0,0.15625
2026-05-01T07:50,13,40,0.15625,40,54,0.0,5.643906426899855,0.9574606855176997,0.78515625,1.0,0.15625
2026-05-01T08:20,14,40,0.15625,40,54,0.0,5.643624550599437,0.9574107561311191,0.78515625,1.0,0.15625
2026-05-01T08:50,15,40,0.15625,40,54,0.0,5.643320281576448,0.9577487660030943,0.78515625,1.0,0.15625
2026-05-01T10:20,17,40,0.15625,40,54,0.0,5.643056417240602,0.9576973545557875,0.78515625,1.0,0.15625
2026-05-01T10:50,18,40,0.15625,40,54,0.0,5.642770738838238,0.9580278439733205,0.78515625,1.0,0.15625
2026-05-01T11:20,20,40,0.15625,40,54,0.0,5.642464393821844,0.9583532095239149,0.78515625,1.0,0.15625
2026-05-01T11:50,20,40,0.15625,40,54,0.0,5.641893464978747,0.9579409687180532,0.78515625,1.0,0.15625
2026-05-01T12:20,21,40,0.15625,40,54,0.0,5.641311998292452,0.9582620300255491,0.78515625,1.0,0.15625
2026-05-01T12:50,22,40,0.15625,40,54,0.0,5.640720635780058,0.9585782267677798,0.78515625,1.0,0.15625
2026-05-01T13:20,24,40,0.15625,40,54,0.0,5.640119987112226,0.9588896686717815,0.78515625,1.0,0.15625
2026-05-01T13:50,24,40,0.15625,40,54,0.0,5.639510631402141,0.9591964621891563,0.78515625,1.0,0.15625
2026-05-01T14:20,24,40,0.15625,40,54,0.0,5.6388931188814375,0.9594987106173848,0.78515625,1.0,0.15625
2026-05-01T14:50,24,40,0.15625,40,54,0.0,5.638267972471324,0.9597965142157864,0.78515625,1.0,0.15625
2026-05-01T15:20,24,40,0.15625,40,54,0.0,5.637635689256414,0.9600899703164011,0.78515625,1.0,0.15625
2026-05-01T15:50,24,40,0.15625,40,54,0.0,5.636996741868142,0.9603791734300504,0.78515625,1.0,0.15625
2026-05-01T16:20,24,40,0.15625,40,54,0.0,5.636374160246299,0.9603132765866336,0.78515625,1.0,0.15625
2026-05-01T16:50,24,40,0.15625,40,54,0.0,5.635748802540383,0.9602483211266941,0.78515625,1.0,0.15625
2026-05-01T17:20,23,40,0.15625,40,54,0.0,5.635117341269941,0.960530247927214,0.78515625,1.0,0.15625
2026-05-01T17:50,23,40,0.15625,40,54,0.0,5.634480188744505,0.9608082039277266,0.78515625,1.0,0.15625
2026-05-01T18:20,22,40,0.15625,40,54,0.0,5.6339859807929,0.9607411501393868,0.78515625,1.0,0.15625
2026-05-01T18:50,22,40,0.15625,40,54,0.0,5.633482792848254,0.9610137810411964,0.78515625,1.0,0.15625
2026-05-01T19:20,21,40,0.15625,40,54,0.0,5.63312017872004,0.9609462343594992,0.78515625,1.0,0.15625
2026-05-01T19:50,20,40,0.15625,40,54,0.0,5.632927485612528,0.9608796129748118,0.78515625,1.0,0.15625
2026-05-01T20:20,20,40,0.15625,40,54,0.0,5.632921195924892,0.9608138980035216,0.78515625,1.0,0.15625
2026-05-01T20:50,19,40,0.15625,40,54,0.0,5.632964468672645,0.9607490710723836,0.78515625,1.0,0.15625
2026-05-01T21:20,19,40,0.15625,40,54,0.0,5.632985060673984,0.9610125001255891,0.78515625,1.0,0.15625
2026-05-01T21:50,18,40,0.15625,40,54,0.0,5.633240212510409,0.960947213539386,0.78515625,1.0,0.15625
2026-05-01T22:20,18,40,0.15625,40,54,0.0,5.63346727849697,0.9612058412642907,0.78515625,1.0,0.15625
2026-05-01T22:50,18,40,0.15625,40,54,0.0,5.6339803612167,0.961140141730941,0.78515625,1.0,0.15625
2026-05-01T23:20,17,40,0.15625,40,54,0.0,5.634856972292179,0.9607716565219929,0.78515625,1.0,0.15625
2026-05-01T23:50,16,40,0.15625,40,54,0.0,5.635891649663048,0.9607096296107794,0.78515625,1.0,0.15625
2026-05-02T00:20,16,40,0.15625,40,54,0.0,5.636876198346485,0.9609631158713551,0.78515625,1.0,0.15625
2026-05-02T00:50,15,40,0.15625,40,54,0.0,5.637812598349642,0.9612133523080771,0.78515625,1.0,0.15625
2026-05-02T01:20,14,40,0.15625,40,54,0.0,5.638702731256459,0.9614604010194906,0.78515625,1.0,0.15625
2026-05-02T01:50,13,40,0.15625,40,54,0.0,5.6395483866929155,0.9617043225320255,0.78515625,1.0,0.15625
2026-05-02T02:20,13,40,0.15625,40,54,0.0,5.640351268233377,0.9619451758494342,0.78515625,1.0,0.15625
2026-05-02T02:50,12,40,0.15625,40,54,0.0,5.641112998809782,0.9621830185003752,0.78515625,1.0,0.15625
2026-05-02T03:20,12,40,0.15625,40,54,0.0,5.641835125677058,0.9624179065842238,0.78515625,1.0,0.15625
2026-05-02T03:50,12,40,0.15625,40,54,0.0,5.642628632244408,0.962062005338407,0.78515625,1.0,0.15625
2026-05-02T04:20,12,40,0.15625,40,54,0.0,5.643382283240532,0.9622947537719136,0.78515625,1.0,0.15625
2026-05-02T04:50,11,40,0.15625,40,54,0.0,5.644055887005793,0.9622272218110797,0.78515625,1.0,0.15625
2026-05-02T05:20,11,40,0.15625,40,54,0.0,5.644700774908475,0.9618789471622966,0.78515625,1.0,0.15625
2026-05-02T05:50,11,40,0.15625,40,54,0.0,5.645225343733647,0.9615348685936197,0.78515625,1.0,0.15625
2026-05-02T06:20,11,40,0.15625,40,54,0.0,5.645543919464654,0.9611949107263636,0.78515625,1.0,0.15625
2026-05-02T06:50,11,40,0.15625,40,54,0.0,5.645729083333057,0.9608589999765755,0.78515625,1.0,0.15625
2026-05-02T07:20,11,40,0.15625,40,54,0.0,5.6458919087743,0.96109060352701,0.78515625,1.0,0.15625
2026-05-02T07:50,11,40,0.15625,40,54,0.0,5.645874797339056,0.9610325382838814,0.78515625,1.0,0.15625
2026-05-02T08:20,12,40,0.15625,40,54,0.0,5.645840800029273,0.9612604181769581,0.78515625,1.0,0.15625
2026-05-02T08:50,13,40,0.15625,40,54,0.0,5.645680794157194,0.9612020408165984,0.78515625,1.0,0.15625
2026-05-02T09:20,14,40,0.15625,40,54,0.0,5.6455077261904565,0.9614263064766181,0.78515625,1.0,0.15625
2026-05-02T09:50,15,40,0.15625,40,54,0.0,5.645322103608419,0.9616479943704307,0.78515625,1.0,0.15625
2026-05-02T10:20,16,40,0.15625,40,54,0.0,5.645157108260486,0.9615884030437145,0.78515625,1.0,0.15625
2026-05-02T10:50,17,40,0.15625,40,54,0.0,5.644979821754741,0.9618066507536934,0.78515625,1.0,0.15625
2026-05-02T11:20,17,40,0.15625,40,54,0.0,5.644790710996305,0.9620224323878533,0.78515625,1.0,0.15625
2026-05-02T11:50,19,40,0.15625,40,54,0.0,5.644391398066666,0.9617007440304042,0.78515625,1.0,0.15625
2026-05-02T12:20,19,40,0.15625,40,54,0.0,5.643985938769926,0.9619147063542567,0.78515625,1.0,0.15625
2026-05-02T12:50,21,40,0.15625,40,54,0.0,5.6435745996428315,0.9621262913189552,0.78515625,1.0,0.15625
2026-05-02T13:20,21,40,0.15625,40,54,0.0,5.64315763739151,0.9623355383282428,0.78515625,1.0,0.15625
2026-05-02T13:50,22,40,0.15625,40,54,0.0,5.642735299292122,0.9625424859198458,0.78515625,1.0,0.15625
2026-05-02T14:20,22,40,0.15625,40,54,0.0,5.642307823572833,0.9627471717891363,0.78515625,1.0,0.15625
2026-05-02T14:50,22,40,0.15625,40,54,0.0,5.641875439778024,0.9629496328120216,0.78515625,1.0,0.15625
2026-05-02T15:20,22,40,0.15625,40,54,0.0,5.641438369115756,0.9631499050670917,0.78515625,1.0,0.15625
2026-05-02T15:50,23,40,0.15625,40,54,0.0,5.640998944322849,0.9630857631699306,0.78515625,1.0,0.15625
2026-05-02T16:20,22,40,0.15625,40,54,0.0,5.640555205915842,0.9632831655059202,0.78515625,1.0,0.15625
2026-05-02T16:50,21,40,0.15625,40,54,0.0,5.640095232689157,0.9632189971372457,0.78515625,1.0,0.15625
2026-05-02T17:20,20,40,0.15625,40,54,0.0,5.63963159131131,0.963413605618001,0.78515625,1.0,0.15625
2026-05-02T17:50,20,40,0.15625,40,54,0.0,5.63916446052867,0.9636061655884326,0.78515625,1.0,0.15625
2026-05-02T18:20,17,40,0.15625,40,54,0.0,5.638789972627232,0.963541313999986,0.78515625,1.0,0.15625
2026-05-02T18:50,17,40,0.15625,40,54,0.0,5.638534422438373,0.963477137948919,0.78515625,1.0,0.15625
2026-05-02T19:20,16,40,0.15625,40,54,0.0,5.63836565418188,0.9634136269346506,0.78515625,1.0,0.15625
2026-05-02T19:50,17,40,0.15625,40,54,0.0,5.638330177679704,0.9633507706731066,0.78515625,1.0,0.15625
2026-05-02T20:20,16,40,0.15625,40,54,0.0,5.638318044361978,0.9632885590911682,0.78515625,1.0,0.15625
2026-05-02T20:50,16,40,0.15625,40,54,0.0,5.638293616376199,0.9634758623611112,0.78515625,1.0,0.15625
2026-05-02T21:20,16,40,0.15625,40,54,0.0,5.638430847314721,0.9634136473856494,0.78515625,1.0,0.15625
2026-05-02T21:50,16,40,0.15625,40,54,0.0,5.638760320463412,0.9633520608442832,0.78515625,1.0,0.15625
2026-05-02T22:20,15,40,0.15625,40,54,0.0,5.63907012757998,0.9635362213425531,0.78515625,1.0,0.15625
2026-05-02T22:50,15,40,0.15625,40,54,0.0,5.639360879770621,0.9637185402358404,0.78515625,1.0,0.15625
2026-05-02T23:20,15,40,0.15625,40,54,0.0,5.64004058002045,0.9632048416091896,0.78515625,1.0,0.15625
2026-05-02T23:50,15,40,0.15625,40,54,0.0,5.640693434012574,0.9633869958586491,0.78515625,1.0,0.15625
2026-05-03T00:20,15,40,0.15625,40,54,0.0,5.641320244213706,0.9635673554849612,0.78515625,1.0,0.15625
2026-05-03T00:50,15,40,0.15625,40,54,0.0,5.6419217835704165,0.9637459468796428,0.78515625,1.0,0.15625
2026-05-03T01:20,15,40,0.15625,40,54,0.0,5.642498796915636,0.9639227959192542,0.78515625,1.0,0.15625
2026-05-03T01:50,15,40,0.15625,40,54,0.0,5.643052002288347,0.9640979279778986,0.78515625,1.0,0.15625
2026-05-03T02:20,15,40,0.15625,40,54,0.0,5.643582092173268,0.9642713679393581,0.78515625,1.0,0.15625
2026-05-03T02:50,14,40,0.15625,40,54,0.0,5.644089734666665,0.9644431402088803,0.78515625,1.0,0.15625
2026-05-03T03:20,14,40,0.15625,40,54,0.0,5.6447308811988135,0.9643798692614461,0.78515625,1.0,0.15625
2026-05-03T03:50,14,40,0.15625,40,54,0.0,5.645264749683374,0.9643172008944637,0.78515625,1.0,0.15625
2026-05-03T04:20,14,40,0.15625,40,54,0.0,5.645776540590196,0.9644863136864331,0.78515625,1.0,0.15625
2026-05-03T04:50,14,40,0.15625,40,54,0.0,5.646386444662008,0.9644237344341156,0.78515625,1.0,0.15625
2026-05-03T05:20,14,40,0.15625,40,54,0.0,5.646910536635968,0.9641436319473915,0.78515625,1.0,0.15625
2026-05-03T05:50,14,40,0.15625,40,54,0.0,5.647277087019318,0.964083238864437,0.78515625,1.0,0.15625
2026-05-03T06:20,14,40,0.15625,40,54,0.0,5.6475011663722094,0.9638073256825647,0.78515625,1.0,0.15625
2026-05-03T06:50,14,40,0.15625,40,54,0.0,5.647723685241686,0.963749048768271,0.78515625,1.0,0.15625
2026-05-03T07:20,14,40,0.15625,40,54,0.0,5.6478417636152045,0.9636913089683948,0.78515625,1.0,0.15625
2026-05-03T07:50,14,40,0.15625,40,54,0.0,5.647828774730235,0.9636340988914531,0.78515625,1.0,0.15625
2026-05-03T08:20,15,40,0.15625,40,54,0.0,5.647805460764821,0.9638001532344146,0.78515625,1.0,0.15625
2026-05-03T08:50,15,40,0.15625,40,54,0.0,5.647693574136471,0.9637429685024177,0.78515625,1.0,0.15625
2026-05-03T09:20,15,40,0.15625,40,54,0.0,5.647573409708915,0.9639070274684701,0.78515625,1.0,0.15625
2026-05-03T09:50,16,40,0.15625,40,54,0.0,5.647445216962808,0.9640696084258193,0.78515625,1.0,0.15625
2026-05-03T10:20,16,40,0.15625,40,54,0.0,5.647332007050207,0.964011984675906,0.78515625,1.0,0.15625
2026-05-03T10:50,17,40,0.15625,40,54,0.0,5.647210865129596,0.9641726454586028,0.78515625,1.0,0.15625
2026-05-03T11:20,17,40,0.15625,40,54,0.0,5.647082025768925,0.9643318781454535,0.78515625,1.0,0.15625
2026-05-03T11:50,17,40,0.15625,40,54,0.0,5.646785348116505,0.9640682941924289,0.78515625,1.0,0.15625
2026-05-03T12:20,17,40,0.15625,40,54,0.0,5.646484479395241,0.9642265836453258,0.78515625,1.0,0.15625
2026-05-03T12:50,19,40,0.15625,40,54,0.0,5.646179558536213,0.9643834845942497,0.78515625,1.0,0.15625
2026-05-03T13:20,18,40,0.15625,40,54,0.0,5.645870720440621,0.9645390152292094,0.78515625,1.0,0.15625
2026-05-03T13:50,19,40,0.15625,40,54,0.0,5.645558096109777,0.964693193423865,0.78515625,1.0,0.15625
2026-05-03T14:20,19,40,0.15625,40,54,0.0,5.645241812770248,0.9648460367423763,0.78515625,1.0,0.15625
2026-05-03T14:50,19,40,0.15625,40,54,0.0,5.644921993994416,0.964997562446073,0.78515625,1.0,0.15625
2026-05-03T15:20,19,40,0.15625,40,54,0.0,5.644598759816589,0.9651477874999526,0.78515625,1.0,0.15625
2026-05-03T15:50,20,40,0.15625,40,54,0.0,5.644266864581705,0.9650882649559147,0.78515625,1.0,0.15625
2026-05-03T16:20,19,40,0.15625,40,54,0.0,5.643931875525302,0.9652368255305704,0.78515625,1.0,0.15625
2026-05-03T16:50,19,40,0.15625,40,54,0.0,5.643577259073632,0.9651774301350813,0.78515625,1.0,0.15625
2026-05-03T17:20,20,40,0.15625,40,54,0.0,5.6432200402052946,0.9653243608096168,0.78515625,1.0,0.15625
2026-05-03T17:50,19,40,0.15625,40,54,0.0,5.642860315240176,0.9654700567726016,0.78515625,1.0,0.15625
2026-05-03T18:20,19,40,0.15625,40,54,0.0,5.64256775806411,0.9654104310630724,0.78515625,1.0,0.15625
2026-05-03T18:50,19,40,0.15625,40,54,0.0,5.642425283090231,0.9651577288701509,0.78515625,1.0,0.15625
2026-05-03T19:20,19,40,0.15625,40,54,0.0,5.642276772228956,0.965302302609279,0.78515625,1.0,0.15625
2026-05-03T19:50,18,40,0.15625,40,54,0.0,5.642223089118141,0.9652441092604601,0.78515625,1.0,0.15625
2026-05-03T20:20,18,40,0.15625,40,54,0.0,5.642185974431221,0.9651863948692447,0.78515625,1.0,0.15625
2026-05-03T20:50,18,40,0.15625,40,54,0.0,5.6421413246289305,0.965329073578797,0.78515625,1.0,0.15625
2026-05-03T21:20,18,40,0.15625,40,54,0.0,5.642215794654835,0.9652714835323329,0.78515625,1.0,0.15625
2026-05-03T21:50,17,40,0.15625,40,54,0.0,5.642427432317974,0.9652143616976289,0.78515625,1.0,0.15625
2026-05-03T22:20,17,40,0.15625,40,54,0.0,5.642627267904468,0.9653551942413632,0.78515625,1.0,0.15625
2026-05-03T22:50,16,40,0.15625,40,54,0.0,5.642902138822211,0.9652981955234348,0.78515625,1.0,0.15625
2026-05-03T23:20,16,40,0.15625,40,54,0.0,5.643376199047666,0.9650550778898543,0.78515625,1.0,0.15625
2026-05-03T23:50,15,40,0.15625,40,54,0.0,5.643834104574759,0.9651948575782949,0.78515625,1.0,0.15625
2026-05-04T00:20,15,40,0.15625,40,54,0.0,5.6442762424900845,0.9653335234843574,0.78515625,1.0,0.15625
2026-05-04T00:50,15,40,0.15625,40,54,0.0,5.644702988658286,0.965471088867356,0.78515625,1.0,0.15625
2026-05-04T01:20,14,40,0.15625,40,54,0.0,5.645114708137416,0.9656075667769712,0.78515625,1.0,0.15625
2026-05-04T01:50,14,40,0.15625,40,54,0.0,5.645511755574615,0.9657429700573769,0.78515625,1.0,0.15625
2026-05-04T02:20,15,40,0.15625,40,54,0.0,5.645894475583284,0.9658773113512695,0.78515625,1.0,0.15625
2026-05-04T02:50,14,40,0.15625,40,54,0.0,5.646263203102829,0.9660106031038037,0.78515625,1.0,0.15625
2026-05-04T03:20,13,40,0.15625,40,54,0.0,5.646736183419821,0.9659530502208905,0.78515625,1.0,0.15625
2026-05-04T03:50,13,40,0.15625,40,54,0.0,5.647126529139364,0.9658959434843566,0.78515625,1.0,0.15625
2026-05-04T04:20,13,40,0.15625,40,54,0.0,5.647502987060076,0.9660276193782393,0.78515625,1.0,0.15625
2026-05-04T04:50,13,40,0.15625,40,54,0.0,5.6479611783412125,0.9659706651198428,0.78515625,1.0,0.15625
2026-05-04T05:20,13,40,0.15625,40,54,0.0,5.648355808469025,0.9657361487966322,0.78515625,1.0,0.15625
2026-05-04T05:50,13,40,0.15625,40,54,0.0,5.6486313031945565,0.9656807417867028,0.78515625,1.0,0.15625
2026-05-04T06:20,13,40,0.15625,40,54,0.0,5.648799245268582,0.9654491112276731,0.78515625,1.0,0.15625
2026-05-04T06:50,12,40,0.15625,40,54,0.0,5.648900962998627,0.9652192354456058,0.78515625,1.0,0.15625
2026-05-04T07:20,12,40,0.15625,40,54,0.0,5.648993845210603,0.9653504836137357,0.78515625,1.0,0.15625
2026-05-04T07:50,12,40,0.15625,40,54,0.0,5.64898408387094,0.9652973596610342,0.78515625,1.0,0.15625
2026-05-04T08:20,12,40,0.15625,40,54,0.0,5.648967352311897,0.9654273320967607,0.78515625,1.0,0.15625
2026-05-04T08:50,12,40,0.15625,40,54,0.0,5.648883215322311,0.9653743178433963,0.78515625,1.0,0.15625
2026-05-04T09:20,12,40,0.15625,40,54,0.0,5.648793361502992,0.9655030378514134,0.78515625,1.0,0.15625
2026-05-04T09:50,13,40,0.15625,40,54,0.0,5.6486979316103785,0.9656308043778897,0.78515625,1.0,0.15625
2026-05-04T10:20,13,40,0.15625,40,54,0.0,5.648614251988925,0.9655776261779532,0.78515625,1.0,0.15625
2026-05-04T10:50,13,40,0.15625,40,54,0.0,5.64852503064288,0.9657041790228872,0.78515625,1.0,0.15625
2026-05-04T11:20,14,40,0.15625,40,54,0.0,5.648430401757953,0.9658298047407521,0.78515625,1.0,0.15625
2026-05-04T11:50,14,40,0.15625,40,54,0.0,5.648246500595491,0.9657764825051842,0.78515625,1.0,0.15625
2026-05-04T12:20,14,40,0.15625,40,54,0.0,5.648011132954038,0.9657235480676929,0.78515625,1.0,0.15625
2026-05-04T12:50,14,40,0.15625,40,54,0.0,5.647772785829942,0.9658477381109258,0.78515625,1.0,0.15625
2026-05-04T13:20,15,40,0.15625,40,54,0.0,5.647531539240556,0.9659710314751464,0.78515625,1.0,0.15625
2026-05-04T13:50,15,40,0.15625,40,54,0.0,5.647287471294796,0.9660934378367465,0.78515625,1.0,0.15625
2026-05-04T14:20,15,40,0.15625,40,54,0.0,5.647040658243941,0.966214966733389,0.78515625,1.0,0.15625
2026-05-04T14:50,15,40,0.15625,40,54,0.0,5.646791174530878,0.9663356275664843,0.78515625,1.0,0.15625
2026-05-04T15:20,15,40,0.15625,40,54,0.0,5.646539092837842,0.9664554296036142,0.78515625,1.0,0.15625
2026-05-04T15:50,15,40,0.15625,40,54,0.0,5.646276169416272,0.9664014015276976,0.78515625,1.0,0.15625
2026-05-04T16:20,15,40,0.15625,40,54,0.0,5.646010906485172,0.9665201244904972,0.78515625,1.0,0.15625
2026-05-04T16:50,14,40,0.15625,40,54,0.0,5.645725702979242,0.9664662490950909,0.78515625,1.0,0.15625
2026-05-04T17:20,14,40,0.15625,40,54,0.0,5.645438535352688,0.9665839113789678,0.78515625,1.0,0.15625
2026-05-04T17:50,15,40,0.15625,40,54,0.0,5.645149461899313,0.9667007508496707,0.78515625,1.0,0.15625
2026-05-04T18:20,15,40,0.15625,40,54,0.0,5.6449125663219935,0.9666468092515712,0.78515625,1.0,0.15625
2026-05-04T18:50,15,40,0.15625,40,54,0.0,5.644788604868052,0.9664319311109819,0.78515625,1.0,0.15625
2026-05-04T19:20,15,40,0.15625,40,54,0.0,5.6446604957072015,0.9665480835984872,0.78515625,1.0,0.15625
2026-05-04T19:50,15,40,0.15625,40,54,0.0,5.644604881997085,0.966495226455717,0.78515625,1.0,0.15625
2026-05-04T20:20,14,40,0.15625,40,54,0.0,5.644561731734794,0.9664427325922786,0.78515625,1.0,0.15625
2026-05-04T20:50,14,40,0.15625,40,54,0.0,5.644513462626156,0.9665576547409351,0.78515625,1.0,0.15625
2026-05-04T21:20,13,40,0.15625,40,54,0.0,5.644558708130606,0.9665053061315637,0.78515625,1.0,0.15625
2026-05-04T21:50,14,40,0.15625,40,54,0.0,5.6447091978593145,0.9664533136351813,0.78515625,1.0,0.15625
2026-05-04T22:20,13,40,0.15625,40,54,0.0,5.644851804727696,0.966567031216079,0.78515625,1.0,0.15625
2026-05-04T22:50,13,40,0.15625,40,54,0.0,5.645030424855357,0.9665151814896568,0.78515625,1.0,0.15625
2026-05-04T23:20,13,40,0.15625,40,54,0.0,5.645389513735118,0.966307257998991,0.78515625,1.0,0.15625
2026-05-04T23:50,12,40,0.15625,40,54,0.0,5.645737806148514,0.9664203208916119,0.78515625,1.0,0.15625
2026-05-05T00:20,12,40,0.15625,40,54,0.0,5.646075518554014,0.9665326275107035,0.78515625,1.0,0.15625
2026-05-05T00:50,12,40,0.15625,40,54,0.0,5.646402862210344,0.9666441854190011,0.78515625,1.0,0.15625
2026-05-05T01:20,12,40,0.15625,40,54,0.0,5.646720043334757,0.9667550020787387,0.78515625,1.0,0.15625
2026-05-05T01:50,11,40,0.15625,40,54,0.0,5.647027263255163,0.9668650848533124,0.78515625,1.0,0.15625
2026-05-05T02:20,11,40,0.15625,40,54,0.0,5.6473247185564315,0.966974441008912,0.78515625,1.0,0.15625
2026-05-05T02:50,11,40,0.15625,40,54,0.0,5.647706996198635,0.9669226155851823,0.78515625,1.0,0.15625
2026-05-05T03:20,11,40,0.15625,40,54,0.0,5.648078576518623,0.9670310660258867,0.78515625,1.0,0.15625
2026-05-05T03:50,11,40,0.15625,40,54,0.0,5.648382982617924,0.9669793942813418,0.78515625,1.0,0.15625
2026-05-05T04:20,11,40,0.15625,40,54,0.0,5.64867785677907,0.9670869532576242,0.78515625,1.0,0.15625
2026-05-05T04:50,11,40,0.15625,40,54,0.0,5.649041213839249,0.9670354355918366,0.78515625,1.0,0.15625
2026-05-05T05:20,11,40,0.15625,40,54,0.0,5.649354521401977,0.9668339031296038,0.78515625,1.0,0.15625
2026-05-05T05:50,11,40,0.15625,40,54,0.0,5.649613118460894,0.9667835341265895,0.78515625,1.0,0.15625
2026-05-05T06:20,11,40,0.15625,40,54,0.0,5.649744879585986,0.9665841076656095,0.78515625,1.0,0.15625
2026-05-05T06:50,11,40,0.15625,40,54,0.0,5.649823697507167,0.9663859595793798,0.78515625,1.0,0.15625
2026-05-05T07:20,11,40,0.15625,40,54,0.0,5.649896285006913,0.9664933526797651,0.78515625,1.0,0.15625
2026-05-05T07:50,11,40,0.15625,40,54,0.0,5.649884764622184,0.9664447098756741,0.78515625,1.0,0.15625
2026-05-05T08:20,12,40,0.15625,40,54,0.0,5.649868281835211,0.9665512346062275,0.78515625,1.0,0.15625
2026-05-05T08:50,12,40,0.15625,40,54,0.0,5.649798793381836,0.9665027164973317,0.78515625,1.0,0.15625
2026-05-05T09:20,12,40,0.15625,40,54,0.0,5.649725164358893,0.966608386161378,0.78515625,1.0,0.15625
2026-05-05T09:50,13,40,0.15625,40,54,0.0,5.649647480943498,0.9667133912363423,0.78515625,1.0,0.15625
2026-05-05T10:20,13,40,0.15625,40,54,0.0,5.649579506115455,0.9666648210826078,0.78515625,1.0,0.15625
2026-05-05T10:50,13,40,0.15625,40,54,0.0,5.649507483529274,0.9667689935167246,0.78515625,1.0,0.15625
2026-05-05T11:20,14,40,0.15625,40,54,0.0,5.64943149617399,0.9668725169014077,0.78515625,1.0,0.15625
2026-05-05T11:50,15,40,0.15625,40,54,0.0,5.64932089965012,0.9668239050855496,0.78515625,1.0,0.15625
2026-05-05T12:20,15,40,0.15625,40,54,0.0,5.649128405743411,0.9667755942716474,0.78515625,1.0,0.15625
2026-05-05T12:50,16,40,0.15625,40,54,0.0,5.64893364041962,0.9668781387337719,0.78515625,1.0,0.15625
2026-05-05T13:20,16,40,0.15625,40,54,0.0,5.6487366548359095,0.9669800521530526,0.78515625,1.0,0.15625
2026-05-05T13:50,16,40,0.15625,40,54,0.0,5.648537499111642,0.9670813403366322,0.78515625,1.0,0.15625
2026-05-05T14:20,16,40,0.15625,40,54,0.0,5.648336222351946,0.967182009020618,0.78515625,1.0,0.15625
2026-05-05T14:50,16,40,0.15625,40,54,0.0,5.648132872670693,0.9672820638711649,0.78515625,1.0,0.15625
2026-05-05T15:20,16,40,0.15625,40,54,0.0,5.6479274972128355,0.9673815104855383,0.78515625,1.0,0.15625
2026-05-05T15:50,16,40,0.15625,40,54,0.0,5.64771069035185,0.9673325347331432,0.78515625,1.0,0.15625
2026-05-05T16:20,16,40,0.15625,40,54,0.0,5.647492064185007,0.9674312279816836,0.78515625,1.0,0.15625
2026-05-05T16:50,15,40,0.15625,40,54,0.0,5.647254915415374,0.9673823975124469,0.78515625,1.0,0.15625
2026-05-05T17:20,15,40,0.15625,40,54,0.0,5.647016230896061,0.9674803482706678,0.78515625,1.0,0.15625
2026-05-05T17:50,15,40,0.15625,40,54,0.0,5.646776048617539,0.9675777124974023,0.78515625,1.0,0.15625
2026-05-05T18:20,15,40,0.15625,40,54,0.0,5.646630674284197,0.9673902026235649,0.78515625,1.0,0.15625
2026-05-05T18:50,14,40,0.15625,40,54,0.0,5.646521234448587,0.9673420755687184,0.78515625,1.0,0.15625
2026-05-05T19:20,14,40,0.15625,40,54,0.0,5.6464087725157,0.9674389833563484,0.78515625,1.0,0.15625
2026-05-05T19:50,14,40,0.15625,40,54,0.0,5.6463669863213815,0.9672535482125779,0.78515625,1.0,0.15625
2026-05-05T20:20,13,40,0.15625,40,54,0.0,5.646321441991965,0.9673501454154907,0.78515625,1.0,0.15625
2026-05-05T20:50,13,40,0.15625,40,54,0.0,5.646272209911205,0.9674461743995627,0.78515625,1.0,0.15625
2026-05-05T21:20,13,40,0.15625,40,54,0.0,5.646299607449291,0.9673985888799016,0.78515625,1.0,0.15625
2026-05-05T21:50,12,40,0.15625,40,54,0.0,5.646411744272657,0.9673512816381332,0.78515625,1.0,0.15625
2026-05-05T22:20,12,40,0.15625,40,54,0.0,5.646518263225765,0.9674464674059521,0.78515625,1.0,0.15625
2026-05-05T22:50,11,40,0.15625,40,54,0.0,5.6466528302059675,0.9673992960245253,0.78515625,1.0,0.15625
2026-05-05T23:20,12,40,0.15625,40,54,0.0,5.646937947979134,0.9672177383686914,0.78515625,1.0,0.15625
2026-05-05T23:50,11,40,0.15625,40,54,0.0,5.647215360647914,0.9673124847895911,0.78515625,1.0,0.15625
2026-05-06T00:20,11,40,0.15625,40,54,0.0,5.647485201111459,0.9674066851216095,0.78515625,1.0,0.15625
2026-05-06T00:50,11,40,0.15625,40,54,0.0,5.64774759954153,0.9675003440724096,0.78515625,1.0,0.15625
2026-05-06T01:20,10,40,0.15625,40,54,0.0,5.648002683453063,0.9675934662956978,0.78515625,1.0,0.15625
2026-05-06T01:50,10,40,0.15625,40,54,0.0,5.648250577772402,0.9676860563919958,0.78515625,1.0,0.15625
2026-05-06T02:20,10,40,0.15625,40,54,0.0,5.648491404903341,0.9677781189093975,0.78515625,1.0,0.15625
2026-05-06T02:50,10,40,0.15625,40,54,0.0,5.6488021647756455,0.9677310774130503,0.78515625,1.0,0.15625
2026-05-06T03:20,10,40,0.15625,40,54,0.0,5.649105176260853,0.9678224907914835,0.78515625,1.0,0.15625
2026-05-06T03:50,10,40,0.15625,40,54,0.0,5.649352389803402,0.9677755897220023,0.78515625,1.0,0.15625
2026-05-06T04:20,9,40,0.15625,40,54,0.0,5.649592666540729,0.9678663627087009,0.78515625,1.0,0.15625
2026-05-06T04:50,9,40,0.15625,40,54,0.0,5.649891829552227,0.9678196018926515,0.78515625,1.0,0.15625
2026-05-06T05:20,9,40,0.15625,40,54,0.0,5.650149912585734,0.9676429696878035,0.78515625,1.0,0.15625
2026-05-06T05:50,9,40,0.15625,40,54,0.0,5.6503629111625875,0.9675970941082149,0.78515625,1.0,0.15625
2026-05-06T06:20,8,40,0.15625,40,54,0.0,5.650531704429611,0.967551474102886,0.78515625,1.0,0.15625
2026-05-06T06:50,8,40,0.15625,40,54,0.0,5.650646036417804,0.9673770586324945,0.78515625,1.0,0.15625
2026-05-06T07:20,8,40,0.15625,40,54,0.0,5.65070631250829,0.9673323008861304,0.78515625,1.0,0.15625
2026-05-06T07:50,9,40,0.15625,40,54,0.0,5.650762025141093,0.967422543148876,0.78515625,1.0,0.15625
2026-05-06T08:20,9,40,0.15625,40,54,0.0,5.650747626121617,0.9673779066999675,0.78515625,1.0,0.15625
2026-05-06T08:50,10,40,0.15625,40,54,0.0,5.650729562939593,0.9674675278354071,0.78515625,1.0,0.15625
2026-05-06T09:20,10,40,0.15625,40,54,0.0,5.650668986147549,0.9674230127240641,0.78515625,1.0,0.15625
2026-05-06T09:50,11,40,0.15625,40,54,0.0,5.650605308337283,0.9675120208860202,0.78515625,1.0,0.15625
2026-05-06T10:20,11,40,0.15625,40,54,0.0,5.6505503228861285,0.9674676271293692,0.78515625,1.0,0.15625
2026-05-06T10:50,11,40,0.15625,40,54,0.0,5.6504922273954215,0.9675560303165176,0.78515625,1.0,0.15625
2026-05-06T11:20,11,40,0.15625,40,54,0.0,5.650431077049357,0.9676439543536002,0.78515625,1.0,0.15625
2026-05-06T11:50,12,40,0.15625,40,54,0.0,5.65036692600566,0.9677314031256176,0.78515625,1.0,0.15625
2026-05-06T12:20,12,40,0.15625,40,54,0.0,5.650207053779769,0.9675616740195159,0.78515625,1.0,0.15625
2026-05-06T12:50,12,40,0.15625,40,54,0.0,5.650045366871021,0.9676488738205388,0.78515625,1.0,0.15625
2026-05-06T13:50,12,40,0.15625,40,54,0.0,5.64988190031099,0.9677356060623067,0.78515625,1.0,0.15625
2026-05-06T14:20,12,40,0.15625,40,54,0.0,5.649716688513316,0.9678218744952952,0.78515625,1.0,0.15625
2026-05-06T14:50,12,40,0.15625,40,54,0.0,5.6495497652859505,0.9679076828299744,0.78515625,1.0,0.15625
2026-05-06T15:20,12,40,0.15625,40,54,0.0,5.649381163843119,0.9679930347373416,0.78515625,1.0,0.15625
2026-05-06T15:50,13,40,0.15625,40,54,0.0,5.649200563410682,0.9679485426351074,0.78515625,1.0,0.15625
2026-05-06T16:20,13,40,0.15625,40,54,0.0,5.649018459866901,0.9680333348503585,0.78515625,1.0,0.15625
2026-05-06T16:50,13,40,0.15625,40,54,0.0,5.648818614650544,0.9679889712021916,0.78515625,1.0,0.15625
2026-05-06T17:20,13,40,0.15625,40,54,0.0,5.648617495309182,0.9680732107516595,0.78515625,1.0,0.15625
2026-05-06T17:50,13,40,0.15625,40,54,0.0,5.648451381049558,0.9680289753223773,0.78515625,1.0,0.15625
2026-05-06T18:20,12,40,0.15625,40,54,0.0,5.6483256598515785,0.9679849714922013,0.78515625,1.0,0.15625
2026-05-06T18:50,12,40,0.15625,40,54,0.0,5.64822818137969,0.9679411974470392,0.78515625,1.0,0.15625
2026-05-06T19:50,12,40,0.15625,40,54,0.0,5.648186580091434,0.9677766680390049,0.78515625,1.0,0.15625
2026-05-06T20:20,12,40,0.15625,40,54,0.0,5.64814210348373,0.9678603650051374,0.78515625,1.0,0.15625
2026-05-06T20:50,12,40,0.15625,40,54,0.0,5.648094799046714,0.9679436283082329,0.78515625,1.0,0.15625
2026-05-06T21:20,11,40,0.15625,40,54,0.0,5.648110747832811,0.9679004135379149,0.78515625,1.0,0.15625
2026-05-06T21:50,11,40,0.15625,40,54,0.0,5.648196443527208,0.9678574215241448,0.78515625,1.0,0.15625
2026-05-06T22:20,11,40,0.15625,40,54,0.0,5.648277910917348,0.9679400502605865,0.78515625,1.0,0.15625
2026-05-06T22:50,10,40,0.15625,40,54,0.0,5.648380038393199,0.9678971770860597,0.78515625,1.0,0.15625
2026-05-06T23:20,10,40,0.15625,40,54,0.0,5.648608398414554,0.9677357058013432,0.78515625,1.0,0.15625
2026-05-06T23:50,10,40,0.15625,40,54,0.0,5.648831013681629,0.967818012674299,0.78515625,1.0,0.15625
2026-05-07T00:20,10,40,0.15625,40,54,0.0,5.649047971548535,0.9678999006827613,0.78515625,1.0,0.15625
2026-05-07T00:50,10,40,0.15625,40,54,0.0,5.649259357801727,0.9679813730160538,0.78515625,1.0,0.15625
2026-05-07T01:20,10,40,0.15625,40,54,0.0,5.649465256695266,0.968062432831203,0.78515625,1.0,0.15625
2026-05-07T01:50,10,40,0.15625,40,54,0.0,5.649665750985062,0.9681430832533464,0.78515625,1.0,0.15625
2026-05-07T02:20,10,40,0.15625,40,54,0.0,5.649860921962172,0.968223327376134,0.78515625,1.0,0.15625
2026-05-07T02:50,10,40,0.15625,40,54,0.0,5.6501143746451765,0.9681806042224128,0.78515625,1.0,0.15625
2026-05-07T03:20,10,40,0.15625,40,54,0.0,5.650361995250738,0.9682603520815045,0.78515625,1.0,0.15625
2026-05-07T03:50,10,40,0.15625,40,54,0.0,5.650561930494747,0.9682177499817886,0.78515625,1.0,0.15625
2026-05-07T04:20,10,40,0.15625,40,54,0.0,5.650756632445085,0.9682970074631307,0.78515625,1.0,0.15625
2026-05-07T04:50,9,40,0.15625,40,54,0.0,5.6510028718612135,0.9682545261316183,0.78515625,1.0,0.15625
2026-05-07T05:20,9,40,0.15625,40,54,0.0,5.651214963083421,0.9680969762026611,0.78515625,1.0,0.15625
2026-05-07T05:50,9,40,0.15625,40,54,0.0,5.651389169086206,0.9680552003016524,0.78515625,1.0,0.15625
2026-05-07T06:20,9,40,0.15625,40,54,0.0,5.651527024532038,0.9680136307013895,0.78515625,1.0,0.15625
2026-05-07T06:50,9,40,0.15625,40,54,0.0,5.651620707993398,0.967857838272967,0.78515625,1.0,0.15625
2026-05-07T07:20,10,40,0.15625,40,54,0.0,5.651668751845687,0.9678169578649133,0.78515625,1.0,0.15625
2026-05-07T07:50,10,40,0.15625,40,54,0.0,5.651713261219786,0.9678958378701464,0.78515625,1.0,0.15625
2026-05-07T08:20,10,40,0.15625,40,54,0.0,5.65169826900217,0.9678550644577381,0.78515625,1.0,0.15625
2026-05-07T08:50,11,40,0.15625,40,54,0.0,5.6516804116793145,0.9679334667395485,0.78515625,1.0,0.15625
2026-05-07T09:20,12,40,0.15625,40,54,0.0,5.651628162317807,0.9678928001834792,0.78515625,1.0,0.15625
2026-05-07T09:50,12,40,0.15625,40,54,0.0,5.651573450028311,0.9679707302801213,0.78515625,1.0,0.15625
2026-05-07T10:20,12,40,0.15625,40,54,0.0,5.651527427044591,0.9679301704300365,0.78515625,1.0,0.15625
2026-05-07T10:50,13,40,0.15625,40,54,0.0,5.6514789182741785,0.9680076337864857,0.78515625,1.0,0.15625
2026-05-07T11:20,13,40,0.15625,40,54,0.0,5.651427962724219,0.9680847238255544,0.78515625,1.0,0.15625
2026-05-07T11:50,13,40,0.15625,40,54,0.0,5.651354307290229,0.9680441824514427,0.78515625,1.0,0.15625
2026-05-07T12:20,14,40,0.15625,40,54,0.0,5.651219184622324,0.9680038355203724,0.78515625,1.0,0.15625
2026-05-07T12:50,13,40,0.15625,40,54,0.0,5.651082550757266,0.9680803813684098,0.78515625,1.0,0.15625
2026-05-07T13:20,14,40,0.15625,40,54,0.0,5.650944431263313,0.9681565618424709,0.78515625,1.0,0.15625
2026-05-07T13:50,14,40,0.15625,40,54,0.0,5.650804851308116,0.9682323795523697,0.78515625,1.0,0.15625
2026-05-07T14:20,13,40,0.15625,40,54,0.0,5.6506638356658,0.9683078370831243,0.78515625,1.0,0.15625
2026-05-07T14:50,14,40,0.15625,40,54,0.0,5.650521408723885,0.9683829369952496,0.78515625,1.0,0.15625
2026-05-07T15:20,14,40,0.15625,40,54,0.0,5.6503775944900845,0.968457681825048,0.78515625,1.0,0.15625
2026-05-07T15:50,14,40,0.15625,40,54,0.0,5.650222589972046,0.9684170257646002,0.78515625,1.0,0.15625
2026-05-07T16:20,14,40,0.15625,40,54,0.0,5.650066338323014,0.968491338645154,0.78515625,1.0,0.15625
2026-05-07T16:50,14,40,0.15625,40,54,0.0,5.649894066167889,0.9684507944516093,0.78515625,1.0,0.15625
2026-05-07T17:20,14,40,0.15625,40,54,0.0,5.649720727183226,0.9685246801788889,0.78515625,1.0,0.15625
2026-05-07T17:50,13,40,0.15625,40,54,0.0,5.649546340922292,0.9685982206457607,0.78515625,1.0,0.15625
2026-05-07T18:20,13,40,0.15625,40,54,0.0,5.649437679529309,0.9684494180446328,0.78515625,1.0,0.15625
2026-05-07T18:50,13,40,0.15625,40,54,0.0,5.649352708748101,0.9684093484961456,0.78515625,1.0,0.15625
2026-05-07T19:20,13,40,0.15625,40,54,0.0,5.649265873848777,0.9684826446713286,0.78515625,1.0,0.15625
2026-05-07T19:50,13,40,0.15625,40,54,0.0,5.649225533910877,0.9683351429585754,0.78515625,1.0,0.15625
2026-05-07T20:20,12,40,0.15625,40,54,0.0,5.649182947155213,0.968408271958671,0.78515625,1.0,0.15625
2026-05-07T20:50,12,40,0.15625,40,54,0.0,5.649138146629745,0.9684810639587662,0.78515625,1.0,0.15625
2026-05-07T21:20,12,40,0.15625,40,54,0.0,5.649209018165826,0.9683345831330261,0.78515625,1.0,0.15625
2026-05-07T21:50,12,40,0.15625,40,54,0.0,5.649276576558907,0.968407210235932,0.78515625,1.0,0.15625
2026-05-07T22:20,12,40,0.15625,40,54,0.0,5.649340868245323,0.968479504949351,0.78515625,1.0,0.15625
2026-05-07T22:50,12,40,0.15625,40,54,0.0,5.649421913735319,0.9684400985731998,0.78515625,1.0,0.15625
2026-05-07T23:20,11,40,0.15625,40,54,0.0,5.6496120062276995,0.9682950457399168,0.78515625,1.0,0.15625
2026-05-07T23:50,11,40,0.15625,40,54,0.0,5.649797671239635,0.9683671024541443,0.78515625,1.0,0.15625
2026-05-08T00:20,11,40,0.15625,40,54,0.0,5.649978968709551,0.9684388323805521,0.78515625,1.0,0.15625
2026-05-08T00:50,10,40,0.15625,40,54,0.0,5.650155957623461,0.9685102377371572,0.78515625,1.0,0.15625
2026-05-08T01:20,10,40,0.15625,40,54,0.0,5.650328696033864,0.9685813207219491,0.78515625,1.0,0.15625
2026-05-08T01:50,9,40,0.15625,40,54,0.0,5.6504972410781455,0.9686520835131158,0.78515625,1.0,0.15625
2026-05-08T02:20,9,40,0.15625,40,54,0.0,5.650661648996553,0.9687225282692662,0.78515625,1.0,0.15625
2026-05-08T02:50,9,40,0.15625,40,54,0.0,5.650876663363339,0.9686832838386065,0.78515625,1.0,0.15625
2026-05-08T03:20,9,40,0.15625,40,54,0.0,5.6510871390038995,0.9687533436063054,0.78515625,1.0,0.15625
2026-05-08T03:50,9,40,0.15625,40,54,0.0,5.651256061180651,0.9687142055897626,0.78515625,1.0,0.15625
2026-05-08T04:20,8,40,0.15625,40,54,0.0,5.651420900973046,0.9687838844191842,0.78515625,1.0,0.15625
2026-05-08T04:50,8,40,0.15625,40,54,0.0,5.651631638303716,0.9687448524809085,0.78515625,1.0,0.15625
2026-05-08T05:20,8,40,0.15625,40,54,0.0,5.651812841990418,0.9686029834172298,0.78515625,1.0,0.15625
2026-05-08T05:50,8,40,0.15625,40,54,0.0,5.65198984288627,0.9686724458432979,0.78515625,1.0,0.15625
2026-05-08T06:20,9,40,0.15625,40,54,0.0,5.652107977449163,0.9685313629711536,0.78515625,1.0,0.15625
2026-05-08T06:50,9,40,0.15625,40,54,0.0,5.6521889170365425,0.9683909016094593,0.78515625,1.0,0.15625
2026-05-08T07:20,10,40,0.15625,40,54,0.0,5.652230309879296,0.968353162292065,0.78515625,1.0,0.15625
2026-05-08T07:50,11,40,0.15625,40,54,0.0,5.652268887001406,0.968422563251951,0.78515625,1.0,0.15625
2026-05-08T08:20,12,40,0.15625,40,54,0.0,5.652255596231032,0.9683849198141897,0.78515625,1.0,0.15625
2026-05-08T08:50,13,40,0.15625,40,54,0.0,5.652240006823585,0.9684539483735474,0.78515625,1.0,0.15625
2026-05-08T09:20,14,40,0.15625,40,54,0.0,5.652195708135287,0.9684164005823092,0.78515625,1.0,0.15625
2026-05-08T09:50,15,40,0.15625,40,54,0.0,5.652149409847387,0.9684850605810432,0.78515625,1.0,0.15625
2026-05-08T10:20,16,40,0.15625,40,54,0.0,5.652110948844457,0.9684476081984275,0.78515625,1.0,0.15625
2026-05-08T10:50,16,40,0.15625,40,54,0.0,5.6520704650730025,0.9685159034187771,0.78515625,1.0,0.15625
2026-05-08T11:20,16,40,0.15625,40,54,0.0,5.652027986887056,0.9685839036273759,0.78515625,1.0,0.15625
2026-05-08T11:50,17,40,0.15625,40,54,0.0,5.651965627331479,0.9685464803699787,0.78515625,1.0,0.15625
2026-05-08T12:20,17,40,0.15625,40,54,0.0,5.651848516683638,0.9685092180728284,0.78515625,1.0,0.15625
2026-05-08T12:50,17,40,0.15625,40,54,0.0,5.651730151791637,0.9685767948580799,0.78515625,1.0,0.15625
2026-05-08T13:20,17,40,0.15625,40,54,0.0,5.651610551523262,0.9686440822352574,0.78515625,1.0,0.15625
2026-05-08T13:50,17,40,0.15625,40,54,0.0,5.6514897344813235,0.968711082059541,0.78515625,1.0,0.15625
2026-05-08T14:20,18,40,0.15625,40,54,0.0,5.651367719007858,0.9687777961702883,0.78515625,1.0,0.15625
2026-05-08T14:50,18,40,0.15625,40,54,0.0,5.651244523188259,0.9688442263912026,0.78515625,1.0,0.15625
2026-05-08T15:20,18,40,0.15625,40,54,0.0,5.651120164855321,0.9689103745304994,0.78515625,1.0,0.15625
2026-05-08T15:50,18,40,0.15625,40,54,0.0,5.650985076165912,0.9688728938899585,0.78515625,1.0,0.15625
2026-05-08T16:20,18,40,0.15625,40,54,0.0,5.650848941669067,0.9689387017252862,0.78515625,1.0,0.15625
2026-05-08T16:50,18,40,0.15625,40,54,0.0,5.650697617213951,0.9689013194688935,0.78515625,1.0,0.15625
2026-05-08T17:20,18,40,0.15625,40,54,0.0,5.650545397163192,0.9689667903752747,0.78515625,1.0,0.15625
2026-05-08T17:50,18,40,0.15625,40,54,0.0,5.6503922960718755,0.969031986193814,0.78515625,1.0,0.15625
2026-05-08T19:20,16,40,0.15625,40,54,0.0,5.650353227629529,0.9687157384621327,0.78515625,1.0,0.15625
2026-05-08T19:50,15,40,0.15625,40,54,0.0,5.650316008203395,0.9686791354783105,0.78515625,1.0,0.15625
2026-05-08T20:20,15,40,0.15625,40,54,0.0,5.6502769539650135,0.9687445235044518,0.78515625,1.0,0.15625
2026-05-08T20:50,14,40,0.15625,40,54,0.0,5.650236089305992,0.9688096390804842,0.78515625,1.0,0.15625
2026-05-08T21:20,13,40,0.15625,40,54,0.0,5.650241760708071,0.9687730691701197,0.78515625,1.0,0.15625
2026-05-08T21:50,13,40,0.15625,40,54,0.0,5.650297150948014,0.9687366510021219,0.78515625,1.0,0.15625
2026-05-08T22:20,13,40,0.15625,40,54,0.0,5.650349916476184,0.9688013784327593,0.78515625,1.0,0.15625
2026-05-08T22:50,12,40,0.15625,40,54,0.0,5.650415996372678,0.9687650522628467,0.78515625,1.0,0.15625
2026-05-08T23:20,13,40,0.15625,40,54,0.0,5.650577318303102,0.9686330870102675,0.78515625,1.0,0.15625
2026-05-08T23:50,12,40,0.15625,40,54,0.0,5.650735107769786,0.9686976279834973,0.78515625,1.0,0.15625
2026-05-09T00:20,12,40,0.15625,40,54,0.0,5.650889408035714,0.9687619039013957,0.78515625,1.0,0.15625
2026-05-09T00:50,10,40,0.15625,40,54,0.0,5.651040261745212,0.9688259163934011,0.78515625,1.0,0.15625
2026-05-09T01:20,10,40,0.15625,40,54,0.0,5.651187710934932,0.9688896670756232,0.78515625,1.0,0.15625
2026-05-09T01:50,10,40,0.15625,40,54,0.0,5.651331797044619,0.968953157550979,0.78515625,1.0,0.15625
2026-05-09T02:20,11,40,0.15625,40,54,0.0,5.651472560927612,0.9690163894093273,0.78515625,1.0,0.15625
2026-05-09T02:50,11,40,0.15625,40,54,0.0,5.651657706500752,0.9689802168946643,0.78515625,1.0,0.15625
2026-05-09T03:20,10,40,0.15625,40,54,0.0,5.65183920663248,0.9690431373472106,0.78515625,1.0,0.15625
2026-05-09T03:50,10,40,0.15625,40,54,0.0,5.651982980263486,0.9690070571343521,0.78515625,1.0,0.15625
2026-05-09T04:20,10,40,0.15625,40,54,0.0,5.652123476864041,0.9690696691401413,0.78515625,1.0,0.15625
2026-05-09T04:50,10,40,0.15625,40,54,0.0,5.652304970533034,0.9690336809204941,0.78515625,1.0,0.15625
2026-05-09T05:20,9,40,0.15625,40,54,0.0,5.652460111851821,0.9689043614513622,0.78515625,1.0,0.15625
2026-05-09T05:50,10,40,0.15625,40,54,0.0,5.652587420941212,0.9688688497058676,0.78515625,1.0,0.15625
2026-05-09T06:20,10,40,0.15625,40,54,0.0,5.6526883248436715,0.9688334802920185,0.78515625,1.0,0.15625
2026-05-09T06:50,11,40,0.15625,40,54,0.0,5.652757111940977,0.9687053371409582,0.78515625,1.0,0.15625
2026-05-09T07:20,11,40,0.15625,40,54,0.0,5.652791215043116,0.9686704352947589,0.78515625,1.0,0.15625
2026-05-09T07:50,12,40,0.15625,40,54,0.0,5.652823024155523,0.9687328447862037,0.78515625,1.0,0.15625
2026-05-09T08:20,13,40,0.15625,40,54,0.0,5.6528091726934795,0.9686980270275733,0.78515625,1.0,0.15625
2026-05-09T08:50,14,40,0.15625,40,54,0.0,5.652770613873064,0.9686633474346518,0.78515625,1.0,0.15625
2026-05-09T09:20,15,40,0.15625,40,54,0.0,5.652730380168515,0.9687254002120089,0.78515625,1.0,0.15625
2026-05-09T09:50,16,40,0.15625,40,54,0.0,5.65269761340393,0.9686908035953747,0.78515625,1.0,0.15625
2026-05-09T10:20,16,40,0.15625,40,54,0.0,5.652663147297521,0.9687525574344371,0.78515625,1.0,0.15625
2026-05-09T10:50,17,40,0.15625,40,54,0.0,5.652627003489756,0.9688140681481489,0.78515625,1.0,0.15625
2026-05-09T11:20,18,40,0.15625,40,54,0.0,5.652573306352679,0.968779501240579,0.78515625,1.0,0.15625
2026-05-09T11:50,18,40,0.15625,40,54,0.0,5.652469963672086,0.9687450698895095,0.78515625,1.0,0.15625
2026-05-09T12:20,18,40,0.15625,40,54,0.0,5.652365548717894,0.9688062341363011,0.78515625,1.0,0.15625
2026-05-09T12:50,19,40,0.15625,40,54,0.0,5.652260076081494,0.9688671594602536,0.78515625,1.0,0.15625
2026-05-09T13:20,19,40,0.15625,40,54,0.0,5.652153560167611,0.9689278472585767,0.78515625,1.0,0.15625
2026-05-09T13:50,19,40,0.15625,40,54,0.0,5.652046015197011,0.9689882989176067,0.78515625,1.0,0.15625
2026-05-09T14:20,20,40,0.15625,40,54,0.0,5.651937455209153,0.9690485158129123,0.78515625,1.0,0.15625
2026-05-09T14:50,20,40,0.15625,40,54,0.0,5.6518278940648035,0.969108499309399,0.78515625,1.0,0.15625
2026-05-09T15:20,19,40,0.15625,40,54,0.0,5.6517173454486045,0.9691682507614118,0.78515625,1.0,0.15625
2026-05-09T15:50,20,40,0.15625,40,54,0.0,5.651597038767664,0.9691336006869594,0.78515625,1.0,0.15625
2026-05-09T16:20,20,40,0.15625,40,54,0.0,5.651475839790974,0.9691930735180058,0.78515625,1.0,0.15625
2026-05-09T16:50,19,40,0.15625,40,54,0.0,5.6513409723837364,0.9691585089770001,0.78515625,1.0,0.15625
2026-05-09T17:20,18,40,0.15625,40,54,0.0,5.651205334611895,0.969217705696814,0.78515625,1.0,0.15625
2026-05-09T17:50,18,40,0.15625,40,54,0.0,5.651068937750609,0.9692766756092721,0.78515625,1.0,0.15625
2026-05-09T18:20,18,40,0.15625,40,54,0.0,5.650983763252416,0.9691533204068872,0.78515625,1.0,0.15625
2026-05-09T18:50,17,40,0.15625,40,54,0.0,5.650915703451079,0.9691190955820557,0.78515625,1.0,0.15625
2026-05-09T19:20,17,40,0.15625,40,54,0.0,5.650877888303809,0.969085001137509,0.78515625,1.0,0.15625
2026-05-09T19:50,16,40,0.15625,40,54,0.0,5.650838577832477,0.9691437748996049,0.78515625,1.0,0.15625
2026-05-09T20:20,15,40,0.15625,40,54,0.0,5.650800831525546,0.9691097630159153,0.78515625,1.0,0.15625
2026-05-09T20:50,15,40,0.15625,40,54,0.0,5.6507616049079905,0.9691682672526276,0.78515625,1.0,0.15625
2026-05-09T21:20,14,40,0.15625,40,54,0.0,5.650809204119281,0.9690465160948002,0.78515625,1.0,0.15625
2026-05-09T21:50,14,40,0.15625,40,54,0.0,5.65085464608529,0.9691049188946214,0.78515625,1.0,0.15625
2026-05-09T22:20,14,40,0.15625,40,54,0.0,5.6508979556777525,0.9691631017215617,0.78515625,1.0,0.15625
2026-05-09T22:50,13,40,0.15625,40,54,0.0,5.650953156418648,0.9691293731698202,0.78515625,1.0,0.15625
2026-05-09T23:20,13,40,0.15625,40,54,0.0,5.651093502043004,0.9690086086887547,0.78515625,1.0,0.15625
2026-05-09T23:50,13,40,0.15625,40,54,0.0,5.651230974575364,0.9690666450020716,0.78515625,1.0,0.15625
2026-05-10T00:20,12,40,0.15625,40,54,0.0,5.651365606035205,0.969124464357208,0.78515625,1.0,0.15625
2026-05-10T00:50,12,40,0.15625,40,54,0.0,5.651497428026724,0.9691820679684818,0.78515625,1.0,0.15625
2026-05-10T01:20,11,40,0.15625,40,54,0.0,5.651626471745505,0.9692394570411662,0.78515625,1.0,0.15625
2026-05-10T01:50,11,40,0.15625,40,54,0.0,5.651752767985075,0.969296632771573,0.78515625,1.0,0.15625
2026-05-10T02:20,10,40,0.15625,40,54,0.0,5.651876347143313,0.9693535963471359,0.78515625,1.0,0.15625
2026-05-10T02:50,10,40,0.15625,40,54,0.0,5.652040174433028,0.9693200147098174,0.78515625,1.0,0.15625
2026-05-10T03:20,9,40,0.15625,40,54,0.0,5.652201013428662,0.9693767244793002,0.78515625,1.0,0.15625
2026-05-10T03:50,10,40,0.15625,40,54,0.0,5.652328060884246,0.9693432240876321,0.78515625,1.0,0.15625
2026-05-10T04:20,10,40,0.15625,40,54,0.0,5.652481399950569,0.9693098470859883,0.78515625,1.0,0.15625
2026-05-10T04:50,10,40,0.15625,40,54,0.0,5.652643289174739,0.9692765927939097,0.78515625,1.0,0.15625
2026-05-10T05:20,10,40,0.15625,40,54,0.0,5.6527816123928964,0.969158217219539,0.78515625,1.0,0.15625
2026-05-10T05:50,10,40,0.15625,40,54,0.0,5.6528953442182415,0.9691253624484318,0.78515625,1.0,0.15625
2026-05-10T06:20,10,40,0.15625,40,54,0.0,5.652985738039646,0.9690926278044588,0.78515625,1.0,0.15625
2026-05-10T06:50,10,40,0.15625,40,54,0.0,5.653048093719025,0.9689752359740892,0.78515625,1.0,0.15625
2026-05-10T07:20,10,40,0.15625,40,54,0.0,5.653079474088606,0.9689428940364228,0.78515625,1.0,0.15625
2026-05-10T07:50,10,40,0.15625,40,54,0.0,5.653108941275589,0.968999361501811,0.78515625,1.0,0.15625
2026-05-10T08:20,11,40,0.15625,40,54,0.0,5.653097446025799,0.9689670931727606,0.78515625,1.0,0.15625
2026-05-10T08:50,11,40,0.15625,40,54,0.0,5.653084371169606,0.969023312206868,0.78515625,1.0,0.15625
2026-05-10T09:20,12,40,0.15625,40,54,0.0,5.653049754765992,0.9689911172701378,0.78515625,1.0,0.15625
2026-05-10T09:50,12,40,0.15625,40,54,0.0,5.653021360692021,0.9689590385606162,0.78515625,1.0,0.15625
2026-05-10T10:20,12,40,0.15625,40,54,0.0,5.652991536022268,0.9690149682208673,0.78515625,1.0,0.15625
2026-05-10T10:50,12,40,0.15625,40,54,0.0,5.652960297371547,0.9690706966952902,0.78515625,1.0,0.15625
2026-05-10T11:20,12,40,0.15625,40,54,0.0,5.652927661151133,0.9691262250674709,0.78515625,1.0,0.15625
2026-05-10T11:50,12,40,0.15625,40,54,0.0,5.652879021178686,0.9690941341841873,0.78515625,1.0,0.15625
2026-05-10T12:20,12,40,0.15625,40,54,0.0,5.652785501404366,0.9690621581162284,0.78515625,1.0,0.15625
2026-05-10T12:50,12,40,0.15625,40,54,0.0,5.652691082006467,0.9691174042624494,0.78515625,1.0,0.15625
2026-05-10T13:20,12,40,0.15625,40,54,0.0,5.6525957741347606,0.9691724534527124,0.78515625,1.0,0.15625
2026-05-10T13:50,12,40,0.15625,40,54,0.0,5.652499588808869,0.9692273067383838,0.78515625,1.0,0.15625
2026-05-10T14:20,12,40,0.15625,40,54,0.0,5.652402536919992,0.96928196516336,0.78515625,1.0,0.15625
2026-05-10T14:50,12,40,0.15625,40,54,0.0,5.652304629232591,0.9693364297641341,0.78515625,1.0,0.15625
2026-05-10T15:20,12,40,0.15625,40,54,0.0,5.652205876386064,0.9693907015698614,0.78515625,1.0,0.15625
2026-05-10T15:50,12,40,0.15625,40,54,0.0,5.652097779458064,0.9693585969949944,0.78515625,1.0,0.15625
2026-05-10T16:20,12,40,0.15625,40,54,0.0,5.651988918890273,0.9694126382701355,0.78515625,1.0,0.15625
2026-05-10T16:50,12,40,0.15625,40,54,0.0,5.651867288130172,0.9693806081185948,0.78515625,1.0,0.15625
2026-05-10T17:20,12,40,0.15625,40,54,0.0,5.651744996573197,0.9694344207581053,0.78515625,1.0,0.15625
2026-05-10T17:50,13,40,0.15625,40,54,0.0,5.6516220530072045,0.9694880445813366,0.78515625,1.0,0.15625
2026-05-10T18:20,12,40,0.15625,40,54,0.0,5.651560437507007,0.9692971112568142,0.78515625,1.0,0.15625
2026-05-10T18:50,12,40,0.15625,40,54,0.0,5.651497741314004,0.9693507876357358,0.78515625,1.0,0.15625
2026-05-10T19:20,12,40,0.15625,40,54,0.0,5.651461691756229,0.9693191449211799,0.78515625,1.0,0.15625
2026-05-10T19:50,12,40,0.15625,40,54,0.0,5.651426966820694,0.9692876124599847,0.78515625,1.0,0.15625
2026-05-10T20:20,11,40,0.15625,40,54,0.0,5.651390992140413,0.9693410253078804,0.78515625,1.0,0.15625
2026-05-10T20:50,11,40,0.15625,40,54,0.0,5.65135378159272,0.9693942526944984,0.78515625,1.0,0.15625
2026-05-10T21:20,10,40,0.15625,40,54,0.0,5.651393508727358,0.9692822382266777,0.78515625,1.0,0.15625
2026-05-10T21:50,9,40,0.15625,40,54,0.0,5.651431449884894,0.9693353831432405,0.78515625,1.0,0.15625
2026-05-10T22:20,9,40,0.15625,40,54,0.0,5.651479396767467,0.9693040949378032,0.78515625,1.0,0.15625
2026-05-10T22:50,8,40,0.15625,40,54,0.0,5.651525507421054,0.9693570189120484,0.78515625,1.0,0.15625
2026-05-10T23:20,8,40,0.15625,40,54,0.0,5.651648572579491,0.9692458397138555,0.78515625,1.0,0.15625
2026-05-10T23:50,7,40,0.15625,40,54,0.0,5.6517692609133405,0.9692986819136598,0.78515625,1.0,0.15625
2026-05-11T00:20,7,40,0.15625,40,54,0.0,5.6518875967304165,0.9693513428366209,0.78515625,1.0,0.15625
2026-05-11T00:50,7,40,0.15625,40,54,0.0,5.6520036040501,0.9694038234139555,0.78515625,1.0,0.15625
2026-05-11T01:20,6,40,0.15625,40,54,0.0,5.652117306607594,0.9694561245705128,0.78515625,1.0,0.15625
2026-05-11T01:50,6,40,0.15625,40,54,0.0,5.6522287278580645,0.9695082472248293,0.78515625,1.0,0.15625
2026-05-11T02:20,6,40,0.15625,40,54,0.0,5.652337890980737,0.9695601922891823,0.78515625,1.0,0.15625
2026-05-11T02:50,6,40,0.15625,40,54,0.0,5.652444818882895,0.9696119606696428,0.78515625,1.0,0.15625
2026-05-11T03:20,5,40,0.15625,40,54,0.0,5.652588215368276,0.9695807341017745,0.78515625,1.0,0.15625
2026-05-11T03:50,5,40,0.15625,40,54,0.0,5.652701026048051,0.9695496133866786,0.78515625,1.0,0.15625
2026-05-11T04:20,5,40,0.15625,40,54,0.0,5.6528115924290105,0.9696011368834861,0.78515625,1.0,0.15625
2026-05-11T04:50,5,40,0.15625,40,54,0.0,5.652956410623796,0.9695700868417829,0.78515625,1.0,0.15625
2026-05-11T05:20,5,40,0.15625,40,54,0.0,5.653101731448845,0.9695391415219737,0.78515625,1.0,0.15625
2026-05-11T05:50,6,40,0.15625,40,54,0.0,5.653223514228059,0.969508300395161,0.78515625,1.0,0.15625
2026-05-11T06:20,7,40,0.15625,40,54,0.0,5.653305124875106,0.9693994829235084,0.78515625,1.0,0.15625
2026-05-11T06:50,8,40,0.15625,40,54,0.0,5.653367109363908,0.9693689796169173,0.78515625,1.0,0.15625
2026-05-11T07:20,8,40,0.15625,40,54,0.0,5.6534359944442905,0.9693385784989579,0.78515625,1.0,0.15625
2026-05-11T07:50,9,40,0.15625,40,54,0.0,5.6534636649477275,0.9693082790569784,0.78515625,1.0,0.15625
2026-05-11T08:20,10,40,0.15625,40,54,0.0,5.6534542100223755,0.9692780807817495,0.78515625,1.0,0.15625
2026-05-11T08:50,10,40,0.15625,40,54,0.0,5.653443410033338,0.9693292839804466,0.78515625,1.0,0.15625
2026-05-11T09:20,10,40,0.15625,40,54,0.0,5.653413952722569,0.9692991512486907,0.78515625,1.0,0.15625
2026-05-11T09:50,9,40,0.15625,40,54,0.0,5.653389920278657,0.9692691186256782,0.78515625,1.0,0.15625
2026-05-11T10:20,9,40,0.15625,40,54,0.0,5.653364660790109,0.969320081944707,0.78515625,1.0,0.15625
2026-05-11T10:50,10,40,0.15625,40,54,0.0,5.653338187339445,0.9693708765110237,0.78515625,1.0,0.15625
2026-05-11T11:20,10,40,0.15625,40,54,0.0,5.653310512861733,0.9694215031614187,0.78515625,1.0,0.15625
2026-05-11T11:50,10,40,0.15625,40,54,0.0,5.653268254706286,0.9693914668726955,0.78515625,1.0,0.15625
2026-05-11T12:20,10,40,0.15625,40,54,0.0,5.653184659423586,0.9693615295503273,0.78515625,1.0,0.15625
2026-05-11T12:50,9,40,0.15625,40,54,0.0,5.6531002830047985,0.9694119217714614,0.78515625,1.0,0.15625
2026-05-11T13:20,8,40,0.15625,40,54,0.0,5.653015134310871,0.9694621485009007,0.78515625,1.0,0.15625
2026-05-11T13:50,9,40,0.15625,40,54,0.0,5.652929222107532,0.9695122105525386,0.78515625,1.0,0.15625
2026-05-11T14:20,10,40,0.15625,40,54,0.0,5.6528425550664485,0.9695621087349403,0.78515625,1.0,0.15625
2026-05-11T14:50,10,40,0.15625,40,54,0.0,5.65275514176637,0.9696118438513864,0.78515625,1.0,0.15625
2026-05-11T15:20,10,40,0.15625,40,54,0.0,5.652666990694251,0.969661416699916,0.78515625,1.0,0.15625
2026-05-11T15:50,10,40,0.15625,40,54,0.0,5.652569900057652,0.9696313810248267,0.78515625,1.0,0.15625
2026-05-11T16:20,11,40,0.15625,40,54,0.0,5.65247214228387,0.969680760893079,0.78515625,1.0,0.15625
2026-05-11T16:50,12,40,0.15625,40,54,0.0,5.652362032094048,0.9696507913335044,0.78515625,1.0,0.15625
2026-05-11T17:20,11,40,0.15625,40,54,0.0,5.652251345147842,0.9696999796781827,0.78515625,1.0,0.15625
2026-05-11T17:50,11,40,0.15625,40,54,0.0,5.652171332569217,0.9696700760091164,0.78515625,1.0,0.15625
2026-05-11T18:20,12,40,0.15625,40,54,0.0,5.652113837636232,0.969565216281738,0.78515625,1.0,0.15625
2026-05-11T18:50,12,40,0.15625,40,54,0.0,5.652055426448961,0.9696143046425739,0.78515625,1.0,0.15625
2026-05-11T19:20,11,40,0.15625,40,54,0.0,5.652020628669614,0.9695846833986971,0.78515625,1.0,0.15625
2026-05-11T19:50,11,40,0.15625,40,54,0.0,5.651986817655559,0.9695551573999776,0.78515625,1.0,0.15625
2026-05-11T20:20,10,40,0.15625,40,54,0.0,5.651951952404928,0.9696040255261413,0.78515625,1.0,0.15625
2026-05-11T20:50,10,40,0.15625,40,54,0.0,5.651949877898574,0.9695745631650338,0.78515625,1.0,0.15625
2026-05-11T21:20,9,40,0.15625,40,54,0.0,5.651982030051584,0.969545195083482,0.78515625,1.0,0.15625
2026-05-11T21:50,9,40,0.15625,40,54,0.0,5.65201268962668,0.9695938449315915,0.78515625,1.0,0.15625
2026-05-11T22:20,9,40,0.15625,40,54,0.0,5.652041871216671,0.9696423395967724,0.78515625,1.0,0.15625
2026-05-11T22:50,8,40,0.15625,40,54,0.0,5.65207955902583,0.9696130038843495,0.78515625,1.0,0.15625
2026-05-11T23:20,8,40,0.15625,40,54,0.0,5.652187142223003,0.9695099019779545,0.78515625,1.0,0.15625
2026-05-11T23:50,8,40,0.15625,40,54,0.0,5.652292738630057,0.9695582989589419,0.78515625,1.0,0.15625
2026-05-12T00:20,7,40,0.15625,40,54,0.0,5.6523963670218755,0.9696065425422081,0.78515625,1.0,0.15625
2026-05-12T00:50,7,40,0.15625,40,54,0.0,5.652498045968257,0.9696546334559071,0.78515625,1.0,0.15625
2026-05-12T01:20,7,40,0.15625,40,54,0.0,5.652597793836679,0.9697025724235913,0.78515625,1.0,0.15625
2026-05-12T01:50,7,40,0.15625,40,54,0.0,5.652695628795027,0.969750360164248,0.78515625,1.0,0.15625
2026-05-12T02:20,5,40,0.15625,40,54,0.0,5.6527915688142585,0.9697979973923359,0.78515625,1.0,0.15625
2026-05-12T02:50,6,40,0.15625,40,54,0.0,5.652921041437838,0.9697687859376233,0.78515625,1.0,0.15625
2026-05-12T03:20,5,40,0.15625,40,54,0.0,5.653048423059032,0.9698162446724151,0.78515625,1.0,0.15625
2026-05-12T03:50,5,40,0.15625,40,54,0.0,5.6531482631891645,0.9697870961889082,0.78515625,1.0,0.15625
2026-05-12T04:20,5,40,0.15625,40,54,0.0,5.653246213440403,0.9698343777285188,0.78515625,1.0,0.15625
2026-05-12T04:50,5,40,0.15625,40,54,0.0,5.653375819874309,0.9698052920011229,0.78515625,1.0,0.15625
2026-05-12T05:20,5,40,0.15625,40,54,0.0,5.6535060816307245,0.9697762970248265,0.78515625,1.0,0.15625
2026-05-12T05:50,5,40,0.15625,40,54,0.0,5.653615552338477,0.9697473923755592,0.78515625,1.0,0.15625
2026-05-12T06:20,5,40,0.15625,40,54,0.0,5.653689192890466,0.9696463262983995,0.78515625,1.0,0.15625
2026-05-12T06:50,6,40,0.15625,40,54,0.0,5.653741445332146,0.9695455740910446,0.78515625,1.0,0.15625
2026-05-12T07:20,8,40,0.15625,40,54,0.0,5.6537688394304935,0.9695171615919812,0.78515625,1.0,0.15625
2026-05-12T07:50,9,40,0.15625,40,54,0.0,5.653794842098917,0.9695643486483404,0.78515625,1.0,0.15625
2026-05-12T08:20,10,40,0.15625,40,54,0.0,5.65378691117923,0.96953599495985,0.78515625,1.0,0.15625
2026-05-12T08:50,11,40,0.15625,40,54,0.0,5.653777821533819,0.9695830073133069,0.78515625,1.0,0.15625
2026-05-12T09:20,12,40,0.15625,40,54,0.0,5.653752166666882,0.9695547122514917,0.78515625,1.0,0.15625
2026-05-12T09:50,12,40,0.15625,40,54,0.0,5.653731302323188,0.969526504251405,0.78515625,1.0,0.15625
2026-05-12T10:20,13,40,0.15625,40,54,0.0,5.653709375869183,0.9695733145367331,0.78515625,1.0,0.15625
2026-05-12T10:50,14,40,0.15625,40,54,0.0,5.653686397772467,0.9696199812322289,0.78515625,1.0,0.15625
2026-05-12T11:20,14,40,0.15625,40,54,0.0,5.653662378391436,0.9696665049975701,0.78515625,1.0,0.15625
2026-05-12T11:50,14,40,0.15625,40,54,0.0,5.653625017252793,0.9696382985865573,0.78515625,1.0,0.15625
2026-05-12T12:20,15,40,0.15625,40,54,0.0,5.6535494817516225,0.96961017830199,0.78515625,1.0,0.15625
2026-05-12T12:50,16,40,0.15625,40,54,0.0,5.65347326246794,0.9696565042497004,0.78515625,1.0,0.15625
2026-05-12T13:20,15,40,0.15625,40,54,0.0,5.653396366554286,0.9697026891747389,0.78515625,1.0,0.15625
2026-05-12T13:50,15,40,0.15625,40,54,0.0,5.653318801091999,0.9697487337200661,0.78515625,1.0,0.15625
2026-05-12T14:20,15,40,0.15625,40,54,0.0,5.65324057309201,0.9697946385247397,0.78515625,1.0,0.15625
2026-05-12T14:50,17,40,0.15625,40,54,0.0,5.653161689495648,0.9698404042239447,0.78515625,1.0,0.15625
2026-05-12T15:20,16,40,0.15625,40,54,0.0,5.653082157175412,0.9698860314490219,0.78515625,1.0,0.15625
2026-05-12T15:50,16,40,0.15625,40,54,0.0,5.652994077650881,0.969857834290028,0.78515625,1.0,0.15625
2026-05-12T16:20,15,40,0.15625,40,54,0.0,5.6529054111277155,0.9699032975867248,0.78515625,1.0,0.15625
2026-05-12T16:50,16,40,0.15625,40,54,0.0,5.652804974407385,0.9698751593557134,0.78515625,1.0,0.15625
2026-05-12T17:20,15,40,0.15625,40,54,0.0,5.652704029782821,0.9699204598679605,0.78515625,1.0,0.15625
2026-05-12T17:50,15,40,0.15625,40,54,0.0,5.652630775029624,0.9698923803669502,0.78515625,1.0,0.15625
2026-05-12T18:20,15,40,0.15625,40,54,0.0,5.652576910038789,0.9697947334769875,0.78515625,1.0,0.15625
2026-05-12T18:50,13,40,0.15625,40,54,0.0,5.652544085669944,0.9697669262594998,0.78515625,1.0,0.15625
2026-05-12T19:20,13,40,0.15625,40,54,0.0,5.652510353090667,0.9698121177000685,0.78515625,1.0,0.15625
2026-05-12T19:50,14,40,0.15625,40,54,0.0,5.652477347906279,0.9697843675425983,0.78515625,1.0,0.15625
2026-05-12T20:20,14,40,0.15625,40,54,0.0,5.652443442887543,0.9698293982914171,0.78515625,1.0,0.15625
2026-05-12T20:50,14,40,0.15625,40,54,0.0,5.652408646619996,0.9698742950201503,0.78515625,1.0,0.15625
2026-05-12T21:20,13,40,0.15625,40,54,0.0,5.652435141579681,0.9697775455546849,0.78515625,1.0,0.15625
2026-05-12T21:50,13,40,0.15625,40,54,0.0,5.652460369838208,0.9698223859915474,0.78515625,1.0,0.15625
2026-05-12T22:20,13,40,0.15625,40,54,0.0,5.652484342907678,0.9698670935678562,0.78515625,1.0,0.15625
2026-05-12T22:50,13,40,0.15625,40,54,0.0,5.652515834505546,0.9698395083883107,0.78515625,1.0,0.15625
2026-05-12T23:20,13,40,0.15625,40,54,0.0,5.6526115704503015,0.9697433819427769,0.78515625,1.0,0.15625
2026-05-12T23:50,12,40,0.15625,40,54,0.0,5.652705617599176,0.9697880082230972,0.78515625,1.0,0.15625
2026-05-13T00:20,12,40,0.15625,40,54,0.0,5.652797990785945,0.9698325030563475,0.78515625,1.0,0.15625
2026-05-13T00:50,11,40,0.15625,40,54,0.0,5.652888704694182,0.969876867022441,0.78515625,1.0,0.15625
2026-05-13T01:20,11,40,0.15625,40,54,0.0,5.652977773859135,0.9699211006978853,0.78515625,1.0,0.15625
2026-05-13T01:50,10,40,0.15625,40,54,0.0,5.653065212669565,0.9699652046558063,0.78515625,1.0,0.15625
2026-05-13T02:20,9,40,0.15625,40,54,0.0,5.653151035369569,0.9700091794659735,0.78515625,1.0,0.15625
2026-05-13T02:50,9,40,0.15625,40,54,0.0,5.653267626367881,0.9699817091921857,0.78515625,1.0,0.15625
2026-05-13T03:20,9,40,0.15625,40,54,0.0,5.653382432749265,0.970025531514533,0.78515625,1.0,0.15625
2026-05-13T03:50,10,40,0.15625,40,54,0.0,5.653472210177259,0.9699981174922013,0.78515625,1.0,0.15625
2026-05-13T04:20,10,40,0.15625,40,54,0.0,5.653582258379242,0.9699707832777952,0.78515625,1.0,0.15625
2026-05-13T04:50,10,40,0.15625,40,54,0.0,5.653701938878403,0.9699435285233147,0.78515625,1.0,0.15625
2026-05-13T05:20,10,40,0.15625,40,54,0.0,5.6538029738879,0.9699163528827803,0.78515625,1.0,0.15625
2026-05-13T05:50,10,40,0.15625,40,54,0.0,5.653902317166677,0.969959952371356,0.78515625,1.0,0.15625
2026-05-13T06:20,10,40,0.15625,40,54,0.0,5.653969559373545,0.9698655991910238,0.78515625,1.0,0.15625
2026-05-13T06:50,11,40,0.15625,40,54,0.0,5.654017464490081,0.9697715187077448,0.78515625,1.0,0.15625
2026-05-13T07:20,10,40,0.15625,40,54,0.0,5.654042679553019,0.9697447481355765,0.78515625,1.0,0.15625
2026-05-13T07:50,11,40,0.15625,40,54,0.0,5.654066690943303,0.9697883435993582,0.78515625,1.0,0.15625
2026-05-13T08:20,11,40,0.15625,40,54,0.0,5.654059466739601,0.9697616258563305,0.78515625,1.0,0.15625
2026-05-13T08:50,12,40,0.15625,40,54,0.0,5.65405123730538,0.9698050717961921,0.78515625,1.0,0.15625
2026-05-13T09:20,12,40,0.15625,40,54,0.0,5.6540281604255345,0.9697784067178548,0.78515625,1.0,0.15625
2026-05-13T09:50,12,40,0.15625,40,54,0.0,5.654009361583364,0.9697518180437534,0.78515625,1.0,0.15625
2026-05-13T10:20,13,40,0.15625,40,54,0.0,5.6539896377314545,0.9697950915515593,0.78515625,1.0,0.15625
2026-05-13T10:50,10,40,0.15625,40,54,0.0,5.653968997347115,0.9698382414207714,0.78515625,1.0,0.15625
2026-05-13T11:20,9,40,0.15625,40,54,0.0,5.6539474488254005,0.9698812681805135,0.78515625,1.0,0.15625
2026-05-13T11:50,12,40,0.15625,40,54,0.0,5.6539136128524685,0.9698546844825284,0.78515625,1.0,0.15625
2026-05-13T12:20,12,40,0.15625,40,54,0.0,5.6538445518926395,0.9698281764138409,0.78515625,1.0,0.15625
2026-05-13T12:50,12,40,0.15625,40,54,0.0,5.653774889025204,0.9698710341177985,0.78515625,1.0,0.15625
2026-05-13T13:20,11,40,0.15625,40,54,0.0,5.653704630095703,0.9699137702396172,0.78515625,1.0,0.15625
2026-05-13T13:50,12,40,0.15625,40,54,0.0,5.653633780895471,0.9699563852959351,0.78515625,1.0,0.15625
2026-05-13T14:20,12,40,0.15625,40,54,0.0,5.6535623471622,0.969998879800467,0.78515625,1.0,0.15625
2026-05-13T14:50,9,40,0.15625,40,54,0.0,5.653490334580513,0.9700412542640257,0.78515625,1.0,0.15625
2026-05-13T15:20,11,40,0.15625,40,54,0.0,5.653417748782514,0.9700835091945418,0.78515625,1.0,0.15625
2026-05-13T15:50,10,40,0.15625,40,54,0.0,5.653337147766429,0.9700569401846834,0.78515625,1.0,0.15625
2026-05-13T16:20,10,40,0.15625,40,54,0.0,5.6532560269491965,0.9700990541928625,0.78515625,1.0,0.15625
2026-05-13T16:50,11,40,0.15625,40,54,0.0,5.653163680221958,0.9700725379821915,0.78515625,1.0,0.15625
2026-05-13T17:20,12,40,0.15625,40,54,0.0,5.653070883446656,0.9701145119822165,0.78515625,1.0,0.15625
2026-05-13T17:50,9,40,0.15625,40,54,0.0,5.653003295214567,0.9700880483970804,0.78515625,1.0,0.15625
2026-05-13T18:20,10,40,0.15625,40,54,0.0,5.652953065653177,0.969996683161227,0.78515625,1.0,0.15625
2026-05-13T18:50,10,40,0.15625,40,54,0.0,5.652921677371215,0.9699704580621125,0.78515625,1.0,0.15625
2026-05-13T19:20,10,40,0.15625,40,54,0.0,5.6528895021712025,0.9700123402684414,0.78515625,1.0,0.15625
2026-05-13T19:50,10,40,0.15625,40,54,0.0,5.652857848565306,0.9699861664131861,0.78515625,1.0,0.15625
2026-05-13T20:20,10,40,0.15625,40,54,0.0,5.6528254153702076,0.9700279102707478,0.78515625,1.0,0.15625
2026-05-13T20:50,9,40,0.15625,40,54,0.0,5.652820135981635,0.9700017874956427,0.78515625,1.0,0.15625
2026-05-13T21:20,9,40,0.15625,40,54,0.0,5.652842434104658,0.9699757371831593,0.78515625,1.0,0.15625
2026-05-13T21:50,9,40,0.15625,40,54,0.0,5.6528636423515035,0.9700173220347063,0.78515625,1.0,0.15625
2026-05-13T22:20,9,40,0.15625,40,54,0.0,5.652883769974025,0.9700587918520857,0.78515625,1.0,0.15625
2026-05-13T22:50,9,40,0.15625,40,54,0.0,5.652910605195585,0.970032770747587,0.78515625,1.0,0.15625
2026-05-13T23:20,9,40,0.15625,40,54,0.0,5.652996866101768,0.9699427419669171,0.78515625,1.0,0.15625
2026-05-13T23:50,9,40,0.15625,40,54,0.0,5.653081672581357,0.9699841431487808,0.78515625,1.0,0.15625
2026-05-14T00:20,8,40,0.15625,40,54,0.0,5.653165036567134,0.9700254304346835,0.78515625,1.0,0.15625
2026-05-14T00:50,9,40,0.15625,40,54,0.0,5.653246969879269,0.9700666042939765,0.78515625,1.0,0.15625
2026-05-14T01:20,8,40,0.15625,40,54,0.0,5.65332748422664,0.970107665193436,0.78515625,1.0,0.15625
2026-05-14T01:50,8,40,0.15625,40,54,0.0,5.653406591208118,0.9701486135972807,0.78515625,1.0,0.15625
2026-05-14T02:20,9,40,0.15625,40,54,0.0,5.653484302313837,0.9701894499671886,0.78515625,1.0,0.15625
2026-05-14T02:50,9,40,0.15625,40,54,0.0,5.653590427477133,0.9701635347516531,0.78515625,1.0,0.15625
2026-05-14T03:20,8,40,0.15625,40,54,0.0,5.653695010444554,0.9702042393427149,0.78515625,1.0,0.15625
2026-05-14T03:50,8,40,0.15625,40,54,0.0,5.653776671665438,0.9701783745918325,0.78515625,1.0,0.15625
2026-05-14T04:20,8,40,0.15625,40,54,0.0,5.653876766916387,0.9701525802212249,0.78515625,1.0,0.15625
2026-05-14T04:50,8,40,0.15625,40,54,0.0,5.65398582599909,0.9701268559440154,0.78515625,1.0,0.15625
2026-05-14T05:20,8,40,0.15625,40,54,0.0,5.654077947277847,0.9701012014748853,0.78515625,1.0,0.15625
2026-05-14T05:50,8,40,0.15625,40,54,0.0,5.6541686036575705,0.9701417147520196,0.78515625,1.0,0.15625
2026-05-14T06:20,8,40,0.15625,40,54,0.0,5.65423024621693,0.9700532441025066,0.78515625,1.0,0.15625
2026-05-14T06:50,8,40,0.15625,40,54,0.0,5.654274545910082,0.9699650125628572,0.78515625,1.0,0.15625
2026-05-14T07:20,8,40,0.15625,40,54,0.0,5.654297989150446,0.9699397149915108,0.78515625,1.0,0.15625
2026-05-14T07:50,8,40,0.15625,40,54,0.0,5.65432038036602,0.9699802275049993,0.78515625,1.0,0.15625
2026-05-14T08:20,8,40,0.15625,40,54,0.0,5.654313841628284,0.9699549775516884,0.78515625,1.0,0.15625
2026-05-14T08:50,9,40,0.15625,40,54,0.0,5.6543064220508485,0.969995360646377,0.78515625,1.0,0.15625
2026-05-14T09:20,9,40,0.15625,40,54,0.0,5.654285582355415,0.9699701581652344,0.78515625,1.0,0.15625
2026-05-14T09:50,9,40,0.15625,40,54,0.0,5.654268596326065,0.9699450232510654,0.78515625,1.0,0.15625
2026-05-14T10:20,9,40,0.15625,40,54,0.0,5.654250796971291,0.9699852574903545,0.78515625,1.0,0.15625
2026-05-14T10:50,10,40,0.15625,40,54,0.0,5.654232191255645,0.9700253841514636,0.78515625,1.0,0.15625
2026-05-14T11:20,10,40,0.15625,40,54,0.0,5.6542127860805085,0.97006540366528,0.78515625,1.0,0.15625
2026-05-14T11:50,9,40,0.15625,40,54,0.0,5.654181995610795,0.9700402758099865,0.78515625,1.0,0.15625
2026-05-14T12:20,8,40,0.15625,40,54,0.0,5.654118511239057,0.9700152148730827,0.78515625,1.0,0.15625
2026-05-14T12:50,9,40,0.15625,40,54,0.0,5.654054492602566,0.9700550882575599,0.78515625,1.0,0.15625
2026-05-14T13:20,9,40,0.15625,40,54,0.0,5.653989944542439,0.9700948557366336,0.78515625,1.0,0.15625
2026-05-14T13:50,9,40,0.15625,40,54,0.0,5.653924871857787,0.9701345177316778,0.78515625,1.0,0.15625
2026-05-14T14:20,10,40,0.15625,40,54,0.0,5.653859279306117,0.9701740746618346,0.78515625,1.0,0.15625
2026-05-14T14:50,12,40,0.15625,40,54,0.0,5.653793171603743,0.970213526944028,0.78515625,1.0,0.15625
2026-05-14T15:20,12,40,0.15625,40,54,0.0,5.653726553426197,0.970252874992979,0.78515625,1.0,0.15625
2026-05-14T15:50,9,40,0.15625,40,54,0.0,5.653652390816721,0.9702277650156732,0.78515625,1.0,0.15625
2026-05-14T16:20,9,40,0.15625,40,54,0.0,5.653577764399103,0.9702669906217132,0.78515625,1.0,0.15625
2026-05-14T16:50,11,40,0.15625,40,54,0.0,5.653492417383939,0.9702419281500989,0.78515625,1.0,0.15625
2026-05-14T17:20,11,40,0.15625,40,54,0.0,5.653406668515436,0.9702810320552894,0.78515625,1.0,0.15625
2026-05-14T17:50,11,40,0.15625,40,54,0.0,5.653344035273424,0.9702560169373627,0.78515625,1.0,0.15625
2026-05-14T18:20,9,40,0.15625,40,54,0.0,5.653297069645277,0.9701701793067264,0.78515625,1.0,0.15625
2026-05-14T18:50,10,40,0.15625,40,54,0.0,5.653267116695741,0.9701453747686223,0.78515625,1.0,0.15625
2026-05-14T19:20,9,40,0.15625,40,54,0.0,5.6532364748652055,0.9701844004225195,0.78515625,1.0,0.15625
2026-05-14T19:50,10,40,0.15625,40,54,0.0,5.653206191474583,0.9701596420827971,0.78515625,1.0,0.15625
2026-05-14T20:20,9,40,0.15625,40,54,0.0,5.653175225687476,0.9701985473734324,0.78515625,1.0,0.15625
2026-05-14T20:50,9,40,0.15625,40,54,0.0,5.653169103699165,0.9701738350880437,0.78515625,1.0,0.15625
2026-05-14T21:20,9,40,0.15625,40,54,0.0,5.653188046131228,0.9701491870738788,0.78515625,1.0,0.15625
2026-05-14T21:50,9,40,0.15625,40,54,0.0,5.65320604089271,0.9701879543633931,0.78515625,1.0,0.15625
2026-05-14T22:20,9,40,0.15625,40,54,0.0,5.653223095531123,0.9702266210892513,0.78515625,1.0,0.15625
2026-05-14T22:50,9,40,0.15625,40,54,0.0,5.653246184091835,0.9702020004818755,0.78515625,1.0,0.15625
2026-05-14T23:20,9,40,0.15625,40,54,0.0,5.653324543788016,0.9701173431782275,0.78515625,1.0,0.15625
2026-05-14T23:50,8,40,0.15625,40,54,0.0,5.653401637854633,0.9701559512619765,0.78515625,1.0,0.15625
2026-05-15T00:20,8,40,0.15625,40,54,0.0,5.653477476033696,0.970194459711961,0.78515625,1.0,0.15625
2026-05-15T00:50,8,40,0.15625,40,54,0.0,5.653552067981132,0.9702328689133631,0.78515625,1.0,0.15625
2026-05-15T01:20,8,40,0.15625,40,54,0.0,5.653625423267731,0.970271179249382,0.78515625,1.0,0.15625
2026-05-15T02:20,8,40,0.15625,40,54,0.0,5.653697551380057,0.9703093911012466,0.78515625,1.0,0.15625
2026-05-15T02:50,8,40,0.15625,40,54,0.0,5.653795999288487,0.9702848854800576,0.78515625,1.0,0.15625
2026-05-15T03:20,8,40,0.15625,40,54,0.0,5.653893092117991,0.9703229817807242,0.78515625,1.0,0.15625
2026-05-15T03:50,8,40,0.15625,40,54,0.0,5.653968869408229,0.9702985215123688,0.78515625,1.0,0.15625
2026-05-15T04:20,7,40,0.15625,40,54,0.0,5.654043416028008,0.9703365029426599,0.78515625,1.0,0.15625
2026-05-15T04:50,7,40,0.15625,40,54,0.0,5.654144451243439,0.9702527550522629,0.78515625,1.0,0.15625
2026-05-15T05:20,7,40,0.15625,40,54,0.0,5.65422983059085,0.970228477956782,0.78515625,1.0,0.15625
2026-05-15T05:50,7,40,0.15625,40,54,0.0,5.65431392194503,0.9702664034625696,0.78515625,1.0,0.15625
2026-05-15T06:20,7,40,0.15625,40,54,0.0,5.654371244176153,0.9701830644056985,0.78515625,1.0,0.15625
2026-05-15T06:50,8,40,0.15625,40,54,0.0,5.65441261479273,0.9700999371380443,0.78515625,1.0,0.15625
2026-05-15T07:20,8,40,0.15625,40,54,0.0,5.654434496099958,0.9700759772079137,0.78515625,1.0,0.15625
2026-05-15T07:50,8,40,0.15625,40,54,0.0,5.654455447909706,0.9701139037260279,0.78515625,1.0,0.15625
2026-05-15T08:20,9,40,0.15625,40,54,0.0,5.65444926752201,0.970089986774723,0.78515625,1.0,0.15625
2026-05-15T08:50,9,40,0.15625,40,54,0.0,5.654442308058435,0.9701277996865123,0.78515625,1.0,0.15625
2026-05-15T09:20,10,40,0.15625,40,54,0.0,5.654422977528797,0.9701039255861442,0.78515625,1.0,0.15625
2026-05-15T09:50,10,40,0.15625,40,54,0.0,5.6544070545242455,0.9700801116978831,0.78515625,1.0,0.15625
2026-05-15T10:20,10,40,0.15625,40,54,0.0,5.6543904112520265,0.9701177941768531,0.78515625,1.0,0.15625
2026-05-15T10:50,10,40,0.15625,40,54,0.0,5.654373053512816,0.9701553818571337,0.78515625,1.0,0.15625
2026-05-15T11:20,10,40,0.15625,40,54,0.0,5.65435498705781,0.9701928750960067,0.78515625,1.0,0.15625
2026-05-15T11:50,12,40,0.15625,40,54,0.0,5.654326304175519,0.9701690691199705,0.78515625,1.0,0.15625
2026-05-15T12:20,11,40,0.15625,40,54,0.0,5.65426700005476,0.9701453228080347,0.78515625,1.0,0.15625
2026-05-15T12:50,12,40,0.15625,40,54,0.0,5.654207220208484,0.9701826878608406,0.78515625,1.0,0.15625
2026-05-15T13:20,12,40,0.15625,40,54,0.0,5.654146968688306,0.9702199595010146,0.78515625,1.0,0.15625
2026-05-15T13:50,13,40,0.15625,40,54,0.0,5.6540862495127415,0.9702571380784165,0.78515625,1.0,0.15625
2026-05-15T14:20,13,40,0.15625,40,54,0.0,5.6540250666675345,0.9702942239411616,0.78515625,1.0,0.15625
2026-05-15T14:50,13,40,0.15625,40,54,0.0,5.6539634241059415,0.9703312174356309,0.78515625,1.0,0.15625
2026-05-15T15:20,13,40,0.15625,40,54,0.0,5.653901325749043,0.9703681189064821,0.78515625,1.0,0.15625
2026-05-15T15:50,14,40,0.15625,40,54,0.0,5.6538322013089495,0.9703443318173998,0.78515625,1.0,0.15625
2026-05-15T16:20,14,40,0.15625,40,54,0.0,5.6537626617326495,0.9703811254503807,0.78515625,1.0,0.15625
2026-05-15T17:20,14,40,0.15625,40,54,0.0,5.653682956393041,0.970357381196037,0.78515625,1.0,0.15625
2026-05-15T17:50,14,40,0.15625,40,54,0.0,5.653624687962929,0.9703336957146003,0.78515625,1.0,0.15625
2026-05-15T18:20,14,40,0.15625,40,54,0.0,5.653580608014796,0.9702526428209627,0.78515625,1.0,0.15625
2026-05-15T18:50,13,40,0.15625,40,54,0.0,5.653552076628918,0.9702291451288321,0.78515625,1.0,0.15625
2026-05-15T19:20,13,40,0.15625,40,54,0.0,5.653522933407042,0.9702658539511146,0.78515625,1.0,0.15625
2026-05-15T19:50,13,40,0.15625,40,54,0.0,5.653494018502899,0.9702423978652084,0.78515625,1.0,0.15625
2026-05-15T20:20,13,40,0.15625,40,54,0.0,5.65346449760171,0.9702790000818563,0.78515625,1.0,0.15625
2026-05-15T20:50,13,40,0.15625,40,54,0.0,5.653457965596828,0.970255585477573,0.78515625,1.0,0.15625
2026-05-15T21:20,12,40,0.15625,40,54,0.0,5.653474493720505,0.9702322283324409,0.78515625,1.0,0.15625
2026-05-15T21:50,12,40,0.15625,40,54,0.0,5.653490184828246,0.9702687084447789,0.78515625,1.0,0.15625
2026-05-15T22:20,12,40,0.15625,40,54,0.0,5.653505045212782,0.9703050992545159,0.78515625,1.0,0.15625
2026-05-15T22:50,11,40,0.15625,40,54,0.0,5.653525400801343,0.9702817672409958,0.78515625,1.0,0.15625
2026-05-15T23:20,11,40,0.15625,40,54,0.0,5.653597677796889,0.9702017674089088,0.78515625,1.0,0.15625
2026-05-15T23:50,9,40,0.15625,40,54,0.0,5.653668835861223,0.9702381067169468,0.78515625,1.0,0.15625
2026-05-16T00:20,10,40,0.15625,40,54,0.0,5.653738883125238,0.9702743575004827,0.78515625,1.0,0.15625
2026-05-16T00:50,9,40,0.15625,40,54,0.0,5.653807827652111,0.970310520082599,0.78515625,1.0,0.15625
2026-05-16T01:20,9,40,0.15625,40,54,0.0,5.653875677437972,0.9703465947848072,0.78515625,1.0,0.15625
2026-05-16T01:50,9,40,0.15625,40,54,0.0,5.653942440412604,0.9703825819270587,0.78515625,1.0,0.15625
2026-05-16T02:20,9,40,0.15625,40,54,0.0,5.6540081244401135,0.9704184818277531,0.78515625,1.0,0.15625
2026-05-16T02:50,9,40,0.15625,40,54,0.0,5.654098321821126,0.9703952385231133,0.78515625,1.0,0.15625
2026-05-16T03:20,8,40,0.15625,40,54,0.0,5.654187327392404,0.9704310362999897,0.78515625,1.0,0.15625
2026-05-16T03:50,8,40,0.15625,40,54,0.0,5.654256646160089,0.9704078339761917,0.78515625,1.0,0.15625
2026-05-16T04:20,7,40,0.15625,40,54,0.0,5.654341721944454,0.9703846876290493,0.78515625,1.0,0.15625
2026-05-16T04:50,7,40,0.15625,40,54,0.0,5.654434486172555,0.9703615970562374,0.78515625,1.0,0.15625
2026-05-16T05:20,7,40,0.15625,40,54,0.0,5.654512914557464,0.9703385620564045,0.78515625,1.0,0.15625
2026-05-16T05:50,7,40,0.15625,40,54,0.0,5.6545902075404175,0.9703742128231634,0.78515625,1.0,0.15625
2026-05-16T06:20,7,40,0.15625,40,54,0.0,5.6546430334073685,0.9702954465469795,0.78515625,1.0,0.15625
2026-05-16T06:50,8,40,0.15625,40,54,0.0,5.654681429674185,0.970216869158748,0.78515625,1.0,0.15625
2026-05-16T07:20,9,40,0.15625,40,54,0.0,5.654701801241633,0.970194117833043,0.78515625,1.0,0.15625
2026-05-16T07:50,9,40,0.15625,40,54,0.0,5.654721346400184,0.9702297708021422,0.78515625,1.0,0.15625
2026-05-16T08:20,9,40,0.15625,40,54,0.0,5.654715570778108,0.9702070584262675,0.78515625,1.0,0.15625
2026-05-16T08:50,10,40,0.15625,40,54,0.0,5.654709100792385,0.9702426108625131,0.78515625,1.0,0.15625
2026-05-16T09:20,11,40,0.15625,40,54,0.0,5.654691382260139,0.970219937324173,0.78515625,1.0,0.15625
2026-05-16T09:50,12,40,0.15625,40,54,0.0,5.654676875918386,0.9701973177704479,0.78515625,1.0,0.15625
2026-05-16T10:20,13,40,0.15625,40,54,0.0,5.654661725008355,0.9702327549669159,0.78515625,1.0,0.15625
2026-05-16T10:50,13,40,0.15625,40,54,0.0,5.65464593442322,0.9702681079895205,0.78515625,1.0,0.15625
2026-05-16T11:20,13,40,0.15625,40,54,0.0,5.654629509016806,0.9703033771378129,0.78515625,1.0,0.15625
2026-05-16T11:50,14,40,0.15625,40,54,0.0,5.654603249554581,0.9702807659234258,0.78515625,1.0,0.15625
2026-05-16T12:20,14,40,0.15625,40,54,0.0,5.654548351570749,0.970258208226706,0.78515625,1.0,0.15625
2026-05-16T12:50,14,40,0.15625,40,54,0.0,5.654493023582272,0.970293364008944,0.78515625,1.0,0.15625
2026-05-16T13:20,15,40,0.15625,40,54,0.0,5.654437269035702,0.9703284367787091,0.78515625,1.0,0.15625
2026-05-16T13:50,14,40,0.15625,40,54,0.0,5.654381091351015,0.9703634268296776,0.78515625,1.0,0.15625
2026-05-16T14:20,14,40,0.15625,40,54,0.0,5.65432449392185,0.970398334454142,0.78515625,1.0,0.15625
2026-05-16T14:50,14,40,0.15625,40,54,0.0,5.654267480115733,0.9704331599430195,0.78515625,1.0,0.15625
2026-05-16T15:20,14,40,0.15625,40,54,0.0,5.654210053274315,0.9704679035858597,0.78515625,1.0,0.15625
2026-05-16T15:50,14,40,0.15625,40,54,0.0,5.654146050048347,0.9704453115771852,0.78515625,1.0,0.15625
2026-05-16T16:20,14,40,0.15625,40,54,0.0,5.654081669552684,0.9704799595120303,0.78515625,1.0,0.15625
2026-05-16T16:50,14,40,0.15625,40,54,0.0,5.654007621075817,0.9704574062950314,0.78515625,1.0,0.15625
2026-05-16T17:20,14,40,0.15625,40,54,0.0,5.653933244546621,0.9704919590362068,0.78515625,1.0,0.15625
2026-05-16T17:50,14,40,0.15625,40,54,0.0,5.653878750598718,0.9704694444955047,0.78515625,1.0,0.15625
2026-05-16T18:20,13,40,0.15625,40,54,0.0,5.653837234975367,0.9703927729205528,0.78515625,1.0,0.15625
2026-05-16T18:50,13,40,0.15625,40,54,0.0,5.653809947379319,0.970370426462831,0.78515625,1.0,0.15625
2026-05-16T19:20,12,40,0.15625,40,54,0.0,5.653782115789976,0.9704049195635727,0.78515625,1.0,0.15625
2026-05-16T19:50,12,40,0.15625,40,54,0.0,5.65375440723125,0.9703826109503536,0.78515625,1.0,0.15625
2026-05-16T20:20,12,40,0.15625,40,54,0.0,5.653726159923928,0.9704170097761953,0.78515625,1.0,0.15625
2026-05-16T20:50,12,40,0.15625,40,54,0.0,5.653719190780209,0.970394738897331,0.78515625,1.0,0.15625
2026-05-16T21:20,12,40,0.15625,40,54,0.0,5.653733444489782,0.9703725196311638,0.78515625,1.0,0.15625
2026-05-16T21:50,12,40,0.15625,40,54,0.0,5.653746958064626,0.9704068106964056,0.78515625,1.0,0.15625
2026-05-16T22:20,12,40,0.15625,40,54,0.0,5.653759736762844,0.9704410224759472,0.78515625,1.0,0.15625
2026-05-16T22:50,12,40,0.15625,40,54,0.0,5.653777525251023,0.9704188267365929,0.78515625,1.0,0.15625
2026-05-16T23:20,12,40,0.15625,40,54,0.0,5.653844026806416,0.9703430978761838,0.78515625,1.0,0.15625
2026-05-16T23:50,12,40,0.15625,40,54,0.0,5.653909538432213,0.9703772648141145,0.78515625,1.0,0.15625
2026-05-17T00:20,11,40,0.15625,40,54,0.0,5.6539740669257705,0.970411353116975,0.78515625,1.0,0.15625
2026-05-17T00:50,12,40,0.15625,40,54,0.0,5.654037619031029,0.9704453630559211,0.78515625,1.0,0.15625
2026-05-17T01:20,12,40,0.15625,40,54,0.0,5.65410020143902,0.9704792949008626,0.78515625,1.0,0.15625
2026-05-17T01:50,12,40,0.15625,40,54,0.0,5.654161820788381,0.9705131489204717,0.78515625,1.0,0.15625
2026-05-17T02:20,12,40,0.15625,40,54,0.0,5.654222483665857,0.9705469253821893,0.78515625,1.0,0.15625
2026-05-17T02:50,11,40,0.15625,40,54,0.0,5.654306126135578,0.9705248116371241,0.78515625,1.0,0.15625
2026-05-17T03:20,11,40,0.15625,40,54,0.0,5.654388711701093,0.9705584975666817,0.78515625,1.0,0.15625
2026-05-17T03:50,11,40,0.15625,40,54,0.0,5.654452960164003,0.9705364210993627,0.78515625,1.0,0.15625
2026-05-17T04:20,11,40,0.15625,40,54,0.0,5.654531795048093,0.970514394977465,0.78515625,1.0,0.15625
2026-05-17T04:50,11,40,0.15625,40,54,0.0,5.654617882293824,0.9704924190289657,0.78515625,1.0,0.15625
2026-05-17T05:20,11,40,0.15625,40,54,0.0,5.654690702739104,0.9704704930826245,0.78515625,1.0,0.15625
2026-05-17T05:50,11,40,0.15625,40,54,0.0,5.654751483835165,0.9704486169679797,0.78515625,1.0,0.15625
2026-05-17T06:20,11,40,0.15625,40,54,0.0,5.654800652238274,0.9704267905153431,0.78515625,1.0,0.15625
2026-05-17T06:50,11,40,0.15625,40,54,0.0,5.65483661236989,0.9703523405314955,0.78515625,1.0,0.15625
2026-05-17T07:20,11,40,0.15625,40,54,0.0,5.654855744075245,0.9703306725492347,0.78515625,1.0,0.15625
2026-05-17T07:50,11,40,0.15625,40,54,0.0,5.654874137437298,0.9703642351368487,0.78515625,1.0,0.15625
2026-05-17T08:20,12,40,0.15625,40,54,0.0,5.65486875443296,0.9703426026815474,0.78515625,1.0,0.15625
2026-04-27T07:20,9,40,0.15625,40,54,0.0,5.654885839134779,0.9703210190579734,0.78515625,1.0,0.15625
2026-04-27T07:50,10,40,0.15625,40,54,0.0,5.654902200051885,0.9703544790139397,0.78515625,1.0,0.15625
2026-04-27T08:20,11,40,0.15625,40,54,0.0,5.65491784220975,0.9703878636096447,0.78515625,1.0,0.15625
2026-04-27T08:50,12,40,0.15625,40,54,0.0,5.654916069428423,0.9703663019095159,0.78515625,1.0,0.15625
2026-04-27T09:50,14,40,0.15625,40,54,0.0,5.654902030207249,0.9702925891037321,0.78515625,1.0,0.15625
2026-04-27T10:50,16,40,0.15625,40,54,0.0,5.654887418575271,0.9703259307545696,0.78515625,1.0,0.15625
2026-04-27T11:50,18,40,0.15625,40,54,0.0,5.654863562502581,0.9703045110028213,0.78515625,1.0,0.15625
2026-04-27T12:50,18,40,0.15625,40,54,0.0,5.654812769681679,0.9702831392236414,0.78515625,1.0,0.15625
2026-04-27T13:20,19,40,0.15625,40,54,0.0,5.654761586344625,0.9703163795600803,0.78515625,1.0,0.15625
2026-04-27T13:50,19,40,0.15625,40,54,0.0,5.65471001544195,0.9703495456164377,0.78515625,1.0,0.15625
2026-04-27T14:50,20,40,0.15625,40,54,0.0,5.654658059902668,0.9703826376414193,0.78515625,1.0,0.15625
2026-04-27T15:50,21,40,0.15625,40,54,0.0,5.654599524266478,0.9703612740679006,0.78515625,1.0,0.15625
2026-04-27T16:50,20,40,0.15625,40,54,0.0,5.654531361641743,0.9703399580747238,0.78515625,1.0,0.15625
2026-04-27T17:50,19,40,0.15625,40,54,0.0,5.654481457014675,0.9703186895031113,0.78515625,1.0,0.15625
2026-04-27T18:50,18,40,0.15625,40,54,0.0,5.654455843005024,0.9701966299773068,0.78515625,1.0,0.15625
2026-04-27T19:50,17,40,0.15625,40,54,0.0,5.654429732264237,0.9702297080794408,0.78515625,1.0,0.15625
2026-04-27T20:50,16,40,0.15625,40,54,0.0,5.654403053100463,0.9702086324742476,0.78515625,1.0,0.15625
2026-04-27T21:50,14,40,0.15625,40,54,0.0,5.654415442631999,0.9701361554778883,0.78515625,1.0,0.15625
2026-04-27T22:50,14,40,0.15625,40,54,0.0,5.654441287040814,0.9701152299875313,0.78515625,1.0,0.15625
2026-04-27T23:50,12,40,0.15625,40,54,0.0,5.654501160552608,0.9700430163684974,0.78515625,1.0,0.15625
2026-04-28T00:50,10,40,0.15625,40,54,0.0,5.65456014353407,0.9700760814718435,0.78515625,1.0,0.15625
2026-04-28T01:50,11,40,0.15625,40,54,0.0,5.654618241843385,0.970109073664267,0.78515625,1.0,0.15625
2026-04-28T02:50,10,40,0.15625,40,54,0.0,5.654697307180841,0.9700882701824728,0.78515625,1.0,0.15625
2026-04-28T03:50,10,40,0.15625,40,54,0.0,5.654758172692295,0.9700675124729158,0.78515625,1.0,0.15625
2026-04-28T04:50,9,40,0.15625,40,54,0.0,5.654839022756101,0.9699957480688378,0.78515625,1.0,0.15625
2026-04-28T05:50,9,40,0.15625,40,54,0.0,5.654906667524794,0.9699751374915888,0.78515625,1.0,0.15625
2026-04-28T06:50,10,40,0.15625,40,54,0.0,5.6549385050824545,0.9698086974484862,0.78515625,1.0,0.15625
2026-04-28T07:50,10,40,0.15625,40,54,0.0,5.6549537816772775,0.969788336895087,0.78515625,1.0,0.15625
2026-04-28T08:50,10,40,0.15625,40,54,0.0,5.6549519741638905,0.9697680208943212,0.78515625,1.0,0.15625
2026-04-28T09:50,10,40,0.15625,40,54,0.0,5.654938134264125,0.9696969759586573,0.78515625,1.0,0.15625
2026-04-28T10:50,10,40,0.15625,40,54,0.0,5.654923753451183,0.9697300578626326,0.78515625,1.0,0.15625
2026-04-28T11:50,12,40,0.15625,40,54,0.0,5.654900315819794,0.9697098718804434,0.78515625,1.0,0.15625
2026-04-28T12:50,14,40,0.15625,40,54,0.0,5.654850716563394,0.969689729876429,0.78515625,1.0,0.15625
2026-04-28T13:50,14,40,0.15625,40,54,0.0,5.654800748476651,0.9697227116719932,0.78515625,1.0,0.15625
2026-04-28T14:50,16,40,0.15625,40,54,0.0,5.6547504142721525,0.9697556217680019,0.78515625,1.0,0.15625
2026-04-28T15:50,16,40,0.15625,40,54,0.0,5.654693666452606,0.969735495698976,0.78515625,1.0,0.15625
2026-04-28T16:50,16,40,0.15625,40,54,0.0,5.654627445799514,0.9697154132873665,0.78515625,1.0,0.15625
2026-04-28T17:50,15,40,0.15625,40,54,0.0,5.6545788844603235,0.9696953743912754,0.78515625,1.0,0.15625
2026-04-28T18:50,15,40,0.15625,40,54,0.0,5.654553631379147,0.9695771598262187,0.78515625,1.0,0.15625
2026-04-28T19:50,13,40,0.15625,40,54,0.0,5.654527836597952,0.9695573137206717,0.78515625,1.0,0.15625
2026-04-28T20:50,12,40,0.15625,40,54,0.0,5.654520960168107,0.9695375104792835,0.78515625,1.0,0.15625
2026-04-28T21:50,10,40,0.15625,40,54,0.0,5.654532439079672,0.9695177499633351,0.78515625,1.0,0.15625
2026-04-28T22:50,9,40,0.15625,40,54,0.0,5.654547409836346,0.9694980320347054,0.78515625,1.0,0.15625
2026-04-28T23:50,9,40,0.15625,40,54,0.0,5.654605019916072,0.9694283483670274,0.78515625,1.0,0.15625
2026-04-29T00:50,9,40,0.15625,40,54,0.0,5.654661788120924,0.9694612211107189,0.78515625,1.0,0.15625
2026-04-29T01:50,9,40,0.15625,40,54,0.0,5.654717719846673,0.9694940232362712,0.78515625,1.0,0.15625
2026-04-29T02:50,9,40,0.15625,40,54,0.0,5.6547939970602545,0.9694744153918066,0.78515625,1.0,0.15625
2026-04-29T03:50,9,40,0.15625,40,54,0.0,5.654852669120073,0.9694548495791627,0.78515625,1.0,0.15625
2026-04-29T04:50,10,40,0.15625,40,54,0.0,5.65493070184988,0.9693855851842833,0.78515625,1.0,0.15625
2026-04-29T05:50,10,40,0.15625,40,54,0.0,5.654996032499976,0.9693661562292147,0.78515625,1.0,0.15625
2026-04-29T06:50,11,40,0.15625,40,54,0.0,5.655027017353403,0.9692046345005317,0.78515625,1.0,0.15625
2026-04-29T07:50,12,40,0.15625,40,54,0.0,5.655041962740089,0.9691854401330766,0.78515625,1.0,0.15625
2026-04-29T08:50,13,40,0.15625,40,54,0.0,5.65504028781954,0.9691662866917781,0.78515625,1.0,0.15625
2026-04-29T09:50,14,40,0.15625,40,54,0.0,5.655027013234582,0.9690976984256121,0.78515625,1.0,0.15625
2026-04-29T10:50,14,40,0.15625,40,54,0.0,5.655013224036604,0.969130573214521,0.78515625,1.0,0.15625
2026-04-29T11:50,15,40,0.15625,40,54,0.0,5.654990637205083,0.9691115391432995,0.78515625,1.0,0.15625
2026-04-29T12:50,15,40,0.15625,40,54,0.0,5.654942657214367,0.9690925454841189,0.78515625,1.0,0.15625
2026-04-29T13:50,15,40,0.15625,40,54,0.0,5.654894325295417,0.9691253211516861,0.78515625,1.0,0.15625
2026-04-29T14:50,15,40,0.15625,40,54,0.0,5.654845643967666,0.9691580273792797,0.78515625,1.0,0.15625
2026-04-29T15:50,15,40,0.15625,40,54,0.0,5.654790706862717,0.9691390448235293,0.78515625,1.0,0.15625
2026-04-29T16:50,15,40,0.15625,40,54,0.0,5.654726447428624,0.969120102400032,0.78515625,1.0,0.15625
2026-04-29T17:50,15,40,0.15625,40,54,0.0,5.654679284765091,0.9691011999816529,0.78515625,1.0,0.15625
2026-04-29T18:50,14,40,0.15625,40,54,0.0,5.654654514793682,0.9689866049566502,0.78515625,1.0,0.15625
2026-04-29T19:50,14,40,0.15625,40,54,0.0,5.654629162569042,0.9689678830464695,0.78515625,1.0,0.15625
2026-04-29T20:50,13,40,0.15625,40,54,0.0,5.654622106521718,0.9689492005508366,0.78515625,1.0,0.15625
2026-04-29T21:50,13,40,0.15625,40,54,0.0,5.654632762726959,0.9689305573454151,0.78515625,1.0,0.15625
2026-04-29T22:50,12,40,0.15625,40,54,0.0,5.654646830230936,0.9689119533063918,0.78515625,1.0,0.15625
2026-04-29T23:50,12,40,0.15625,40,54,0.0,5.654702329509229,0.968844639509388,0.78515625,1.0,0.15625
2026-04-30T00:50,12,40,0.15625,40,54,0.0,5.654757031685352,0.9688772971199652,0.78515625,1.0,0.15625
2026-04-30T01:50,12,40,0.15625,40,54,0.0,5.654810941740127,0.9689098863376406,0.78515625,1.0,0.15625
2026-04-30T02:50,12,40,0.15625,40,54,0.0,5.654884610736847,0.9688913817621778,0.78515625,1.0,0.15625
2026-04-30T03:50,12,40,0.15625,40,54,0.0,5.654941232980503,0.968872915858764,0.78515625,1.0,0.15625
2026-04-30T04:50,11,40,0.15625,40,54,0.0,5.655016628521336,0.9688059941352808,0.78515625,1.0,0.15625
2026-04-30T05:50,11,40,0.15625,40,54,0.0,5.655069319104303,0.9687392119774358,0.78515625,1.0,0.15625
2026-04-30T06:50,12,40,0.15625,40,54,0.0,5.6550994211937935,0.9686264264610833,0.78515625,1.0,0.15625
2026-04-30T07:20,13,40,0.15625,40,54,0.0,5.655113974971611,0.9686083131267794,0.78515625,1.0,0.15625
2026-04-30T07:50,13,40,0.15625,40,54,0.0,5.655127918888013,0.9686409448179158,0.78515625,1.0,0.15625
2026-04-30T08:20,14,40,0.15625,40,54,0.0,5.655141256847759,0.9686735087381464,0.78515625,1.0,0.15625
2026-04-30T08:50,15,40,0.15625,40,54,0.0,5.655138639080769,0.9686554029326039,0.78515625,1.0,0.15625
2026-04-30T09:20,15,40,0.15625,40,54,0.0,5.655139895661272,0.968637334652047,0.78515625,1.0,0.15625
2026-04-30T09:50,14,40,0.15625,40,54,0.0,5.655126022855414,0.9686193037799384,0.78515625,1.0,0.15625
2026-04-30T10:20,15,40,0.15625,40,54,0.0,5.655111668148885,0.968651755378925,0.78515625,1.0,0.15625
2026-04-30T10:50,15,40,0.15625,40,54,0.0,5.655096834723318,0.9686841399291535,0.78515625,1.0,0.15625
2026-04-30T11:20,15,40,0.15625,40,54,0.0,5.655081525738167,0.9687164576382049,0.78515625,1.0,0.15625
2026-04-30T11:50,17,40,0.15625,40,54,0.0,5.6550582433027925,0.9686984195501191,0.78515625,1.0,0.15625
2026-04-30T12:20,16,40,0.15625,40,54,0.0,5.655011023982798,0.968680418615665,0.78515625,1.0,0.15625
2026-04-30T12:50,16,40,0.15625,40,54,0.0,5.65496347608999,0.9687126404072127,0.78515625,1.0,0.15625
2026-04-30T13:20,17,40,0.15625,40,54,0.0,5.654915601911306,0.9687447959669175,0.78515625,1.0,0.15625
2026-04-30T13:50,18,40,0.15625,40,54,0.0,5.654867403718338,0.9687768854987789,0.78515625,1.0,0.15625
2026-04-30T14:20,18,40,0.15625,40,54,0.0,5.654818883767468,0.9688089092059597,0.78515625,1.0,0.15625
2026-04-30T14:50,18,40,0.15625,40,54,0.0,5.654770044299958,0.9688408672907897,0.78515625,1.0,0.15625
2026-04-30T15:20,18,40,0.15625,40,54,0.0,5.654720887542086,0.9688727599547704,0.78515625,1.0,0.15625
2026-04-30T15:50,18,40,0.15625,40,54,0.0,5.654666439963891,0.968854709599188,0.78515625,1.0,0.15625
2026-04-30T16:20,18,40,0.15625,40,54,0.0,5.654611699980397,0.9688865229703838,0.78515625,1.0,0.15625
2026-04-30T16:50,19,40,0.15625,40,54,0.0,5.654548803230082,0.9688684954083683,0.78515625,1.0,0.15625
2026-04-30T17:20,18,40,0.15625,40,54,0.0,5.654485649977242,0.968900229867687,0.78515625,1.0,0.15625
2026-04-30T17:50,18,40,0.15625,40,54,0.0,5.654439566596785,0.9688822250635398,0.78515625,1.0,0.15625
2026-04-30T18:20,17,40,0.15625,40,54,0.0,5.654405047083136,0.9688169958465493,0.78515625,1.0,0.15625
2026-04-30T18:50,17,40,0.15625,40,54,0.0,5.6543822674746185,0.9687991122249523,0.78515625,1.0,0.15625
2026-04-30T19:20,16,40,0.15625,40,54,0.0,5.654359069336111,0.9688307882531504,0.78515625,1.0,0.15625
2026-04-30T19:50,16,40,0.15625,40,54,0.0,5.6543354553853264,0.9688624000297699,0.78515625,1.0,0.15625
2026-04-30T20:20,15,40,0.15625,40,54,0.0,5.654311995775522,0.9688445247634734,0.78515625,1.0,0.15625
2026-04-30T20:50,14,40,0.15625,40,54,0.0,5.6543068311243525,0.9688266856819264,0.78515625,1.0,0.15625
2026-04-30T21:20,14,40,0.15625,40,54,0.0,5.654319473079723,0.9688088826753676,0.78515625,1.0,0.15625
2026-04-30T21:50,14,40,0.15625,40,54,0.0,5.654331549926687,0.9688403888544833,0.78515625,1.0,0.15625
2026-04-30T22:20,13,40,0.15625,40,54,0.0,5.654343065166223,0.9688718314489793,0.78515625,1.0,0.15625
2026-04-30T22:50,13,40,0.15625,40,54,0.0,5.654358563137351,0.9688540367723122,0.78515625,1.0,0.15625
2026-04-30T23:20,13,40,0.15625,40,54,0.0,5.654415057162945,0.9687894928327246,0.78515625,1.0,0.15625
2026-04-30T23:50,12,40,0.15625,40,54,0.0,5.654470803006813,0.9688208917332953,0.78515625,1.0,0.15625
2026-05-01T00:20,11,40,0.15625,40,54,0.0,5.654525805153617,0.968852227520498,0.78515625,1.0,0.15625
2026-05-01T00:50,12,40,0.15625,40,54,0.0,5.654580068057305,0.9688835003844333,0.78515625,1.0,0.15625
2026-05-01T01:20,11,40,0.15625,40,54,0.0,5.654633596141381,0.9689147105144389,0.78515625,1.0,0.15625
2026-05-01T01:50,11,40,0.15625,40,54,0.0,5.654686393799152,0.9689458580990937,0.78515625,1.0,0.15625
2026-05-01T02:20,11,40,0.15625,40,54,0.0,5.654738465393986,0.9689769433262218,0.78515625,1.0,0.15625
2026-05-01T02:50,12,40,0.15625,40,54,0.0,5.654809740620795,0.9689591858950908,0.78515625,1.0,0.15625
2026-05-01T03:20,12,40,0.15625,40,54,0.0,5.654880215975908,0.9689901956993914,0.78515625,1.0,0.15625
2026-05-01T03:50,10,40,0.15625,40,54,0.0,5.65493478801328,0.9689724604863131,0.78515625,1.0,0.15625
2026-05-01T04:20,10,40,0.15625,40,54,0.0,5.655000978302965,0.9689547606375682,0.78515625,1.0,0.15625
2026-05-01T04:50,10,40,0.15625,40,54,0.0,5.655073002292054,0.968937096047486,0.78515625,1.0,0.15625
2026-05-01T05:20,10,40,0.15625,40,54,0.0,5.655133676620118,0.9689194666108171,0.78515625,1.0,0.15625
2026-05-01T05:50,10,40,0.15625,40,54,0.0,5.6551935926783505,0.9689503617732318,0.78515625,1.0,0.15625
2026-05-01T06:20,11,40,0.15625,40,54,0.0,5.655233825684727,0.9688866195120488,0.78515625,1.0,0.15625
2026-05-01T06:50,11,40,0.15625,40,54,0.0,5.655262269562776,0.9688230037236061,0.78515625,1.0,0.15625
2026-05-01T07:20,12,40,0.15625,40,54,0.0,5.6552760653164835,0.9688055572503369,0.78515625,1.0,0.15625
2026-05-01T07:50,13,40,0.15625,40,54,0.0,5.655289308175016,0.9688364428372178,0.78515625,1.0,0.15625
2026-05-01T08:20,14,40,0.15625,40,54,0.0,5.655302001508388,0.9688672673250148,0.78515625,1.0,0.15625
2026-05-01T08:50,15,40,0.15625,40,54,0.0,5.6552995869754215,0.9688498288318035,0.78515625,1.0,0.15625
2026-05-01T10:20,17,40,0.15625,40,54,0.0,5.655287087299412,0.9687865633588816,0.78515625,1.0,0.15625
2026-05-01T10:50,18,40,0.15625,40,54,0.0,5.655274146240118,0.9688173458407762,0.78515625,1.0,0.15625
2026-05-01T11:20,20,40,0.15625,40,54,0.0,5.655260766572866,0.9688480676675341,0.78515625,1.0,0.15625
2026-05-01T11:50,20,40,0.15625,40,54,0.0,5.655239602068183,0.9688307167271085,0.78515625,1.0,0.15625
2026-05-01T12:20,21,40,0.15625,40,54,0.0,5.655195446682796,0.968813399908493,0.78515625,1.0,0.15625
2026-05-01T12:50,22,40,0.15625,40,54,0.0,5.655150987889894,0.968844035075577,0.78515625,1.0,0.15625
2026-05-01T13:20,24,40,0.15625,40,54,0.0,5.655106227699214,0.9688746101147571,0.78515625,1.0,0.15625
2026-05-01T13:50,24,40,0.15625,40,54,0.0,5.655061168107623,0.9689051252028797,0.78515625,1.0,0.15625
2026-05-01T14:20,24,40,0.15625,40,54,0.0,5.655015811099216,0.9689355805160993,0.78515625,1.0,0.15625
2026-05-01T14:50,24,40,0.15625,40,54,0.0,5.654970158645407,0.96896597622988,0.78515625,1.0,0.15625
2026-05-01T15:20,24,40,0.15625,40,54,0.0,5.654924212705017,0.9689963125190004,0.78515625,1.0,0.15625
2026-05-01T15:50,24,40,0.15625,40,54,0.0,5.654877975224378,0.9690265895575559,0.78515625,1.0,0.15625
2026-05-01T16:20,24,40,0.15625,40,54,0.0,5.654826572407372,0.9690092167991535,0.78515625,1.0,0.15625
2026-05-01T16:50,24,40,0.15625,40,54,0.0,5.654767117056504,0.9689918779057773,0.78515625,1.0,0.15625
2026-05-01T17:20,23,40,0.15625,40,54,0.0,5.6547074250139495,0.9690220708192089,0.78515625,1.0,0.15625
2026-05-01T17:50,23,40,0.15625,40,54,0.0,5.654663710024428,0.9690047531551776,0.78515625,1.0,0.15625
2026-05-01T18:20,22,40,0.15625,40,54,0.0,5.654624682045292,0.9689874691503574,0.78515625,1.0,0.15625
2026-05-01T18:50,22,40,0.15625,40,54,0.0,5.654591206571671,0.9689702187067115,0.78515625,1.0,0.15625
2026-05-01T19:20,21,40,0.15625,40,54,0.0,5.654568618349488,0.9689530017265838,0.78515625,1.0,0.15625
2026-05-01T19:50,20,40,0.15625,40,54,0.0,5.654545652084084,0.9689830860272364,0.78515625,1.0,0.15625
2026-05-01T20:20,20,40,0.15625,40,54,0.0,5.654522829028409,0.9689658899247852,0.78515625,1.0,0.15625
2026-05-01T20:50,19,40,0.15625,40,54,0.0,5.654499630748949,0.9689959035708927,0.78515625,1.0,0.15625
2026-05-01T21:20,19,40,0.15625,40,54,0.0,5.654493575693383,0.9689787283135249,0.78515625,1.0,0.15625
2026-05-01T21:50,18,40,0.15625,40,54,0.0,5.654504127659502,0.9689615862130245,0.78515625,1.0,0.15625
2026-05-01T22:20,18,40,0.15625,40,54,0.0,5.654514170665611,0.9689915171809965,0.78515625,1.0,0.15625
2026-05-01T22:50,18,40,0.15625,40,54,0.0,5.654527999754578,0.9689743957889098,0.78515625,1.0,0.15625
2026-05-01T23:20,17,40,0.15625,40,54,0.0,5.6545804600226095,0.968912593583879,0.78515625,1.0,0.15625
2026-05-01T23:50,16,40,0.15625,40,54,0.0,5.654632243167918,0.9689424853208176,0.78515625,1.0,0.15625
2026-05-02T00:20,16,40,0.15625,40,54,0.0,5.654683353070868,0.9689723196288668,0.78515625,1.0,0.15625
2026-05-02T00:50,15,40,0.15625,40,54,0.0,5.6547337935864626,0.9690020966733688,0.78515625,1.0,0.15625
2026-05-02T01:20,14,40,0.15625,40,54,0.0,5.654783568544551,0.9690318166190319,0.78515625,1.0,0.15625
2026-05-02T01:50,13,40,0.15625,40,54,0.0,5.6548326817500225,0.9690614796299333,0.78515625,1.0,0.15625
2026-05-02T02:20,13,40,0.15625,40,54,0.0,5.654881136983011,0.9690910858695219,0.78515625,1.0,0.15625
2026-05-02T02:50,12,40,0.15625,40,54,0.0,5.65494805072838,0.9690740002350339,0.78515625,1.0,0.15625
2026-05-02T03:20,12,40,0.15625,40,54,0.0,5.655014238358892,0.969103537961648,0.78515625,1.0,0.15625
2026-05-02T03:50,12,40,0.15625,40,54,0.0,5.655065501326066,0.9690864730515655,0.78515625,1.0,0.15625
2026-05-02T04:20,12,40,0.15625,40,54,0.0,5.655127852800858,0.9690694406770599,0.78515625,1.0,0.15625
2026-05-02T04:50,11,40,0.15625,40,54,0.0,5.655195803990208,0.9690524407451724,0.78515625,1.0,0.15625
2026-05-02T05:20,11,40,0.15625,40,54,0.0,5.655253132688214,0.969035473163298,0.78515625,1.0,0.15625
2026-05-02T05:50,11,40,0.15625,40,54,0.0,5.655300582205959,0.9690185378391836,0.78515625,1.0,0.15625
2026-05-02T06:20,11,40,0.15625,40,54,0.0,5.655338744981499,0.9690016346809271,0.78515625,1.0,0.15625
2026-05-02T06:50,11,40,0.15625,40,54,0.0,5.655365963300634,0.9689406861705675,0.78515625,1.0,0.15625
2026-05-02T07:20,11,40,0.15625,40,54,0.0,5.655379443041858,0.9689238888492638,0.78515625,1.0,0.15625
2026-05-02T07:50,11,40,0.15625,40,54,0.0,5.655392415867065,0.9689533169848232,0.78515625,1.0,0.15625
2026-05-02T08:20,12,40,0.15625,40,54,0.0,5.655404884730049,0.9689826894380069,0.78515625,1.0,0.15625
2026-05-02T08:50,13,40,0.15625,40,54,0.0,5.655403081494581,0.9689659000455279,0.78515625,1.0,0.15625
2026-05-02T09:20,14,40,0.15625,40,54,0.0,5.655404801833117,0.9689491423610611,0.78515625,1.0,0.15625
2026-05-02T09:50,15,40,0.15625,40,54,0.0,5.655393217503947,0.9689324162948668,0.78515625,1.0,0.15625
2026-05-02T10:20,16,40,0.15625,40,54,0.0,5.6553812285307,0.9689616977121195,0.78515625,1.0,0.15625
2026-05-02T10:50,17,40,0.15625,40,54,0.0,5.655368837343349,0.9689909239854603,0.78515625,1.0,0.15625
2026-05-02T11:20,17,40,0.15625,40,54,0.0,5.655348945478026,0.9689742058182067,0.78515625,1.0,0.15625
2026-05-02T11:50,19,40,0.15625,40,54,0.0,5.655328685899815,0.9690033653992046,0.78515625,1.0,0.15625
2026-05-02T12:20,19,40,0.15625,40,54,0.0,5.655286554139624,0.968986666945492,0.78515625,1.0,0.15625
2026-05-02T12:50,21,40,0.15625,40,54,0.0,5.655244145469696,0.9690157601284699,0.78515625,1.0,0.15625
2026-05-02T13:20,21,40,0.15625,40,54,0.0,5.655201461641301,0.9690447987787713,0.78515625,1.0,0.15625
2026-05-02T13:50,22,40,0.15625,40,54,0.0,5.655158504395005,0.9690737830495777,0.78515625,1.0,0.15625
2026-05-02T14:20,22,40,0.15625,40,54,0.0,5.65511527546074,0.9691027130934976,0.78515625,1.0,0.15625
2026-05-02T14:50,22,40,0.15625,40,54,0.0,5.65507177655788,0.9691315890625691,0.78515625,1.0,0.15625
2026-05-02T15:20,22,40,0.15625,40,54,0.0,5.655028009395313,0.9691604111082623,0.78515625,1.0,0.15625
2026-05-02T15:50,23,40,0.15625,40,54,0.0,5.654979329740494,0.9691436751950969,0.78515625,1.0,0.15625
2026-05-02T16:20,22,40,0.15625,40,54,0.0,5.6549304026498035,0.969172432254561,0.78515625,1.0,0.15625
2026-05-02T16:50,21,40,0.15625,40,54,0.0,5.654873763585999,0.9691557163140959,0.78515625,1.0,0.15625
2026-05-02T17:20,20,40,0.15625,40,54,0.0,5.654816907783057,0.9691844086710131,0.78515625,1.0,0.15625
2026-05-02T17:50,20,40,0.15625,40,54,0.0,5.6547751343071155,0.9691677126705708,0.78515625,1.0,0.15625
2026-05-02T18:20,17,40,0.15625,40,54,0.0,5.654743286617283,0.9691079115490214,0.78515625,1.0,0.15625
2026-05-02T18:50,17,40,0.15625,40,54,0.0,5.654721694201676,0.9690913174865411,0.78515625,1.0,0.15625
2026-05-02T19:20,16,40,0.15625,40,54,0.0,5.654699755775273,0.969119963160789,0.78515625,1.0,0.15625
2026-05-02T19:50,17,40,0.15625,40,54,0.0,5.6546774733917164,0.9691485557874919,0.78515625,1.0,0.15625
2026-05-02T20:20,16,40,0.15625,40,54,0.0,5.654655429287117,0.9691319701782484,0.78515625,1.0,0.15625
2026-05-02T20:50,16,40,0.15625,40,54,0.0,5.654649630883578,0.9691154152263232,0.78515625,1.0,0.15625
2026-05-02T21:20,16,40,0.15625,40,54,0.0,5.654659616550848,0.9690988908467928,0.78515625,1.0,0.15625
2026-05-02T21:50,16,40,0.15625,40,54,0.0,5.654669136763095,0.9691273974050522,0.78515625,1.0,0.15625
2026-05-02T22:20,15,40,0.15625,40,54,0.0,5.654678194156592,0.9691558514166604,0.78515625,1.0,0.15625
2026-05-02T22:50,15,40,0.15625,40,54,0.0,5.654699065865423,0.9691393354505264,0.78515625,1.0,0.15625
2026-05-02T23:20,15,40,0.15625,40,54,0.0,5.654748274026141,0.9690801105832877,0.78515625,1.0,0.15625
2026-05-02T23:50,15,40,0.15625,40,54,0.0,5.654796867216517,0.9691085295992958,0.78515625,1.0,0.15625
2026-05-03T00:20,15,40,0.15625,40,54,0.0,5.654844848805331,0.969136896422437,0.78515625,1.0,0.15625
2026-05-03T00:50,15,40,0.15625,40,54,0.0,5.654892222140345,0.9691652111963613,0.78515625,1.0,0.15625
2026-05-03T01:20,15,40,0.15625,40,54,0.0,5.654938990548451,0.9691934740641924,0.78515625,1.0,0.15625
2026-05-03T01:50,15,40,0.15625,40,54,0.0,5.654985157335847,0.9692216851685292,0.78515625,1.0,0.15625
2026-05-03T02:20,15,40,0.15625,40,54,0.0,5.655030725788185,0.9692498446514491,0.78515625,1.0,0.15625
2026-05-03T02:50,14,40,0.15625,40,54,0.0,5.655093944633435,0.9692333635431708,0.78515625,1.0,0.15625
2026-05-03T03:20,14,40,0.15625,40,54,0.0,5.655156502589427,0.9692614609280629,0.78515625,1.0,0.15625
2026-05-03T03:50,14,40,0.15625,40,54,0.0,5.6552049338152885,0.9692449992960073,0.78515625,1.0,0.15625
2026-05-03T04:20,14,40,0.15625,40,54,0.0,5.655263827289933,0.9692285676760428,0.78515625,1.0,0.15625
2026-05-03T04:50,14,40,0.15625,40,54,0.0,5.655328084078114,0.9692121659861694,0.78515625,1.0,0.15625
2026-05-03T05:20,14,40,0.15625,40,54,0.0,5.655382334150919,0.9691957941446854,0.78515625,1.0,0.15625
2026-05-03T05:50,14,40,0.15625,40,54,0.0,5.65542718236814,0.9691794520701859,0.78515625,1.0,0.15625
2026-05-03T06:20,14,40,0.15625,40,54,0.0,5.655463259818832,0.9691631396815619,0.78515625,1.0,0.15625
2026-05-03T06:50,14,40,0.15625,40,54,0.0,5.655489128141765,0.9691046993594932,0.78515625,1.0,0.15625
2026-05-03T07:20,14,40,0.15625,40,54,0.0,5.655502062397717,0.9690884843212663,0.78515625,1.0,0.15625
2026-05-03T07:50,14,40,0.15625,40,54,0.0,5.655514532739358,0.9691164838825694,0.78515625,1.0,0.15625
2026-05-03T08:20,15,40,0.15625,40,54,0.0,5.655526541751298,0.9691444327659336,0.78515625,1.0,0.15625
2026-05-03T08:50,15,40,0.15625,40,54,0.0,5.655524893156122,0.9691282257853091,0.78515625,1.0,0.15625
2026-05-03T09:20,15,40,0.15625,40,54,0.0,5.655526585450697,0.969112048085589,0.78515625,1.0,0.15625
2026-05-03T09:50,16,40,0.15625,40,54,0.0,5.655515761969539,0.969095899587493,0.78515625,1.0,0.15625
2026-05-03T10:20,16,40,0.15625,40,54,0.0,5.655504567066227,0.9691237662244745,0.78515625,1.0,0.15625
2026-05-03T10:50,17,40,0.15625,40,54,0.0,5.655493002873382,0.9691515826512993,0.78515625,1.0,0.15625
2026-05-03T11:20,17,40,0.15625,40,54,0.0,5.655474145828654,0.9691354421738406,0.78515625,1.0,0.15625
2026-05-03T11:50,17,40,0.15625,40,54,0.0,5.655454951421925,0.9691631980711665,0.78515625,1.0,0.15625
2026-05-03T12:20,17,40,0.15625,40,54,0.0,5.655414899284308,0.9691470761611249,0.78515625,1.0,0.15625
2026-05-03T12:50,19,40,0.15625,40,54,0.0,5.655374592523943,0.9691747717839606,0.78515625,1.0,0.15625
2026-05-03T13:20,18,40,0.15625,40,54,0.0,5.655334032680116,0.969202417728549,0.78515625,1.0,0.15625
2026-05-03T13:50,19,40,0.15625,40,54,0.0,5.65529322128311,0.9692300141284338,0.78515625,1.0,0.15625
2026-05-03T14:20,19,40,0.15625,40,54,0.0,5.65525215985426,0.9692575611166805,0.78515625,1.0,0.15625
2026-05-03T14:50,19,40,0.15625,40,54,0.0,5.655210849906022,0.9692850588258785,0.78515625,1.0,0.15625
2026-05-03T15:20,19,40,0.15625,40,54,0.0,5.65516929294202,0.969312507388143,0.78515625,1.0,0.15625
2026-05-03T15:50,20,40,0.15625,40,54,0.0,5.65512300323261,0.9692963529281495,0.78515625,1.0,0.15625
2026-05-03T16:20,19,40,0.15625,40,54,0.0,5.655076485605725,0.9693237424438247,0.78515625,1.0,0.15625
2026-05-03T16:50,19,40,0.15625,40,54,0.0,5.655022568487763,0.9693076067662412,0.78515625,1.0,0.15625
2026-05-03T17:20,20,40,0.15625,40,54,0.0,5.654968451552157,0.9693349374814983,0.78515625,1.0,0.15625
2026-05-03T17:50,19,40,0.15625,40,54,0.0,5.654928613255379,0.9693188205550868,0.78515625,1.0,0.15625
2026-05-03T18:20,19,40,0.15625,40,54,0.0,5.654898066115832,0.9692614366299374,0.78515625,1.0,0.15625
2026-05-03T18:50,19,40,0.15625,40,54,0.0,5.65487713571993,0.9692454136064607,0.78515625,1.0,0.15625
2026-05-03T19:20,19,40,0.15625,40,54,0.0,5.654855888969413,0.9692727025029944,0.78515625,1.0,0.15625
2026-05-03T19:50,18,40,0.15625,40,54,0.0,5.654834327662704,0.9692999430149598,0.78515625,1.0,0.15625
2026-05-03T20:20,18,40,0.15625,40,54,0.0,5.65481308325082,0.9692839284615322,0.78515625,1.0,0.15625
2026-05-03T20:50,18,40,0.15625,40,54,0.0,5.654807187527545,0.969267942252447,0.78515625,1.0,0.15625
2026-05-03T21:20,18,40,0.15625,40,54,0.0,5.654816232521744,0.96925198431252,0.78515625,1.0,0.15625
2026-05-03T21:50,17,40,0.15625,40,54,0.0,5.654824852536015,0.9692791468705478,0.78515625,1.0,0.15625
2026-05-03T22:20,17,40,0.15625,40,54,0.0,5.6548330498761255,0.9693062614805473,0.78515625,1.0,0.15625
2026-05-03T22:50,16,40,0.15625,40,54,0.0,5.654844868520567,0.9692903119661863,0.78515625,1.0,0.15625
2026-05-03T23:20,16,40,0.15625,40,54,0.0,5.654891208157638,0.9692334587439798,0.78515625,1.0,0.15625
2026-05-03T23:50,15,40,0.15625,40,54,0.0,5.654936986653629,0.9692605419669164,0.78515625,1.0,0.15625
2026-05-04T00:20,15,40,0.15625,40,54,0.0,5.654982206952987,0.9692875775500589,0.78515625,1.0,0.15625
2026-05-04T00:50,15,40,0.15625,40,54,0.0,5.655026871982565,0.9693145656189956,0.78515625,1.0,0.15625
2026-05-04T01:20,14,40,0.15625,40,54,0.0,5.65507098465177,0.9693415062988736,0.78515625,1.0,0.15625
2026-05-04T01:50,14,40,0.15625,40,54,0.0,5.655114547852678,0.9693683997144009,0.78515625,1.0,0.15625
2026-05-04T02:20,15,40,0.15625,40,54,0.0,5.655157564460165,0.9693952459898484,0.78515625,1.0,0.15625
2026-05-04T02:50,14,40,0.15625,40,54,0.0,5.655217490701145,0.969379330286,0.78515625,1.0,0.15625
2026-05-04T03:20,13,40,0.15625,40,54,0.0,5.655276812728746,0.9694061200232825,0.78515625,1.0,0.15625
2026-05-04T03:50,13,40,0.15625,40,54,0.0,5.655322726914246,0.9693902226388175,0.78515625,1.0,0.15625
2026-05-04T04:20,13,40,0.15625,40,54,0.0,5.655378540647437,0.9693743530227095,0.78515625,1.0,0.15625
2026-05-04T04:50,13,40,0.15625,40,54,0.0,5.6554395000719015,0.9693585111022666,0.78515625,1.0,0.15625
2026-05-04T05:20,13,40,0.15625,40,54,0.0,5.65549100455835,0.9693426968050503,0.78515625,1.0,0.15625
2026-05-04T05:50,13,40,0.15625,40,54,0.0,5.655533540525774,0.9693269100588744,0.78515625,1.0,0.15625
2026-05-04T06:20,13,40,0.15625,40,54,0.0,5.65556776917287,0.9693111507918042,0.78515625,1.0,0.15625
2026-05-04T06:50,12,40,0.15625,40,54,0.0,5.655592441642537,0.9692550210126477,0.78515625,1.0,0.15625
2026-05-04T07:20,12,40,0.15625,40,54,0.0,5.655604818692579,0.9692393515870895,0.78515625,1.0,0.15625
2026-05-04T07:50,12,40,0.15625,40,54,0.0,5.6556167697984945,0.9692660535388364,0.78515625,1.0,0.15625
2026-05-04T08:20,12,40,0.15625,40,54,0.0,5.655628297233718,0.9692927091732347,0.78515625,1.0,0.15625
2026-05-04T08:50,12,40,0.15625,40,54,0.0,5.655626795485835,0.9692770478240336,0.78515625,1.0,0.15625
2026-05-04T09:20,12,40,0.15625,40,54,0.0,5.655628469253289,0.9692614135940519,0.78515625,1.0,0.15625
2026-05-04T09:50,13,40,0.15625,40,54,0.0,5.655618332376254,0.969245806412911,0.78515625,1.0,0.15625
2026-05-04T10:20,13,40,0.15625,40,54,0.0,5.655607853352903,0.9692723873926751,0.78515625,1.0,0.15625
2026-05-04T10:50,13,40,0.15625,40,54,0.0,5.655597034065164,0.9692989224640113,0.78515625,1.0,0.15625
2026-05-04T11:20,14,40,0.15625,40,54,0.0,5.6555791219301925,0.969283323317964,0.78515625,1.0,0.15625
2026-05-04T11:50,14,40,0.15625,40,54,0.0,5.655560899156763,0.9693098032116554,0.78515625,1.0,0.15625
2026-05-04T12:20,14,40,0.15625,40,54,0.0,5.6555227435794695,0.9692942215656464,0.78515625,1.0,0.15625
2026-05-04T12:50,14,40,0.15625,40,54,0.0,5.65548435306507,0.969320646504058,0.78515625,1.0,0.15625
2026-05-04T13:20,15,40,0.15625,40,54,0.0,5.655445728973796,0.9693470259997553,0.78515625,1.0,0.15625
2026-05-04T13:50,15,40,0.15625,40,54,0.0,5.655406872658257,0.9693733601698586,0.78515625,1.0,0.15625
2026-05-04T14:20,15,40,0.15625,40,54,0.0,5.655367785463481,0.9693996491310862,0.78515625,1.0,0.15625
2026-05-04T14:50,15,40,0.15625,40,54,0.0,5.655328468726968,0.9694258929997559,0.78515625,1.0,0.15625
2026-05-04T15:20,15,40,0.15625,40,54,0.0,5.655288923778737,0.969452091891787,0.78515625,1.0,0.15625
2026-05-04T15:50,15,40,0.15625,40,54,0.0,5.6552448135962665,0.9694364818064303,0.78515625,1.0,0.15625
2026-05-04T16:20,15,40,0.15625,40,54,0.0,5.655200492779878,0.9694626268177166,0.78515625,1.0,0.15625
2026-05-04T16:50,14,40,0.15625,40,54,0.0,5.6551490607873625,0.9694470344120563,0.78515625,1.0,0.15625
2026-05-04T17:20,14,40,0.15625,40,54,0.0,5.655097443979199,0.9694731257575626,0.78515625,1.0,0.15625
2026-05-04T17:50,15,40,0.15625,40,54,0.0,5.65505938079529,0.9694575510019631,0.78515625,1.0,0.15625
2026-05-04T18:20,15,40,0.15625,40,54,0.0,5.655030042417802,0.9694023969983484,0.78515625,1.0,0.15625
2026-05-04T18:50,15,40,0.15625,40,54,0.0,5.655009750400717,0.9693869090215143,0.78515625,1.0,0.15625
2026-05-04T19:20,15,40,0.15625,40,54,0.0,5.654989168009069,0.9694129627159641,0.78515625,1.0,0.15625
2026-05-04T19:50,15,40,0.15625,40,54,0.0,5.6549682968267465,0.9694389721014097,0.78515625,1.0,0.15625
2026-05-04T20:20,14,40,0.15625,40,54,0.0,5.654947807933736,0.9694234925262982,0.78515625,1.0,0.15625
2026-05-04T20:50,14,40,0.15625,40,54,0.0,5.654941860182252,0.9694080392322987,0.78515625,1.0,0.15625
2026-05-04T21:20,13,40,0.15625,40,54,0.0,5.6549500919158495,0.9693926121525387,0.78515625,1.0,0.15625
2026-05-04T21:50,14,40,0.15625,40,54,0.0,5.654957934070061,0.9694185506168161,0.78515625,1.0,0.15625
2026-05-04T22:20,13,40,0.15625,40,54,0.0,5.654965388673235,0.9694444451548205,0.78515625,1.0,0.15625
2026-05-04T22:50,13,40,0.15625,40,54,0.0,5.654976351359226,0.9694290264298124,0.78515625,1.0,0.15625
2026-05-04T23:20,13,40,0.15625,40,54,0.0,5.655020122006404,0.9693743627597634,0.78515625,1.0,0.15625
2026-05-04T23:50,12,40,0.15625,40,54,0.0,5.655063378566549,0.9694002290074327,0.78515625,1.0,0.15625
2026-05-05T00:20,12,40,0.15625,40,54,0.0,5.655106123628214,0.9694260515989876,0.78515625,1.0,0.15625
2026-05-05T00:50,12,40,0.15625,40,54,0.0,5.655148359765135,0.969451830644857,0.78515625,1.0,0.15625
2026-05-05T01:20,12,40,0.15625,40,54,0.0,5.6551900895363225,0.9694775662550972,0.78515625,1.0,0.15625
2026-05-05T01:50,11,40,0.15625,40,54,0.0,5.65523131548618,0.9695032585393942,0.78515625,1.0,0.15625
2026-05-05T02:20,11,40,0.15625,40,54,0.0,5.655272040144598,0.9695289076070651,0.78515625,1.0,0.15625
2026-05-05T02:50,11,40,0.15625,40,54,0.0,5.65532899312022,0.9695135215605003,0.78515625,1.0,0.15625
2026-05-05T03:20,11,40,0.15625,40,54,0.0,5.655385391560238,0.9695391189395427,0.78515625,1.0,0.15625
2026-05-05T03:50,11,40,0.15625,40,54,0.0,5.655429033123531,0.9695237501419384,0.78515625,1.0,0.15625
2026-05-05T04:20,11,40,0.15625,40,54,0.0,5.655482066285813,0.9695084071092922,0.78515625,1.0,0.15625
2026-05-05T04:50,11,40,0.15625,40,54,0.0,5.655540044304369,0.9694930897768683,0.78515625,1.0,0.15625
2026-05-05T05:20,11,40,0.15625,40,54,0.0,5.655589064463809,0.9694777980801472,0.78515625,1.0,0.15625
2026-05-05T05:50,11,40,0.15625,40,54,0.0,5.655629511374421,0.9694625319548252,0.78515625,1.0,0.15625
2026-05-05T06:20,11,40,0.15625,40,54,0.0,5.655662069460455,0.9694472913368137,0.78515625,1.0,0.15625
2026-05-05T06:50,11,40,0.15625,40,54,0.0,5.655685654412992,0.969393296857202,0.78515625,1.0,0.15625
2026-05-05T07:20,11,40,0.15625,40,54,0.0,5.655697523920068,0.9693781394054405,0.78515625,1.0,0.15625
2026-05-05T07:50,11,40,0.15625,40,54,0.0,5.655709000960891,0.9694036576226025,0.78515625,1.0,0.15625
2026-05-05T08:20,12,40,0.15625,40,54,0.0,5.655720087545812,0.9694291333448152,0.78515625,1.0,0.15625
2026-05-05T08:50,12,40,0.15625,40,54,0.0,5.655718718617311,0.9694139839095824,0.78515625,1.0,0.15625
2026-05-05T09:20,12,40,0.15625,40,54,0.0,5.655720374862069,0.9693988596604433,0.78515625,1.0,0.15625
2026-05-05T09:50,13,40,0.15625,40,54,0.0,5.655710854118945,0.9693837605346416,0.78515625,1.0,0.15625
2026-05-05T10:20,13,40,0.15625,40,54,0.0,5.655701017171681,0.9694091682022477,0.78515625,1.0,0.15625
2026-05-05T10:50,13,40,0.15625,40,54,0.0,5.655690865689345,0.9694345337344183,0.78515625,1.0,0.15625
2026-05-05T11:20,14,40,0.15625,40,54,0.0,5.655673813392196,0.9694194425815275,0.78515625,1.0,0.15625
2026-05-05T11:50,15,40,0.15625,40,54,0.0,5.655656474120213,0.969444757612503,0.78515625,1.0,0.15625
2026-05-05T12:20,15,40,0.15625,40,54,0.0,5.655620048766533,0.9694296829678235,0.78515625,1.0,0.15625
2026-05-05T12:50,16,40,0.15625,40,54,0.0,5.65558340596076,0.9694549476926434,0.78515625,1.0,0.15625
2026-05-05T13:20,16,40,0.15625,40,54,0.0,5.655546546910828,0.9694801706920715,0.78515625,1.0,0.15625
2026-05-05T13:50,16,40,0.15625,40,54,0.0,5.655509472818162,0.9695053520693883,0.78515625,1.0,0.15625
2026-05-05T14:20,16,40,0.15625,40,54,0.0,5.65547218487773,0.9695304919275338,0.78515625,1.0,0.15625
2026-05-05T14:50,16,40,0.15625,40,54,0.0,5.6554346842780685,0.9695555903691092,0.78515625,1.0,0.15625
2026-05-05T15:20,16,40,0.15625,40,54,0.0,5.655396972201337,0.9695806474963774,0.78515625,1.0,0.15625
2026-05-05T15:50,16,40,0.15625,40,54,0.0,5.655354851324671,0.9695655478785312,0.78515625,1.0,0.15625
2026-05-05T16:20,16,40,0.15625,40,54,0.0,5.655312535202134,0.9695905556452703,0.78515625,1.0,0.15625
2026-05-05T16:50,15,40,0.15625,40,54,0.0,5.6552633747411045,0.9695754726867727,0.78515625,1.0,0.15625
2026-05-05T17:20,15,40,0.15625,40,54,0.0,5.655214042837247,0.9696004312817794,0.78515625,1.0,0.15625
2026-05-05T17:50,15,40,0.15625,40,54,0.0,5.6551811082337275,0.9695472849485662,0.78515625,1.0,0.15625
2026-05-05T18:20,15,40,0.15625,40,54,0.0,5.655152831470121,0.9695322744876708,0.78515625,1.0,0.15625
2026-05-05T18:50,14,40,0.15625,40,54,0.0,5.655133089187756,0.9695172885938141,0.78515625,1.0,0.15625
2026-05-05T19:20,14,40,0.15625,40,54,0.0,5.6551130796273705,0.9695422131329853,0.78515625,1.0,0.15625
2026-05-05T19:50,14,40,0.15625,40,54,0.0,5.655093465388853,0.9695272436060752,0.78515625,1.0,0.15625
2026-05-05T20:20,13,40,0.15625,40,54,0.0,5.655073584662824,0.9695521193255805,0.78515625,1.0,0.15625
2026-05-05T20:50,13,40,0.15625,40,54,0.0,5.655067514951711,0.9695371661386878,0.78515625,1.0,0.15625
2026-05-05T21:20,13,40,0.15625,40,54,0.0,5.6550749348012985,0.9695222373253679,0.78515625,1.0,0.15625
2026-05-05T21:50,12,40,0.15625,40,54,0.0,5.655081996542714,0.9695470563503472,0.78515625,1.0,0.15625
2026-05-05T22:20,12,40,0.15625,40,54,0.0,5.655088701968373,0.9695718349863519,0.78515625,1.0,0.15625
2026-05-05T22:50,11,40,0.15625,40,54,0.0,5.6550988087356595,0.9695569143987167,0.78515625,1.0,0.15625
2026-05-05T23:20,12,40,0.15625,40,54,0.0,5.65514016896993,0.9695042783226511,0.78515625,1.0,0.15625
2026-05-05T23:50,11,40,0.15625,40,54,0.0,5.655181056803216,0.9695290313434931,0.78515625,1.0,0.15625
2026-05-06T00:20,11,40,0.15625,40,54,0.0,5.655221474522066,0.9695537442134498,0.78515625,1.0,0.15625
2026-05-06T00:50,11,40,0.15625,40,54,0.0,5.6552614244004475,0.9695784170301325,0.78515625,1.0,0.15625
2026-05-06T01:20,10,40,0.15625,40,54,0.0,5.655300908699845,0.9696030498908369,0.78515625,1.0,0.15625
2026-05-06T01:50,10,40,0.15625,40,54,0.0,5.655339929669335,0.9696276428925433,0.78515625,1.0,0.15625
2026-05-06T02:20,10,40,0.15625,40,54,0.0,5.655378489545672,0.9696521961319188,0.78515625,1.0,0.15625
2026-05-06T02:50,10,40,0.15625,40,54,0.0,5.655432649321731,0.969637307049579,0.78515625,1.0,0.15625
2026-05-06T03:20,10,40,0.15625,40,54,0.0,5.655486298655993,0.9696618128550272,0.78515625,1.0,0.15625
2026-05-06T03:50,10,40,0.15625,40,54,0.0,5.655527783500497,0.9696469400319142,0.78515625,1.0,0.15625
2026-05-06T04:20,9,40,0.15625,40,54,0.0,5.655578199654875,0.9696320911778958,0.78515625,1.0,0.15625
2026-05-06T04:50,9,40,0.15625,40,54,0.0,5.6556333750733785,0.9696172662350756,0.78515625,1.0,0.15625
2026-05-06T05:20,9,40,0.15625,40,54,0.0,5.655680095061145,0.9696024651457434,0.78515625,1.0,0.15625
2026-05-06T05:50,9,40,0.15625,40,54,0.0,5.655726792968038,0.9695876878523747,0.78515625,1.0,0.15625
2026-05-06T06:20,8,40,0.15625,40,54,0.0,5.655757826345421,0.9695729342976299,0.78515625,1.0,0.15625
2026-05-06T06:50,8,40,0.15625,40,54,0.0,5.655787252016161,0.9695209190251294,0.78515625,1.0,0.15625
2026-05-06T07:20,8,40,0.15625,40,54,0.0,5.655816252848468,0.9695453609505302,0.78515625,1.0,0.15625
2026-05-06T07:50,9,40,0.15625,40,54,0.0,5.655827343349917,0.969530676776848,0.78515625,1.0,0.15625
2026-05-06T08:20,9,40,0.15625,40,54,0.0,5.655838072663218,0.9695550717514062,0.78515625,1.0,0.15625
2026-05-06T08:50,10,40,0.15625,40,54,0.0,5.655848442565821,0.9695794276940051,0.78515625,1.0,0.15625
2026-05-06T09:20,10,40,0.15625,40,54,0.0,5.65584694838328,0.9695647515025592,0.78515625,1.0,0.15625
2026-05-06T09:50,11,40,0.15625,40,54,0.0,5.6558381438653385,0.969512992040306,0.78515625,1.0,0.15625
2026-05-06T10:20,11,40,0.15625,40,54,0.0,5.655829045716954,0.9695373232517663,0.78515625,1.0,0.15625
2026-05-06T10:50,11,40,0.15625,40,54,0.0,5.655819655427262,0.9695616156574667,0.78515625,1.0,0.15625
2026-05-06T11:20,11,40,0.15625,40,54,0.0,5.655809974477389,0.9695858693501699,0.78515625,1.0,0.15625
2026-05-06T11:50,12,40,0.15625,40,54,0.0,5.655793645376182,0.9695712464543458,0.78515625,1.0,0.15625
2026-05-06T12:20,12,40,0.15625,40,54,0.0,5.65575900752055,0.9695566468248635,0.78515625,1.0,0.15625
2026-05-06T12:50,12,40,0.15625,40,54,0.0,5.655724167143141,0.9695808466286594,0.78515625,1.0,0.15625
2026-05-06T13:50,12,40,0.15625,40,54,0.0,5.655689125324115,0.969605007989558,0.78515625,1.0,0.15625
2026-05-06T14:20,12,40,0.15625,40,54,0.0,5.655653883138049,0.9696291309990901,0.78515625,1.0,0.15625
2026-05-06T14:50,12,40,0.15625,40,54,0.0,5.655618441653954,0.9696532157484961,0.78515625,1.0,0.15625
2026-05-06T15:20,12,40,0.15625,40,54,0.0,5.655582801935319,0.9696772623287271,0.78515625,1.0,0.15625
2026-05-06T15:50,13,40,0.15625,40,54,0.0,5.655542845668313,0.9696626481164281,0.78515625,1.0,0.15625
2026-05-06T16:20,13,40,0.15625,40,54,0.0,5.65550270639348,0.9696866491859563,0.78515625,1.0,0.15625
2026-05-06T16:50,13,40,0.15625,40,54,0.0,5.655455914480177,0.9696720506586908,0.78515625,1.0,0.15625
2026-05-06T17:20,13,40,0.15625,40,54,0.0,5.655408961774783,0.9696960063848687,0.78515625,1.0,0.15625
2026-05-06T17:50,13,40,0.15625,40,54,0.0,5.655377426397807,0.9696447561073447,0.78515625,1.0,0.15625
2026-05-06T18:20,12,40,0.15625,40,54,0.0,5.655350312702108,0.969630225157887,0.78515625,1.0,0.15625
2026-05-06T18:50,12,40,0.15625,40,54,0.0,5.655331290059427,0.9696157171098471,0.78515625,1.0,0.15625
2026-05-06T19:50,12,40,0.15625,40,54,0.0,5.65531251870756,0.9696012319091268,0.78515625,1.0,0.15625
2026-05-06T20:20,12,40,0.15625,40,54,0.0,5.65529349923355,0.9696251491145484,0.78515625,1.0,0.15625
2026-05-06T20:50,12,40,0.15625,40,54,0.0,5.655287502335506,0.969610679274203,0.78515625,1.0,0.15625
2026-05-06T21:20,11,40,0.15625,40,54,0.0,5.655294193742375,0.9695962321673066,0.78515625,1.0,0.15625
2026-05-06T21:50,11,40,0.15625,40,54,0.0,5.655300553854255,0.9696200969772224,0.78515625,1.0,0.15625
2026-05-06T22:20,11,40,0.15625,40,54,0.0,5.655306584269854,0.9696439243521423,0.78515625,1.0,0.15625
2026-05-06T22:50,10,40,0.15625,40,54,0.0,5.655315723488513,0.9696294851576619,0.78515625,1.0,0.15625
2026-05-06T23:20,10,40,0.15625,40,54,0.0,5.6553544946242775,0.9695786883053551,0.78515625,1.0,0.15625
2026-05-06T23:50,10,40,0.15625,40,54,0.0,5.6553928303923895,0.9696024921486217,0.78515625,1.0,0.15625
2026-05-07T00:20,10,40,0.15625,40,54,0.0,5.65543073282479,0.969626258769303,0.78515625,1.0,0.15625
2026-05-07T00:50,10,40,0.15625,40,54,0.0,5.655468203942666,0.9696499882546394,0.78515625,1.0,0.15625
2026-05-07T01:20,10,40,0.15625,40,54,0.0,5.655505245756509,0.9696736806915991,0.78515625,1.0,0.15625
2026-05-07T01:50,10,40,0.15625,40,54,0.0,5.655541860266198,0.9696973361668787,0.78515625,1.0,0.15625
2026-05-07T02:20,10,40,0.15625,40,54,0.0,5.655578049461056,0.9697209547669045,0.78515625,1.0,0.15625
2026-05-07T02:50,10,40,0.15625,40,54,0.0,5.655629149280063,0.9697065455437176,0.78515625,1.0,0.15625
2026-05-07T03:20,10,40,0.15625,40,54,0.0,5.65567977823664,0.9697301202164462,0.78515625,1.0,0.15625
2026-05-07T03:50,10,40,0.15625,40,54,0.0,5.6557187489382565,0.9697157262755277,0.78515625,1.0,0.15625
2026-05-07T04:20,10,40,0.15625,40,54,0.0,5.655766196579658,0.9697013547028157,0.78515625,1.0,0.15625
2026-05-07T04:50,9,40,0.15625,40,54,0.0,5.655818247804019,0.9696870054462103,0.78515625,1.0,0.15625
2026-05-07T05:20,9,40,0.15625,40,54,0.0,5.655862274816556,0.9696726784537734,0.78515625,1.0,0.15625
2026-05-07T05:50,9,40,0.15625,40,54,0.0,5.655906284531434,0.969658373673728,0.78515625,1.0,0.15625
2026-05-07T06:20,9,40,0.15625,40,54,0.0,5.655935409380614,0.9696440910544571,0.78515625,1.0,0.15625
2026-05-07T06:50,9,40,0.15625,40,54,0.0,5.655963199607442,0.969593872644014,0.78515625,1.0,0.15625
2026-05-07T07:20,10,40,0.15625,40,54,0.0,5.655973905737232,0.9695796620017488,0.78515625,1.0,0.15625
2026-05-07T07:50,10,40,0.15625,40,54,0.0,5.655984275367723,0.9696031707637259,0.78515625,1.0,0.15625
2026-05-07T08:20,10,40,0.15625,40,54,0.0,5.655994310096636,0.9696266432187346,0.78515625,1.0,0.15625
2026-05-07T08:50,11,40,0.15625,40,54,0.0,5.655993035183497,0.9696124401855374,0.78515625,1.0,0.15625
2026-05-07T09:20,12,40,0.15625,40,54,0.0,5.655994760027205,0.9695982590537021,0.78515625,1.0,0.15625
2026-05-07T09:50,12,40,0.15625,40,54,0.0,5.655986460500961,0.9695840997726093,0.78515625,1.0,0.15625
2026-05-07T10:20,12,40,0.15625,40,54,0.0,5.655977887177979,0.969607514630367,0.78515625,1.0,0.15625
2026-05-07T10:50,13,40,0.15625,40,54,0.0,5.6559690413964105,0.9696308934652668,0.78515625,1.0,0.15625
2026-05-07T11:20,13,40,0.15625,40,54,0.0,5.655959924487474,0.9696542363603742,0.78515625,1.0,0.15625
2026-05-07T11:50,13,40,0.15625,40,54,0.0,5.655944518063501,0.9696400775860535,0.78515625,1.0,0.15625
2026-05-07T12:20,14,40,0.15625,40,54,0.0,5.65591156180969,0.9696259405443107,0.78515625,1.0,0.15625
2026-05-07T12:50,13,40,0.15625,40,54,0.0,5.655878415562253,0.9696492335346909,0.78515625,1.0,0.15625
2026-05-07T13:20,14,40,0.15625,40,54,0.0,5.655845080296803,0.9696724908270015,0.78515625,1.0,0.15625
2026-05-07T13:50,14,40,0.15625,40,54,0.0,5.655811556984079,0.9696957125032442,0.78515625,1.0,0.15625
2026-05-07T14:20,13,40,0.15625,40,54,0.0,5.655777846589974,0.9697188986451698,0.78515625,1.0,0.15625
2026-05-07T14:50,14,40,0.15625,40,54,0.0,5.655743950075566,0.969742049334279,0.78515625,1.0,0.15625
2026-05-07T15:20,14,40,0.15625,40,54,0.0,5.655709868397141,0.9697651646518235,0.78515625,1.0,0.15625
2026-05-07T15:50,14,40,0.15625,40,54,0.0,5.65567164731938,0.9697510076652152,0.78515625,1.0,0.15625
2026-05-07T16:20,14,40,0.15625,40,54,0.0,5.655633255115757,0.9697740808859129,0.78515625,1.0,0.15625
2026-05-07T16:50,14,40,0.15625,40,54,0.0,5.655588475985507,0.9697599386841671,0.78515625,1.0,0.15625
2026-05-07T17:20,14,40,0.15625,40,54,0.0,5.655543546252739,0.9697829699570657,0.78515625,1.0,0.15625
2026-05-07T17:50,13,40,0.15625,40,54,0.0,5.655513328741556,0.9697334866502199,0.78515625,1.0,0.15625
2026-05-07T18:20,13,40,0.15625,40,54,0.0,5.655487408002605,0.9697194075821932,0.78515625,1.0,0.15625
2026-05-07T18:50,13,40,0.15625,40,54,0.0,5.655469256592548,0.9697053499109265,0.78515625,1.0,0.15625
2026-05-07T19:20,13,40,0.15625,40,54,0.0,5.655450873972379,0.9697283526824444,0.78515625,1.0,0.15625
2026-05-07T19:50,13,40,0.15625,40,54,0.0,5.655432725348863,0.9697143095561263,0.78515625,1.0,0.15625
2026-05-07T20:20,12,40,0.15625,40,54,0.0,5.65541434645118,0.9697372706557804,0.78515625,1.0,0.15625
2026-05-07T20:50,12,40,0.15625,40,54,0.0,5.655408359543551,0.969723242050886,0.78515625,1.0,0.15625
2026-05-07T21:20,12,40,0.15625,40,54,0.0,5.655414437005605,0.9697092346853632,0.78515625,1.0,0.15625
2026-05-07T21:50,12,40,0.15625,40,54,0.0,5.655420207935331,0.9697321475184302,0.78515625,1.0,0.15625
2026-05-07T22:20,12,40,0.15625,40,54,0.0,5.655425673758607,0.9697550257138056,0.78515625,1.0,0.15625
2026-05-07T22:50,12,40,0.15625,40,54,0.0,5.655434122303621,0.9697410260812386,0.78515625,1.0,0.15625
2026-05-07T23:20,11,40,0.15625,40,54,0.0,5.6554709203381135,0.9696919852349599,0.78515625,1.0,0.15625
2026-05-07T23:50,11,40,0.15625,40,54,0.0,5.655507315763415,0.9697148419580104,0.78515625,1.0,0.15625
2026-05-08T00:20,11,40,0.15625,40,54,0.0,5.655543310390878,0.969737664232345,0.78515625,1.0,0.15625
2026-05-08T00:50,10,40,0.15625,40,54,0.0,5.655578906022618,0.9697604521357843,0.78515625,1.0,0.15625
2026-05-08T01:20,10,40,0.15625,40,54,0.0,5.65561410445157,0.9697832057459155,0.78515625,1.0,0.15625
2026-05-08T01:50,9,40,0.15625,40,54,0.0,5.655648907461549,0.9698059251400915,0.78515625,1.0,0.15625
2026-05-08T02:20,9,40,0.15625,40,54,0.0,5.655683316827304,0.9698286103954332,0.78515625,1.0,0.15625
2026-05-08T02:50,9,40,0.15625,40,54,0.0,5.655732047651414,0.9698146396009886,0.78515625,1.0,0.15625
2026-05-08T03:20,9,40,0.15625,40,54,0.0,5.6557803425838005,0.9698372842824582,0.78515625,1.0,0.15625
2026-05-08T03:50,9,40,0.15625,40,54,0.0,5.65581747804648,0.9698233279315682,0.78515625,1.0,0.15625
2026-05-08T04:20,8,40,0.15625,40,54,0.0,5.655862709862065,0.9698093924890688,0.78515625,1.0,0.15625
2026-05-08T04:50,8,40,0.15625,40,54,0.0,5.655912383938777,0.9697954779080106,0.78515625,1.0,0.15625
2026-05-08T05:20,8,40,0.15625,40,54,0.0,5.655954447204321,0.9697815841415836,0.78515625,1.0,0.15625
2026-05-08T05:50,8,40,0.15625,40,54,0.0,5.655996495399679,0.9697677111431183,0.78515625,1.0,0.15625
2026-05-08T06:20,9,40,0.15625,40,54,0.0,5.656024319595382,0.9697538588660848,0.78515625,1.0,0.15625
2026-05-08T06:50,9,40,0.15625,40,54,0.0,5.656044753957137,0.9697053574077982,0.78515625,1.0,0.15625
2026-05-08T07:20,10,40,0.15625,40,54,0.0,5.656055060225271,0.9696915722883256,0.78515625,1.0,0.15625
2026-05-08T07:50,11,40,0.15625,40,54,0.0,5.65606505371899,0.9697141568097203,0.78515625,1.0,0.15625
2026-05-08T08:20,12,40,0.15625,40,54,0.0,5.656074735869855,0.9697367076981718,0.78515625,1.0,0.15625
2026-05-08T08:50,13,40,0.15625,40,54,0.0,5.656073545205188,0.9697229300229463,0.78515625,1.0,0.15625
2026-05-08T09:20,14,40,0.15625,40,54,0.0,5.656075256683775,0.9697091728349703,0.78515625,1.0,0.15625
2026-05-08T09:50,15,40,0.15625,40,54,0.0,5.6560674123762205,0.9696954360885811,0.78515625,1.0,0.15625
2026-05-08T10:20,16,40,0.15625,40,54,0.0,5.656059312938515,0.9697179339088569,0.78515625,1.0,0.15625
2026-05-08T10:50,16,40,0.15625,40,54,0.0,5.656050959572506,0.9697403983495773,0.78515625,1.0,0.15625
2026-05-08T11:20,16,40,0.15625,40,54,0.0,5.656036505540285,0.969726669004763,0.78515625,1.0,0.15625
2026-05-08T11:50,17,40,0.15625,40,54,0.0,5.656021819216669,0.9697490936943891,0.78515625,1.0,0.15625
2026-05-08T12:20,17,40,0.15625,40,54,0.0,5.655990243533562,0.9697353782380609,0.78515625,1.0,0.15625
2026-05-08T12:50,17,40,0.15625,40,54,0.0,5.655958490440281,0.9697577633133286,0.78515625,1.0,0.15625
2026-05-08T13:20,17,40,0.15625,40,54,0.0,5.655926560814643,0.9697801152990542,0.78515625,1.0,0.15625
2026-05-08T13:50,17,40,0.15625,40,54,0.0,5.6558944555302295,0.9698024342685526,0.78515625,1.0,0.15625
2026-05-08T14:20,18,40,0.15625,40,54,0.0,5.655862175456422,0.9698247202949227,0.78515625,1.0,0.15625
2026-05-08T14:50,18,40,0.15625,40,54,0.0,5.6558297214584226,0.9698469734510474,0.78515625,1.0,0.15625
2026-05-08T15:20,18,40,0.15625,40,54,0.0,5.655797094397268,0.9698691938095949,0.78515625,1.0,0.15625
2026-05-08T15:50,18,40,0.15625,40,54,0.0,5.655760457585548,0.9698554606125296,0.78515625,1.0,0.15625
2026-05-08T16:20,18,40,0.15625,40,54,0.0,5.65572366078161,0.9698776420248824,0.78515625,1.0,0.15625
2026-05-08T16:50,18,40,0.15625,40,54,0.0,5.655680693295269,0.9698639228117724,0.78515625,1.0,0.15625
2026-05-08T17:20,18,40,0.15625,40,54,0.0,5.6556489838596615,0.9698502237591518,0.78515625,1.0,0.15625
2026-05-08T17:50,18,40,0.15625,40,54,0.0,5.6556171002041165,0.9698723601587412,0.78515625,1.0,0.15625
2026-05-08T19:20,16,40,0.15625,40,54,0.0,5.6555996238913036,0.9697920907208251,0.78515625,1.0,0.15625
2026-05-08T19:50,15,40,0.15625,40,54,0.0,5.655581931815409,0.9698142372818802,0.78515625,1.0,0.15625
2026-05-08T20:20,15,40,0.15625,40,54,0.0,5.655564424799987,0.9698006147726592,0.78515625,1.0,0.15625
2026-05-08T20:50,14,40,0.15625,40,54,0.0,5.655558718552629,0.9697870122085468,0.78515625,1.0,0.15625
2026-05-08T21:20,13,40,0.15625,40,54,0.0,5.655564450358683,0.9697734295457718,0.78515625,1.0,0.15625
2026-05-08T21:50,13,40,0.15625,40,54,0.0,5.655569896322331,0.9697955249920103,0.78515625,1.0,0.15625
2026-05-08T22:20,13,40,0.15625,40,54,0.0,5.655575057728234,0.9698175881585611,0.78515625,1.0,0.15625
2026-05-08T22:50,12,40,0.15625,40,54,0.0,5.6555830473341855,0.9698040129206315,0.78515625,1.0,0.15625
2026-05-08T23:20,13,40,0.15625,40,54,0.0,5.6556181179792295,0.9697565715580065,0.78515625,1.0,0.15625
2026-05-08T23:50,12,40,0.15625,40,54,0.0,5.655652814115233,0.9697786148731975,0.78515625,1.0,0.15625
2026-05-09T00:20,12,40,0.15625,40,54,0.0,5.6556871373705135,0.9698006260786796,0.78515625,1.0,0.15625
2026-05-09T00:50,10,40,0.15625,40,54,0.0,5.655721089365373,0.9698226052445611,0.78515625,1.0,0.15625
2026-05-09T01:20,10,40,0.15625,40,54,0.0,5.655754671712147,0.9698445524407469,0.78515625,1.0,0.15625
2026-05-09T01:50,10,40,0.15625,40,54,0.0,5.655787886015245,0.9698664677369384,0.78515625,1.0,0.15625
2026-05-09T02:20,11,40,0.15625,40,54,0.0,5.6558207338712085,0.9698883512026342,0.78515625,1.0,0.15625
2026-05-09T02:50,11,40,0.15625,40,54,0.0,5.655867369218073,0.9698748034239638,0.78515625,1.0,0.15625
2026-05-09T03:20,10,40,0.15625,40,54,0.0,5.655913598725184,0.9698966491067601,0.78515625,1.0,0.15625
2026-05-09T03:50,10,40,0.15625,40,54,0.0,5.6559653407207575,0.9698831149495778,0.78515625,1.0,0.15625
2026-05-09T04:20,10,40,0.15625,40,54,0.0,5.656008469783621,0.9698696003929126,0.78515625,1.0,0.15625
2026-05-09T04:50,10,40,0.15625,40,54,0.0,5.6560558267723575,0.9698561053942166,0.78515625,1.0,0.15625
2026-05-09T05:20,9,40,0.15625,40,54,0.0,5.656095845254565,0.9698426299110647,0.78515625,1.0,0.15625
2026-05-09T05:50,10,40,0.15625,40,54,0.0,5.656135809571518,0.9698291739011544,0.78515625,1.0,0.15625
2026-05-09T06:20,10,40,0.15625,40,54,0.0,5.656162169684778,0.9698157373223054,0.78515625,1.0,0.15625
2026-05-09T06:50,11,40,0.15625,40,54,0.0,5.656181505401733,0.9697688009351767,0.78515625,1.0,0.15625
2026-05-09T07:20,11,40,0.15625,40,54,0.0,5.65619110114564,0.9697554272590844,0.78515625,1.0,0.15625
2026-05-09T07:50,12,40,0.15625,40,54,0.0,5.65620040564963,0.9697772172970821,0.78515625,1.0,0.15625
2026-05-09T08:20,13,40,0.15625,40,54,0.0,5.656209420202536,0.9697989759599352,0.78515625,1.0,0.15625
2026-05-09T08:50,14,40,0.15625,40,54,0.0,5.656208011925488,0.9697856094392412,0.78515625,1.0,0.15625
2026-05-09T09:20,15,40,0.15625,40,54,0.0,5.656209458787733,0.9697722621371246,0.78515625,1.0,0.15625
2026-05-09T09:50,16,40,0.15625,40,54,0.0,5.656201833094833,0.9697589340121663,0.78515625,1.0,0.15625
2026-05-09T10:20,16,40,0.15625,40,54,0.0,5.656193968979172,0.969780643320126,0.78515625,1.0,0.15625
2026-05-09T10:50,17,40,0.15625,40,54,0.0,5.656185867526367,0.9698023214813024,0.78515625,1.0,0.15625
2026-05-09T11:20,18,40,0.15625,40,54,0.0,5.6561718810640125,0.9697890004710613,0.78515625,1.0,0.15625
2026-05-09T11:50,18,40,0.15625,40,54,0.0,5.656157677402128,0.9698106415882023,0.78515625,1.0,0.15625
2026-05-09T12:20,18,40,0.15625,40,54,0.0,5.656127291113777,0.9697973336931465,0.78515625,1.0,0.15625
2026-05-09T12:50,19,40,0.15625,40,54,0.0,5.656096738399624,0.9698189378893602,0.78515625,1.0,0.15625
2026-05-09T13:20,19,40,0.15625,40,54,0.0,5.656066020055378,0.9698405112003757,0.78515625,1.0,0.15625
2026-05-09T13:50,19,40,0.15625,40,54,0.0,5.656035136873048,0.9698620536923754,0.78515625,1.0,0.15625
2026-05-09T14:20,20,40,0.15625,40,54,0.0,5.656004089640956,0.969883565431353,0.78515625,1.0,0.15625
2026-05-09T14:50,20,40,0.15625,40,54,0.0,5.655972879143755,0.9699050464831138,0.78515625,1.0,0.15625
2026-05-09T15:20,19,40,0.15625,40,54,0.0,5.655941506162456,0.9699264969132756,0.78515625,1.0,0.15625
2026-05-09T15:50,20,40,0.15625,40,54,0.0,5.655906308577836,0.969913172850086,0.78515625,1.0,0.15625
2026-05-09T16:20,20,40,0.15625,40,54,0.0,5.655870960547517,0.9699345869619365,0.78515625,1.0,0.15625
2026-05-09T16:50,19,40,0.15625,40,54,0.0,5.655829698837889,0.9699212760979486,0.78515625,1.0,0.15625
2026-05-09T17:20,18,40,0.15625,40,54,0.0,5.655799233605341,0.9699079841548762,0.78515625,1.0,0.15625
2026-05-09T17:50,18,40,0.15625,40,54,0.0,5.655768604681723,0.9699293563252208,0.78515625,1.0,0.15625
2026-05-09T18:20,18,40,0.15625,40,54,0.0,5.655744635524927,0.9698831054724435,0.78515625,1.0,0.15625
2026-05-09T18:50,17,40,0.15625,40,54,0.0,5.655727791922633,0.9698698688814666,0.78515625,1.0,0.15625
2026-05-09T19:20,17,40,0.15625,40,54,0.0,5.655710746469387,0.9698912226242863,0.78515625,1.0,0.15625
2026-05-09T19:50,16,40,0.15625,40,54,0.0,5.655693500081143,0.9699125461210113,0.78515625,1.0,0.15625
2026-05-09T20:20,15,40,0.15625,40,54,0.0,5.655676489437108,0.9698993167976384,0.78515625,1.0,0.15625
2026-05-09T20:50,15,40,0.15625,40,54,0.0,5.655670782479666,0.9698861061861799,0.78515625,1.0,0.15625
2026-05-09T21:20,14,40,0.15625,40,54,0.0,5.6556759966608485,0.9698729142469636,0.78515625,1.0,0.15625
2026-05-09T21:50,14,40,0.15625,40,54,0.0,5.655680944985147,0.9698941904374672,0.78515625,1.0,0.15625
2026-05-09T22:20,14,40,0.15625,40,54,0.0,5.655685628607175,0.9699154365980618,0.78515625,1.0,0.15625
2026-05-09T22:50,13,40,0.15625,40,54,0.0,5.655693073755854,0.9699022518840962,0.78515625,1.0,0.15625
2026-05-09T23:20,13,40,0.15625,40,54,0.0,5.655726519900398,0.9698563460721707,0.78515625,1.0,0.15625
2026-05-09T23:50,13,40,0.15625,40,54,0.0,5.655759617730513,0.9698775739974721,0.78515625,1.0,0.15625
2026-05-10T00:20,12,40,0.15625,40,54,0.0,5.655792368709613,0.9698987720453275,0.78515625,1.0,0.15625
2026-05-10T00:50,12,40,0.15625,40,54,0.0,5.655824774294154,0.9699199402787696,0.78515625,1.0,0.15625
2026-05-10T01:20,11,40,0.15625,40,54,0.0,5.655856835933675,0.9699410787606538,0.78515625,1.0,0.15625
2026-05-10T01:50,11,40,0.15625,40,54,0.0,5.655888555070836,0.9699621875536589,0.78515625,1.0,0.15625
2026-05-10T02:20,10,40,0.15625,40,54,0.0,5.655919933141461,0.969983266720288,0.78515625,1.0,0.15625
2026-05-10T02:50,10,40,0.15625,40,54,0.0,5.655964642005515,0.9699701084071566,0.78515625,1.0,0.15625
2026-05-10T03:20,9,40,0.15625,40,54,0.0,5.656008972911529,0.9699911524797514,0.78515625,1.0,0.15625
2026-05-10T03:50,10,40,0.15625,40,54,0.0,5.656058631093174,0.9699780070733897,0.78515625,1.0,0.15625
2026-05-10T04:20,10,40,0.15625,40,54,0.0,5.656100021099717,0.9699648800650774,0.78515625,1.0,0.15625
2026-05-10T04:50,10,40,0.15625,40,54,0.0,5.65614550221965,0.9699517714162174,0.78515625,1.0,0.15625
2026-05-10T05:20,10,40,0.15625,40,54,0.0,5.656183956158958,0.96993868108832,0.78515625,1.0,0.15625
2026-05-10T05:50,10,40,0.15625,40,54,0.0,5.656222360064985,0.9699256090430036,0.78515625,1.0,0.15625
2026-05-10T06:20,10,40,0.15625,40,54,0.0,5.656247686527982,0.9699125552419933,0.78515625,1.0,0.15625
2026-05-10T06:50,10,40,0.15625,40,54,0.0,5.656272128370974,0.9698671224313377,0.78515625,1.0,0.15625
2026-05-10T07:20,10,40,0.15625,40,54,0.0,5.656281396457306,0.9698541275809989,0.78515625,1.0,0.15625
2026-05-10T07:50,10,40,0.15625,40,54,0.0,5.656290392507041,0.9698751205283659,0.78515625,1.0,0.15625
2026-05-10T08:20,11,40,0.15625,40,54,0.0,5.656299117683383,0.9698960842579912,0.78515625,1.0,0.15625
2026-05-10T08:50,11,40,0.15625,40,54,0.0,5.656307573144086,0.9699170188308299,0.78515625,1.0,0.15625
2026-05-10T09:20,12,40,0.15625,40,54,0.0,5.656309005962202,0.9698717407807472,0.78515625,1.0,0.15625
2026-05-10T09:50,12,40,0.15625,40,54,0.0,5.656301755920174,0.9698587878442293,0.78515625,1.0,0.15625
2026-05-10T10:20,12,40,0.15625,40,54,0.0,5.656294282725684,0.9698797047159544,0.78515625,1.0,0.15625
2026-05-10T10:50,12,40,0.15625,40,54,0.0,5.656286587360414,0.9699005925767616,0.78515625,1.0,0.15625
2026-05-10T11:20,12,40,0.15625,40,54,0.0,5.656273139823903,0.9698876465751111,0.78515625,1.0,0.15625
2026-05-10T11:50,12,40,0.15625,40,54,0.0,5.65625948908686,0.9699085000054607,0.78515625,1.0,0.15625
2026-05-10T12:20,12,40,0.15625,40,54,0.0,5.656230272385144,0.9698955664498826,0.78515625,1.0,0.15625
2026-05-10T12:50,12,40,0.15625,40,54,0.0,5.656200899634042,0.9699163855602215,0.78515625,1.0,0.15625
2026-05-10T13:20,12,40,0.15625,40,54,0.0,5.656171371554277,0.9699371758950106,0.78515625,1.0,0.15625
2026-05-10T13:50,12,40,0.15625,40,54,0.0,5.656141688863328,0.9699579375138676,0.78515625,1.0,0.15625
2026-05-10T14:20,12,40,0.15625,40,54,0.0,5.656111852275448,0.969978670476246,0.78515625,1.0,0.15625
2026-05-10T14:50,12,40,0.15625,40,54,0.0,5.656081862501675,0.9699993748414347,0.78515625,1.0,0.15625
2026-05-10T15:20,12,40,0.15625,40,54,0.0,5.6560517202498595,0.9700200506685599,0.78515625,1.0,0.15625
2026-05-10T15:50,12,40,0.15625,40,54,0.0,5.656017864160774,0.9700071026393082,0.78515625,1.0,0.15625
2026-05-10T16:20,12,40,0.15625,40,54,0.0,5.655983866860353,0.9700277446884209,0.78515625,1.0,0.15625
2026-05-10T16:50,12,40,0.15625,40,54,0.0,5.655944141708305,0.9700148091777653,0.78515625,1.0,0.15625
2026-05-10T17:20,12,40,0.15625,40,54,0.0,5.655914686118733,0.9700018914478803,0.78515625,1.0,0.15625
2026-05-10T17:50,13,40,0.15625,40,54,0.0,5.6558874979792435,0.9699889914621298,0.78515625,1.0,0.15625
2026-05-10T18:20,12,40,0.15625,40,54,0.0,5.655864227675095,0.9699761091839781,0.78515625,1.0,0.15625
2026-05-10T18:50,12,40,0.15625,40,54,0.0,5.655847789308948,0.9699632445769898,0.78515625,1.0,0.15625
2026-05-10T19:20,12,40,0.15625,40,54,0.0,5.655831162520979,0.9699838317979789,0.78515625,1.0,0.15625
2026-05-10T19:50,12,40,0.15625,40,54,0.0,5.65581478585858,0.9699709795242782,0.78515625,1.0,0.15625
2026-05-10T20:20,11,40,0.15625,40,54,0.0,5.655798221309633,0.9699915332686149,0.78515625,1.0,0.15625
2026-05-10T20:50,11,40,0.15625,40,54,0.0,5.655792474619102,0.9699786933089203,0.78515625,1.0,0.15625
2026-05-10T21:20,10,40,0.15625,40,54,0.0,5.655797174578576,0.9699658709021439,0.78515625,1.0,0.15625
2026-05-10T21:50,9,40,0.15625,40,54,0.0,5.655801626776203,0.969986386017648,0.78515625,1.0,0.15625
2026-05-10T22:20,9,40,0.15625,40,54,0.0,5.655805832253065,0.9700068731261683,0.78515625,1.0,0.15625
2026-05-10T22:50,8,40,0.15625,40,54,0.0,5.655825922697054,0.9699623676907221,0.78515625,1.0,0.15625
2026-05-10T23:20,8,40,0.15625,40,54,0.0,5.6558577008050435,0.969949591374774,0.78515625,1.0,0.15625
2026-05-10T23:50,7,40,0.15625,40,54,0.0,5.655889154646474,0.969970061680377,0.78515625,1.0,0.15625
2026-05-11T00:20,7,40,0.15625,40,54,0.0,5.6559202855394455,0.9699905041162651,0.78515625,1.0,0.15625
2026-05-11T00:50,7,40,0.15625,40,54,0.0,5.655951094796007,0.9700109187393153,0.78515625,1.0,0.15625
2026-05-11T01:20,6,40,0.15625,40,54,0.0,5.655981583722183,0.9700313056062498,0.78515625,1.0,0.15625
2026-05-11T01:50,6,40,0.15625,40,54,0.0,5.656011753618005,0.9700516647736369,0.78515625,1.0,0.15625
2026-05-11T02:20,6,40,0.15625,40,54,0.0,5.656041605777547,0.970071996297891,0.78515625,1.0,0.15625
2026-05-11T02:50,6,40,0.15625,40,54,0.0,5.656084361731572,0.9700592062815391,0.78515625,1.0,0.15625
2026-05-11T03:20,5,40,0.15625,40,54,0.0,5.656126765325263,0.9700795051247381,0.78515625,1.0,0.15625
2026-05-11T03:50,5,40,0.15625,40,54,0.0,5.656174323533753,0.9700667273517506,0.78515625,1.0,0.15625
2026-05-11T04:20,5,40,0.15625,40,54,0.0,5.656213933008973,0.9700539668810961,0.78515625,1.0,0.15625
2026-05-11T04:50,5,40,0.15625,40,54,0.0,5.6562575057841045,0.970041223677655,0.78515625,1.0,0.15625
2026-05-11T05:20,5,40,0.15625,40,54,0.0,5.656300722762338,0.9700614797806452,0.78515625,1.0,0.15625
2026-05-11T05:50,6,40,0.15625,40,54,0.0,5.656337278969594,0.9700487487214656,0.78515625,1.0,0.15625
2026-05-11T06:20,7,40,0.15625,40,54,0.0,5.656361602736886,0.9700046657748352,0.78515625,1.0,0.15625
2026-05-11T06:50,8,40,0.15625,40,54,0.0,5.656380451437576,0.9699919902326087,0.78515625,1.0,0.15625
2026-05-11T07:20,8,40,0.15625,40,54,0.0,5.656403767653636,0.9699793317848424,0.78515625,1.0,0.15625
2026-05-11T07:50,9,40,0.15625,40,54,0.0,5.656412571819655,0.9699666903969788,0.78515625,1.0,0.15625
2026-05-11T08:20,10,40,0.15625,40,54,0.0,5.656421122082414,0.9699869148478899,0.78515625,1.0,0.15625
2026-05-11T08:50,10,40,0.15625,40,54,0.0,5.656429419491493,0.9700071120788133,0.78515625,1.0,0.15625
2026-05-11T09:20,10,40,0.15625,40,54,0.0,5.656428124810569,0.9699944775126506,0.78515625,1.0,0.15625
2026-05-11T09:50,9,40,0.15625,40,54,0.0,5.6564279550705745,0.9699818599284319,0.78515625,1.0,0.15625
2026-05-11T10:20,9,40,0.15625,40,54,0.0,5.656421097193707,0.9699692592919421,0.78515625,1.0,0.15625
2026-05-11T10:50,10,40,0.15625,40,54,0.0,5.65641403019746,0.9699894141514777,0.78515625,1.0,0.15625
2026-05-11T11:20,10,40,0.15625,40,54,0.0,5.656401338584693,0.9699768253507022,0.78515625,1.0,0.15625
2026-05-11T11:50,10,40,0.15625,40,54,0.0,5.656388455757045,0.9699969481219148,0.78515625,1.0,0.15625
2026-05-11T12:20,10,40,0.15625,40,54,0.0,5.656360578209943,0.9699843711387087,0.78515625,1.0,0.15625
2026-05-11T12:50,9,40,0.15625,40,54,0.0,5.656332553353784,0.970004461921079,0.78515625,1.0,0.15625
2026-05-11T13:20,8,40,0.15625,40,54,0.0,5.656304381845755,0.9700245258261486,0.78515625,1.0,0.15625
2026-05-11T13:50,9,40,0.15625,40,54,0.0,5.656276064340172,0.9700445629078156,0.78515625,1.0,0.15625
2026-05-11T14:20,10,40,0.15625,40,54,0.0,5.6562476014885155,0.9700645732198344,0.78515625,1.0,0.15625
2026-05-11T14:50,10,40,0.15625,40,54,0.0,5.656218993939423,0.9700845568158158,0.78515625,1.0,0.15625
2026-05-11T15:20,10,40,0.15625,40,54,0.0,5.656190242338716,0.9701045137492276,0.78515625,1.0,0.15625
2026-05-11T15:50,10,40,0.15625,40,54,0.0,5.65615788090966,0.9700919237481915,0.78515625,1.0,0.15625
2026-05-11T16:20,11,40,0.15625,40,54,0.0,5.656125386000166,0.9701118491820702,0.78515625,1.0,0.15625
2026-05-11T16:50,12,40,0.15625,40,54,0.0,5.656087274281456,0.9700992710615729,0.78515625,1.0,0.15625
2026-05-11T17:20,11,40,0.15625,40,54,0.0,5.6560589490073525,0.9700867096784282,0.78515625,1.0,0.15625
2026-05-11T17:50,11,40,0.15625,40,54,0.0,5.656032644168411,0.9700741649992505,0.78515625,1.0,0.15625
2026-05-11T18:20,12,40,0.15625,40,54,0.0,5.656010118602081,0.9700616369907427,0.78515625,1.0,0.15625
2026-05-11T18:50,12,40,0.15625,40,54,0.0,5.655994090972497,0.9700491256196965,0.78515625,1.0,0.15625
2026-05-11T19:20,11,40,0.15625,40,54,0.0,5.655977886989886,0.9700690001216078,0.78515625,1.0,0.15625
2026-05-11T19:50,11,40,0.15625,40,54,0.0,5.655961890492904,0.9700565004611791,0.78515625,1.0,0.15625
2026-05-11T20:20,10,40,0.15625,40,54,0.0,5.6559457181935775,0.9700763437345646,0.78515625,1.0,0.15625
2026-05-11T20:50,10,40,0.15625,40,54,0.0,5.65593988988484,0.9700638557666578,0.78515625,1.0,0.15625
2026-05-11T21:20,9,40,0.15625,40,54,0.0,5.655944011041736,0.970051384328159,0.78515625,1.0,0.15625
2026-05-11T21:50,9,40,0.15625,40,54,0.0,5.655947901037131,0.9700711916136562,0.78515625,1.0,0.15625
2026-05-11T22:20,9,40,0.15625,40,54,0.0,5.65595156081204,0.970090972716357,0.78515625,1.0,0.15625
2026-05-11T22:50,8,40,0.15625,40,54,0.0,5.655957780588085,0.9700785080792889,0.78515625,1.0,0.15625
2026-05-11T23:20,8,40,0.15625,40,54,0.0,5.655987863106258,0.9700353948097724,0.78515625,1.0,0.15625
2026-05-11T23:50,8,40,0.15625,40,54,0.0,5.656017643460095,0.9700551603804785,0.78515625,1.0,0.15625
2026-05-12T00:20,7,40,0.15625,40,54,0.0,5.656047122839434,0.9700748998924227,0.78515625,1.0,0.15625
2026-05-12T00:50,7,40,0.15625,40,54,0.0,5.656076302428818,0.9700946133971049,0.78515625,1.0,0.15625
2026-05-12T01:20,7,40,0.15625,40,54,0.0,5.656105183407526,0.9701143009458889,0.78515625,1.0,0.15625
2026-05-12T01:50,7,40,0.15625,40,54,0.0,5.656133766949612,0.9701339625900035,0.78515625,1.0,0.15625
2026-05-12T02:20,5,40,0.15625,40,54,0.0,5.6561748360667226,0.9701215270539122,0.78515625,1.0,0.15625
2026-05-12T02:50,6,40,0.15625,40,54,0.0,5.656215575222419,0.9701411581136665,0.78515625,1.0,0.15625
2026-05-12T03:20,5,40,0.15625,40,54,0.0,5.656255985696088,0.9701607633939595,0.78515625,1.0,0.15625
2026-05-12T03:50,5,40,0.15625,40,54,0.0,5.656301389540631,0.9701483347514406,0.78515625,1.0,0.15625
2026-05-12T04:20,5,40,0.15625,40,54,0.0,5.656339141526702,0.9701359224087807,0.78515625,1.0,0.15625
2026-05-12T04:50,5,40,0.15625,40,54,0.0,5.656380737242825,0.9701235263339356,0.78515625,1.0,0.15625
2026-05-12T05:20,5,40,0.15625,40,54,0.0,5.656415989026098,0.9701111464949448,0.78515625,1.0,0.15625
2026-05-12T05:50,5,40,0.15625,40,54,0.0,5.656450925562586,0.9701307072629455,0.78515625,1.0,0.15625
2026-05-12T06:20,5,40,0.15625,40,54,0.0,5.656474156479482,0.9700879546125196,0.78515625,1.0,0.15625
2026-05-12T06:50,6,40,0.15625,40,54,0.0,5.656492148440474,0.9700756222972142,0.78515625,1.0,0.15625
2026-05-12T07:20,8,40,0.15625,40,54,0.0,5.656500858994737,0.9700329614758325,0.78515625,1.0,0.15625
2026-05-12T07:50,9,40,0.15625,40,54,0.0,5.656509330527349,0.9700525222059397,0.78515625,1.0,0.15625
2026-05-12T08:20,10,40,0.15625,40,54,0.0,5.656517563995501,0.9700720574165034,0.78515625,1.0,0.15625
2026-05-12T08:50,11,40,0.15625,40,54,0.0,5.656516540702178,0.9700597676217045,0.78515625,1.0,0.15625
2026-05-12T09:20,12,40,0.15625,40,54,0.0,5.6565153045360015,0.9700792726590846,0.78515625,1.0,0.15625
2026-05-12T09:50,12,40,0.15625,40,54,0.0,5.656515150631488,0.9700669941691992,0.78515625,1.0,0.15625
2026-05-12T10:20,13,40,0.15625,40,54,0.0,5.656508723021952,0.970054731656529,0.78515625,1.0,0.15625
2026-05-12T10:50,14,40,0.15625,40,54,0.0,5.656502098580593,0.970074201922032,0.78515625,1.0,0.15625
2026-05-12T11:20,14,40,0.15625,40,54,0.0,5.656490014634508,0.9700619506616505,0.78515625,1.0,0.15625
2026-05-12T11:50,14,40,0.15625,40,54,0.0,5.656477750650877,0.9700813909534286,0.78515625,1.0,0.15625
2026-05-12T12:20,15,40,0.15625,40,54,0.0,5.656451048458798,0.9700691509282773,0.78515625,1.0,0.15625
2026-05-12T12:50,16,40,0.15625,40,54,0.0,5.656424207151567,0.9700885613362356,0.78515625,1.0,0.15625
2026-05-12T13:20,15,40,0.15625,40,54,0.0,5.656397227329575,0.9701079465848835,0.78515625,1.0,0.15625
2026-05-12T13:50,15,40,0.15625,40,54,0.0,5.656370109590678,0.9701273067231058,0.78515625,1.0,0.15625
2026-05-12T14:20,15,40,0.15625,40,54,0.0,5.656342854530213,0.9701466417996604,0.78515625,1.0,0.15625
2026-05-12T14:50,17,40,0.15625,40,54,0.0,5.656315462741008,0.9701659518631793,0.78515625,1.0,0.15625
2026-05-12T15:20,16,40,0.15625,40,54,0.0,5.656287934813395,0.9701852369621689,0.78515625,1.0,0.15625
2026-05-12T15:50,16,40,0.15625,40,54,0.0,5.656256895738834,0.9701729852019835,0.78515625,1.0,0.15625
2026-05-12T16:20,15,40,0.15625,40,54,0.0,5.6562257304625385,0.9701922408603424,0.78515625,1.0,0.15625
2026-05-12T16:50,16,40,0.15625,40,54,0.0,5.656189057106724,0.9701800003902359,0.78515625,1.0,0.15625
2026-05-12T17:20,15,40,0.15625,40,54,0.0,5.656152272379891,0.9701992266955936,0.78515625,1.0,0.15625
2026-05-12T17:50,15,40,0.15625,40,54,0.0,5.656126818767574,0.9701570634726981,0.78515625,1.0,0.15625
2026-05-12T18:20,15,40,0.15625,40,54,0.0,5.656105015155691,0.9701448692993063,0.78515625,1.0,0.15625
2026-05-12T18:50,13,40,0.15625,40,54,0.0,5.656089428291575,0.9701326908198311,0.78515625,1.0,0.15625
2026-05-12T19:20,13,40,0.15625,40,54,0.0,5.656073675900806,0.9701518980926158,0.78515625,1.0,0.15625
2026-05-12T19:50,14,40,0.15625,40,54,0.0,5.656058092900371,0.9701397307494941,0.78515625,1.0,0.15625
2026-05-12T20:20,14,40,0.15625,40,54,0.0,5.656042344934777,0.9701589088286531,0.78515625,1.0,0.15625
2026-05-12T20:50,14,40,0.15625,40,54,0.0,5.656036528250123,0.9701467526048831,0.78515625,1.0,0.15625
2026-05-12T21:20,13,40,0.15625,40,54,0.0,5.656040203976851,0.9701346119760123,0.78515625,1.0,0.15625
2026-05-12T21:50,13,40,0.15625,40,54,0.0,5.656043663361806,0.9701537564555148,0.78515625,1.0,0.15625
2026-05-12T22:20,13,40,0.15625,40,54,0.0,5.656046907258956,0.9701728764065363,0.78515625,1.0,0.15625
2026-05-12T22:50,13,40,0.15625,40,54,0.0,5.65605265642921,0.9701607423705495,0.78515625,1.0,0.15625
2026-05-12T23:20,13,40,0.15625,40,54,0.0,5.656081383067894,0.9701189005038773,0.78515625,1.0,0.15625
2026-05-12T23:50,12,40,0.15625,40,54,0.0,5.6561098269472785,0.9701380060662149,0.78515625,1.0,0.15625
2026-05-13T00:20,12,40,0.15625,40,54,0.0,5.656137989146926,0.9701570872124985,0.78515625,1.0,0.15625
2026-05-13T00:50,11,40,0.15625,40,54,0.0,5.65616587074174,0.970176143989502,0.78515625,1.0,0.15625
2026-05-13T01:20,11,40,0.15625,40,54,0.0,5.656193472801996,0.9701951764438802,0.78515625,1.0,0.15625
2026-05-13T01:50,10,40,0.15625,40,54,0.0,5.656220796393373,0.9702141846221685,0.78515625,1.0,0.15625
2026-05-13T02:20,9,40,0.15625,40,54,0.0,5.656247842576965,0.9702331685707841,0.78515625,1.0,0.15625
2026-05-13T02:50,9,40,0.15625,40,54,0.0,5.656286951138667,0.9702210579616276,0.78515625,1.0,0.15625
2026-05-13T03:20,9,40,0.15625,40,54,0.0,5.65632575179858,0.9702400133671263,0.78515625,1.0,0.15625
2026-05-13T03:50,10,40,0.15625,40,54,0.0,5.656369357672336,0.9702279138116734,0.78515625,1.0,0.15625
2026-05-13T04:20,10,40,0.15625,40,54,0.0,5.656405562425465,0.9702158296402706,0.78515625,1.0,0.15625
2026-05-13T04:50,10,40,0.15625,40,54,0.0,5.656445497800687,0.9702037608235965,0.78515625,1.0,0.15625
2026-05-13T05:20,10,40,0.15625,40,54,0.0,5.656479359951664,0.9701917073324037,0.78515625,1.0,0.15625
2026-05-13T05:50,10,40,0.15625,40,54,0.0,5.656513311832964,0.9701796691375195,0.78515625,1.0,0.15625
2026-05-13T06:20,10,40,0.15625,40,54,0.0,5.656535626080116,0.9701676462098452,0.78515625,1.0,0.15625
2026-05-13T06:50,11,40,0.15625,40,54,0.0,5.6565522813911,0.9701261977044917,0.78515625,1.0,0.15625
2026-05-13T07:20,10,40,0.15625,40,54,0.0,5.656560682769286,0.9701142238694636,0.78515625,1.0,0.15625
2026-05-13T07:50,11,40,0.15625,40,54,0.0,5.656568859567669,0.9701331389176475,0.78515625,1.0,0.15625
2026-05-13T08:20,11,40,0.15625,40,54,0.0,5.656576812658115,0.9701520300378766,0.78515625,1.0,0.15625
2026-05-13T08:50,12,40,0.15625,40,54,0.0,5.65657580510514,0.9701400625803276,0.78515625,1.0,0.15625
2026-05-13T09:20,12,40,0.15625,40,54,0.0,5.6565745974615185,0.9701589254593039,0.78515625,1.0,0.15625
2026-05-13T09:50,12,40,0.15625,40,54,0.0,5.656574432494424,0.970146968759011,0.78515625,1.0,0.15625
2026-05-13T10:20,13,40,0.15625,40,54,0.0,5.656568370887392,0.9701350271460369,0.78515625,1.0,0.15625
2026-05-13T10:50,10,40,0.15625,40,54,0.0,5.65656212374359,0.9701538575198414,0.78515625,1.0,0.15625
2026-05-13T11:20,9,40,0.15625,40,54,0.0,5.656550533853087,0.9701419266154151,0.78515625,1.0,0.15625
2026-05-13T11:50,12,40,0.15625,40,54,0.0,5.656538774325852,0.9701607289286295,0.78515625,1.0,0.15625
2026-05-13T12:20,12,40,0.15625,40,54,0.0,5.656513070833965,0.9701488087167142,0.78515625,1.0,0.15625
2026-05-13T12:50,12,40,0.15625,40,54,0.0,5.6564872359888705,0.9701675830508546,0.78515625,1.0,0.15625
2026-05-13T13:20,11,40,0.15625,40,54,0.0,5.656461270339813,0.9701863337843236,0.78515625,1.0,0.15625
2026-05-13T13:50,12,40,0.15625,40,54,0.0,5.656435174433793,0.9702050609615946,0.78515625,1.0,0.15625
2026-05-13T14:20,12,40,0.15625,40,54,0.0,5.656408948815571,0.9702237646270299,0.78515625,1.0,0.15625
2026-05-13T14:50,9,40,0.15625,40,54,0.0,5.656382594027682,0.97024244482488,0.78515625,1.0,0.15625
2026-05-13T15:20,11,40,0.15625,40,54,0.0,5.656356110610447,0.9702611015992844,0.78515625,1.0,0.15625
2026-05-13T15:50,10,40,0.15625,40,54,0.0,5.656326209845216,0.9702491707788558,0.78515625,1.0,0.15625
2026-05-13T16:20,10,40,0.15625,40,54,0.0,5.656296189806553,0.9702677999768652,0.78515625,1.0,0.15625
2026-05-13T16:50,11,40,0.15625,40,54,0.0,5.656260823503805,0.9702558798969015,0.78515625,1.0,0.15625
2026-05-13T17:20,12,40,0.15625,40,54,0.0,5.656234450487191,0.9702439747263564,0.78515625,1.0,0.15625
2026-05-13T17:50,9,40,0.15625,40,54,0.0,5.656209741734973,0.9702320844372746,0.78515625,1.0,0.15625
2026-05-13T18:20,10,40,0.15625,40,54,0.0,5.656188562306149,0.9702202090017703,0.78515625,1.0,0.15625
2026-05-13T18:50,10,40,0.15625,40,54,0.0,5.656173371456259,0.9702083483920283,0.78515625,1.0,0.15625
2026-05-13T19:20,10,40,0.15625,40,54,0.0,5.6561580249965715,0.9702269333275293,0.78515625,1.0,0.15625
2026-05-13T19:50,10,40,0.15625,40,54,0.0,5.6561428139812975,0.9702150833143545,0.78515625,1.0,0.15625
2026-05-13T20:20,10,40,0.15625,40,54,0.0,5.6561274479235175,0.970233640894844,0.78515625,1.0,0.15625
2026-05-13T20:50,9,40,0.15625,40,54,0.0,5.656121653670479,0.9702218014622788,0.78515625,1.0,0.15625
2026-05-13T21:20,9,40,0.15625,40,54,0.0,5.656124930671535,0.9702099767645395,0.78515625,1.0,0.15625
2026-05-13T21:50,9,40,0.15625,40,54,0.0,5.656128004778417,0.9702285028983924,0.78515625,1.0,0.15625
2026-05-13T22:20,9,40,0.15625,40,54,0.0,5.656130876768403,0.9702470060041112,0.78515625,1.0,0.15625
2026-05-13T22:50,9,40,0.15625,40,54,0.0,5.656136201129024,0.9702351876849752,0.78515625,1.0,0.15625
2026-05-13T23:20,9,40,0.15625,40,54,0.0,5.656163679805906,0.9701945462927201,0.78515625,1.0,0.15625
2026-05-13T23:50,9,40,0.15625,40,54,0.0,5.6561908933256815,0.9702130360282705,0.78515625,1.0,0.15625
2026-05-14T00:20,8,40,0.15625,40,54,0.0,5.6562178426708,0.9702315028379244,0.78515625,1.0,0.15625
2026-05-14T00:50,9,40,0.15625,40,54,0.0,5.656244528819606,0.9702499467642949,0.78515625,1.0,0.15625
2026-05-14T01:20,8,40,0.15625,40,54,0.0,5.656270952746364,0.9702683678498898,0.78515625,1.0,0.15625
2026-05-14T01:50,8,40,0.15625,40,54,0.0,5.656297115421268,0.9702867661371114,0.78515625,1.0,0.15625
2026-05-14T02:20,9,40,0.15625,40,54,0.0,5.656334973483408,0.9702749743907032,0.78515625,1.0,0.15625
2026-05-14T02:50,9,40,0.15625,40,54,0.0,5.65637254154388,0.970293345852761,0.78515625,1.0,0.15625
2026-05-14T03:20,8,40,0.15625,40,54,0.0,5.656409820660905,0.970311694619992,0.78515625,1.0,0.15625
2026-05-14T03:50,8,40,0.15625,40,54,0.0,5.656438554505225,0.970299909322199,0.78515625,1.0,0.15625
2026-05-14T04:20,8,40,0.15625,40,54,0.0,5.6564733821262685,0.9702881385651803,0.78515625,1.0,0.15625
2026-05-14T04:50,8,40,0.15625,40,54,0.0,5.656511833510377,0.970276382322042,0.78515625,1.0,0.15625
2026-05-14T05:20,8,40,0.15625,40,54,0.0,5.656544461668332,0.9702646405659565,0.78515625,1.0,0.15625
2026-05-14T05:50,8,40,0.15625,40,54,0.0,5.656577174802998,0.9702529132701616,0.78515625,1.0,0.15625
2026-05-14T06:20,8,40,0.15625,40,54,0.0,5.656598663757502,0.9702412004079617,0.78515625,1.0,0.15625
2026-05-14T06:50,8,40,0.15625,40,54,0.0,5.656619864596525,0.9702009302384377,0.78515625,1.0,0.15625
2026-05-14T07:20,8,40,0.15625,40,54,0.0,5.656640819473896,0.9702192455855561,0.78515625,1.0,0.15625
2026-05-14T07:50,8,40,0.15625,40,54,0.0,5.656648728210216,0.9702075749876503,0.78515625,1.0,0.15625
2026-05-14T08:20,8,40,0.15625,40,54,0.0,5.656656426299121,0.970225863769119,0.78515625,1.0,0.15625
2026-05-14T08:50,9,40,0.15625,40,54,0.0,5.656663914533881,0.9702441301103649,0.78515625,1.0,0.15625
2026-05-14T09:20,9,40,0.15625,40,54,0.0,5.6566627580030335,0.9702324657216983,0.78515625,1.0,0.15625
2026-05-14T09:50,9,40,0.15625,40,54,0.0,5.656662607207142,0.9702208156276256,0.78515625,1.0,0.15625
2026-05-14T10:20,9,40,0.15625,40,54,0.0,5.656656903707631,0.9702091798018863,0.78515625,1.0,0.15625
2026-05-14T10:50,10,40,0.15625,40,54,0.0,5.656651024947125,0.9702274116379929,0.78515625,1.0,0.15625
2026-05-14T11:20,10,40,0.15625,40,54,0.0,5.656639952931191,0.9702157860114223,0.78515625,1.0,0.15625
2026-05-14T11:50,9,40,0.15625,40,54,0.0,5.656628720622499,0.9702339915211953,0.78515625,1.0,0.15625
2026-05-14T12:20,8,40,0.15625,40,54,0.0,5.656603987591329,0.9702223760787235,0.78515625,1.0,0.15625
2026-05-14T12:50,9,40,0.15625,40,54,0.0,5.6565791302346,0.9702405553363067,0.78515625,1.0,0.15625
2026-05-14T13:20,9,40,0.15625,40,54,0.0,5.656554149056337,0.9702587124105372,0.78515625,1.0,0.15625
2026-05-14T13:50,9,40,0.15625,40,54,0.0,5.656529044558568,0.9702768473419942,0.78515625,1.0,0.15625
2026-05-14T14:20,10,40,0.15625,40,54,0.0,5.65650381724133,0.970294960171158,0.78515625,1.0,0.15625
2026-05-14T14:50,12,40,0.15625,40,54,0.0,5.656478467602669,0.9703130509384107,0.78515625,1.0,0.15625
2026-05-14T15:20,12,40,0.15625,40,54,0.0,5.6564529961386665,0.9703311196840355,0.78515625,1.0,0.15625
2026-05-14T15:50,9,40,0.15625,40,54,0.0,5.656424196251406,0.970319494618653,0.78515625,1.0,0.15625
2026-05-14T16:20,9,40,0.15625,40,54,0.0,5.656395283363767,0.9703375374790673,0.78515625,1.0,0.15625
2026-05-14T16:50,11,40,0.15625,40,54,0.0,5.656361176726541,0.970325922639891,0.78515625,1.0,0.15625
2026-05-14T17:20,11,40,0.15625,40,54,0.0,5.656335704697485,0.9703143219049519,0.78515625,1.0,0.15625
2026-05-14T17:50,11,40,0.15625,40,54,0.0,5.656311771850587,0.9703027352485746,0.78515625,1.0,0.15625
2026-05-14T18:20,9,40,0.15625,40,54,0.0,5.656291255106652,0.9702911626451461,0.78515625,1.0,0.15625
2026-05-14T18:50,10,40,0.15625,40,54,0.0,5.656276514204349,0.9702796040691157,0.78515625,1.0,0.15625
2026-05-14T19:20,9,40,0.15625,40,54,0.0,5.656261626567872,0.9702976055203155,0.78515625,1.0,0.15625
2026-05-14T19:50,10,40,0.15625,40,54,0.0,5.656246843828661,0.9702860570376732,0.78515625,1.0,0.15625
2026-05-14T20:20,9,40,0.15625,40,54,0.0,5.656231914925744,0.9703040328047405,0.78515625,1.0,0.15625
2026-05-14T20:50,9,40,0.15625,40,54,0.0,5.656226178997227,0.9702924944005026,0.78515625,1.0,0.15625
2026-05-14T21:20,9,40,0.15625,40,54,0.0,5.6562291251397765,0.9702809699399555,0.78515625,1.0,0.15625
2026-05-14T21:50,9,40,0.15625,40,54,0.0,5.6562318805454845,0.9702989162141462,0.78515625,1.0,0.15625
2026-05-14T22:20,9,40,0.15625,40,54,0.0,5.656234445924069,0.9703168408271733,0.78515625,1.0,0.15625
2026-05-14T22:50,9,40,0.15625,40,54,0.0,5.6562393808825195,0.9703053225348741,0.78515625,1.0,0.15625
2026-05-14T23:20,9,40,0.15625,40,54,0.0,5.656265642077982,0.9702658147483926,0.78515625,1.0,0.15625
2026-05-14T23:50,8,40,0.15625,40,54,0.0,5.6562916543009685,0.9702837269081827,0.78515625,1.0,0.15625
2026-05-15T00:20,8,40,0.15625,40,54,0.0,5.656317418447459,0.9703016175000502,0.78515625,1.0,0.15625
2026-05-15T00:50,8,40,0.15625,40,54,0.0,5.656342935409806,0.9703194865629262,0.78515625,1.0,0.15625
2026-05-15T01:20,8,40,0.15625,40,54,0.0,5.656368206076744,0.9703373341356484,0.78515625,1.0,0.15625
2026-05-15T02:20,8,40,0.15625,40,54,0.0,5.656404769452518,0.970325845059963,0.78515625,1.0,0.15625
2026-05-15T02:50,8,40,0.15625,40,54,0.0,5.656441059530826,0.9703436673752424,0.78515625,1.0,0.15625
2026-05-15T03:20,8,40,0.15625,40,54,0.0,5.65647707728085,0.9703614682951851,0.78515625,1.0,0.15625
2026-05-15T03:50,8,40,0.15625,40,54,0.0,5.656504842822761,0.9703499854181006,0.78515625,1.0,0.15625
2026-05-15T04:20,7,40,0.15625,40,54,0.0,5.656538469220448,0.9703385163094537,0.78515625,1.0,0.15625
2026-05-15T04:50,7,40,0.15625,40,54,0.0,5.656575596233631,0.9703270609444961,0.78515625,1.0,0.15625
2026-05-15T05:20,7,40,0.15625,40,54,0.0,5.6566070995738436,0.9703156192985384,0.78515625,1.0,0.15625
2026-05-15T05:50,7,40,0.15625,40,54,0.0,5.65663865506651,0.9703041913469503,0.78515625,1.0,0.15625
2026-05-15T06:20,7,40,0.15625,40,54,0.0,5.656659328870602,0.970292777065161,0.78515625,1.0,0.15625
2026-05-15T06:50,8,40,0.15625,40,54,0.0,5.656679739389865,0.9702536073865577,0.78515625,1.0,0.15625
2026-05-15T07:20,8,40,0.15625,40,54,0.0,5.656687484497236,0.9702422369593228,0.78515625,1.0,0.15625
2026-05-15T07:50,8,40,0.15625,40,54,0.0,5.65669503024011,0.9702600027880037,0.78515625,1.0,0.15625
2026-05-15T08:20,9,40,0.15625,40,54,0.0,5.65670237734851,0.9702777474164119,0.78515625,1.0,0.15625
2026-05-15T08:50,9,40,0.15625,40,54,0.0,5.656709526549541,0.9702954708824725,0.78515625,1.0,0.15625
2026-05-15T09:20,10,40,0.15625,40,54,0.0,5.656708305839257,0.9702841026115026,0.78515625,1.0,0.15625
2026-05-15T09:50,10,40,0.15625,40,54,0.0,5.656708035197712,0.9702727478822493,0.78515625,1.0,0.15625
2026-05-15T10:20,10,40,0.15625,40,54,0.0,5.656702491881945,0.9702614066705307,0.78515625,1.0,0.15625
2026-05-15T10:50,10,40,0.15625,40,54,0.0,5.65669678297113,0.9702790976838142,0.78515625,1.0,0.15625
2026-05-15T11:20,10,40,0.15625,40,54,0.0,5.65668601953933,0.9702677661823346,0.78515625,1.0,0.15625
2026-05-15T11:50,12,40,0.15625,40,54,0.0,5.656675104639008,0.9702854323937533,0.78515625,1.0,0.15625
2026-05-15T12:20,11,40,0.15625,40,54,0.0,5.656651118692905,0.9702741105884097,0.78515625,1.0,0.15625
2026-05-15T12:50,12,40,0.15625,40,54,0.0,5.656627015115194,0.9702917520658053,0.78515625,1.0,0.15625
2026-05-15T13:20,12,40,0.15625,40,54,0.0,5.656602794369292,0.9703093726161814,0.78515625,1.0,0.15625
2026-05-15T13:50,13,40,0.15625,40,54,0.0,5.65657845691683,0.9703269722767528,0.78515625,1.0,0.15625
2026-05-15T14:20,13,40,0.15625,40,54,0.0,5.656554003217656,0.9703445510846457,0.78515625,1.0,0.15625
2026-05-15T14:50,13,40,0.15625,40,54,0.0,5.65652943372985,0.9703621090768987,0.78515625,1.0,0.15625
2026-05-15T15:20,13,40,0.15625,40,54,0.0,5.656504748909723,0.9703796462904627,0.78515625,1.0,0.15625
2026-05-15T15:50,14,40,0.15625,40,54,0.0,5.656476842228503,0.9703683156375382,0.78515625,1.0,0.15625
2026-05-15T16:20,14,40,0.15625,40,54,0.0,5.6564488285046055,0.9703858284533553,0.78515625,1.0,0.15625
2026-05-15T17:20,14,40,0.15625,40,54,0.0,5.656424200931506,0.9703470665374123,0.78515625,1.0,0.15625
2026-05-15T17:50,14,40,0.15625,40,54,0.0,5.656401002261696,0.970335775183019,0.78515625,1.0,0.15625
2026-05-15T18:20,14,40,0.15625,40,54,0.0,5.65638681990944,0.9702970885338029,0.78515625,1.0,0.15625
2026-05-15T18:50,13,40,0.15625,40,54,0.0,5.656372498080276,0.9703146020429221,0.78515625,1.0,0.15625
2026-05-15T19:20,13,40,0.15625,40,54,0.0,5.656358037300538,0.9703320949114884,0.78515625,1.0,0.15625
2026-05-15T19:50,13,40,0.15625,40,54,0.0,5.656343438094528,0.9703495671759693,0.78515625,1.0,0.15625
2026-05-15T20:20,13,40,0.15625,40,54,0.0,5.656329676609541,0.970338307579159,0.78515625,1.0,0.15625
2026-05-15T20:50,13,40,0.15625,40,54,0.0,5.65632405921362,0.9703270612289331,0.78515625,1.0,0.15625
2026-05-15T21:20,12,40,0.15625,40,54,0.0,5.656326784794483,0.970315828101929,0.78515625,1.0,0.15625
2026-05-15T21:50,12,40,0.15625,40,54,0.0,5.656329330138465,0.970333268860976,0.78515625,1.0,0.15625
2026-05-15T22:20,12,40,0.15625,40,54,0.0,5.656331695898153,0.9703506891376283,0.78515625,1.0,0.15625
2026-05-15T22:50,11,40,0.15625,40,54,0.0,5.656336359358979,0.9703394619211129,0.78515625,1.0,0.15625
2026-05-15T23:20,11,40,0.15625,40,54,0.0,5.65636166646042,0.9703010000107556,0.78515625,1.0,0.15625
2026-05-15T23:50,9,40,0.15625,40,54,0.0,5.656386738427402,0.9703184085687797,0.78515625,1.0,0.15625
2026-05-16T00:20,10,40,0.15625,40,54,0.0,5.656411576083402,0.9703357967301337,0.78515625,1.0,0.15625
2026-05-16T00:50,9,40,0.15625,40,54,0.0,5.6564361802486385,0.970353164530643,0.78515625,1.0,0.15625
2026-05-16T01:20,9,40,0.15625,40,54,0.0,5.656460551740104,0.9703705120060493,0.78515625,1.0,0.15625
2026-05-16T01:50,9,40,0.15625,40,54,0.0,5.6564846913715705,0.9703878391920107,0.78515625,1.0,0.15625
2026-05-16T02:20,9,40,0.15625,40,54,0.0,5.65651974772836,0.9703766361955193,0.78515625,1.0,0.15625
2026-05-16T02:50,9,40,0.15625,40,54,0.0,5.656554546812568,0.9703939395622274,0.78515625,1.0,0.15625
2026-05-16T03:20,8,40,0.15625,40,54,0.0,5.656589089511728,0.9704112227265227,0.78515625,1.0,0.15625
2026-05-16T03:50,8,40,0.15625,40,54,0.0,5.656615705973637,0.9704000256958744,0.78515625,1.0,0.15625
2026-05-16T04:20,7,40,0.15625,40,54,0.0,5.656647995426394,0.9703888417229876,0.78515625,1.0,0.15625
2026-05-16T04:50,7,40,0.15625,40,54,0.0,5.656683670721201,0.9703776707850343,0.78515625,1.0,0.15625
2026-05-16T05:20,7,40,0.15625,40,54,0.0,5.6567139785935305,0.9703665128592395,0.78515625,1.0,0.15625
2026-05-16T05:50,7,40,0.15625,40,54,0.0,5.656744363120309,0.9703553679228808,0.78515625,1.0,0.15625
2026-05-16T06:20,7,40,0.15625,40,54,0.0,5.656764201925677,0.9703442359532892,0.78515625,1.0,0.15625
2026-05-16T06:50,8,40,0.15625,40,54,0.0,5.656783881108518,0.9703061066909688,0.78515625,1.0,0.15625
2026-05-16T07:20,9,40,0.15625,40,54,0.0,5.656791318706447,0.9702950162816161,0.78515625,1.0,0.15625
2026-05-16T07:50,9,40,0.15625,40,54,0.0,5.65679856790952,0.9703122665625211,0.78515625,1.0,0.15625
2026-05-16T08:20,9,40,0.15625,40,54,0.0,5.6568056293886935,0.9703294968198847,0.78515625,1.0,0.15625
2026-05-16T08:50,10,40,0.15625,40,54,0.0,5.6568125038123105,0.9703467070885506,0.78515625,1.0,0.15625
2026-05-16T09:20,11,40,0.15625,40,54,0.0,5.65681131467042,0.9703356188596269,0.78515625,1.0,0.15625
2026-05-16T09:50,12,40,0.15625,40,54,0.0,5.656811046102971,0.9703245434791723,0.78515625,1.0,0.15625
2026-05-16T10:20,13,40,0.15625,40,54,0.0,5.6568058163977275,0.9703134809248677,0.78515625,1.0,0.15625
2026-05-16T10:50,13,40,0.15625,40,54,0.0,5.656800429589689,0.9703306606234066,0.78515625,1.0,0.15625
2026-05-16T11:20,13,40,0.15625,40,54,0.0,5.656790145584601,0.9703196073276124,0.78515625,1.0,0.15625
2026-05-16T11:50,14,40,0.15625,40,54,0.0,5.656779717769744,0.9703367636239547,0.78515625,1.0,0.15625
2026-05-16T12:20,14,40,0.15625,40,54,0.0,5.656756622035113,0.970325719573447,0.78515625,1.0,0.15625
2026-05-16T12:50,14,40,0.15625,40,54,0.0,5.656733414382816,0.9703428525298134,0.78515625,1.0,0.15625
2026-05-16T13:20,15,40,0.15625,40,54,0.0,5.656710095241215,0.9703599657135816,0.78515625,1.0,0.15625
2026-05-16T13:50,14,40,0.15625,40,54,0.0,5.656686665037059,0.9703770591589601,0.78515625,1.0,0.15625
2026-05-16T14:20,14,40,0.15625,40,54,0.0,5.6566631241955045,0.9703941329000789,0.78515625,1.0,0.15625
2026-05-16T14:50,14,40,0.15625,40,54,0.0,5.656639473140104,0.9704111869709889,0.78515625,1.0,0.15625
2026-05-16T15:20,14,40,0.15625,40,54,0.0,5.656615712292827,0.9704282214056631,0.78515625,1.0,0.15625
2026-05-16T15:50,14,40,0.15625,40,54,0.0,5.656588829203022,0.9704171692139425,0.78515625,1.0,0.15625
2026-05-16T16:20,14,40,0.15625,40,54,0.0,5.656561844125032,0.9704341806174998,0.78515625,1.0,0.15625
2026-05-16T16:50,14,40,0.15625,40,54,0.0,5.656529981435314,0.9704231377046133,0.78515625,1.0,0.15625
2026-05-16T17:20,14,40,0.15625,40,54,0.0,5.656506129408702,0.9704121074774394,0.78515625,1.0,0.15625
2026-05-16T17:50,14,40,0.15625,40,54,0.0,5.656483602337093,0.9704010899141317,0.78515625,1.0,0.15625
2026-05-16T18:20,13,40,0.15625,40,54,0.0,5.656464292887084,0.9703900849928928,0.78515625,1.0,0.15625
2026-05-16T18:50,13,40,0.15625,40,54,0.0,5.656450340453207,0.9703790926919768,0.78515625,1.0,0.15625
2026-05-16T19:20,12,40,0.15625,40,54,0.0,5.656436256648632,0.9703960674239585,0.78515625,1.0,0.15625
2026-05-16T19:50,12,40,0.15625,40,54,0.0,5.656422041955407,0.9704130227118026,0.78515625,1.0,0.15625
2026-05-16T20:20,12,40,0.15625,40,54,0.0,5.656407962174594,0.9704020361574142,0.78515625,1.0,0.15625
2026-05-16T20:50,12,40,0.15625,40,54,0.0,5.656402434771125,0.970391062173454,0.78515625,1.0,0.15625
2026-05-16T21:20,12,40,0.15625,40,54,0.0,5.656404914259061,0.9703801007383608,0.78515625,1.0,0.15625
2026-05-16T21:50,12,40,0.15625,40,54,0.0,5.656407223661716,0.9703970263950816,0.78515625,1.0,0.15625
2026-05-16T22:20,12,40,0.15625,40,54,0.0,5.656409363578137,0.9704139327192421,0.78515625,1.0,0.15625
2026-05-16T22:50,12,40,0.15625,40,54,0.0,5.656413728158919,0.9704029769997649,0.78515625,1.0,0.15625
2026-05-16T23:20,12,40,0.15625,40,54,0.0,5.656438047532359,0.9703655320070451,0.78515625,1.0,0.15625
2026-05-16T23:50,12,40,0.15625,40,54,0.0,5.656462145169866,0.9703824273707811,0.78515625,1.0,0.15625
2026-05-17T00:20,11,40,0.15625,40,54,0.0,5.656486021826862,0.9703993034805414,0.78515625,1.0,0.15625
2026-05-17T00:50,12,40,0.15625,40,54,0.0,5.65650967825588,0.9704161603692198,0.78515625,1.0,0.15625
2026-05-17T01:20,12,40,0.15625,40,54,0.0,5.656533115206565,0.9704329980696358,0.78515625,1.0,0.15625
2026-05-17T01:50,12,40,0.15625,40,54,0.0,5.656556333425695,0.9704498166145336,0.78515625,1.0,0.15625
2026-05-17T02:20,12,40,0.15625,40,54,0.0,5.656590128735468,0.9704388840935446,0.78515625,1.0,0.15625
2026-05-17T02:50,11,40,0.15625,40,54,0.0,5.656623681336924,0.9704556801821279,0.78515625,1.0,0.15625
2026-05-17T03:20,11,40,0.15625,40,54,0.0,5.656656992044649,0.9704724571950852,0.78515625,1.0,0.15625
2026-05-17T03:50,11,40,0.15625,40,54,0.0,5.656694673053215,0.9704615304385585,0.78515625,1.0,0.15625
2026-05-17T04:20,11,40,0.15625,40,54,0.0,5.656725815622191,0.9704506160776718,0.78515625,1.0,0.15625
2026-05-17T04:50,11,40,0.15625,40,54,0.0,5.6567602558485275,0.9704397140913438,0.78515625,1.0,0.15625
2026-05-17T05:20,11,40,0.15625,40,54,0.0,5.656789528651984,0.9704288244585413,0.78515625,1.0,0.15625
2026-05-17T05:50,11,40,0.15625,40,54,0.0,5.656818874431851,0.9704179471582789,0.78515625,1.0,0.15625
2026-05-17T06:20,11,40,0.15625,40,54,0.0,5.6568379962070425,0.9704070821696185,0.78515625,1.0,0.15625
2026-05-17T06:50,11,40,0.15625,40,54,0.0,5.656852379020076,0.9703699525443878,0.78515625,1.0,0.15625
2026-05-17T07:20,11,40,0.15625,40,54,0.0,5.656859537538615,0.9703591269704199,0.78515625,1.0,0.15625
2026-05-17T07:50,11,40,0.15625,40,54,0.0,5.656866517938435,0.9703758732263689,0.78515625,1.0,0.15625
2026-05-17T08:20,12,40,0.15625,40,54,0.0,5.656873320836613,0.9703926005706792,0.78515625,1.0,0.15625
2026-04-27T07:20,9,40,0.15625,40,54,0.0,5.65687994684789,0.9704093090353684,0.78515625,1.0,0.15625
2026-04-27T07:50,10,40,0.15625,40,54,0.0,5.656886396584679,0.9704259986523818,0.78515625,1.0,0.15625
2026-04-27T08:20,11,40,0.15625,40,54,0.0,5.656892670657086,0.9704426694535924,0.78515625,1.0,0.15625
2026-04-27T08:50,12,40,0.15625,40,54,0.0,5.656891216904056,0.9704318395058411,0.78515625,1.0,0.15625
2026-04-27T09:50,14,40,0.15625,40,54,0.0,5.656886170339918,0.970394863191233,0.78515625,1.0,0.15625
2026-04-27T10:50,16,40,0.15625,40,54,0.0,5.656880975149063,0.970411523369516,0.78515625,1.0,0.15625
2026-04-27T11:50,18,40,0.15625,40,54,0.0,5.65687104280988,0.9704007292125001,0.78515625,1.0,0.15625
2026-04-27T12:50,18,40,0.15625,40,54,0.0,5.656848844317168,0.9703899471905677,0.78515625,1.0,0.15625
2026-04-27T13:20,19,40,0.15625,40,54,0.0,5.656826539216641,0.9704065820516966,0.78515625,1.0,0.15625
2026-04-27T13:50,19,40,0.15625,40,54,0.0,5.6568041279047305,0.9704231982324649,0.78515625,1.0,0.15625
2026-04-27T14:50,20,40,0.15625,40,54,0.0,5.656781610776413,0.970439795764321,0.78515625,1.0,0.15625
2026-04-27T15:50,21,40,0.15625,40,54,0.0,5.656755965464109,0.9704290160203114,0.78515625,1.0,0.15625
2026-04-27T16:50,20,40,0.15625,40,54,0.0,5.6567254585974265,0.9704182483612165,0.78515625,1.0,0.15625
2026-04-27T17:50,19,40,0.15625,40,54,0.0,5.656704532606301,0.9703814660958947,0.78515625,1.0,0.15625
2026-04-27T18:50,18,40,0.15625,40,54,0.0,5.656691079124078,0.9703447250201198,0.78515625,1.0,0.15625
2026-04-27T19:50,17,40,0.15625,40,54,0.0,5.656677499934367,0.9703613200257045,0.78515625,1.0,0.15625
2026-04-27T20:50,16,40,0.15625,40,54,0.0,5.656672185273329,0.9703246313147069,0.78515625,1.0,0.15625
2026-04-27T21:50,14,40,0.15625,40,54,0.0,5.656674400443735,0.9703139520977592,0.78515625,1.0,0.15625
2026-04-27T22:50,14,40,0.15625,40,54,0.0,5.656683277904088,0.9703032848128973,0.78515625,1.0,0.15625
2026-04-27T23:50,12,40,0.15625,40,54,0.0,5.656706261672645,0.9702666899608309,0.78515625,1.0,0.15625
2026-04-28T00:50,10,40,0.15625,40,54,0.0,5.656729034922997,0.9702832822097367,0.78515625,1.0,0.15625
2026-04-28T01:50,11,40,0.15625,40,54,0.0,5.656751598357353,0.9702998559508356,0.78515625,1.0,0.15625
2026-04-28T02:50,10,40,0.15625,40,54,0.0,5.656784222969794,0.9702892203077165,0.78515625,1.0,0.15625
2026-04-28T03:50,10,40,0.15625,40,54,0.0,5.656820833037568,0.970278596514896,0.78515625,1.0,0.15625
2026-04-28T04:50,9,40,0.15625,40,54,0.0,5.656854143137782,0.970242117287862,0.78515625,1.0,0.15625
2026-04-28T05:50,9,40,0.15625,40,54,0.0,5.6568823959663606,0.9702056786609694,0.78515625,1.0,0.15625
2026-04-28T06:50,10,40,0.15625,40,54,0.0,5.656900355083068,0.970144643865429,0.78515625,1.0,0.15625
2026-04-28T07:50,10,40,0.15625,40,54,0.0,5.656906565195565,0.970134124059053,0.78515625,1.0,0.15625
2026-04-28T08:50,10,40,0.15625,40,54,0.0,5.656912605035301,0.9701507162123536,0.78515625,1.0,0.15625
2026-04-28T09:50,10,40,0.15625,40,54,0.0,5.65691200433928,0.9701144092654072,0.78515625,1.0,0.15625
2026-04-28T10:50,10,40,0.15625,40,54,0.0,5.6569068261704105,0.9701039237509397,0.78515625,1.0,0.15625
2026-04-28T11:50,12,40,0.15625,40,54,0.0,5.656896961479833,0.9700934498676586,0.78515625,1.0,0.15625
2026-04-28T12:50,14,40,0.15625,40,54,0.0,5.65687502778428,0.9700829875962215,0.78515625,1.0,0.15625
2026-04-28T13:50,14,40,0.15625,40,54,0.0,5.656852990500729,0.9700995621183288,0.78515625,1.0,0.15625
2026-04-28T14:50,16,40,0.15625,40,54,0.0,5.656830850009118,0.9701161182854837,0.78515625,1.0,0.15625
2026-04-28T15:50,16,40,0.15625,40,54,0.0,5.656805619371807,0.9701056608388372,0.78515625,1.0,0.15625
2026-04-28T16:50,16,40,0.15625,40,54,0.0,5.656775591336637,0.9700952149601626,0.78515625,1.0,0.15625
2026-04-28T17:50,15,40,0.15625,40,54,0.0,5.656754235914641,0.9700590992552437,0.78515625,1.0,0.15625
2026-04-28T18:50,15,40,0.15625,40,54,0.0,5.656740951808835,0.970023023457181,0.78515625,1.0,0.15625
2026-04-28T19:50,13,40,0.15625,40,54,0.0,5.656727545305312,0.970039576177525,0.78515625,1.0,0.15625
2026-04-28T20:50,12,40,0.15625,40,54,0.0,5.656722274979626,0.9700035509725495,0.78515625,1.0,0.15625
2026-04-28T21:50,10,40,0.15625,40,54,0.0,5.656724390081973,0.9699931902230859,0.78515625,1.0,0.15625
2026-04-28T22:50,9,40,0.15625,40,54,0.0,5.656728330101547,0.9699828408967198,0.78515625,1.0,0.15625
2026-04-28T23:50,9,40,0.15625,40,54,0.0,5.656750878993419,0.9699469064966456,0.78515625,1.0,0.15625
2026-04-29T00:50,9,40,0.15625,40,54,0.0,5.656773223189489,0.9699634555569447,0.78515625,1.0,0.15625
2026-04-29T01:50,9,40,0.15625,40,54,0.0,5.656795363363591,0.9699799864014373,0.78515625,1.0,0.15625
2026-04-29T02:50,9,40,0.15625,40,54,0.0,5.656827416931947,0.9699696671086947,0.78515625,1.0,0.15625
2026-04-29T03:50,9,40,0.15625,40,54,0.0,5.65686337715456,0.9699593591620682,0.78515625,1.0,0.15625
2026-04-29T04:50,10,40,0.15625,40,54,0.0,5.656896098644867,0.9699235363849252,0.78515625,1.0,0.15625
2026-04-29T05:50,10,40,0.15625,40,54,0.0,5.656923875352355,0.9698877529518538,0.78515625,1.0,0.15625
2026-04-29T06:50,11,40,0.15625,40,54,0.0,5.656941528669625,0.9698276966199807,0.78515625,1.0,0.15625
2026-04-29T07:50,12,40,0.15625,40,54,0.0,5.656947612896862,0.969817489168294,0.78515625,1.0,0.15625
2026-04-29T08:50,13,40,0.15625,40,54,0.0,5.6569461639837675,0.9698072929089886,0.78515625,1.0,0.15625
2026-04-29T09:50,14,40,0.15625,40,54,0.0,5.656941185292414,0.9697716516004148,0.78515625,1.0,0.15625
2026-04-29T10:50,14,40,0.15625,40,54,0.0,5.656936066003331,0.9697882060080816,0.78515625,1.0,0.15625
2026-04-29T11:50,15,40,0.15625,40,54,0.0,5.656926330544848,0.9697780425194046,0.78515625,1.0,0.15625
2026-04-29T12:50,15,40,0.15625,40,54,0.0,5.656904728230762,0.9697678901505182,0.78515625,1.0,0.15625
2026-04-29T13:50,15,40,0.15625,40,54,0.0,5.656883024923951,0.9697844194615349,0.78515625,1.0,0.15625
2026-04-29T14:50,15,40,0.15625,40,54,0.0,5.656861220989879,0.9698009307077308,0.78515625,1.0,0.15625
2026-04-29T15:50,15,40,0.15625,40,54,0.0,5.656836364114668,0.9697907824726065,0.78515625,1.0,0.15625
2026-04-29T16:50,15,40,0.15625,40,54,0.0,5.656806772398743,0.9697806453163416,0.78515625,1.0,0.15625
2026-04-29T17:50,15,40,0.15625,40,54,0.0,5.6567856723316154,0.9697451740994543,0.78515625,1.0,0.15625
2026-04-29T18:50,14,40,0.15625,40,54,0.0,5.6567725243137605,0.9697097415643738,0.78515625,1.0,0.15625
2026-04-29T19:50,14,40,0.15625,40,54,0.0,5.656759257148285,0.9697262485171998,0.78515625,1.0,0.15625
2026-04-29T20:50,13,40,0.15625,40,54,0.0,5.656754001712869,0.9696908648877034,0.78515625,1.0,0.15625
2026-04-29T21:50,13,40,0.15625,40,54,0.0,5.656756013268302,0.9696808097147623,0.78515625,1.0,0.15625
2026-04-29T22:50,12,40,0.15625,40,54,0.0,5.656759826990597,0.96967076548325,0.78515625,1.0,0.15625
2026-04-29T23:50,12,40,0.15625,40,54,0.0,5.656782014376715,0.9696354697460443,0.78515625,1.0,0.15625
2026-04-30T00:50,12,40,0.15625,40,54,0.0,5.65680400251942,0.9696519722081389,0.78515625,1.0,0.15625
2026-04-30T01:50,12,40,0.15625,40,54,0.0,5.656825792066072,0.9696684567425179,0.78515625,1.0,0.15625
2026-04-30T02:50,12,40,0.15625,40,54,0.0,5.656857351317824,0.9696584410288657,0.78515625,1.0,0.15625
2026-04-30T03:50,12,40,0.15625,40,54,0.0,5.656892741070989,0.9696484361841377,0.78515625,1.0,0.15625
2026-04-30T04:50,11,40,0.15625,40,54,0.0,5.6569249511539175,0.9696132482603729,0.78515625,1.0,0.15625
2026-04-30T05:50,11,40,0.15625,40,54,0.0,5.656952324681713,0.9695780984806989,0.78515625,1.0,0.15625
2026-04-30T06:50,12,40,0.15625,40,54,0.0,5.656965344342975,0.9695189906896905,0.78515625,1.0,0.15625
2026-04-30T07:20,13,40,0.15625,40,54,0.0,5.656971371591792,0.9695090830131909,0.78515625,1.0,0.15625
2026-04-30T07:50,13,40,0.15625,40,54,0.0,5.656977237377582,0.9695255824271449,0.78515625,1.0,0.15625
2026-04-30T08:20,14,40,0.15625,40,54,0.0,5.656982942236529,0.9695420639942476,0.78515625,1.0,0.15625
2026-04-30T08:50,15,40,0.15625,40,54,0.0,5.656981264223369,0.969532159912194,0.78515625,1.0,0.15625
2026-04-30T09:20,15,40,0.15625,40,54,0.0,5.656982139669401,0.9695222665314716,0.78515625,1.0,0.15625
2026-04-30T09:50,14,40,0.15625,40,54,0.0,5.6569769304055235,0.9695123838347457,0.78515625,1.0,0.15625
2026-04-30T10:20,15,40,0.15625,40,54,0.0,5.656971585322423,0.9695288369465456,0.78515625,1.0,0.15625
2026-04-30T10:50,15,40,0.15625,40,54,0.0,5.656966104882929,0.9695452723095733,0.78515625,1.0,0.15625
2026-04-30T11:20,15,40,0.15625,40,54,0.0,5.656956201554423,0.9695353931936087,0.78515625,1.0,0.15625
2026-04-30T11:50,17,40,0.15625,40,54,0.0,5.656946174019378,0.9695518073136552,0.78515625,1.0,0.15625
2026-04-30T12:20,16,40,0.15625,40,54,0.0,5.65692466466892,0.9695419353184379,0.78515625,1.0,0.15625
2026-04-30T12:50,16,40,0.15625,40,54,0.0,5.656903057971408,0.969558328248837,0.78515625,1.0,0.15625
2026-04-30T13:20,17,40,0.15625,40,54,0.0,5.656881354274065,0.9695747035429474,0.78515625,1.0,0.15625
2026-04-30T13:50,18,40,0.15625,40,54,0.0,5.656859553922907,0.9695910612292146,0.78515625,1.0,0.15625
2026-04-30T14:20,18,40,0.15625,40,54,0.0,5.656837657262734,0.9696074013360232,0.78515625,1.0,0.15625
2026-04-30T14:50,18,40,0.15625,40,54,0.0,5.656815664637143,0.9696237238916966,0.78515625,1.0,0.15625
2026-04-30T15:20,18,40,0.15625,40,54,0.0,5.656793576388533,0.9696400289244976,0.78515625,1.0,0.15625
2026-04-30T15:50,18,40,0.15625,40,54,0.0,5.656768691456832,0.9696301466730334,0.78515625,1.0,0.15625
2026-04-30T16:20,18,40,0.15625,40,54,0.0,5.656743717403908,0.969646430776694,0.78515625,1.0,0.15625
2026-04-30T16:50,19,40,0.15625,40,54,0.0,5.656714323472745,0.9696365556863502,0.78515625,1.0,0.15625
2026-04-30T17:20,18,40,0.15625,40,54,0.0,5.656692327539213,0.9696266911745713,0.78515625,1.0,0.15625
2026-04-30T17:50,18,40,0.15625,40,54,0.0,5.656672222354288,0.9696168372243682,0.78515625,1.0,0.15625
2026-04-30T18:20,17,40,0.15625,40,54,0.0,5.656654515198923,0.9696069938187881,0.78515625,1.0,0.15625
2026-04-30T18:50,17,40,0.15625,40,54,0.0,5.656641816618329,0.9695971609409144,0.78515625,1.0,0.15625
2026-04-30T19:20,16,40,0.15625,40,54,0.0,5.656629003002722,0.9696134104540406,0.78515625,1.0,0.15625
2026-04-30T19:50,16,40,0.15625,40,54,0.0,5.656616074745307,0.9696296426065759,0.78515625,1.0,0.15625
2026-04-30T20:20,15,40,0.15625,40,54,0.0,5.656603890490926,0.9696198133858543,0.78515625,1.0,0.15625
2026-04-30T20:50,14,40,0.15625,40,54,0.0,5.656599132680973,0.9696099946552297,0.78515625,1.0,0.15625
2026-04-30T21:20,14,40,0.15625,40,54,0.0,5.656601715711417,0.9696001863979176,0.78515625,1.0,0.15625
2026-04-30T21:50,14,40,0.15625,40,54,0.0,5.6566041500908915,0.9696163909893899,0.78515625,1.0,0.15625
2026-04-30T22:20,13,40,0.15625,40,54,0.0,5.6566064363073965,0.9696325783143822,0.78515625,1.0,0.15625
2026-04-30T22:50,13,40,0.15625,40,54,0.0,5.656610703381841,0.9696227736998352,0.78515625,1.0,0.15625
2026-04-30T23:20,13,40,0.15625,40,54,0.0,5.656633354625934,0.969588254876558,0.78515625,1.0,0.15625
2026-04-30T23:50,12,40,0.15625,40,54,0.0,5.656655812902829,0.96960443133673,0.78515625,1.0,0.15625
2026-05-01T00:20,11,40,0.15625,40,54,0.0,5.656678078825808,0.9696205905970507,0.78515625,1.0,0.15625
2026-05-01T00:50,12,40,0.15625,40,54,0.0,5.656700153005955,0.9696367326849376,0.78515625,1.0,0.15625
2026-05-01T01:20,11,40,0.15625,40,54,0.0,5.656722036052169,0.9696528576277496,0.78515625,1.0,0.15625
2026-05-01T01:50,11,40,0.15625,40,54,0.0,5.656743728571174,0.9696689654527879,0.78515625,1.0,0.15625
2026-05-01T02:20,11,40,0.15625,40,54,0.0,5.65677507813326,0.9696591779444285,0.78515625,1.0,0.15625
2026-05-01T02:50,12,40,0.15625,40,54,0.0,5.656806216713921,0.9696752653368227,0.78515625,1.0,0.15625
2026-05-01T03:20,12,40,0.15625,40,54,0.0,5.656837144973954,0.9696913356784567,0.78515625,1.0,0.15625
2026-05-01T03:50,10,40,0.15625,40,54,0.0,5.656871911315879,0.9696815518736455,0.78515625,1.0,0.15625
2026-05-01T04:20,10,40,0.15625,40,54,0.0,5.656900539750482,0.9696717784275478,0.78515625,1.0,0.15625
2026-05-01T04:50,10,40,0.15625,40,54,0.0,5.656932121231184,0.9696620153237211,0.78515625,1.0,0.15625
2026-05-01T05:20,10,40,0.15625,40,54,0.0,5.656958949571052,0.9696522625457579,0.78515625,1.0,0.15625
2026-05-01T05:50,10,40,0.15625,40,54,0.0,5.656985709241353,0.969642520077285,0.78515625,1.0,0.15625
2026-05-01T06:20,11,40,0.15625,40,54,0.0,5.657002878927608,0.9696327879019643,0.78515625,1.0,0.15625
2026-05-01T06:50,11,40,0.15625,40,54,0.0,5.657019850204277,0.9695985371716898,0.78515625,1.0,0.15625
2026-05-01T07:20,12,40,0.15625,40,54,0.0,5.657025743880948,0.9695888384777708,0.78515625,1.0,0.15625
2026-05-01T07:50,13,40,0.15625,40,54,0.0,5.657031484138017,0.9696048781199238,0.78515625,1.0,0.15625
2026-05-01T08:20,14,40,0.15625,40,54,0.0,5.657037071471932,0.9696209008515422,0.78515625,1.0,0.15625
2026-05-01T08:50,15,40,0.15625,40,54,0.0,5.657035466030798,0.9696112057047263,0.78515625,1.0,0.15625
2026-05-01T10:20,17,40,0.15625,40,54,0.0,5.657030540015728,0.9695770565204489,0.78515625,1.0,0.15625
2026-05-01T10:50,18,40,0.15625,40,54,0.0,5.657021204754418,0.9695673946550145,0.78515625,1.0,0.15625
2026-05-01T11:20,20,40,0.15625,40,54,0.0,5.657011750366939,0.9695834033900723,0.78515625,1.0,0.15625
2026-05-01T11:50,20,40,0.15625,40,54,0.0,5.657002177252277,0.9695993952915497,0.78515625,1.0,0.15625
2026-05-01T12:20,21,40,0.15625,40,54,0.0,5.656981384438353,0.9695897369189295,0.78515625,1.0,0.15625
2026-05-01T12:50,22,40,0.15625,40,54,0.0,5.656960498500642,0.9696057086957576,0.78515625,1.0,0.15625
2026-05-01T13:20,24,40,0.15625,40,54,0.0,5.656939519762898,0.9696216637043162,0.78515625,1.0,0.15625
2026-05-01T13:50,24,40,0.15625,40,54,0.0,5.656918448547772,0.9696376019709981,0.78515625,1.0,0.15625
2026-05-01T14:20,24,40,0.15625,40,54,0.0,5.656897285176813,0.9696535235221407,0.78515625,1.0,0.15625
2026-05-01T14:50,24,40,0.15625,40,54,0.0,5.656876029970474,0.9696694283840265,0.78515625,1.0,0.15625
2026-05-01T15:20,24,40,0.15625,40,54,0.0,5.656854683248114,0.9696853165828824,0.78515625,1.0,0.15625
2026-05-01T15:50,24,40,0.15625,40,54,0.0,5.65683324532801,0.9697011881448809,0.78515625,1.0,0.15625
2026-05-01T16:20,24,40,0.15625,40,54,0.0,5.656809047100256,0.9696915169382091,0.78515625,1.0,0.15625
2026-05-01T16:50,24,40,0.15625,40,54,0.0,5.656780485875655,0.9696818558478624,0.78515625,1.0,0.15625
2026-05-01T17:20,23,40,0.15625,40,54,0.0,5.656759030835024,0.9696722048579759,0.78515625,1.0,0.15625
2026-05-01T17:50,23,40,0.15625,40,54,0.0,5.656737485003063,0.9696880501009969,0.78515625,1.0,0.15625
2026-05-01T18:20,22,40,0.15625,40,54,0.0,5.656720098581037,0.9696541461086527,0.78515625,1.0,0.15625
2026-05-01T18:50,22,40,0.15625,40,54,0.0,5.656707541432335,0.9696445246922052,0.78515625,1.0,0.15625
2026-05-01T19:20,21,40,0.15625,40,54,0.0,5.65669487504303,0.9696603595776031,0.78515625,1.0,0.15625
2026-05-01T19:50,20,40,0.15625,40,54,0.0,5.656682099777733,0.9696761779511288,0.78515625,1.0,0.15625
2026-05-01T20:20,20,40,0.15625,40,54,0.0,5.656670001611951,0.9696665600950809,0.78515625,1.0,0.15625
2026-05-01T20:50,19,40,0.15625,40,54,0.0,5.656657793779592,0.9696823587616981,0.78515625,1.0,0.15625
2026-05-01T21:20,19,40,0.15625,40,54,0.0,5.656660014293591,0.9696485636268726,0.78515625,1.0,0.15625
2026-05-01T21:50,18,40,0.15625,40,54,0.0,5.65666209383587,0.9696643552170771,0.78515625,1.0,0.15625
2026-05-01T22:20,18,40,0.15625,40,54,0.0,5.656664032858369,0.9696801303833709,0.78515625,1.0,0.15625
2026-05-01T22:50,18,40,0.15625,40,54,0.0,5.656667943939701,0.9696705354674725,0.78515625,1.0,0.15625
2026-05-01T23:20,17,40,0.15625,40,54,0.0,5.656681639751059,0.969660950520318,0.78515625,1.0,0.15625
2026-05-01T23:50,16,40,0.15625,40,54,0.0,5.656703262970109,0.9696513755263797,0.78515625,1.0,0.15625
2026-05-02T00:20,16,40,0.15625,40,54,0.0,5.656724703566224,0.9696671246828268,0.78515625,1.0,0.15625
2026-05-02T00:50,15,40,0.15625,40,54,0.0,5.656745962105848,0.9696828575019747,0.78515625,1.0,0.15625
2026-05-02T01:20,14,40,0.15625,40,54,0.0,5.6567670391534515,0.9696985740092313,0.78515625,1.0,0.15625
2026-05-02T01:50,13,40,0.15625,40,54,0.0,5.656787935271542,0.9697142742299519,0.78515625,1.0,0.15625
2026-05-02T02:20,13,40,0.15625,40,54,0.0,5.6568183096898945,0.9697046964142944,0.78515625,1.0,0.15625
2026-05-02T02:50,12,40,0.15625,40,54,0.0,5.6568484835423645,0.9697203772132518,0.78515625,1.0,0.15625
2026-05-02T03:20,12,40,0.15625,40,54,0.0,5.656878457442285,0.9697360417878957,0.78515625,1.0,0.15625
2026-05-02T03:50,12,40,0.15625,40,54,0.0,5.6569122415637985,0.9697264675740421,0.78515625,1.0,0.15625
2026-05-02T04:20,12,40,0.15625,40,54,0.0,5.656940093069934,0.9697169032560169,0.78515625,1.0,0.15625
2026-05-02T04:50,11,40,0.15625,40,54,0.0,5.656970836363833,0.9697073488184855,0.78515625,1.0,0.15625
2026-05-02T05:20,11,40,0.15625,40,54,0.0,5.656996992878811,0.969697804246145,0.78515625,1.0,0.15625
2026-05-02T05:50,11,40,0.15625,40,54,0.0,5.657023126304375,0.9696882695237246,0.78515625,1.0,0.15625
2026-05-02T06:20,11,40,0.15625,40,54,0.0,5.657039926126148,0.9696787446359842,0.78515625,1.0,0.15625
2026-05-02T06:50,11,40,0.15625,40,54,0.0,5.657056618662359,0.9696452823473893,0.78515625,1.0,0.15625
2026-05-02T07:20,11,40,0.15625,40,54,0.0,5.6570625705308295,0.9696357894209843,0.78515625,1.0,0.15625
2026-05-02T07:50,11,40,0.15625,40,54,0.0,5.657068375726923,0.9696514249568128,0.78515625,1.0,0.15625
2026-05-02T08:20,12,40,0.15625,40,54,0.0,5.657074034713834,0.9696670443984202,0.78515625,1.0,0.15625
2026-05-02T08:50,13,40,0.15625,40,54,0.0,5.657072689248614,0.9696575549271221,0.78515625,1.0,0.15625
2026-05-02T09:20,14,40,0.15625,40,54,0.0,5.657073766279558,0.9696480752136353,0.78515625,1.0,0.15625
2026-05-02T09:50,15,40,0.15625,40,54,0.0,5.657069080406679,0.9696386052429165,0.78515625,1.0,0.15625
2026-05-02T10:20,16,40,0.15625,40,54,0.0,5.657064270919292,0.9696541991796176,0.78515625,1.0,0.15625
2026-05-02T10:50,17,40,0.15625,40,54,0.0,5.657059338217928,0.9696697771061168,0.78515625,1.0,0.15625
2026-05-02T11:20,17,40,0.15625,40,54,0.0,5.657050080810888,0.9696603105771733,0.78515625,1.0,0.15625
2026-05-02T11:50,19,40,0.15625,40,54,0.0,5.657040710523726,0.9696758693922619,0.78515625,1.0,0.15625
2026-05-02T12:20,19,40,0.15625,40,54,0.0,5.657020439394708,0.9696664094449543,0.78515625,1.0,0.15625
2026-05-02T12:50,21,40,0.15625,40,54,0.0,5.657000079634071,0.969681949194214,0.78515625,1.0,0.15625
2026-05-02T13:20,21,40,0.15625,40,54,0.0,5.656979631542343,0.9696974730297521,0.78515625,1.0,0.15625
2026-05-02T13:50,22,40,0.15625,40,54,0.0,5.656959095419057,0.9697129809760009,0.78515625,1.0,0.15625
2026-05-02T14:20,22,40,0.15625,40,54,0.0,5.65693847156275,0.9697284730573431,0.78515625,1.0,0.15625
2026-05-02T14:50,22,40,0.15625,40,54,0.0,5.656917760270959,0.9697439492981114,0.78515625,1.0,0.15625
2026-05-02T15:20,22,40,0.15625,40,54,0.0,5.656896961840238,0.9697594097225886,0.78515625,1.0,0.15625
2026-05-02T15:50,23,40,0.15625,40,54,0.0,5.6568734772747185,0.9697499409291629,0.78515625,1.0,0.15625
2026-05-02T16:20,22,40,0.15625,40,54,0.0,5.656849911491681,0.9697653825111286,0.78515625,1.0,0.15625
2026-05-02T16:50,21,40,0.15625,40,54,0.0,5.656829003343175,0.9697322174714607,0.78515625,1.0,0.15625
2026-05-02T17:20,20,40,0.15625,40,54,0.0,5.65680800862133,0.9697476523427144,0.78515625,1.0,0.15625
2026-05-02T17:50,20,40,0.15625,40,54,0.0,5.656788689195193,0.969738208846207,0.78515625,1.0,0.15625
2026-05-02T18:20,17,40,0.15625,40,54,0.0,5.6567763973905585,0.969705108334702,0.78515625,1.0,0.15625
2026-05-02T18:50,17,40,0.15625,40,54,0.0,5.656764001565272,0.9697205334322913,0.78515625,1.0,0.15625
2026-05-02T19:20,16,40,0.15625,40,54,0.0,5.6567515020582375,0.9697359428300356,0.78515625,1.0,0.15625
2026-05-02T19:50,17,40,0.15625,40,54,0.0,5.65673889920723,0.9697513365518922,0.78515625,1.0,0.15625
2026-05-02T20:20,16,40,0.15625,40,54,0.0,5.656726942466436,0.9697419151871963,0.78515625,1.0,0.15625
2026-05-02T20:50,16,40,0.15625,40,54,0.0,5.656722052103409,0.969732503397058,0.78515625,1.0,0.15625
2026-05-02T21:20,16,40,0.15625,40,54,0.0,5.656724030180517,0.9697231011668894,0.78515625,1.0,0.15625
2026-05-02T21:50,16,40,0.15625,40,54,0.0,5.656725874462026,0.9697384701510687,0.78515625,1.0,0.15625
2026-05-02T22:20,15,40,0.15625,40,54,0.0,5.656727585366544,0.9697538235401346,0.78515625,1.0,0.15625
2026-05-02T22:50,15,40,0.15625,40,54,0.0,5.656735597453533,0.96974442480213,0.78515625,1.0,0.15625
2026-05-02T23:20,15,40,0.15625,40,54,0.0,5.656756661365328,0.9697114889075328,0.78515625,1.0,0.15625
2026-05-02T23:50,15,40,0.15625,40,54,0.0,5.656777551338153,0.9697268326314905,0.78515625,1.0,0.15625
2026-05-03T00:20,15,40,0.15625,40,54,0.0,5.656798267898651,0.9697421608174999,0.78515625,1.0,0.15625
2026-05-03T00:50,15,40,0.15625,40,54,0.0,5.656818811571677,0.9697574734891509,0.78515625,1.0,0.15625
2026-05-03T01:20,15,40,0.15625,40,54,0.0,5.656839182880297,0.9697727706699859,0.78515625,1.0,0.15625
2026-05-03T01:50,15,40,0.15625,40,54,0.0,5.656859382345803,0.9697880523834996,0.78515625,1.0,0.15625
2026-05-03T02:20,15,40,0.15625,40,54,0.0,5.656888801724912,0.9697786695941168,0.78515625,1.0,0.15625
2026-05-03T02:50,14,40,0.15625,40,54,0.0,5.656918030606373,0.9697939328923016,0.78515625,1.0,0.15625
2026-05-03T03:20,14,40,0.15625,40,54,0.0,5.656947069558655,0.9698091807807963,0.78515625,1.0,0.15625
2026-05-03T03:50,14,40,0.15625,40,54,0.0,5.656974277008782,0.969776361771705,0.78515625,1.0,0.15625
2026-05-03T04:20,14,40,0.15625,40,54,0.0,5.6570012975795745,0.9697916031424706,0.78515625,1.0,0.15625
2026-05-03T04:50,14,40,0.15625,40,54,0.0,5.657031145530327,0.9697822422095335,0.78515625,1.0,0.15625
2026-05-03T05:20,14,40,0.15625,40,54,0.0,5.65705657191489,0.9697728907082668,0.78515625,1.0,0.15625
2026-05-03T05:50,14,40,0.15625,40,54,0.0,5.657081996539955,0.9697635486244234,0.78515625,1.0,0.15625
2026-05-03T06:20,14,40,0.15625,40,54,0.0,5.657098324438838,0.9697542159437845,0.78515625,1.0,0.15625
2026-05-03T06:50,14,40,0.15625,40,54,0.0,5.657114594035673,0.969721523634337,0.78515625,1.0,0.15625
2026-05-03T07:20,14,40,0.15625,40,54,0.0,5.657120448311216,0.9697122214666953,0.78515625,1.0,0.15625
2026-05-03T07:50,14,40,0.15625,40,54,0.0,5.657126162816295,0.9697274414559081,0.78515625,1.0,0.15625
2026-05-03T08:20,15,40,0.15625,40,54,0.0,5.657131737981532,0.969742646156332,0.78515625,1.0,0.15625
2026-05-03T08:50,15,40,0.15625,40,54,0.0,5.657130458549501,0.9697333473943032,0.78515625,1.0,0.15625
2026-05-03T09:20,15,40,0.15625,40,54,0.0,5.6571315220870995,0.9697240579636965,0.78515625,1.0,0.15625
2026-05-03T09:50,16,40,0.15625,40,54,0.0,5.657126988353429,0.9697147778504726,0.78515625,1.0,0.15625
2026-05-03T10:20,16,40,0.15625,40,54,0.0,5.657122336800141,0.9697299584129535,0.78515625,1.0,0.15625
2026-05-03T10:50,17,40,0.15625,40,54,0.0,5.657117567799697,0.9697451237644501,0.78515625,1.0,0.15625
2026-05-03T11:20,17,40,0.15625,40,54,0.0,5.6571085727811115,0.9697358470435841,0.78515625,1.0,0.15625
2026-05-03T11:50,17,40,0.15625,40,54,0.0,5.657099470155367,0.9697509942672861,0.78515625,1.0,0.15625
2026-05-03T12:20,17,40,0.15625,40,54,0.0,5.657079768047456,0.9697417238910618,0.78515625,1.0,0.15625
2026-05-03T12:50,19,40,0.15625,40,54,0.0,5.65705998133097,0.9697568530291163,0.78515625,1.0,0.15625
2026-05-03T13:20,18,40,0.15625,40,54,0.0,5.657040110285761,0.9697719670455935,0.78515625,1.0,0.15625
2026-05-03T13:50,19,40,0.15625,40,54,0.0,5.657020155190777,0.9697870659631531,0.78515625,1.0,0.15625
2026-05-03T14:20,19,40,0.15625,40,54,0.0,5.657000116324057,0.9698021498044097,0.78515625,1.0,0.15625
2026-05-03T14:50,19,40,0.15625,40,54,0.0,5.656979993962738,0.9698172185919325,0.78515625,1.0,0.15625
2026-05-03T15:20,19,40,0.15625,40,54,0.0,5.656959788383055,0.9698322723482456,0.78515625,1.0,0.15625
2026-05-03T15:50,20,40,0.15625,40,54,0.0,5.6569369515408745,0.9698229938038023,0.78515625,1.0,0.15625
2026-05-03T16:20,19,40,0.15625,40,54,0.0,5.656914037131562,0.9698380296813292,0.78515625,1.0,0.15625
2026-05-03T16:50,19,40,0.15625,40,54,0.0,5.656893620586009,0.9698056212525844,0.78515625,1.0,0.15625
2026-05-03T17:20,20,40,0.15625,40,54,0.0,5.656873121561365,0.9698206508089544,0.78515625,1.0,0.15625
2026-05-03T17:50,19,40,0.15625,40,54,0.0,5.6568542002478015,0.9698113965111367,0.78515625,1.0,0.15625
2026-05-03T18:20,19,40,0.15625,40,54,0.0,5.656837511796712,0.9698021514169964,0.78515625,1.0,0.15625
2026-05-03T18:50,19,40,0.15625,40,54,0.0,5.65682534358115,0.9697929155128107,0.78515625,1.0,0.15625
2026-05-03T19:20,19,40,0.15625,40,54,0.0,5.6568130766912725,0.9698079215160332,0.78515625,1.0,0.15625
2026-05-03T19:50,18,40,0.15625,40,54,0.0,5.656800711440943,0.9698229126175646,0.78515625,1.0,0.15625
2026-05-03T20:20,18,40,0.15625,40,54,0.0,5.656788963252267,0.9698136801607793,0.78515625,1.0,0.15625
2026-05-03T20:50,18,40,0.15625,40,54,0.0,5.656784107010063,0.9698044568631772,0.78515625,1.0,0.15625
2026-05-03T21:20,18,40,0.15625,40,54,0.0,5.65678591774995,0.9697952427111354,0.78515625,1.0,0.15625
2026-05-03T21:50,17,40,0.15625,40,54,0.0,5.656787601224947,0.9698102103807532,0.78515625,1.0,0.15625
2026-05-03T22:20,17,40,0.15625,40,54,0.0,5.656789157823813,0.9698251632235563,0.78515625,1.0,0.15625
2026-05-03T22:50,16,40,0.15625,40,54,0.0,5.656796847183158,0.9698159525052253,0.78515625,1.0,0.15625
2026-05-03T23:20,16,40,0.15625,40,54,0.0,5.656817259875693,0.9697837634662628,0.78515625,1.0,0.15625
2026-05-03T23:50,15,40,0.15625,40,54,0.0,5.6568375071072055,0.969798707203421,0.78515625,1.0,0.15625
2026-05-04T00:20,15,40,0.15625,40,54,0.0,5.656857589366798,0.969813636166741,0.78515625,1.0,0.15625
2026-05-04T00:50,15,40,0.15625,40,54,0.0,5.656877507141942,0.9698285503781211,0.78515625,1.0,0.15625
2026-05-04T01:20,14,40,0.15625,40,54,0.0,5.656897260918492,0.9698434498594158,0.78515625,1.0,0.15625
2026-05-04T01:50,14,40,0.15625,40,54,0.0,5.656916851180687,0.9698583346324369,0.78515625,1.0,0.15625
2026-05-04T02:20,15,40,0.15625,40,54,0.0,5.656945416411162,0.9698491393574308,0.78515625,1.0,0.15625
2026-05-04T02:50,14,40,0.15625,40,54,0.0,5.656973800383451,0.9698640066457161,0.78515625,1.0,0.15625
2026-05-04T03:20,13,40,0.15625,40,54,0.0,5.657002003625669,0.9698788592792076,0.78515625,1.0,0.15625
2026-05-04T03:50,13,40,0.15625,40,54,0.0,5.6570338859046565,0.9698696674826145,0.78515625,1.0,0.15625
2026-05-04T04:20,13,40,0.15625,40,54,0.0,5.657060156427008,0.9698604847375197,0.78515625,1.0,0.15625
2026-05-04T04:50,13,40,0.15625,40,54,0.0,5.657089192624149,0.96985131103056,0.78515625,1.0,0.15625
2026-05-04T05:20,13,40,0.15625,40,54,0.0,5.657113946965632,0.9698421463483979,0.78515625,1.0,0.15625
2026-05-04T05:50,13,40,0.15625,40,54,0.0,5.657138699762442,0.9698329906777228,0.78515625,1.0,0.15625
2026-05-04T06:20,13,40,0.15625,40,54,0.0,5.657154580986619,0.9698238440052497,0.78515625,1.0,0.15625
2026-05-04T06:50,12,40,0.15625,40,54,0.0,5.657170448468877,0.9697918882394131,0.78515625,1.0,0.15625
2026-05-04T07:20,12,40,0.15625,40,54,0.0,5.657176207632918,0.9697827707254002,0.78515625,1.0,0.15625
2026-05-04T07:50,12,40,0.15625,40,54,0.0,5.657181833451889,0.9697975976288715,0.78515625,1.0,0.15625
2026-05-04T08:20,12,40,0.15625,40,54,0.0,5.6571873263268255,0.969812409989034,0.78515625,1.0,0.15625
2026-05-04T08:50,12,40,0.15625,40,54,0.0,5.657191609596743,0.9698032958234487,0.78515625,1.0,0.15625
2026-05-04T09:20,12,40,0.15625,40,54,0.0,5.657192656935011,0.9697941905889418,0.78515625,1.0,0.15625
2026-05-04T09:50,13,40,0.15625,40,54,0.0,5.657193580794751,0.9698089828560383,0.78515625,1.0,0.15625
2026-05-04T10:20,13,40,0.15625,40,54,0.0,5.657189088009905,0.9697998837514564,0.78515625,1.0,0.15625
2026-05-04T10:50,13,40,0.15625,40,54,0.0,5.657184483125137,0.9698146587594058,0.78515625,1.0,0.15625
2026-05-04T11:20,14,40,0.15625,40,54,0.0,5.6571757465079235,0.9698055657782008,0.78515625,1.0,0.15625
2026-05-04T11:50,14,40,0.15625,40,54,0.0,5.657166907171575,0.969820323566188,0.78515625,1.0,0.15625
2026-05-04T12:20,14,40,0.15625,40,54,0.0,5.657147753725919,0.9698112367018152,0.78515625,1.0,0.15625
2026-05-04T12:50,14,40,0.15625,40,54,0.0,5.657128519403634,0.9698259773088944,0.78515625,1.0,0.15625
2026-05-04T13:20,15,40,0.15625,40,54,0.0,5.657109204465806,0.969840703527875,0.78515625,1.0,0.15625
2026-05-04T13:50,15,40,0.15625,40,54,0.0,5.6570898091726995,0.9698554153798126,0.78515625,1.0,0.15625
2026-05-04T14:20,15,40,0.15625,40,54,0.0,5.65707033378375,0.969870112885722,0.78515625,1.0,0.15625
2026-05-04T14:50,15,40,0.15625,40,54,0.0,5.657050778557575,0.9698847960665768,0.78515625,1.0,0.15625
2026-05-04T15:20,15,40,0.15625,40,54,0.0,5.657031143751968,0.9698994649433101,0.78515625,1.0,0.15625
2026-05-04T15:50,15,40,0.15625,40,54,0.0,5.6570089304092095,0.969890370516461,0.78515625,1.0,0.15625
2026-05-04T16:20,15,40,0.15625,40,54,0.0,5.656986642886192,0.9699050224042876,0.78515625,1.0,0.15625
2026-05-04T16:50,14,40,0.15625,40,54,0.0,5.656960285227866,0.969895934121112,0.78515625,1.0,0.15625
2026-05-04T17:20,14,40,0.15625,40,54,0.0,5.656940278607202,0.9698868546743806,0.78515625,1.0,0.15625
2026-05-04T17:50,15,40,0.15625,40,54,0.0,5.656921217238712,0.9698777840512129,0.78515625,1.0,0.15625
2026-05-04T18:20,15,40,0.15625,40,54,0.0,5.656904885195352,0.9698687222387524,0.78515625,1.0,0.15625
2026-05-04T18:50,15,40,0.15625,40,54,0.0,5.656892948984952,0.9698596692241681,0.78515625,1.0,0.15625
2026-05-04T19:20,15,40,0.15625,40,54,0.0,5.656880918726431,0.9698742933536081,0.78515625,1.0,0.15625
2026-05-04T19:50,15,40,0.15625,40,54,0.0,5.656868794712018,0.9698889032986354,0.78515625,1.0,0.15625
2026-05-04T20:20,14,40,0.15625,40,54,0.0,5.656857275433448,0.9698798536664961,0.78515625,1.0,0.15625
2026-05-04T20:50,14,40,0.15625,40,54,0.0,5.656852482020511,0.9698708128033802,0.78515625,1.0,0.15625
2026-05-04T21:20,13,40,0.15625,40,54,0.0,5.656854165209887,0.969861780696548,0.78515625,1.0,0.15625
2026-05-04T21:50,14,40,0.15625,40,54,0.0,5.65685572714515,0.969876368411603,0.78515625,1.0,0.15625
2026-05-04T22:20,13,40,0.15625,40,54,0.0,5.656857168188118,0.9698909420117909,0.78515625,1.0,0.15625
2026-05-04T22:50,13,40,0.15625,40,54,0.0,5.656860507123053,0.9698819132739686,0.78515625,1.0,0.15625
2026-05-04T23:20,13,40,0.15625,40,54,0.0,5.656880283305752,0.9698504391277568,0.78515625,1.0,0.15625
2026-05-04T23:50,12,40,0.15625,40,54,0.0,5.656899901941875,0.9698650041330091,0.78515625,1.0,0.15625
2026-05-05T00:20,12,40,0.15625,40,54,0.0,5.656919363486367,0.9698795550725876,0.78515625,1.0,0.15625
2026-05-05T00:50,12,40,0.15625,40,54,0.0,5.656938668392696,0.9698940919668576,0.78515625,1.0,0.15625
2026-05-05T01:20,12,40,0.15625,40,54,0.0,5.656957817112865,0.969908614836145,0.78515625,1.0,0.15625
2026-05-05T01:50,11,40,0.15625,40,54,0.0,5.656976810097407,0.9699231237007371,0.78515625,1.0,0.15625
2026-05-05T02:20,11,40,0.15625,40,54,0.0,5.6570045456645115,0.9699141099120597,0.78515625,1.0,0.15625
2026-05-05T02:50,11,40,0.15625,40,54,0.0,5.657032108597768,0.9699286021519864,0.78515625,1.0,0.15625
2026-05-05T03:20,11,40,0.15625,40,54,0.0,5.6570594993885726,0.9699430804369398,0.78515625,1.0,0.15625
2026-05-05T03:50,11,40,0.15625,40,54,0.0,5.657090486098223,0.9699340700576126,0.78515625,1.0,0.15625
2026-05-05T04:20,11,40,0.15625,40,54,0.0,5.6571160116547,0.969925068346279,0.78515625,1.0,0.15625
2026-05-05T04:50,11,40,0.15625,40,54,0.0,5.657144243854241,0.9699160752904371,0.78515625,1.0,0.15625
2026-05-05T05:20,11,40,0.15625,40,54,0.0,5.657168325912804,0.969907090877609,0.78515625,1.0,0.15625
2026-05-05T05:50,11,40,0.15625,40,54,0.0,5.657192406683547,0.9698981150953407,0.78515625,1.0,0.15625
2026-05-05T06:20,11,40,0.15625,40,54,0.0,5.657207830226396,0.9698891479312024,0.78515625,1.0,0.15625
2026-05-05T06:50,11,40,0.15625,40,54,0.0,5.657223281210645,0.9698578968548256,0.78515625,1.0,0.15625
2026-05-05T07:20,11,40,0.15625,40,54,0.0,5.657228889368327,0.9698489575816075,0.78515625,1.0,0.15625
2026-05-05T07:50,11,40,0.15625,40,54,0.0,5.657234370295581,0.9698634115808493,0.78515625,1.0,0.15625
2026-05-05T08:20,12,40,0.15625,40,54,0.0,5.657239724366181,0.9698778517286304,0.78515625,1.0,0.15625
2026-05-05T08:50,12,40,0.15625,40,54,0.0,5.6572438668597895,0.9698689157422637,0.78515625,1.0,0.15625
2026-05-05T09:20,12,40,0.15625,40,54,0.0,5.65724486773282,0.9698599883111738,0.78515625,1.0,0.15625
2026-05-05T09:50,13,40,0.15625,40,54,0.0,5.657245750782241,0.9698744093693981,0.78515625,1.0,0.15625
2026-05-05T10:20,13,40,0.15625,40,54,0.0,5.657241399295718,0.9698654878499459,0.78515625,1.0,0.15625
2026-05-05T10:50,13,40,0.15625,40,54,0.0,5.657236940717339,0.969879892492465,0.78515625,1.0,0.15625
2026-05-05T11:20,14,40,0.15625,40,54,0.0,5.657228440618454,0.9698709768783716,0.78515625,1.0,0.15625
2026-05-05T11:50,15,40,0.15625,40,54,0.0,5.657219842380581,0.9698853651415625,0.78515625,1.0,0.15625
2026-05-05T12:20,15,40,0.15625,40,54,0.0,5.657201200685379,0.9698764554265524,0.78515625,1.0,0.15625
2026-05-05T12:50,16,40,0.15625,40,54,0.0,5.657182481622119,0.9698908273466733,0.78515625,1.0,0.15625
2026-05-05T13:20,16,40,0.15625,40,54,0.0,5.657163685434728,0.9699051855596696,0.78515625,1.0,0.15625
2026-05-05T13:50,16,40,0.15625,40,54,0.0,5.657144812366376,0.9699195300851418,0.78515625,1.0,0.15625
2026-05-05T14:20,16,40,0.15625,40,54,0.0,5.65712586265948,0.9699338609426523,0.78515625,1.0,0.15625
2026-05-05T14:50,16,40,0.15625,40,54,0.0,5.6571068365557045,0.9699481781517273,0.78515625,1.0,0.15625
2026-05-05T15:20,16,40,0.15625,40,54,0.0,5.657087734295969,0.969962481731855,0.78515625,1.0,0.15625
2026-05-05T15:50,16,40,0.15625,40,54,0.0,5.657066104236603,0.9699535650003912,0.78515625,1.0,0.15625
2026-05-05T16:20,16,40,0.15625,40,54,0.0,5.657044403184735,0.9699678524159878,0.78515625,1.0,0.15625
2026-05-05T16:50,15,40,0.15625,40,54,0.0,5.657018721076515,0.9699589416078981,0.78515625,1.0,0.15625
2026-05-05T17:20,15,40,0.15625,40,54,0.0,5.656999186973375,0.9699500392661343,0.78515625,1.0,0.15625
2026-05-05T17:50,15,40,0.15625,40,54,0.0,5.656980537871312,0.9699411453786362,0.78515625,1.0,0.15625
2026-05-05T18:20,15,40,0.15625,40,54,0.0,5.656964549861059,0.9699322599333664,0.78515625,1.0,0.15625
2026-05-05T18:50,14,40,0.15625,40,54,0.0,5.65695283978245,0.9699233829183103,0.78515625,1.0,0.15625
2026-05-05T19:20,14,40,0.15625,40,54,0.0,5.656941039961489,0.9699376439980076,0.78515625,1.0,0.15625
2026-05-05T19:50,14,40,0.15625,40,54,0.0,5.6569291506707176,0.9699518915600939,0.78515625,1.0,0.15625
2026-05-05T20:20,13,40,0.15625,40,54,0.0,5.65691785425333,0.9699430178607262,0.78515625,1.0,0.15625
2026-05-05T20:50,13,40,0.15625,40,54,0.0,5.656913125436427,0.9699341525644831,0.78515625,1.0,0.15625
2026-05-05T21:20,13,40,0.15625,40,54,0.0,5.656914693099473,0.9699252956594338,0.78515625,1.0,0.15625
2026-05-05T21:50,12,40,0.15625,40,54,0.0,5.656916145100666,0.9699395221042496,0.78515625,1.0,0.15625
2026-05-05T22:20,12,40,0.15625,40,54,0.0,5.6569174817773265,0.9699537350961625,0.78515625,1.0,0.15625
2026-05-05T22:50,11,40,0.15625,40,54,0.0,5.656920666207499,0.9699448814936572,0.78515625,1.0,0.15625
2026-05-05T23:20,12,40,0.15625,40,54,0.0,5.65693984264824,0.9699140912353995,0.78515625,1.0,0.15625
2026-05-05T23:50,11,40,0.15625,40,54,0.0,5.656958868901687,0.969928296102616,0.78515625,1.0,0.15625
2026-05-06T00:20,11,40,0.15625,40,54,0.0,5.656977745391746,0.9699424875626903,0.78515625,1.0,0.15625
2026-05-06T00:50,11,40,0.15625,40,54,0.0,5.656996472540981,0.9699566656345947,0.78515625,1.0,0.15625
2026-05-06T01:20,10,40,0.15625,40,54,0.0,5.657015050770614,0.9699708303372657,0.78515625,1.0,0.15625
2026-05-06T01:50,10,40,0.15625,40,54,0.0,5.657033480500532,0.9699849816896045,0.78515625,1.0,0.15625
2026-05-06T02:20,10,40,0.15625,40,54,0.0,5.657060432012913,0.969976142561251,0.78515625,1.0,0.15625
2026-05-06T02:50,10,40,0.15625,40,54,0.0,5.657087218914099,0.969990278087352,0.78515625,1.0,0.15625
2026-05-06T03:20,10,40,0.15625,40,54,0.0,5.657113841662104,0.9700044003094286,0.78515625,1.0,0.15625
2026-05-06T03:50,10,40,0.15625,40,54,0.0,5.657143980873935,0.9699955645200993,0.78515625,1.0,0.15625
2026-05-06T04:20,9,40,0.15625,40,54,0.0,5.657168801826918,0.9699867370389872,0.78515625,1.0,0.15625
2026-05-06T04:50,9,40,0.15625,40,54,0.0,5.65719627282895,0.9699779178543801,0.78515625,1.0,0.15625
2026-05-06T05:20,9,40,0.15625,40,54,0.0,5.657219717986886,0.9699691069545872,0.78515625,1.0,0.15625
2026-05-06T05:50,9,40,0.15625,40,54,0.0,5.657243162083195,0.9699603043279396,0.78515625,1.0,0.15625
2026-05-06T06:20,8,40,0.15625,40,54,0.0,5.657258153181228,0.9699515099627902,0.78515625,1.0,0.15625
2026-05-06T06:50,8,40,0.15625,40,54,0.0,5.657273209243226,0.9699209332248914,0.78515625,1.0,0.15625
2026-05-06T07:20,8,40,0.15625,40,54,0.0,5.65728812442477,0.9699350349908431,0.78515625,1.0,0.15625
2026-05-06T07:50,9,40,0.15625,40,54,0.0,5.6572934773477535,0.9699262648302078,0.78515625,1.0,0.15625
2026-05-06T08:20,9,40,0.15625,40,54,0.0,5.6572987090721725,0.9699403508888353,0.78515625,1.0,0.15625
2026-05-06T08:50,10,40,0.15625,40,54,0.0,5.657303819945914,0.9699544237582695,0.78515625,1.0,0.15625
2026-05-06T09:20,10,40,0.15625,40,54,0.0,5.657302586864512,0.9699456568366208,0.78515625,1.0,0.15625
2026-05-06T09:50,11,40,0.15625,40,54,0.0,5.657301902401416,0.9699368981160215,0.78515625,1.0,0.15625
2026-05-06T10:20,11,40,0.15625,40,54,0.0,5.657297724672955,0.9699281475849691,0.78515625,1.0,0.15625
2026-05-06T10:50,11,40,0.15625,40,54,0.0,5.657293444457061,0.9699421998524528,0.78515625,1.0,0.15625
2026-05-06T11:20,11,40,0.15625,40,54,0.0,5.657285209022517,0.9699334550193573,0.78515625,1.0,0.15625
2026-05-06T11:50,12,40,0.15625,40,54,0.0,5.657276879654422,0.9699474916883493,0.78515625,1.0,0.15625
2026-05-06T12:20,12,40,0.15625,40,54,0.0,5.657258763765626,0.969938752547195,0.78515625,1.0,0.15625
2026-05-06T12:50,12,40,0.15625,40,54,0.0,5.657240573719563,0.9699527736514174,0.78515625,1.0,0.15625
2026-05-06T13:50,12,40,0.15625,40,54,0.0,5.657222309744629,0.9699667816823491,0.78515625,1.0,0.15625
2026-05-06T14:20,12,40,0.15625,40,54,0.0,5.6572039720685385,0.969980776658266,0.78515625,1.0,0.15625
2026-05-06T14:50,12,40,0.15625,40,54,0.0,5.657185560918313,0.9699947585974098,0.78515625,1.0,0.15625
2026-05-06T15:20,12,40,0.15625,40,54,0.0,5.657167076520285,0.9700087275179883,0.78515625,1.0,0.15625
2026-05-06T15:50,13,40,0.15625,40,54,0.0,5.65714609481408,0.9699999842814491,0.78515625,1.0,0.15625
2026-05-06T16:20,13,40,0.15625,40,54,0.0,5.657125044840494,0.9700139377771321,0.78515625,1.0,0.15625
2026-05-06T16:50,13,40,0.15625,40,54,0.0,5.657100080033713,0.9700052002478053,0.78515625,1.0,0.15625
2026-05-06T17:20,13,40,0.15625,40,54,0.0,5.65708106102447,0.9699964708388589,0.78515625,1.0,0.15625
2026-05-06T17:50,13,40,0.15625,40,54,0.0,5.657062855106326,0.9699877495389777,0.78515625,1.0,0.15625
2026-05-06T18:20,12,40,0.15625,40,54,0.0,5.657047230673899,0.9699790363368682,0.78515625,1.0,0.15625
2026-05-06T18:50,12,40,0.15625,40,54,0.0,5.657035760754968,0.9699703312212573,0.78515625,1.0,0.15625
2026-05-06T19:50,12,40,0.15625,40,54,0.0,5.657024204978435,0.9699842596390582,0.78515625,1.0,0.15625
2026-05-06T20:20,12,40,0.15625,40,54,0.0,5.657013032729372,0.969975560173391,0.78515625,1.0,0.15625
2026-05-06T20:50,12,40,0.15625,40,54,0.0,5.657008388181134,0.9699668687702501,0.78515625,1.0,0.15625
2026-05-06T21:20,11,40,0.15625,40,54,0.0,5.6570098142333265,0.969958185418432,0.78515625,1.0,0.15625
2026-05-06T21:50,11,40,0.15625,40,54,0.0,5.657011129691123,0.9699720936659235,0.78515625,1.0,0.15625
2026-05-06T22:20,11,40,0.15625,40,54,0.0,5.657012334870226,0.9699859890413673,0.78515625,1.0,0.15625
2026-05-06T22:50,10,40,0.15625,40,54,0.0,5.657015308952192,0.969977308894815,0.78515625,1.0,0.15625
2026-05-06T23:20,10,40,0.15625,40,54,0.0,5.6570337927495915,0.9699471584536995,0.78515625,1.0,0.15625
2026-05-06T23:50,10,40,0.15625,40,54,0.0,5.6570521332281105,0.9699610460884251,0.78515625,1.0,0.15625
2026-05-07T00:20,10,40,0.15625,40,54,0.0,5.657070330783739,0.969974920893927,0.78515625,1.0,0.15625
2026-05-07T00:50,10,40,0.15625,40,54,0.0,5.65708838581124,0.9699887828879742,0.78515625,1.0,0.15625
2026-05-07T01:20,10,40,0.15625,40,54,0.0,5.657106298704152,0.9700026320883027,0.78515625,1.0,0.15625
2026-05-07T01:50,10,40,0.15625,40,54,0.0,5.657124069854798,0.9700164685126162,0.78515625,1.0,0.15625
2026-05-07T02:20,10,40,0.15625,40,54,0.0,5.657150135215318,0.970007802327131,0.78515625,1.0,0.15625
2026-05-07T02:50,10,40,0.15625,40,54,0.0,5.657176043476547,0.9700216236163812,0.78515625,1.0,0.15625
2026-05-07T03:20,10,40,0.15625,40,54,0.0,5.6572017950664,0.9700354321729835,0.78515625,1.0,0.15625
2026-05-07T03:50,10,40,0.15625,40,54,0.0,5.657230971935121,0.9700267692264007,0.78515625,1.0,0.15625
2026-05-07T04:20,10,40,0.15625,40,54,0.0,5.6572549570687745,0.9700181142530775,0.78515625,1.0,0.15625
2026-05-07T04:50,9,40,0.15625,40,54,0.0,5.657281543128588,0.9700094672420113,0.78515625,1.0,0.15625
2026-05-07T05:20,9,40,0.15625,40,54,0.0,5.657304214078393,0.9700008281822197,0.78515625,1.0,0.15625
2026-05-07T05:50,9,40,0.15625,40,54,0.0,5.657326884552104,0.9699921970627403,0.78515625,1.0,0.15625
2026-05-07T06:20,9,40,0.15625,40,54,0.0,5.657341328733555,0.9699835738726312,0.78515625,1.0,0.15625
2026-05-07T06:50,9,40,0.15625,40,54,0.0,5.65735589091653,0.9699536282026997,0.78515625,1.0,0.15625
2026-05-07T07:20,10,40,0.15625,40,54,0.0,5.657361142277057,0.9699450306276619,0.78515625,1.0,0.15625
2026-05-07T07:50,10,40,0.15625,40,54,0.0,5.657366277377034,0.9699588173108602,0.78515625,1.0,0.15625
2026-05-07T08:20,10,40,0.15625,40,54,0.0,5.657371296543212,0.9699725913515247,0.78515625,1.0,0.15625
2026-05-07T08:50,11,40,0.15625,40,54,0.0,5.657375166346069,0.9699639969064484,0.78515625,1.0,0.15625
2026-05-07T09:20,12,40,0.15625,40,54,0.0,5.657376125470916,0.9699554103353484,0.78515625,1.0,0.15625
2026-05-07T09:50,12,40,0.15625,40,54,0.0,5.657375415059193,0.9699468316274088,0.78515625,1.0,0.15625
2026-05-07T10:20,12,40,0.15625,40,54,0.0,5.657371375488008,0.9699382607718333,0.78515625,1.0,0.15625
2026-05-07T10:50,13,40,0.15625,40,54,0.0,5.657367237606179,0.969952012711096,0.78515625,1.0,0.15625
2026-05-07T11:20,13,40,0.15625,40,54,0.0,5.6573592561307695,0.9699434473244861,0.78515625,1.0,0.15625
2026-05-07T11:50,13,40,0.15625,40,54,0.0,5.657351184475374,0.9699571843229666,0.78515625,1.0,0.15625
2026-05-07T12:20,14,40,0.15625,40,54,0.0,5.657333586876564,0.9699486243996557,0.78515625,1.0,0.15625
2026-05-07T12:50,13,40,0.15625,40,54,0.0,5.657315917932934,0.9699623464889708,0.78515625,1.0,0.15625
2026-05-07T13:20,14,40,0.15625,40,54,0.0,5.657298177859414,0.9699760560524173,0.78515625,1.0,0.15625
2026-05-07T13:50,14,40,0.15625,40,54,0.0,5.6572803668702925,0.9699897531071376,0.78515625,1.0,0.15625
2026-05-07T14:20,13,40,0.15625,40,54,0.0,5.6572624851792295,0.9700034376702443,0.78515625,1.0,0.15625
2026-05-07T14:50,14,40,0.15625,40,54,0.0,5.657244532999242,0.9700171097588176,0.78515625,1.0,0.15625
2026-05-07T15:20,14,40,0.15625,40,54,0.0,5.657226510542722,0.970030769389907,0.78515625,1.0,0.15625
2026-05-07T15:50,14,40,0.15625,40,54,0.0,5.657206051499262,0.9700222032436434,0.78515625,1.0,0.15625
2026-05-07T16:20,14,40,0.15625,40,54,0.0,5.657185526929167,0.970035848121548,0.78515625,1.0,0.15625
2026-05-07T16:50,14,40,0.15625,40,54,0.0,5.657161181230901,0.9700272874591611,0.78515625,1.0,0.15625
2026-05-07T17:20,14,40,0.15625,40,54,0.0,5.657142621831221,0.9700187345827335,0.78515625,1.0,0.15625
2026-05-07T17:50,13,40,0.15625,40,54,0.0,5.657124840954734,0.9700101894816482,0.78515625,1.0,0.15625
2026-05-07T18:20,13,40,0.15625,40,54,0.0,5.657109598986601,0.9700016521453072,0.78515625,1.0,0.15625
2026-05-07T18:50,13,40,0.15625,40,54,0.0,5.657098423837324,0.9699931225631319,0.78515625,1.0,0.15625
2026-05-07T19:20,13,40,0.15625,40,54,0.0,5.657087166346913,0.9700067434788998,0.78515625,1.0,0.15625
2026-05-07T19:50,13,40,0.15625,40,54,0.0,5.657075826754682,0.9700203520344902,0.78515625,1.0,0.15625
2026-05-07T20:20,12,40,0.15625,40,54,0.0,5.657064893193754,0.9700118255765131,0.78515625,1.0,0.15625
2026-05-07T20:50,12,40,0.15625,40,54,0.0,5.6570603131729795,0.9700033068487791,0.78515625,1.0,0.15625
2026-05-07T21:20,12,40,0.15625,40,54,0.0,5.657061629608438,0.9699947958407802,0.78515625,1.0,0.15625
2026-05-07T21:50,12,40,0.15625,40,54,0.0,5.657062840349538,0.970008385154258,0.78515625,1.0,0.15625
2026-05-07T22:20,12,40,0.15625,40,54,0.0,5.6570639456914655,0.9700219621641475,0.78515625,1.0,0.15625
2026-05-07T22:50,12,40,0.15625,40,54,0.0,5.6570667760647595,0.9700134542682339,0.78515625,1.0,0.15625
2026-05-07T23:20,11,40,0.15625,40,54,0.0,5.657084730951617,0.969983942034174,0.78515625,1.0,0.15625
2026-05-07T23:50,11,40,0.15625,40,54,0.0,5.657102548914217,0.9699975116806324,0.78515625,1.0,0.15625
2026-05-08T00:20,11,40,0.15625,40,54,0.0,5.657120230322708,0.9700110690635151,0.78515625,1.0,0.15625
2026-05-08T00:50,10,40,0.15625,40,54,0.0,5.657137775546108,0.9700246141994394,0.78515625,1.0,0.15625
2026-05-08T01:20,10,40,0.15625,40,54,0.0,5.657155184952324,0.9700381471049927,0.78515625,1.0,0.15625
2026-05-08T01:50,9,40,0.15625,40,54,0.0,5.657172458908139,0.9700516677967324,0.78515625,1.0,0.15625
2026-05-08T02:20,9,40,0.15625,40,54,0.0,5.657197827721469,0.9700431733647966,0.78515625,1.0,0.15625
2026-05-08T02:50,9,40,0.15625,40,54,0.0,5.657223046410512,0.9700566795986267,0.78515625,1.0,0.15625
2026-05-08T03:20,9,40,0.15625,40,54,0.0,5.65724811537537,0.9700701736591951,0.78515625,1.0,0.15625
2026-05-08T03:50,9,40,0.15625,40,54,0.0,5.657276537469331,0.9700616823702474,0.78515625,1.0,0.15625
2026-05-08T04:20,8,40,0.15625,40,54,0.0,5.65729989736954,0.970053198727665,0.78515625,1.0,0.15625
2026-05-08T04:50,8,40,0.15625,40,54,0.0,5.657325805828251,0.9700447227211247,0.78515625,1.0,0.15625
2026-05-08T05:20,8,40,0.15625,40,54,0.0,5.657347910671291,0.9700362543403214,0.78515625,1.0,0.15625
2026-05-08T05:50,8,40,0.15625,40,54,0.0,5.657370015189463,0.9700277935749683,0.78515625,1.0,0.15625
2026-05-08T06:20,9,40,0.15625,40,54,0.0,5.65738409059122,0.9700193404147975,0.78515625,1.0,0.15625
2026-05-08T06:50,9,40,0.15625,40,54,0.0,5.657398314451752,0.969990024405969,0.78515625,1.0,0.15625
2026-05-08T07:20,10,40,0.15625,40,54,0.0,5.657403441668543,0.9699815957969833,0.78515625,1.0,0.15625
2026-05-08T07:50,11,40,0.15625,40,54,0.0,5.657408457610227,0.9699950690484209,0.78515625,1.0,0.15625
2026-05-08T08:20,12,40,0.15625,40,54,0.0,5.657413362582755,0.9700085302108038,0.78515625,1.0,0.15625
2026-05-08T08:50,13,40,0.15625,40,54,0.0,5.657417117085556,0.9700001046421869,0.78515625,1.0,0.15625
2026-05-08T09:20,14,40,0.15625,40,54,0.0,5.657418052990797,0.9699916866267466,0.78515625,1.0,0.15625
2026-05-08T09:50,15,40,0.15625,40,54,0.0,5.6574188856102055,0.9700051312115913,0.78515625,1.0,0.15625
2026-05-08T10:20,16,40,0.15625,40,54,0.0,5.657414964134321,0.969996718484759,0.78515625,1.0,0.15625
2026-05-08T10:50,16,40,0.15625,40,54,0.0,5.657410948467947,0.9700101487808714,0.78515625,1.0,0.15625
2026-05-08T11:20,16,40,0.15625,40,54,0.0,5.657403167364682,0.970001741337209,0.78515625,1.0,0.15625
2026-05-08T11:50,17,40,0.15625,40,54,0.0,5.657395299855422,0.970015157374178,0.78515625,1.0,0.15625
2026-05-08T12:20,17,40,0.15625,40,54,0.0,5.657378138381209,0.9700067552082509,0.78515625,1.0,0.15625
2026-05-08T12:50,17,40,0.15625,40,54,0.0,5.657360908474678,0.9700201570155751,0.78515625,1.0,0.15625
2026-05-08T13:20,17,40,0.15625,40,54,0.0,5.657343610337477,0.9700335468516557,0.78515625,1.0,0.15625
2026-05-08T13:50,17,40,0.15625,40,54,0.0,5.657326244170672,0.9700469247325257,0.78515625,1.0,0.15625
2026-05-08T14:20,18,40,0.15625,40,54,0.0,5.6573088101747455,0.970060290674189,0.78515625,1.0,0.15625
2026-05-08T14:50,18,40,0.15625,40,54,0.0,5.657291308549598,0.9700736446926216,0.78515625,1.0,0.15625
2026-05-08T15:20,18,40,0.15625,40,54,0.0,5.65727373949455,0.9700869868037706,0.78515625,1.0,0.15625
2026-05-08T15:50,18,40,0.15625,40,54,0.0,5.657253779372054,0.9700785788382585,0.78515625,1.0,0.15625
2026-05-08T16:20,18,40,0.15625,40,54,0.0,5.6572337563745005,0.9700919068655022,0.78515625,1.0,0.15625
2026-05-08T16:50,18,40,0.15625,40,54,0.0,5.6572099909140166,0.9700835041964593,0.78515625,1.0,0.15625
2026-05-08T17:20,18,40,0.15625,40,54,0.0,5.6571918403188794,0.9700751090064275,0.78515625,1.0,0.15625
2026-05-08T17:50,18,40,0.15625,40,54,0.0,5.657174934422251,0.970066721285426,0.78515625,1.0,0.15625
2026-05-08T19:20,16,40,0.15625,40,54,0.0,5.657164020261205,0.9700376840170744,0.78515625,1.0,0.15625
2026-05-08T19:50,15,40,0.15625,40,54,0.0,5.657153027098696,0.9700510006019556,0.78515625,1.0,0.15625
2026-05-08T20:20,15,40,0.15625,40,54,0.0,5.657142532918497,0.9700426347697003,0.78515625,1.0,0.15625
2026-05-08T20:50,14,40,0.15625,40,54,0.0,5.657138111038379,0.9700342763671361,0.78515625,1.0,0.15625
2026-05-08T21:20,13,40,0.15625,40,54,0.0,5.6571394114626425,0.9700259253843698,0.78515625,1.0,0.15625
2026-05-08T21:50,13,40,0.15625,40,54,0.0,5.657140610437837,0.9700392235541194,0.78515625,1.0,0.15625
2026-05-08T22:20,13,40,0.15625,40,54,0.0,5.657141708241451,0.9700525099294834,0.78515625,1.0,0.15625
2026-05-08T22:50,12,40,0.15625,40,54,0.0,5.657144460354281,0.9700441619694948,0.78515625,1.0,0.15625
2026-05-08T23:20,13,40,0.15625,40,54,0.0,5.657161922172205,0.9700152376198238,0.78515625,1.0,0.15625
2026-05-08T23:50,12,40,0.15625,40,54,0.0,5.657179252825255,0.9700285169654306,0.78515625,1.0,0.15625
2026-05-09T00:20,12,40,0.15625,40,54,0.0,5.657196452660783,0.970041784554202,0.78515625,1.0,0.15625
2026-05-09T00:50,10,40,0.15625,40,54,0.0,5.6572135220251125,0.9700550404017444,0.78515625,1.0,0.15625
2026-05-09T01:20,10,40,0.15625,40,54,0.0,5.6572304612635325,0.9700682845236366,0.78515625,1.0,0.15625
2026-05-09T01:50,10,40,0.15625,40,54,0.0,5.657247270720312,0.9700815169354299,0.78515625,1.0,0.15625
2026-05-09T02:20,11,40,0.15625,40,54,0.0,5.657271968508686,0.9700731819797337,0.78515625,1.0,0.15625
2026-05-09T02:50,11,40,0.15625,40,54,0.0,5.657296522500232,0.9700864005389299,0.78515625,1.0,0.15625
2026-05-09T03:20,10,40,0.15625,40,54,0.0,5.657320933070407,0.9700996074261092,0.78515625,1.0,0.15625
2026-05-09T03:50,10,40,0.15625,40,54,0.0,5.657348596479623,0.9700912755217708,0.78515625,1.0,0.15625
2026-05-09T04:20,10,40,0.15625,40,54,0.0,5.65737128375173,0.9700829509680317,0.78515625,1.0,0.15625
2026-05-09T04:50,10,40,0.15625,40,54,0.0,5.657396445481717,0.9700746337551687,0.78515625,1.0,0.15625
2026-05-09T05:20,9,40,0.15625,40,54,0.0,5.657417887806697,0.9700663238734762,0.78515625,1.0,0.15625
2026-05-09T05:50,10,40,0.15625,40,54,0.0,5.657439314771256,0.9700580213132656,0.78515625,1.0,0.15625
2026-05-09T06:20,10,40,0.15625,40,54,0.0,5.657452905926523,0.9700497260648648,0.78515625,1.0,0.15625
2026-05-09T06:50,11,40,0.15625,40,54,0.0,5.6574666491614085,0.9700209902280237,0.78515625,1.0,0.15625
2026-05-09T07:20,11,40,0.15625,40,54,0.0,5.65747152855393,0.9700127185702881,0.78515625,1.0,0.15625
2026-05-09T07:50,12,40,0.15625,40,54,0.0,5.65747630139768,0.9700259055893866,0.78515625,1.0,0.15625
2026-05-09T08:20,13,40,0.15625,40,54,0.0,5.657480967979714,0.9700390810155012,0.78515625,1.0,0.15625
2026-05-09T08:50,14,40,0.15625,40,54,0.0,5.657484505925191,0.970030812312153,0.78515625,1.0,0.15625
2026-05-09T09:20,15,40,0.15625,40,54,0.0,5.657485323833285,0.9700225508716097,0.78515625,1.0,0.15625
2026-05-09T09:50,16,40,0.15625,40,54,0.0,5.6574815338760205,0.9700142966843066,0.78515625,1.0,0.15625
2026-05-09T10:20,16,40,0.15625,40,54,0.0,5.65747765331219,0.9700274540793552,0.78515625,1.0,0.15625
2026-05-09T10:50,17,40,0.15625,40,54,0.0,5.657470088473828,0.9700192049820376,0.78515625,1.0,0.15625
2026-05-09T11:20,18,40,0.15625,40,54,0.0,5.657462440488571,0.9700323486887531,0.78515625,1.0,0.15625
2026-05-09T11:50,18,40,0.15625,40,54,0.0,5.657454709588009,0.9700454808760061,0.78515625,1.0,0.15625
2026-05-09T12:20,18,40,0.15625,40,54,0.0,5.6574379210010335,0.9700372347224008,0.78515625,1.0,0.15625
2026-05-09T12:50,19,40,0.15625,40,54,0.0,5.657421066653604,0.9700503532711212,0.78515625,1.0,0.15625
2026-05-09T13:20,19,40,0.15625,40,54,0.0,5.657404146735542,0.9700634603375233,0.78515625,1.0,0.15625
2026-05-09T13:50,19,40,0.15625,40,54,0.0,5.657387161436133,0.9700765559366759,0.78515625,1.0,0.15625
2026-05-09T14:20,20,40,0.15625,40,54,0.0,5.657370110944123,0.9700896400836209,0.78515625,1.0,0.15625
2026-05-09T14:50,20,40,0.15625,40,54,0.0,5.65735299544772,0.9701027127933743,0.78515625,1.0,0.15625
2026-05-09T15:20,19,40,0.15625,40,54,0.0,5.657335815134603,0.9701157740809264,0.78515625,1.0,0.15625
2026-05-09T15:50,20,40,0.15625,40,54,0.0,5.6573163113856655,0.9701075224381815,0.78515625,1.0,0.15625
2026-05-09T16:20,20,40,0.15625,40,54,0.0,5.657296747153883,0.9701205702241098,0.78515625,1.0,0.15625
2026-05-09T16:50,19,40,0.15625,40,54,0.0,5.657273536537186,0.9701123236891932,0.78515625,1.0,0.15625
2026-05-09T17:20,18,40,0.15625,40,54,0.0,5.657255816699643,0.9701040843470676,0.78515625,1.0,0.15625
2026-05-09T17:50,18,40,0.15625,40,54,0.0,5.657239306825902,0.9700958521883266,0.78515625,1.0,0.15625
2026-05-09T18:20,18,40,0.15625,40,54,0.0,5.657224760516654,0.9700876272035801,0.78515625,1.0,0.15625
2026-05-09T18:50,17,40,0.15625,40,54,0.0,5.657214089400133,0.9700794093834545,0.78515625,1.0,0.15625
2026-05-09T19:20,17,40,0.15625,40,54,0.0,5.657203342436688,0.9700924353262567,0.78515625,1.0,0.15625
2026-05-09T19:50,16,40,0.15625,40,54,0.0,5.657192519837674,0.970105449932294,0.78515625,1.0,0.15625
2026-05-09T20:20,15,40,0.15625,40,54,0.0,5.657182188462237,0.9700972350833432,0.78515625,1.0,0.15625
2026-05-09T20:50,15,40,0.15625,40,54,0.0,5.657177800118351,0.9700890273777397,0.78515625,1.0,0.15625
2026-05-09T21:20,14,40,0.15625,40,54,0.0,5.6571789914205866,0.9700808268061697,0.78515625,1.0,0.15625
2026-05-09T21:50,14,40,0.15625,40,54,0.0,5.657180085607524,0.9700938238405719,0.78515625,1.0,0.15625
2026-05-09T22:20,14,40,0.15625,40,54,0.0,5.6571810829392914,0.9701068095879273,0.78515625,1.0,0.15625
2026-05-09T22:50,13,40,0.15625,40,54,0.0,5.657183710461864,0.9700986119762116,0.78515625,1.0,0.15625
2026-05-09T23:20,13,40,0.15625,40,54,0.0,5.657200716626627,0.9700702663331686,0.78515625,1.0,0.15625
2026-05-09T23:50,13,40,0.15625,40,54,0.0,5.657217597198398,0.9700832454024083,0.78515625,1.0,0.15625
2026-05-10T00:20,12,40,0.15625,40,54,0.0,5.657234352502869,0.9700962132197458,0.78515625,1.0,0.15625
2026-05-10T00:50,12,40,0.15625,40,54,0.0,5.657250982864785,0.9701091697998065,0.78515625,1.0,0.15625
2026-05-10T01:20,11,40,0.15625,40,54,0.0,5.657267488607949,0.9701221151571908,0.78515625,1.0,0.15625
2026-05-10T01:50,11,40,0.15625,40,54,0.0,5.657283870055223,0.9701350493064734,0.78515625,1.0,0.15625
2026-05-10T02:20,10,40,0.15625,40,54,0.0,5.657307977490304,0.9701268643055596,0.78515625,1.0,0.15625
2026-05-10T02:50,10,40,0.15625,40,54,0.0,5.657331947173325,0.9701397852120018,0.78515625,1.0,0.15625
2026-05-10T03:20,9,40,0.15625,40,54,0.0,5.657355779456516,0.9701526949460217,0.78515625,1.0,0.15625
2026-05-10T03:50,10,40,0.15625,40,54,0.0,5.657382799434393,0.9701445129310041,0.78515625,1.0,0.15625
2026-05-10T04:20,10,40,0.15625,40,54,0.0,5.657404962329206,0.9701363379846819,0.78515625,1.0,0.15625
2026-05-10T04:50,10,40,0.15625,40,54,0.0,5.657429552201542,0.9701281700978989,0.78515625,1.0,0.15625
2026-05-10T05:20,10,40,0.15625,40,54,0.0,5.657450523759946,0.9701200092615144,0.78515625,1.0,0.15625
2026-05-10T05:50,10,40,0.15625,40,54,0.0,5.657471480623923,0.9701118554664039,0.78515625,1.0,0.15625
2026-05-10T06:20,10,40,0.15625,40,54,0.0,5.657484769331036,0.9701037087034581,0.78515625,1.0,0.15625
2026-05-10T06:50,10,40,0.15625,40,54,0.0,5.657498236048805,0.9700755441327936,0.78515625,1.0,0.15625
2026-05-10T07:20,10,40,0.15625,40,54,0.0,5.657511584463117,0.9700884370478592,0.78515625,1.0,0.15625
2026-05-10T07:50,10,40,0.15625,40,54,0.0,5.657516298837064,0.9700803108958985,0.78515625,1.0,0.15625
2026-05-10T08:20,11,40,0.15625,40,54,0.0,5.657520911226681,0.9700931906587501,0.78515625,1.0,0.15625
2026-05-10T08:50,11,40,0.15625,40,54,0.0,5.6575243948572815,0.9700850694545919,0.78515625,1.0,0.15625
2026-05-10T09:20,12,40,0.15625,40,54,0.0,5.657525226921573,0.9700769552364158,0.78515625,1.0,0.15625
2026-05-10T09:50,12,40,0.15625,40,54,0.0,5.6575244716597135,0.9700688479952114,0.78515625,1.0,0.15625
2026-05-10T10:20,12,40,0.15625,40,54,0.0,5.657520728990563,0.9700607477219841,0.78515625,1.0,0.15625
2026-05-10T10:50,12,40,0.15625,40,54,0.0,5.657516899544586,0.9700736082255398,0.78515625,1.0,0.15625
2026-05-10T11:20,12,40,0.15625,40,54,0.0,5.657509445073658,0.9700655128644275,0.78515625,1.0,0.15625
2026-05-10T11:50,12,40,0.15625,40,54,0.0,5.657501911001188,0.970078360283799,0.78515625,1.0,0.15625
2026-05-10T12:20,12,40,0.15625,40,54,0.0,5.657485529580058,0.9700702698298785,0.78515625,1.0,0.15625
2026-05-10T12:50,12,40,0.15625,40,54,0.0,5.657469084961694,0.970083104191015,0.78515625,1.0,0.15625
2026-05-10T13:20,12,40,0.15625,40,54,0.0,5.657452577324685,0.9700959275496986,0.78515625,1.0,0.15625
2026-05-10T13:50,12,40,0.15625,40,54,0.0,5.657436006847128,0.9701087399200715,0.78515625,1.0,0.15625
2026-05-10T14:20,12,40,0.15625,40,54,0.0,5.657419373706621,0.9701215413162514,0.78515625,1.0,0.15625
2026-05-10T14:50,12,40,0.15625,40,54,0.0,5.657402678080266,0.9701343317523319,0.78515625,1.0,0.15625
2026-05-10T15:20,12,40,0.15625,40,54,0.0,5.657385920144677,0.9701471112423823,0.78515625,1.0,0.15625
2026-05-10T15:50,12,40,0.15625,40,54,0.0,5.65736688012238,0.970139015605493,0.78515625,1.0,0.15625
2026-05-10T16:20,12,40,0.15625,40,54,0.0,5.657347781954585,0.9701517821657301,0.78515625,1.0,0.15625
2026-05-10T16:50,12,40,0.15625,40,54,0.0,5.657325109067063,0.9701436914520674,0.78515625,1.0,0.15625
2026-05-10T17:20,12,40,0.15625,40,54,0.0,5.657307771469967,0.9701356076505907,0.78515625,1.0,0.15625
2026-05-10T17:50,13,40,0.15625,40,54,0.0,5.6572911338379,0.9701275307524456,0.78515625,1.0,0.15625
2026-05-10T18:20,12,40,0.15625,40,54,0.0,5.657276871625853,0.9701194607487933,0.78515625,1.0,0.15625
2026-05-10T18:50,12,40,0.15625,40,54,0.0,5.657266392184434,0.9701113976308097,0.78515625,1.0,0.15625
2026-05-10T19:20,12,40,0.15625,40,54,0.0,5.657255840005081,0.9701241433034619,0.78515625,1.0,0.15625
2026-05-10T19:50,12,40,0.15625,40,54,0.0,5.6572452152863475,0.9701368781102379,0.78515625,1.0,0.15625
2026-05-10T20:20,11,40,0.15625,40,54,0.0,5.657235063036122,0.9701288178776366,0.78515625,1.0,0.15625
2026-05-10T20:50,11,40,0.15625,40,54,0.0,5.6572307298971465,0.9701207645106509,0.78515625,1.0,0.15625
2026-05-10T21:20,10,40,0.15625,40,54,0.0,5.657231827589458,0.9701127180005124,0.78515625,1.0,0.15625
2026-05-10T21:50,9,40,0.15625,40,54,0.0,5.657232832209118,0.9701254359928525,0.78515625,1.0,0.15625
2026-05-10T22:20,9,40,0.15625,40,54,0.0,5.657233744000358,0.9701381431659734,0.78515625,1.0,0.15625
2026-05-10T22:50,8,40,0.15625,40,54,0.0,5.657244184136506,0.9701103471462436,0.78515625,1.0,0.15625
2026-05-10T23:20,8,40,0.15625,40,54,0.0,5.657260692347119,0.9701023187420995,0.78515625,1.0,0.15625
2026-05-10T23:50,7,40,0.15625,40,54,0.0,5.6572770803102115,0.9701150195412744,0.78515625,1.0,0.15625
2026-05-11T00:20,7,40,0.15625,40,54,0.0,5.657293348331271,0.9701277095542081,0.78515625,1.0,0.15625
2026-05-11T00:50,7,40,0.15625,40,54,0.0,5.657309496714905,0.970140388794635,0.78515625,1.0,0.15625
2026-05-11T01:20,6,40,0.15625,40,54,0.0,5.657325525764863,0.9701530572762664,0.78515625,1.0,0.15625
2026-05-11T01:50,6,40,0.15625,40,54,0.0,5.657341435784025,0.9701657150127906,0.78515625,1.0,0.15625
2026-05-11T02:20,6,40,0.15625,40,54,0.0,5.657364898335566,0.9701576835575901,0.78515625,1.0,0.15625
2026-05-11T02:50,6,40,0.15625,40,54,0.0,5.657388228961492,0.9701703286069302,0.78515625,1.0,0.15625
2026-05-11T03:20,5,40,0.15625,40,54,0.0,5.657411427992277,0.9701829629446656,0.78515625,1.0,0.15625
2026-05-11T03:50,5,40,0.15625,40,54,0.0,5.657437752279067,0.9701749343880399,0.78515625,1.0,0.15625
2026-05-11T04:20,5,40,0.15625,40,54,0.0,5.657459333236769,0.970166912626638,0.78515625,1.0,0.15625
2026-05-11T04:50,5,40,0.15625,40,54,0.0,5.657483295617432,0.9701588976518362,0.78515625,1.0,0.15625
2026-05-11T05:20,5,40,0.15625,40,54,0.0,5.657503735856963,0.9701508894550257,0.78515625,1.0,0.15625
2026-05-11T05:50,6,40,0.15625,40,54,0.0,5.6575240489396545,0.9701635053090177,0.78515625,1.0,0.15625
2026-05-11T06:20,7,40,0.15625,40,54,0.0,5.657536982128052,0.9701358747215454,0.78515625,1.0,0.15625
2026-05-11T06:50,8,40,0.15625,40,54,0.0,5.657550117584153,0.9701082674707178,0.78515625,1.0,0.15625
2026-05-11T07:20,8,40,0.15625,40,54,0.0,5.6575631395936945,0.9701208853400843,0.78515625,1.0,0.15625
2026-05-11T07:50,9,40,0.15625,40,54,0.0,5.657567772587166,0.970112910077154,0.78515625,1.0,0.15625
2026-05-11T08:20,10,40,0.15625,40,54,0.0,5.65757230766205,0.970125515344941,0.78515625,1.0,0.15625
2026-05-11T08:50,10,40,0.15625,40,54,0.0,5.657575714783229,0.9701175448545742,0.78515625,1.0,0.15625
2026-05-11T09:20,10,40,0.15625,40,54,0.0,5.657575064967756,0.9701095810818564,0.78515625,1.0,0.15625
2026-05-11T09:50,9,40,0.15625,40,54,0.0,5.6575743263717655,0.9701221718227655,0.78515625,1.0,0.15625
2026-05-11T10:20,9,40,0.15625,40,54,0.0,5.657570720120579,0.9701142128081854,0.78515625,1.0,0.15625
2026-05-11T10:50,10,40,0.15625,40,54,0.0,5.6575670304533645,0.9701267910014479,0.78515625,1.0,0.15625
2026-05-11T11:20,10,40,0.15625,40,54,0.0,5.657559785353325,0.9701188367402758,0.78515625,1.0,0.15625
2026-05-11T11:50,10,40,0.15625,40,54,0.0,5.657552463725222,0.9701314024102757,0.78515625,1.0,0.15625
2026-05-11T12:20,10,40,0.15625,40,54,0.0,5.65753649560543,0.9701234528977851,0.78515625,1.0,0.15625
2026-05-11T12:50,9,40,0.15625,40,54,0.0,5.657520466659539,0.9701360060688364,0.78515625,1.0,0.15625
2026-05-11T13:20,8,40,0.15625,40,54,0.0,5.657504377055882,0.970148548695435,0.78515625,1.0,0.15625
2026-05-11T13:50,9,40,0.15625,40,54,0.0,5.6574882269623235,0.9701610807908609,0.78515625,1.0,0.15625
2026-05-11T14:20,10,40,0.15625,40,54,0.0,5.657472016546275,0.9701736023683721,0.78515625,1.0,0.15625
2026-05-11T14:50,10,40,0.15625,40,54,0.0,5.657455745974692,0.9701861134412042,0.78515625,1.0,0.15625
2026-05-11T15:20,10,40,0.15625,40,54,0.0,5.657439415414076,0.9701986140225706,0.78515625,1.0,0.15625
2026-05-11T15:50,10,40,0.15625,40,54,0.0,5.657420842664223,0.9701906596630452,0.78515625,1.0,0.15625
2026-05-11T16:20,11,40,0.15625,40,54,0.0,5.65740221392893,0.9702031478659514,0.78515625,1.0,0.15625
2026-05-11T16:50,12,40,0.15625,40,54,0.0,5.657380065542481,0.9701951982697743,0.78515625,1.0,0.15625
2026-05-11T17:20,11,40,0.15625,40,54,0.0,5.657363104881418,0.9701872553287636,0.78515625,1.0,0.15625
2026-05-11T17:50,11,40,0.15625,40,54,0.0,5.657346802684613,0.9701793190345652,0.78515625,1.0,0.15625
2026-05-11T18:20,12,40,0.15625,40,54,0.0,5.657332823901941,0.9701713893788398,0.78515625,1.0,0.15625
2026-05-11T18:50,12,40,0.15625,40,54,0.0,5.657322525724075,0.9701634663532614,0.78515625,1.0,0.15625
2026-05-11T19:20,11,40,0.15625,40,54,0.0,5.657312157735418,0.970175934608024,0.78515625,1.0,0.15625
2026-05-11T19:50,11,40,0.15625,40,54,0.0,5.657301720122725,0.9701883924465335,0.78515625,1.0,0.15625
2026-05-11T20:20,10,40,0.15625,40,54,0.0,5.657291769448112,0.970180472246011,0.78515625,1.0,0.15625
2026-05-11T20:50,10,40,0.15625,40,54,0.0,5.657287486855952,0.9701725586566741,0.78515625,1.0,0.15625
2026-05-11T21:20,9,40,0.15625,40,54,0.0,5.657288481204151,0.9701646516702488,0.78515625,1.0,0.15625
2026-05-11T21:50,9,40,0.15625,40,54,0.0,5.657289386301269,0.9701770934335222,0.78515625,1.0,0.15625
2026-05-11T22:20,9,40,0.15625,40,54,0.0,5.657290202376862,0.9701895248243377,0.78515625,1.0,0.15625
2026-05-11T22:50,8,40,0.15625,40,54,0.0,5.657292575412907,0.970181620652409,0.78515625,1.0,0.15625
2026-05-11T23:20,8,40,0.15625,40,54,0.0,5.657308620817466,0.9701543737903138,0.78515625,1.0,0.15625
2026-05-11T23:50,8,40,0.15625,40,54,0.0,5.657324550967495,0.9701667991134653,0.78515625,1.0,0.15625
2026-05-12T00:20,7,40,0.15625,40,54,0.0,5.657340366149958,0.9701792140951075,0.78515625,1.0,0.15625
2026-05-12T00:50,7,40,0.15625,40,54,0.0,5.657356066651029,0.9701916187481462,0.78515625,1.0,0.15625
2026-05-12T01:20,7,40,0.15625,40,54,0.0,5.657371652756077,0.970204013085465,0.78515625,1.0,0.15625
2026-05-12T01:50,7,40,0.15625,40,54,0.0,5.657387124749675,0.9702163971199266,0.78515625,1.0,0.15625
2026-05-12T02:20,5,40,0.15625,40,54,0.0,5.657409983343262,0.9702085047705603,0.78515625,1.0,0.15625
2026-05-12T02:50,6,40,0.15625,40,54,0.0,5.657432715457727,0.9702208766539612,0.78515625,1.0,0.15625
2026-05-12T03:20,5,40,0.15625,40,54,0.0,5.657455321403611,0.970233238265977,0.78515625,1.0,0.15625
2026-05-12T03:50,5,40,0.15625,40,54,0.0,5.657480992535172,0.9702253487530845,0.78515625,1.0,0.15625
2026-05-12T04:20,5,40,0.15625,40,54,0.0,5.657502028962437,0.9702174657847901,0.78515625,1.0,0.15625
2026-05-12T04:50,5,40,0.15625,40,54,0.0,5.65752540289781,0.9702095893529536,0.78515625,1.0,0.15625
2026-05-12T05:20,5,40,0.15625,40,54,0.0,5.657545346117381,0.9702017194494486,0.78515625,1.0,0.15625
2026-05-12T05:50,5,40,0.15625,40,54,0.0,5.657565167354791,0.9702140633933386,0.78515625,1.0,0.15625
2026-05-12T06:20,5,40,0.15625,40,54,0.0,5.657577795600144,0.97018696105022,0.78515625,1.0,0.15625
2026-05-12T06:50,6,40,0.15625,40,54,0.0,5.657590648259393,0.9701598811428158,0.78515625,1.0,0.15625
2026-05-12T07:20,8,40,0.15625,40,54,0.0,5.657603391978263,0.9701722270753178,0.78515625,1.0,0.15625
2026-05-12T07:50,9,40,0.15625,40,54,0.0,5.657607950299583,0.9701643888971209,0.78515625,1.0,0.15625
2026-05-12T08:20,10,40,0.15625,40,54,0.0,5.657612414526022,0.9701767227586764,0.78515625,1.0,0.15625
2026-05-12T08:50,11,40,0.15625,40,54,0.0,5.6576157523803925,0.9701688892005923,0.78515625,1.0,0.15625
2026-05-12T09:20,12,40,0.15625,40,54,0.0,5.657616602953171,0.9701610621138489,0.78515625,1.0,0.15625
2026-05-12T09:50,12,40,0.15625,40,54,0.0,5.657615883067282,0.9701532414904308,0.78515625,1.0,0.15625
2026-05-12T10:20,13,40,0.15625,40,54,0.0,5.657612395934285,0.9701454273223353,0.78515625,1.0,0.15625
2026-05-12T10:50,14,40,0.15625,40,54,0.0,5.657608828572491,0.9701577435651894,0.78515625,1.0,0.15625
2026-05-12T11:20,14,40,0.15625,40,54,0.0,5.6576017727815335,0.970149933985243,0.78515625,1.0,0.15625
2026-05-12T11:50,14,40,0.15625,40,54,0.0,5.657594643379235,0.9701622382169061,0.78515625,1.0,0.15625
2026-05-12T12:20,15,40,0.15625,40,54,0.0,5.657579059545144,0.9701544332206052,0.78515625,1.0,0.15625
2026-05-12T12:50,16,40,0.15625,40,54,0.0,5.6575634171432405,0.9701667254639246,0.78515625,1.0,0.15625
2026-05-12T13:20,15,40,0.15625,40,54,0.0,5.657547716332325,0.9701790075860061,0.78515625,1.0,0.15625
2026-05-12T13:50,15,40,0.15625,40,54,0.0,5.657531957270771,0.9701912795993451,0.78515625,1.0,0.15625
2026-05-12T14:20,15,40,0.15625,40,54,0.0,5.657516140116527,0.9702035415164166,0.78515625,1.0,0.15625
2026-05-12T14:50,17,40,0.15625,40,54,0.0,5.657500265027123,0.9702157933496749,0.78515625,1.0,0.15625
2026-05-12T15:20,16,40,0.15625,40,54,0.0,5.657484332159666,0.9702280351115533,0.78515625,1.0,0.15625
2026-05-12T15:50,16,40,0.15625,40,54,0.0,5.657466195684133,0.9702202255294182,0.78515625,1.0,0.15625
2026-05-12T16:20,15,40,0.15625,40,54,0.0,5.657448005282947,0.9702324554162645,0.78515625,1.0,0.15625
2026-05-12T16:50,16,40,0.15625,40,54,0.0,5.657426348789663,0.9702246504313625,0.78515625,1.0,0.15625
2026-05-12T17:20,15,40,0.15625,40,54,0.0,5.6574097398522625,0.9702168518518647,0.78515625,1.0,0.15625
2026-05-12T17:50,15,40,0.15625,40,54,0.0,5.657393750597182,0.970209059669889,0.78515625,1.0,0.15625
2026-05-12T18:20,15,40,0.15625,40,54,0.0,5.657380034977869,0.9702012738775665,0.78515625,1.0,0.15625
2026-05-12T18:50,13,40,0.15625,40,54,0.0,5.6573699028625954,0.970193494467041,0.78515625,1.0,0.15625
2026-05-12T19:20,13,40,0.15625,40,54,0.0,5.657359703707534,0.9702057052435804,0.78515625,1.0,0.15625
2026-05-12T19:50,14,40,0.15625,40,54,0.0,5.65734943768853,0.970217906019484,0.78515625,1.0,0.15625
2026-05-12T20:20,14,40,0.15625,40,54,0.0,5.657339620074876,0.9702101293539808,0.78515625,1.0,0.15625
2026-05-12T20:50,14,40,0.15625,40,54,0.0,5.657335378352372,0.970202359052361,0.78515625,1.0,0.15625
2026-05-12T21:20,13,40,0.15625,40,54,0.0,5.657336279392713,0.970194595106816,0.78515625,1.0,0.15625
2026-05-12T21:50,13,40,0.15625,40,54,0.0,5.657337094770624,0.970206780472676,0.78515625,1.0,0.15625
2026-05-12T22:20,13,40,0.15625,40,54,0.0,5.6573378247021315,0.9702189558791031,0.78515625,1.0,0.15625
2026-05-12T22:50,13,40,0.15625,40,54,0.0,5.657340077377094,0.9702111946684477,0.78515625,1.0,0.15625
2026-05-12T23:20,13,40,0.15625,40,54,0.0,5.657355683032722,0.9701844697644434,0.78515625,1.0,0.15625
2026-05-12T23:50,12,40,0.15625,40,54,0.0,5.657371178122528,0.9701966393686212,0.78515625,1.0,0.15625
2026-05-13T00:20,12,40,0.15625,40,54,0.0,5.657386562916434,0.9702087990424815,0.78515625,1.0,0.15625
2026-05-13T00:50,11,40,0.15625,40,54,0.0,5.657401837683624,0.9702209487981737,0.78515625,1.0,0.15625
2026-05-13T01:20,11,40,0.15625,40,54,0.0,5.657417002692547,0.970233088647828,0.78515625,1.0,0.15625
2026-05-13T01:50,10,40,0.15625,40,54,0.0,5.6574320582109205,0.9702452186035542,0.78515625,1.0,0.15625
2026-05-13T02:20,9,40,0.15625,40,54,0.0,5.657454341463074,0.9702374688249764,0.78515625,1.0,0.15625
2026-05-13T02:50,9,40,0.15625,40,54,0.0,5.65747650335255,0.9702495871194288,0.78515625,1.0,0.15625
2026-05-13T03:20,9,40,0.15625,40,54,0.0,5.657498544171528,0.9702616955495796,0.78515625,1.0,0.15625
2026-05-13T03:50,10,40,0.15625,40,54,0.0,5.657523592361184,0.9702539485262458,0.78515625,1.0,0.15625
2026-05-13T04:20,10,40,0.15625,40,54,0.0,5.657544109694919,0.9702462078038664,0.78515625,1.0,0.15625
2026-05-13T04:50,10,40,0.15625,40,54,0.0,5.657566922194411,0.9702384733747572,0.78515625,1.0,0.15625
2026-05-13T05:20,10,40,0.15625,40,54,0.0,5.65758639100576,0.9702307452312465,0.78515625,1.0,0.15625
2026-05-13T05:50,10,40,0.15625,40,54,0.0,5.657605899528244,0.9702230233656755,0.78515625,1.0,0.15625
2026-05-13T06:20,10,40,0.15625,40,54,0.0,5.657618212887898,0.9702153077703971,0.78515625,1.0,0.15625
2026-05-13T06:50,11,40,0.15625,40,54,0.0,5.657630770981715,0.970188743889306,0.78515625,1.0,0.15625
2026-05-13T07:20,10,40,0.15625,40,54,0.0,5.657635327224834,0.9701810484606267,0.78515625,1.0,0.15625
2026-05-13T07:50,11,40,0.15625,40,54,0.0,5.657639792786915,0.9701931404928811,0.78515625,1.0,0.15625
2026-05-13T08:20,11,40,0.15625,40,54,0.0,5.657644167893079,0.9702052227221097,0.78515625,1.0,0.15625
2026-05-13T08:50,12,40,0.15625,40,54,0.0,5.657647418934485,0.9701975299706806,0.78515625,1.0,0.15625
2026-05-13T09:20,12,40,0.15625,40,54,0.0,5.65764825250101,0.970189843450723,0.78515625,1.0,0.15625
2026-05-13T09:50,12,40,0.15625,40,54,0.0,5.657647530787507,0.9701821631546681,0.78515625,1.0,0.15625
2026-05-13T10:20,13,40,0.15625,40,54,0.0,5.657644136665726,0.9701744890749597,0.78515625,1.0,0.15625
2026-05-13T10:50,10,40,0.15625,40,54,0.0,5.657640665357574,0.9701865544110945,0.78515625,1.0,0.15625
2026-05-13T11:20,9,40,0.15625,40,54,0.0,5.657633770192719,0.9701788847619978,0.78515625,1.0,0.15625
2026-05-13T11:50,12,40,0.15625,40,54,0.0,5.657626804203906,0.970190938567672,0.78515625,1.0,0.15625
2026-05-13T12:20,12,40,0.15625,40,54,0.0,5.65761156762325,0.9701832733448953,0.78515625,1.0,0.15625
2026-05-13T12:50,12,40,0.15625,40,54,0.0,5.6575962746439945,0.9701953156416058,0.78515625,1.0,0.15625
2026-05-13T13:20,11,40,0.15625,40,54,0.0,5.6575809254160365,0.9702073482150245,0.78515625,1.0,0.15625
2026-05-13T13:50,12,40,0.15625,40,54,0.0,5.657565520088891,0.9702193710769232,0.78515625,1.0,0.15625
2026-05-13T14:20,12,40,0.15625,40,54,0.0,5.657550058811675,0.9702313842390544,0.78515625,1.0,0.15625
2026-05-13T14:50,9,40,0.15625,40,54,0.0,5.657534541733116,0.9702433877131516,0.78515625,1.0,0.15625
2026-05-13T15:20,11,40,0.15625,40,54,0.0,5.657518969001551,0.9702553815109294,0.78515625,1.0,0.15625
2026-05-13T15:50,10,40,0.15625,40,54,0.0,5.657501230004323,0.970247711942309,0.78515625,1.0,0.15625
2026-05-13T16:20,10,40,0.15625,40,54,0.0,5.657480075537145,0.9702400485513516,0.78515625,1.0,0.15625
2026-05-13T16:50,11,40,0.15625,40,54,0.0,5.657458874614669,0.9702520292081345,0.78515625,1.0,0.15625
2026-05-13T17:20,12,40,0.15625,40,54,0.0,5.657442587963921,0.9702443702475659,0.78515625,1.0,0.15625
2026-05-13T17:50,9,40,0.15625,40,54,0.0,5.6574268847215645,0.9702367174486711,0.78515625,1.0,0.15625
2026-05-13T18:20,10,40,0.15625,40,54,0.0,5.657413407433838,0.9702290708040175,0.78515625,1.0,0.15625
2026-05-13T18:50,10,40,0.15625,40,54,0.0,5.657403434127545,0.9702214303061842,0.78515625,1.0,0.15625
2026-05-13T19:20,10,40,0.15625,40,54,0.0,5.657393396394794,0.9702333943759688,0.78515625,1.0,0.15625
2026-05-13T19:50,10,40,0.15625,40,54,0.0,5.65738329440134,0.9702453488360587,0.78515625,1.0,0.15625
2026-05-13T20:20,10,40,0.15625,40,54,0.0,5.657373713986694,0.9702377110052114,0.78515625,1.0,0.15625
2026-05-13T20:50,9,40,0.15625,40,54,0.0,5.657374599822451,0.9702114366046322,0.78515625,1.0,0.15625
2026-05-13T21:20,9,40,0.15625,40,54,0.0,5.657375403190972,0.9702233854868606,0.78515625,1.0,0.15625
2026-05-13T21:50,9,40,0.15625,40,54,0.0,5.6573761242962854,0.9702353247869862,0.78515625,1.0,0.15625
2026-05-13T22:20,9,40,0.15625,40,54,0.0,5.657376763341884,0.9702472545165304,0.78515625,1.0,0.15625
2026-05-13T22:50,9,40,0.15625,40,54,0.0,5.657378892393142,0.9702396312223311,0.78515625,1.0,0.15625
2026-05-13T23:20,9,40,0.15625,40,54,0.0,5.657394086688315,0.9702134086646778,0.78515625,1.0,0.15625
2026-05-13T23:50,9,40,0.15625,40,54,0.0,5.6574091748139566,0.9702253328405527,0.78515625,1.0,0.15625
2026-05-14T00:20,8,40,0.15625,40,54,0.0,5.657424157024304,0.9702372474732696,0.78515625,1.0,0.15625
2026-05-14T00:50,9,40,0.15625,40,54,0.0,5.657439033572906,0.9702491525742802,0.78515625,1.0,0.15625
2026-05-14T01:20,8,40,0.15625,40,54,0.0,5.657453804712639,0.9702610481550182,0.78515625,1.0,0.15625
2026-05-14T01:50,8,40,0.15625,40,54,0.0,5.657468470695697,0.9702729342268986,0.78515625,1.0,0.15625
2026-05-14T02:20,9,40,0.15625,40,54,0.0,5.657490212161763,0.9702653219927667,0.78515625,1.0,0.15625
2026-05-14T02:50,9,40,0.15625,40,54,0.0,5.657511837065517,0.9702771968641754,0.78515625,1.0,0.15625
2026-05-14T03:20,8,40,0.15625,40,54,0.0,5.6575333456822205,0.9702890622546488,0.78515625,1.0,0.15625
2026-05-14T03:50,8,40,0.15625,40,54,0.0,5.657557805973796,0.970281452697562,0.78515625,1.0,0.15625
2026-05-14T04:20,8,40,0.15625,40,54,0.0,5.657577834773521,0.970273849211123,0.78515625,1.0,0.15625
2026-05-14T04:50,8,40,0.15625,40,54,0.0,5.657600117875274,0.9702662517880705,0.78515625,1.0,0.15625
2026-05-14T05:20,8,40,0.15625,40,54,0.0,5.657619140206918,0.9702586604211542,0.78515625,1.0,0.15625
2026-05-14T05:50,8,40,0.15625,40,54,0.0,5.657638213501776,0.9702510751031359,0.78515625,1.0,0.15625
2026-05-14T06:20,8,40,0.15625,40,54,0.0,5.657650259034556,0.9702434958267886,0.78515625,1.0,0.15625
2026-05-14T06:50,8,40,0.15625,40,54,0.0,5.657662577690265,0.970217428314422,0.78515625,1.0,0.15625
2026-05-14T07:20,8,40,0.15625,40,54,0.0,5.657674795647973,0.9702292797158091,0.78515625,1.0,0.15625
2026-05-14T07:50,8,40,0.15625,40,54,0.0,5.657679191190961,0.9702217181535494,0.78515625,1.0,0.15625
2026-05-14T08:20,8,40,0.15625,40,54,0.0,5.65768349967681,0.9702335584246613,0.78515625,1.0,0.15625
2026-05-14T08:50,9,40,0.15625,40,54,0.0,5.657686686979423,0.9702260011725826,0.78515625,1.0,0.15625
2026-05-14T09:20,9,40,0.15625,40,54,0.0,5.657686052165121,0.970218449925472,0.78515625,1.0,0.15625
2026-05-14T09:50,9,40,0.15625,40,54,0.0,5.657685338471249,0.9702302773877733,0.78515625,1.0,0.15625
2026-05-14T10:20,9,40,0.15625,40,54,0.0,5.657682064764516,0.9702227304385107,0.78515625,1.0,0.15625
2026-05-14T10:50,10,40,0.15625,40,54,0.0,5.657678716690359,0.9702345468153207,0.78515625,1.0,0.15625
2026-05-14T11:20,10,40,0.15625,40,54,0.0,5.657672006941939,0.9702270041597792,0.78515625,1.0,0.15625
2026-05-14T11:50,9,40,0.15625,40,54,0.0,5.657665228948135,0.9702388094713733,0.78515625,1.0,0.15625
2026-05-14T12:20,8,40,0.15625,40,54,0.0,5.657650356407589,0.9702312711054295,0.78515625,1.0,0.15625
2026-05-14T12:50,9,40,0.15625,40,54,0.0,5.657635429466261,0.970243065372028,0.78515625,1.0,0.15625
2026-05-14T13:20,9,40,0.15625,40,54,0.0,5.657620448265916,0.9702548502966332,0.78515625,1.0,0.15625
2026-05-14T13:50,9,40,0.15625,40,54,0.0,5.657605412947961,0.97026662589034,0.78515625,1.0,0.15625
2026-05-14T14:20,10,40,0.15625,40,54,0.0,5.657590323653437,0.9702783921642258,0.78515625,1.0,0.15625
2026-05-14T14:50,12,40,0.15625,40,54,0.0,5.657575180523023,0.9702901491293507,0.78515625,1.0,0.15625
2026-05-14T15:20,12,40,0.15625,40,54,0.0,5.657559983697034,0.970301896796757,0.78515625,1.0,0.15625
2026-05-14T15:50,9,40,0.15625,40,54,0.0,5.657542656678914,0.9702943543522505,0.78515625,1.0,0.15625
2026-05-14T16:20,9,40,0.15625,40,54,0.0,5.657521955121171,0.9702868178677949,0.78515625,1.0,0.15625
2026-05-14T16:50,11,40,0.15625,40,54,0.0,5.6575012087606815,0.9702985529318282,0.78515625,1.0,0.15625
2026-05-14T17:20,11,40,0.15625,40,54,0.0,5.657485249742325,0.9702910207404596,0.78515625,1.0,0.15625
2026-05-14T17:50,11,40,0.15625,40,54,0.0,5.657469840110335,0.9702834944939934,0.78515625,1.0,0.15625
2026-05-14T18:20,9,40,0.15625,40,54,0.0,5.657456610663595,0.9702759741853942,0.78515625,1.0,0.15625
2026-05-14T18:50,10,40,0.15625,40,54,0.0,5.657446809036044,0.9702684598076379,0.78515625,1.0,0.15625
2026-05-14T19:20,9,40,0.15625,40,54,0.0,5.657436945414801,0.9702801789799644,0.78515625,1.0,0.15625
2026-05-14T19:50,10,40,0.15625,40,54,0.0,5.657427019956361,0.9702918889173245,0.78515625,1.0,0.15625
2026-05-14T20:20,9,40,0.15625,40,54,0.0,5.657417530591152,0.9702843771502028,0.78515625,1.0,0.15625
2026-05-14T20:50,9,40,0.15625,40,54,0.0,5.657413393351294,0.9702768712978582,0.78515625,1.0,0.15625
2026-05-14T21:20,9,40,0.15625,40,54,0.0,5.657414111138253,0.9702693713533078,0.78515625,1.0,0.15625
2026-05-14T21:50,9,40,0.15625,40,54,0.0,5.657414749848307,0.9702810671159541,0.78515625,1.0,0.15625
2026-05-14T22:20,9,40,0.15625,40,54,0.0,5.657415309673403,0.9702927536802026,0.78515625,1.0,0.15625
2026-05-14T22:50,9,40,0.15625,40,54,0.0,5.657417328115559,0.9702852563368516,0.78515625,1.0,0.15625
2026-05-14T23:20,9,40,0.15625,40,54,0.0,5.657432129387177,0.9702595104226766,0.78515625,1.0,0.15625
2026-05-14T23:50,8,40,0.15625,40,54,0.0,5.657446828632024,0.9702711916833118,0.78515625,1.0,0.15625
2026-05-15T00:20,8,40,0.15625,40,54,0.0,5.657461426089822,0.9702828637713827,0.78515625,1.0,0.15625
2026-05-15T00:50,8,40,0.15625,40,54,0.0,5.657475921999667,0.9702945266976891,0.78515625,1.0,0.15625
2026-05-15T01:20,8,40,0.15625,40,54,0.0,5.657490316600025,0.9703061804730136,0.78515625,1.0,0.15625
2026-05-15T02:20,8,40,0.15625,40,54,0.0,5.657511633957504,0.9702986955050615,0.78515625,1.0,0.15625
2026-05-15T02:50,8,40,0.15625,40,54,0.0,5.65753283904726,0.9703103385095676,0.78515625,1.0,0.15625
2026-05-15T03:20,8,40,0.15625,40,54,0.0,5.657553932129525,0.9703219723894619,0.78515625,1.0,0.15625
2026-05-15T03:50,8,40,0.15625,40,54,0.0,5.6575779108636155,0.9703144900313757,0.78515625,1.0,0.15625
2026-05-15T04:20,7,40,0.15625,40,54,0.0,5.657597538399026,0.9703070135326145,0.78515625,1.0,0.15625
2026-05-15T04:50,7,40,0.15625,40,54,0.0,5.657619371256901,0.9702995428862984,0.78515625,1.0,0.15625
2026-05-15T05:20,7,40,0.15625,40,54,0.0,5.657638009121925,0.9702920780855585,0.78515625,1.0,0.15625
2026-05-15T05:50,7,40,0.15625,40,54,0.0,5.657656696211593,0.9702846191235365,0.78515625,1.0,0.15625
2026-05-15T06:20,7,40,0.15625,40,54,0.0,5.657668472700077,0.9702771659933846,0.78515625,1.0,0.15625
2026-05-15T06:50,8,40,0.15625,40,54,0.0,5.6576805254865885,0.970251564093724,0.78515625,1.0,0.15625
2026-05-15T07:20,8,40,0.15625,40,54,0.0,5.657692481309057,0.9702631845765,0.78515625,1.0,0.15625
2026-05-15T07:50,8,40,0.15625,40,54,0.0,5.657696783030651,0.9702557485466752,0.78515625,1.0,0.15625
2026-05-15T08:20,9,40,0.15625,40,54,0.0,5.657701000890155,0.97026735832476,0.78515625,1.0,0.15625
2026-05-15T08:50,9,40,0.15625,40,54,0.0,5.6577040908948675,0.9702599264690714,0.78515625,1.0,0.15625
2026-05-15T09:20,10,40,0.15625,40,54,0.0,5.65770341024082,0.9702525004104623,0.78515625,1.0,0.15625
2026-05-15T09:50,10,40,0.15625,40,54,0.0,5.657702653666011,0.9702640978761893,0.78515625,1.0,0.15625
2026-05-15T10:20,10,40,0.15625,40,54,0.0,5.657699418118641,0.9702566759799769,0.78515625,1.0,0.15625
2026-05-15T10:50,10,40,0.15625,40,54,0.0,5.657696110938281,0.970268262783257,0.78515625,1.0,0.15625
2026-05-15T11:20,10,40,0.15625,40,54,0.0,5.657689500869037,0.9702608450454888,0.78515625,1.0,0.15625
2026-05-15T11:50,12,40,0.15625,40,54,0.0,5.657682825064869,0.9702724212054555,0.78515625,1.0,0.15625
2026-05-15T12:20,11,40,0.15625,40,54,0.0,5.657668229662086,0.970265007622183,0.78515625,1.0,0.15625
2026-05-15T12:50,12,40,0.15625,40,54,0.0,5.657653581816703,0.9702765731579193,0.78515625,1.0,0.15625
2026-05-15T13:20,12,40,0.15625,40,54,0.0,5.657638881662889,0.9702881297002374,0.78515625,1.0,0.15625
2026-05-15T13:50,13,40,0.15625,40,54,0.0,5.657624129334465,0.9702996772596232,0.78515625,1.0,0.15625
2026-05-15T14:20,13,40,0.15625,40,54,0.0,5.65760932496492,0.9703112158465464,0.78515625,1.0,0.15625
2026-05-15T14:50,13,40,0.15625,40,54,0.0,5.657594468687402,0.9703227454714604,0.78515625,1.0,0.15625
2026-05-15T15:20,13,40,0.15625,40,54,0.0,5.6575795606347254,0.9703342661448022,0.78515625,1.0,0.15625
2026-05-15T15:50,14,40,0.15625,40,54,0.0,5.657562566755757,0.9703268487005067,0.78515625,1.0,0.15625
2026-05-15T16:20,14,40,0.15625,40,54,0.0,5.657545524534832,0.9703383588445328,0.78515625,1.0,0.15625
2026-05-15T17:20,14,40,0.15625,40,54,0.0,5.657529886402279,0.9703129317588086,0.78515625,1.0,0.15625
2026-05-15T17:50,14,40,0.15625,40,54,0.0,5.657514766549309,0.97030553120859,0.78515625,1.0,0.15625
2026-05-15T18:20,14,40,0.15625,40,54,0.0,5.657505193051952,0.9702801365451084,0.78515625,1.0,0.15625
2026-05-15T18:50,13,40,0.15625,40,54,0.0,5.657495559602581,0.970291646949235,0.78515625,1.0,0.15625
2026-05-15T19:20,13,40,0.15625,40,54,0.0,5.657485866349844,0.9703031484409309,0.78515625,1.0,0.15625
2026-05-15T19:50,13,40,0.15625,40,54,0.0,5.657476113442016,0.9703146410305435,0.78515625,1.0,0.15625
2026-05-15T20:20,13,40,0.15625,40,54,0.0,5.6574667820115,0.9703072541335086,0.78515625,1.0,0.15625
2026-05-15T20:50,13,40,0.15625,40,54,0.0,5.6574627102517185,0.9702998729494644,0.78515625,1.0,0.15625
2026-05-15T21:20,12,40,0.15625,40,54,0.0,5.657463375731556,0.9702924974717859,0.78515625,1.0,0.15625
2026-05-15T21:50,12,40,0.15625,40,54,0.0,5.657463964977315,0.9703039764140302,0.78515625,1.0,0.15625
2026-05-15T22:20,12,40,0.15625,40,54,0.0,5.657464478170766,0.9703154464888026,0.78515625,1.0,0.15625
2026-05-15T22:50,11,40,0.15625,40,54,0.0,5.657466422180213,0.970308073541199,0.78515625,1.0,0.15625
2026-05-15T23:20,11,40,0.15625,40,54,0.0,5.6574808986151215,0.9702827759075519,0.78515625,1.0,0.15625
2026-05-15T23:50,9,40,0.15625,40,54,0.0,5.657495276712573,0.9702942408859827,0.78515625,1.0,0.15625
2026-05-16T00:20,10,40,0.15625,40,54,0.0,5.657509556699524,0.9703056970213911,0.78515625,1.0,0.15625
2026-05-16T00:50,9,40,0.15625,40,54,0.0,5.6575237388023485,0.9703171443240043,0.78515625,1.0,0.15625
2026-05-16T01:20,9,40,0.15625,40,54,0.0,5.657537823246835,0.9703285828040336,0.78515625,1.0,0.15625
2026-05-16T01:50,9,40,0.15625,40,54,0.0,5.657551810258188,0.9703400124716746,0.78515625,1.0,0.15625
2026-05-16T02:20,9,40,0.15625,40,54,0.0,5.657572573858788,0.9703326499378752,0.78515625,1.0,0.15625
2026-05-16T02:50,9,40,0.15625,40,54,0.0,5.657593229488691,0.9703440692412094,0.78515625,1.0,0.15625
2026-05-16T03:20,8,40,0.15625,40,54,0.0,5.657613777393667,0.9703554797570842,0.78515625,1.0,0.15625
2026-05-16T03:50,8,40,0.15625,40,54,0.0,5.657637160802021,0.9703481197695604,0.78515625,1.0,0.15625
2026-05-16T04:20,7,40,0.15625,40,54,0.0,5.657656292535391,0.9703407654413888,0.78515625,1.0,0.15625
2026-05-16T04:50,7,40,0.15625,40,54,0.0,5.657677582824922,0.9703334167660443,0.78515625,1.0,0.15625
2026-05-16T05:20,7,40,0.15625,40,54,0.0,5.657695771561809,0.9703260737370122,0.78515625,1.0,0.15625
2026-05-16T05:50,7,40,0.15625,40,54,0.0,5.6577140194903714,0.9703187363477872,0.78515625,1.0,0.15625
2026-05-16T06:20,7,40,0.15625,40,54,0.0,5.657725494161023,0.9703114045918745,0.78515625,1.0,0.15625
2026-05-16T06:50,8,40,0.15625,40,54,0.0,5.6577372740982295,0.970286251291863,0.78515625,1.0,0.15625
2026-05-16T07:20,9,40,0.15625,40,54,0.0,5.6577415674963225,0.9702789376213233,0.78515625,1.0,0.15625
2026-05-16T07:50,9,40,0.15625,40,54,0.0,5.657745779860675,0.9702903337341985,0.78515625,1.0,0.15625
2026-05-16T08:20,9,40,0.15625,40,54,0.0,5.657749911381411,0.970301721111073,0.78515625,1.0,0.15625
2026-05-16T08:50,10,40,0.15625,40,54,0.0,5.657752927541366,0.9702944099199176,0.78515625,1.0,0.15625
2026-05-16T09:20,11,40,0.15625,40,54,0.0,5.657752245224102,0.9702871043290616,0.78515625,1.0,0.15625
2026-05-16T09:50,12,40,0.15625,40,54,0.0,5.657751489717854,0.970298479863392,0.78515625,1.0,0.15625
2026-05-16T10:20,13,40,0.15625,40,54,0.0,5.657748355257701,0.9702911783066878,0.78515625,1.0,0.15625
2026-05-16T10:50,13,40,0.15625,40,54,0.0,5.6577451516501,0.97030254357895,0.78515625,1.0,0.15625
2026-05-16T11:20,13,40,0.15625,40,54,0.0,5.657738713137041,0.9702952460526081,0.78515625,1.0,0.15625
2026-05-16T11:50,14,40,0.15625,40,54,0.0,5.65773221114515,0.9703066010808755,0.78515625,1.0,0.15625
2026-05-16T12:20,14,40,0.15625,40,54,0.0,5.657717957139216,0.9702993075811102,0.78515625,1.0,0.15625
2026-05-16T12:50,14,40,0.15625,40,54,0.0,5.657703652427133,0.9703106523834092,0.78515625,1.0,0.15625
2026-05-16T13:20,15,40,0.15625,40,54,0.0,5.657689297136219,0.9703219885222472,0.78515625,1.0,0.15625
2026-05-16T13:50,14,40,0.15625,40,54,0.0,5.65767489139347,0.970333316007544,0.78515625,1.0,0.15625
2026-05-16T14:20,14,40,0.15625,40,54,0.0,5.65766043532557,0.9703446348492046,0.78515625,1.0,0.15625
2026-05-16T14:50,14,40,0.15625,40,54,0.0,5.657645929058886,0.9703559450571188,0.78515625,1.0,0.15625
2026-05-16T15:20,14,40,0.15625,40,54,0.0,5.657631372719478,0.970367246641161,0.78515625,1.0,0.15625
2026-05-16T15:50,14,40,0.15625,40,54,0.0,5.657614773019583,0.9703599494862655,0.78515625,1.0,0.15625
2026-05-16T16:20,14,40,0.15625,40,54,0.0,5.657598126547473,0.9703712409340802,0.78515625,1.0,0.15625
2026-05-16T16:50,14,40,0.15625,40,54,0.0,5.65757823435064,0.9703639478157485,0.78515625,1.0,0.15625
2026-05-16T17:20,14,40,0.15625,40,54,0.0,5.657562900140417,0.9703566602498481,0.78515625,1.0,0.15625
2026-05-16T17:50,14,40,0.15625,40,54,0.0,5.657548054183382,0.9703493782300403,0.78515625,1.0,0.15625
2026-05-16T18:20,13,40,0.15625,40,54,0.0,5.657535305584748,0.9703421017499967,0.78515625,1.0,0.15625
2026-05-16T18:50,13,40,0.15625,40,54,0.0,5.6575258262383485,0.9703348308033979,0.78515625,1.0,0.15625
2026-05-16T19:20,12,40,0.15625,40,54,0.0,5.657516289278574,0.9703461060482464,0.78515625,1.0,0.15625
2026-05-16T19:50,12,40,0.15625,40,54,0.0,5.657506694845673,0.9703573727252798,0.78515625,1.0,0.15625
2026-05-16T20:20,12,40,0.15625,40,54,0.0,5.657497667654044,0.9703501042632479,0.78515625,1.0,0.15625
2026-05-16T20:50,12,40,0.15625,40,54,0.0,5.657493651525734,0.9703428413201696,0.78515625,1.0,0.15625
2026-05-16T21:20,12,40,0.15625,40,54,0.0,5.657494252347724,0.9703355838897616,0.78515625,1.0,0.15625
2026-05-16T21:50,12,40,0.15625,40,54,0.0,5.65749477976705,0.9703468374618823,0.78515625,1.0,0.15625
2026-05-16T22:20,12,40,0.15625,40,54,0.0,5.657495233955563,0.9703580824988707,0.78515625,1.0,0.15625
2026-05-16T22:50,12,40,0.15625,40,54,0.0,5.657497089958258,0.9703508275442445,0.78515625,1.0,0.15625
2026-05-16T23:20,12,40,0.15625,40,54,0.0,5.657511233579519,0.9703259738410301,0.78515625,1.0,0.15625
2026-05-16T23:50,12,40,0.15625,40,54,0.0,5.657525282516999,0.970337214002454,0.78515625,1.0,0.15625
2026-05-17T00:20,11,40,0.15625,40,54,0.0,5.657539236985266,0.9703484456518283,0.78515625,1.0,0.15625
2026-05-17T00:50,12,40,0.15625,40,54,0.0,5.657553097198344,0.9703596687988185,0.78515625,1.0,0.15625
2026-05-17T01:20,12,40,0.15625,40,54,0.0,5.657566863369713,0.9703708834530755,0.78515625,1.0,0.15625
2026-05-17T01:50,12,40,0.15625,40,54,0.0,5.657580535712313,0.9703820896242354,0.78515625,1.0,0.15625
2026-05-17T02:20,12,40,0.15625,40,54,0.0,5.657600850385996,0.9703748447934494,0.78515625,1.0,0.15625
2026-05-17T02:50,11,40,0.15625,40,54,0.0,5.6576210610844635,0.9703860409972311,0.78515625,1.0,0.15625
2026-05-17T03:20,11,40,0.15625,40,54,0.0,5.657641168040111,0.9703972287414709,0.78515625,1.0,0.15625
2026-05-17T03:50,11,40,0.15625,40,54,0.0,5.6576640609013324,0.9703899864013855,0.78515625,1.0,0.15625
2026-05-17T04:20,11,40,0.15625,40,54,0.0,5.6576827898365725,0.9703827495292805,0.78515625,1.0,0.15625
2026-05-17T04:50,11,40,0.15625,40,54,0.0,5.657703641120214,0.9703755181189657,0.78515625,1.0,0.15625
2026-05-17T05:20,11,40,0.15625,40,54,0.0,5.657721462854379,0.9703682921642605,0.78515625,1.0,0.15625
2026-05-17T05:50,11,40,0.15625,40,54,0.0,5.6577393417036275,0.970361071658993,0.78515625,1.0,0.15625
2026-05-17T06:20,11,40,0.15625,40,54,0.0,5.6577505817530875,0.9703538565970014,0.78515625,1.0,0.15625
2026-05-17T06:50,11,40,0.15625,40,54,0.0,5.657762141053242,0.9703291422217808,0.78515625,1.0,0.15625
2026-05-17T07:20,11,40,0.15625,40,54,0.0,5.657766353517522,0.9703219446210174,0.78515625,1.0,0.15625
2026-05-17T07:50,11,40,0.15625,40,54,0.0,5.657770487860691,0.9703331185876511,0.78515625,1.0,0.15625
2026-05-17T08:20,12,40,0.15625,40,54,0.0,5.657774544262705,0.9703442841433201,0.78515625,1.0,0.15625
2026-04-27T07:20,9,40,0.15625,40,54,0.0,5.657778522903081,0.9703554412975174,0.78515625,1.0,0.15625
2026-04-27T07:50,10,40,0.15625,40,54,0.0,5.657782423960881,0.9703665900597223,0.78515625,1.0,0.15625
2026-04-27T08:20,11,40,0.15625,40,54,0.0,5.657786247614718,0.970377730439399,0.78515625,1.0,0.15625
2026-04-27T08:50,12,40,0.15625,40,54,0.0,5.657788988991961,0.9703705308083415,0.78515625,1.0,0.15625
2026-04-27T09:50,14,40,0.15625,40,54,0.0,5.657788133810646,0.9703633365864732,0.78515625,1.0,0.15625
2026-04-27T10:50,16,40,0.15625,40,54,0.0,5.657785010916246,0.9703561477677006,0.78515625,1.0,0.15625
2026-04-27T11:50,18,40,0.15625,40,54,0.0,5.657778723668388,0.9703489643459392,0.78515625,1.0,0.15625
2026-04-27T12:50,18,40,0.15625,40,54,0.0,5.6577648394680295,0.9703417863151134,0.78515625,1.0,0.15625
2026-04-27T13:20,19,40,0.15625,40,54,0.0,5.657750906194899,0.9703529109263981,0.78515625,1.0,0.15625
2026-04-27T13:50,19,40,0.15625,40,54,0.0,5.657736923969884,0.970364027195267,0.78515625,1.0,0.15625
2026-04-27T14:50,20,40,0.15625,40,54,0.0,5.657722892913578,0.9703751351311009,0.78515625,1.0,0.15625
2026-04-27T15:50,21,40,0.15625,40,54,0.0,5.657706815053451,0.9703679580524437,0.78515625,1.0,0.15625
2026-04-27T16:50,20,40,0.15625,40,54,0.0,5.6576874989899775,0.9703607863498754,0.78515625,1.0,0.15625
2026-04-27T17:50,19,40,0.15625,40,54,0.0,5.657673475842591,0.9703362266787454,0.78515625,1.0,0.15625
2026-04-27T18:50,18,40,0.15625,40,54,0.0,5.657664250167288,0.9703116853906029,0.78515625,1.0,0.15625
2026-04-27T19:50,17,40,0.15625,40,54,0.0,5.657654968503461,0.9703227921300751,0.78515625,1.0,0.15625
2026-04-27T20:50,16,40,0.15625,40,54,0.0,5.657651081737882,0.9702982742215606,0.78515625,1.0,0.15625
2026-04-27T21:50,14,40,0.15625,40,54,0.0,5.657651609533275,0.9702911419740741,0.78515625,1.0,0.15625
2026-04-27T22:50,14,40,0.15625,40,54,0.0,5.657656567295944,0.9702840150571163,0.78515625,1.0,0.15625
2026-04-27T23:50,12,40,0.15625,40,54,0.0,5.657670165709604,0.9702595391100505,0.78515625,1.0,0.15625
2026-04-28T00:50,10,40,0.15625,40,54,0.0,5.657683672642342,0.9702706445846173,0.78515625,1.0,0.15625
2026-04-28T01:50,11,40,0.15625,40,54,0.0,5.657697088298581,0.970281741768423,0.78515625,1.0,0.15625
2026-04-28T02:50,10,40,0.15625,40,54,0.0,5.657716926046554,0.9702746289961941,0.78515625,1.0,0.15625
2026-04-28T03:50,10,40,0.15625,40,54,0.0,5.657739384285946,0.9702675215300244,0.78515625,1.0,0.15625
2026-04-28T04:50,9,40,0.15625,40,54,0.0,5.657759766970546,0.9702430973626985,0.78515625,1.0,0.15625
2026-04-28T05:50,9,40,0.15625,40,54,0.0,5.657777181297858,0.9702186914019824,0.78515625,1.0,0.15625
2026-04-28T06:50,10,40,0.15625,40,54,0.0,5.657788262019007,0.9701777996079726,0.78515625,1.0,0.15625
2026-04-28T07:50,10,40,0.15625,40,54,0.0,5.657792047923328,0.9701707387932936,0.78515625,1.0,0.15625
2026-04-28T08:50,10,40,0.15625,40,54,0.0,5.657794737116223,0.970163683236109,0.78515625,1.0,0.15625
2026-04-28T09:50,10,40,0.15625,40,54,0.0,5.657793845652882,0.9701566329305483,0.78515625,1.0,0.15625
2026-04-28T10:50,10,40,0.15625,40,54,0.0,5.657790717709784,0.9701495878707511,0.78515625,1.0,0.15625
2026-04-28T11:50,12,40,0.15625,40,54,0.0,5.657784448155228,0.9701425480508643,0.78515625,1.0,0.15625
2026-04-28T12:50,14,40,0.15625,40,54,0.0,5.65777065878105,0.9701355134650443,0.78515625,1.0,0.15625
2026-04-28T13:50,14,40,0.15625,40,54,0.0,5.657756821290928,0.9701466113790299,0.78515625,1.0,0.15625
2026-04-28T14:50,16,40,0.15625,40,54,0.0,5.657742935802323,0.9701577010479083,0.78515625,1.0,0.15625
2026-04-28T15:50,16,40,0.15625,40,54,0.0,5.657727019846145,0.9701506686718027,0.78515625,1.0,0.15625
2026-04-28T16:50,16,40,0.15625,40,54,0.0,5.657707894327058,0.9701436415164661,0.78515625,1.0,0.15625
2026-04-28T17:50,15,40,0.15625,40,54,0.0,5.657693587069605,0.9701193811317704,0.78515625,1.0,0.15625
2026-04-28T18:50,15,40,0.15625,40,54,0.0,5.657684436073314,0.9700951387443928,0.78515625,1.0,0.15625
2026-04-28T19:50,13,40,0.15625,40,54,0.0,5.657675230086406,0.9701062269391484,0.78515625,1.0,0.15625
2026-04-28T20:50,12,40,0.15625,40,54,0.0,5.657671372374215,0.970082007397941,0.78515625,1.0,0.15625
2026-04-28T21:50,10,40,0.15625,40,54,0.0,5.657671875185818,0.9700750187002002,0.78515625,1.0,0.15625
2026-04-28T22:50,9,40,0.15625,40,54,0.0,5.657673593006648,0.9700680351792723,0.78515625,1.0,0.15625
2026-04-28T23:50,9,40,0.15625,40,54,0.0,5.65768703899395,0.9700438566785625,0.78515625,1.0,0.15625
2026-04-29T00:50,9,40,0.15625,40,54,0.0,5.657700395166473,0.9700549433341219,0.78515625,1.0,0.15625
2026-04-29T01:50,9,40,0.15625,40,54,0.0,5.6577136617231405,0.9700660217864585,0.78515625,1.0,0.15625
2026-04-29T02:50,9,40,0.15625,40,54,0.0,5.657733289249025,0.9700590519234438,0.78515625,1.0,0.15625
2026-04-29T03:50,9,40,0.15625,40,54,0.0,5.657755502884874,0.9700520872137476,0.78515625,1.0,0.15625
2026-04-29T04:50,10,40,0.15625,40,54,0.0,5.657775666263947,0.9700279592823169,0.78515625,1.0,0.15625
2026-04-29T05:50,10,40,0.15625,40,54,0.0,5.657792904481133,0.9700038491772113,0.78515625,1.0,0.15625
2026-04-29T06:50,11,40,0.15625,40,54,0.0,5.6578038757416245,0.9699633991281353,0.78515625,1.0,0.15625
2026-04-29T07:50,12,40,0.15625,40,54,0.0,5.65780762339432,0.9699564800115119,0.78515625,1.0,0.15625
2026-04-29T08:50,13,40,0.15625,40,54,0.0,5.657810268204274,0.9699495660012476,0.78515625,1.0,0.15625
2026-04-29T09:50,14,40,0.15625,40,54,0.0,5.657809367249542,0.9699426570916917,0.78515625,1.0,0.15625
2026-04-29T10:50,14,40,0.15625,40,54,0.0,5.657806269295638,0.9699357532772018,0.78515625,1.0,0.15625
2026-04-29T11:50,15,40,0.15625,40,54,0.0,5.657800061455547,0.969928854552144,0.78515625,1.0,0.15625
2026-04-29T12:50,15,40,0.15625,40,54,0.0,5.657786414768426,0.9699219609108922,0.78515625,1.0,0.15625
2026-04-29T13:50,15,40,0.15625,40,54,0.0,5.6577727207783655,0.9699330393783284,0.78515625,1.0,0.15625
2026-04-29T14:50,15,40,0.15625,40,54,0.0,5.657758979599801,0.9699441096878356,0.78515625,1.0,0.15625
2026-04-29T15:50,15,40,0.15625,40,54,0.0,5.6577432240336964,0.9699372180435614,0.78515625,1.0,0.15625
2026-04-29T16:50,15,40,0.15625,40,54,0.0,5.657724287041844,0.9699303314704015,0.78515625,1.0,0.15625
2026-04-29T17:50,15,40,0.15625,40,54,0.0,5.657710103967117,0.9699063636783057,0.78515625,1.0,0.15625
2026-04-29T18:50,14,40,0.15625,40,54,0.0,5.657701027676072,0.9698824135095864,0.78515625,1.0,0.15625
2026-04-29T19:50,14,40,0.15625,40,54,0.0,5.6576918973649475,0.9698934820823502,0.78515625,1.0,0.15625
2026-04-29T20:50,13,40,0.15625,40,54,0.0,5.657688069511939,0.969869554243511,0.78515625,1.0,0.15625
2026-04-29T21:50,13,40,0.15625,40,54,0.0,5.657688549351056,0.9698627051645361,0.78515625,1.0,0.15625
2026-04-29T22:50,12,40,0.15625,40,54,0.0,5.657690222610323,0.9698558611142537,0.78515625,1.0,0.15625
2026-04-29T23:50,12,40,0.15625,40,54,0.0,5.657703519482797,0.9698319734238492,0.78515625,1.0,0.15625
2026-04-30T00:50,12,40,0.15625,40,54,0.0,5.657716728161445,0.9698430401980884,0.78515625,1.0,0.15625
2026-04-30T01:50,12,40,0.15625,40,54,0.0,5.657729848839888,0.9698540988558816,0.78515625,1.0,0.15625
2026-04-30T02:50,12,40,0.15625,40,54,0.0,5.657749270511165,0.9698472679956687,0.78515625,1.0,0.15625
2026-04-30T03:50,12,40,0.15625,40,54,0.0,5.65777124471988,0.9698404421415827,0.78515625,1.0,0.15625
2026-04-30T04:50,11,40,0.15625,40,54,0.0,5.657791193406243,0.9698166038495023,0.78515625,1.0,0.15625
2026-04-30T05:50,11,40,0.15625,40,54,0.0,5.657808259067921,0.9697927830149774,0.78515625,1.0,0.15625
2026-04-30T06:50,12,40,0.15625,40,54,0.0,5.657819123066444,0.9697527655674166,0.78515625,1.0,0.15625
2026-04-30T07:20,13,40,0.15625,40,54,0.0,5.657822833304237,0.9697459842818796,0.78515625,1.0,0.15625
2026-04-30T07:50,13,40,0.15625,40,54,0.0,5.657826470415162,0.9697570501252294,0.78515625,1.0,0.15625
2026-04-30T08:20,14,40,0.15625,40,54,0.0,5.657830034562985,0.9697681078765547,0.78515625,1.0,0.15625
2026-04-30T08:50,15,40,0.15625,40,54,0.0,5.657832508265655,0.9697613284190689,0.78515625,1.0,0.15625
2026-04-30T09:20,15,40,0.15625,40,54,0.0,5.6578314957268905,0.9697545539155162,0.78515625,1.0,0.15625
2026-04-30T09:50,14,40,0.15625,40,54,0.0,5.657830417144796,0.9697656004626617,0.78515625,1.0,0.15625
2026-04-30T10:20,15,40,0.15625,40,54,0.0,5.6578272168094035,0.969758829346098,0.78515625,1.0,0.15625
2026-04-30T10:50,15,40,0.15625,40,54,0.0,5.657823953870977,0.9697698662696943,0.78515625,1.0,0.15625
2026-04-30T11:20,15,40,0.15625,40,54,0.0,5.657817668800169,0.9697630985374527,0.78515625,1.0,0.15625
2026-04-30T11:50,17,40,0.15625,40,54,0.0,5.657811326170296,0.9697741258538138,0.78515625,1.0,0.15625
2026-04-30T12:20,16,40,0.15625,40,54,0.0,5.657797707806571,0.9697673615032274,0.78515625,1.0,0.15625
2026-04-30T12:50,16,40,0.15625,40,54,0.0,5.6577840433014615,0.9697783792286273,0.78515625,1.0,0.15625
2026-04-30T13:20,17,40,0.15625,40,54,0.0,5.657770332765508,0.9697893889265403,0.78515625,1.0,0.15625
2026-04-30T13:50,18,40,0.15625,40,54,0.0,5.65775657630899,0.9698003906057369,0.78515625,1.0,0.15625
2026-04-30T14:20,18,40,0.15625,40,54,0.0,5.6577427740419255,0.9698113842749739,0.78515625,1.0,0.15625
2026-04-30T14:50,18,40,0.15625,40,54,0.0,5.657728926074077,0.9698223699429961,0.78515625,1.0,0.15625
2026-04-30T15:20,18,40,0.15625,40,54,0.0,5.657715032514941,0.9698333476185352,0.78515625,1.0,0.15625
2026-04-30T15:50,18,40,0.15625,40,54,0.0,5.657699240722574,0.9698265789511086,0.78515625,1.0,0.15625
2026-04-30T16:20,18,40,0.15625,40,54,0.0,5.657683406260994,0.9698375471157937,0.78515625,1.0,0.15625
2026-04-30T16:50,19,40,0.15625,40,54,0.0,5.657664534340369,0.9698307818414764,0.78515625,1.0,0.15625
2026-04-30T17:20,18,40,0.15625,40,54,0.0,5.657650010992906,0.9698240214819972,0.78515625,1.0,0.15625
2026-04-30T17:50,18,40,0.15625,40,54,0.0,5.65763636465347,0.969817266032002,0.78515625,1.0,0.15625
2026-04-30T18:20,17,40,0.15625,40,54,0.0,5.657624372418371,0.9698105154861447,0.78515625,1.0,0.15625
2026-04-30T18:50,17,40,0.15625,40,54,0.0,5.6576155178297824,0.969803769839087,0.78515625,1.0,0.15625
2026-04-30T19:20,16,40,0.15625,40,54,0.0,5.657606610470494,0.969814722407154,0.78515625,1.0,0.15625
2026-04-30T19:50,16,40,0.15625,40,54,0.0,5.657597650462975,0.9698256670328222,0.78515625,1.0,0.15625
2026-04-30T20:20,15,40,0.15625,40,54,0.0,5.657589119672942,0.9698189232289667,0.78515625,1.0,0.15625
2026-04-30T20:50,14,40,0.15625,40,54,0.0,5.657585540252238,0.9698121843119254,0.78515625,1.0,0.15625
2026-04-30T21:20,14,40,0.15625,40,54,0.0,5.657586300009383,0.9698054502763888,0.78515625,1.0,0.15625
2026-04-30T21:50,14,40,0.15625,40,54,0.0,5.65758699261526,0.9698163824088014,0.78515625,1.0,0.15625
2026-04-30T22:20,13,40,0.15625,40,54,0.0,5.65758761821981,0.9698273066279802,0.78515625,1.0,0.15625
2026-04-30T22:50,13,40,0.15625,40,54,0.0,5.6575895084201715,0.9698205744302838,0.78515625,1.0,0.15625
2026-04-30T23:20,13,40,0.15625,40,54,0.0,5.65760304559844,0.9697970450741651,0.78515625,1.0,0.15625
2026-04-30T23:50,12,40,0.15625,40,54,0.0,5.657616496455694,0.9698079644360327,0.78515625,1.0,0.15625
2026-05-01T00:20,11,40,0.15625,40,54,0.0,5.657629861178619,0.9698188759053367,0.78515625,1.0,0.15625
2026-05-01T00:50,12,40,0.15625,40,54,0.0,5.657643139953445,0.9698297794906308,0.78515625,1.0,0.15625
2026-05-01T01:20,11,40,0.15625,40,54,0.0,5.657656332965947,0.9698406752004572,0.78515625,1.0,0.15625
2026-05-01T01:50,11,40,0.15625,40,54,0.0,5.657669440401456,0.9698515630433451,0.78515625,1.0,0.15625
2026-05-01T02:20,11,40,0.15625,40,54,0.0,5.657688806538182,0.9698448390986146,0.78515625,1.0,0.15625
2026-05-01T02:50,12,40,0.15625,40,54,0.0,5.6577080779675475,0.9698557175837883,0.78515625,1.0,0.15625
2026-05-01T03:20,12,40,0.15625,40,54,0.0,5.657727254891604,0.9698665882229575,0.78515625,1.0,0.15625
2026-05-01T03:50,10,40,0.15625,40,54,0.0,5.6577489882794465,0.9698598661335459,0.78515625,1.0,0.15625
2026-05-01T04:20,10,40,0.15625,40,54,0.0,5.657766721725859,0.9698531488888834,0.78515625,1.0,0.15625
2026-05-01T04:50,10,40,0.15625,40,54,0.0,5.657786426467258,0.9698464364837344,0.78515625,1.0,0.15625
2026-05-01T05:20,10,40,0.15625,40,54,0.0,5.657803253355757,0.9698397289128706,0.78515625,1.0,0.15625
2026-05-01T05:50,10,40,0.15625,40,54,0.0,5.657820070991335,0.9698330261710716,0.78515625,1.0,0.15625
2026-05-01T06:20,11,40,0.15625,40,54,0.0,5.657830521921571,0.9698263282531242,0.78515625,1.0,0.15625
2026-05-01T06:50,11,40,0.15625,40,54,0.0,5.657841189841263,0.9698029237842423,0.78515625,1.0,0.15625
2026-05-01T07:20,12,40,0.15625,40,54,0.0,5.657844839736919,0.9697962415075112,0.78515625,1.0,0.15625
2026-05-01T07:50,13,40,0.15625,40,54,0.0,5.65784841900576,0.9698070983581556,0.78515625,1.0,0.15625
2026-05-01T08:20,14,40,0.15625,40,54,0.0,5.6578519278032,0.9698179474065357,0.78515625,1.0,0.15625
2026-05-01T08:50,15,40,0.15625,40,54,0.0,5.657854350965167,0.969811266934118,0.78515625,1.0,0.15625
2026-05-01T10:20,17,40,0.15625,40,54,0.0,5.657851333656078,0.9697879098920453,0.78515625,1.0,0.15625
2026-05-01T10:50,18,40,0.15625,40,54,0.0,5.657845301635424,0.9697812449969639,0.78515625,1.0,0.15625
2026-05-01T11:20,20,40,0.15625,40,54,0.0,5.657839213673324,0.9697920877508223,0.78515625,1.0,0.15625
2026-05-01T11:50,20,40,0.15625,40,54,0.0,5.6578330698970705,0.9698029227265214,0.78515625,1.0,0.15625
2026-05-01T12:20,21,40,0.15625,40,54,0.0,5.657819755360326,0.9697962596176898,0.78515625,1.0,0.15625
2026-05-01T12:50,22,40,0.15625,40,54,0.0,5.657806396075596,0.9698070853310884,0.78515625,1.0,0.15625
2026-05-01T13:20,24,40,0.15625,40,54,0.0,5.657792992148248,0.9698179032868995,0.78515625,1.0,0.15625
2026-05-01T13:50,24,40,0.15625,40,54,0.0,5.657779543683403,0.9698287134934587,0.78515625,1.0,0.15625
2026-05-01T14:20,24,40,0.15625,40,54,0.0,5.657766050785943,0.9698395159590893,0.78515625,1.0,0.15625
2026-05-01T14:50,24,40,0.15625,40,54,0.0,5.657752513560501,0.9698503106921034,0.78515625,1.0,0.15625
2026-05-01T15:20,24,40,0.15625,40,54,0.0,5.657738932111468,0.9698610977008002,0.78515625,1.0,0.15625
2026-05-01T15:50,24,40,0.15625,40,54,0.0,5.6577253065429955,0.9698718769934681,0.78515625,1.0,0.15625
2026-05-01T16:20,24,40,0.15625,40,54,0.0,5.657709799645697,0.9698652082895717,0.78515625,1.0,0.15625
2026-05-01T16:50,24,40,0.15625,40,54,0.0,5.657691282911587,0.9698585443524398,0.78515625,1.0,0.15625
2026-05-01T17:20,23,40,0.15625,40,54,0.0,5.657677001043012,0.9698518851769639,0.78515625,1.0,0.15625
2026-05-01T17:50,23,40,0.15625,40,54,0.0,5.657662676079887,0.9698626523608294,0.78515625,1.0,0.15625
2026-05-01T18:20,22,40,0.15625,40,54,0.0,5.657650834725884,0.9698394103945318,0.78515625,1.0,0.15625
2026-05-01T18:50,22,40,0.15625,40,54,0.0,5.657642055987262,0.9698327651774729,0.78515625,1.0,0.15625
2026-05-01T19:20,21,40,0.15625,40,54,0.0,5.65763322629583,0.9698435276586795,0.78515625,1.0,0.15625
2026-05-01T19:50,20,40,0.15625,40,54,0.0,5.6576243457679345,0.9698542824633662,0.78515625,1.0,0.15625
2026-05-01T20:20,20,40,0.15625,40,54,0.0,5.657615873053102,0.9698476390515058,0.78515625,1.0,0.15625
2026-05-01T20:50,19,40,0.15625,40,54,0.0,5.6576073491202505,0.9698583847254005,0.78515625,1.0,0.15625
2026-05-01T21:20,19,40,0.15625,40,54,0.0,5.657607982347665,0.9698351939594712,0.78515625,1.0,0.15625
2026-05-01T21:50,18,40,0.15625,40,54,0.0,5.657608550775434,0.9698459364117648,0.78515625,1.0,0.15625
2026-05-01T22:20,18,40,0.15625,40,54,0.0,5.657609054545924,0.9698566712154629,0.78515625,1.0,0.15625
2026-05-01T22:50,18,40,0.15625,40,54,0.0,5.65761081067384,0.9698500387745305,0.78515625,1.0,0.15625
2026-05-01T23:20,17,40,0.15625,40,54,0.0,5.6576191287209445,0.9698434110525171,0.78515625,1.0,0.15625
2026-05-01T23:50,16,40,0.15625,40,54,0.0,5.657632248036743,0.9698367880443887,0.78515625,1.0,0.15625
2026-05-02T00:20,16,40,0.15625,40,54,0.0,5.6576452841810525,0.9698475108356989,0.78515625,1.0,0.15625
2026-05-02T00:50,15,40,0.15625,40,54,0.0,5.657658237330781,0.9698582260059776,0.78515625,1.0,0.15625
2026-05-02T01:20,14,40,0.15625,40,54,0.0,5.657671107662417,0.9698689335633467,0.78515625,1.0,0.15625
2026-05-02T01:50,13,40,0.15625,40,54,0.0,5.657683895352028,0.9698796335159166,0.78515625,1.0,0.15625
2026-05-02T02:20,13,40,0.15625,40,54,0.0,5.657702868264802,0.9698730094046916,0.78515625,1.0,0.15625
2026-05-02T02:50,12,40,0.15625,40,54,0.0,5.657721749650111,0.9698837003168971,0.78515625,1.0,0.15625
2026-05-02T03:20,12,40,0.15625,40,54,0.0,5.657740539700058,0.9698943836442058,0.78515625,1.0,0.15625
2026-05-02T03:50,12,40,0.15625,40,54,0.0,5.657761874530491,0.9698877613493657,0.78515625,1.0,0.15625
2026-05-02T04:20,12,40,0.15625,40,54,0.0,5.6577793001146395,0.9698811437495237,0.78515625,1.0,0.15625
2026-05-02T04:50,11,40,0.15625,40,54,0.0,5.657798669612976,0.9698745308396888,0.78515625,1.0,0.15625
2026-05-02T05:20,11,40,0.15625,40,54,0.0,5.657815227512973,0.9698679226148766,0.78515625,1.0,0.15625
2026-05-02T05:50,11,40,0.15625,40,54,0.0,5.6578317962965885,0.9698613190701104,0.78515625,1.0,0.15625
2026-05-02T06:20,11,40,0.15625,40,54,0.0,5.657842112675295,0.9698547202004202,0.78515625,1.0,0.15625
2026-05-02T06:50,11,40,0.15625,40,54,0.0,5.657852677674163,0.9698316866493095,0.78515625,1.0,0.15625
2026-05-02T07:20,11,40,0.15625,40,54,0.0,5.65785636600784,0.9698251029300119,0.78515625,1.0,0.15625
2026-05-02T07:50,11,40,0.15625,40,54,0.0,5.657859985846459,0.9698357729784808,0.78515625,1.0,0.15625
2026-05-02T08:20,12,40,0.15625,40,54,0.0,5.657863537338251,0.9698464354836139,0.78515625,1.0,0.15625
2026-05-02T08:50,13,40,0.15625,40,54,0.0,5.657867020631105,0.9698570904534077,0.78515625,1.0,0.15625
2026-05-02T09:20,14,40,0.15625,40,54,0.0,5.657866140140094,0.9698340967459929,0.78515625,1.0,0.15625
2026-05-02T09:50,15,40,0.15625,40,54,0.0,5.657865197768229,0.9698447485479894,0.78515625,1.0,0.15625
2026-05-02T10:20,16,40,0.15625,40,54,0.0,5.657862241674941,0.9698381741617018,0.78515625,1.0,0.15625
2026-05-02T10:50,17,40,0.15625,40,54,0.0,5.65785629747677,0.9698316044150658,0.78515625,1.0,0.15625
2026-05-02T11:20,17,40,0.15625,40,54,0.0,5.657850299236632,0.9698422458244432,0.78515625,1.0,0.15625
2026-05-02T11:50,19,40,0.15625,40,54,0.0,5.657844247075413,0.9698528797293006,0.78515625,1.0,0.15625
2026-05-02T12:20,19,40,0.15625,40,54,0.0,5.657831157503108,0.969846311746384,0.78515625,1.0,0.15625
2026-05-02T12:50,21,40,0.15625,40,54,0.0,5.65781802468313,0.969856936724627,0.78515625,1.0,0.15625
2026-05-02T13:20,21,40,0.15625,40,54,0.0,5.657804848715587,0.9698675542178554,0.78515625,1.0,0.15625
2026-05-02T13:50,22,40,0.15625,40,54,0.0,5.657791629700364,0.9698781642339759,0.78515625,1.0,0.15625
2026-05-02T14:20,22,40,0.15625,40,54,0.0,5.657778367737115,0.9698887667808841,0.78515625,1.0,0.15625
2026-05-02T14:50,22,40,0.15625,40,54,0.0,5.657765062925267,0.9698993618664643,0.78515625,1.0,0.15625
2026-05-02T15:20,22,40,0.15625,40,54,0.0,5.657751715364021,0.9699099494985901,0.78515625,1.0,0.15625
2026-05-02T15:50,23,40,0.15625,40,54,0.0,5.657736521288383,0.9699033776148688,0.78515625,1.0,0.15625
2026-05-02T16:20,22,40,0.15625,40,54,0.0,5.65772128720648,0.9699139563925085,0.78515625,1.0,0.15625
2026-05-02T16:50,21,40,0.15625,40,54,0.0,5.65770726073391,0.9698910638936923,0.78515625,1.0,0.15625
2026-05-02T17:20,20,40,0.15625,40,54,0.0,5.657693192547542,0.9699016395649626,0.78515625,1.0,0.15625
2026-05-02T17:50,20,40,0.15625,40,54,0.0,5.657679926097156,0.9698950798292287,0.78515625,1.0,0.15625
2026-05-02T18:20,17,40,0.15625,40,54,0.0,5.657671288836045,0.9698722180619184,0.78515625,1.0,0.15625
2026-05-02T18:50,17,40,0.15625,40,54,0.0,5.657662602290053,0.9698827892134756,0.78515625,1.0,0.15625
2026-05-02T19:20,16,40,0.15625,40,54,0.0,5.657653866569858,0.9698933529492828,0.78515625,1.0,0.15625
2026-05-02T19:50,17,40,0.15625,40,54,0.0,5.657645081785883,0.9699039092771408,0.78515625,1.0,0.15625
2026-05-02T20:20,16,40,0.15625,40,54,0.0,5.657636691650829,0.9698973602420612,0.78515625,1.0,0.15625
2026-05-02T20:50,16,40,0.15625,40,54,0.0,5.657633090200892,0.9698908157963545,0.78515625,1.0,0.15625
2026-05-02T21:20,16,40,0.15625,40,54,0.0,5.657633630306291,0.969884275935198,0.78515625,1.0,0.15625
2026-05-02T21:50,16,40,0.15625,40,54,0.0,5.657634107890097,0.9698948206565092,0.78515625,1.0,0.15625
2026-05-02T22:20,15,40,0.15625,40,54,0.0,5.657634523087388,0.9699053579961464,0.78515625,1.0,0.15625
2026-05-02T22:50,15,40,0.15625,40,54,0.0,5.657639216686666,0.9698988199115415,0.78515625,1.0,0.15625
2026-05-02T23:20,15,40,0.15625,40,54,0.0,5.657652107578536,0.9698760368002616,0.78515625,1.0,0.15625
2026-05-02T23:50,15,40,0.15625,40,54,0.0,5.657664918028483,0.9698865696545272,0.78515625,1.0,0.15625
2026-05-03T00:20,15,40,0.15625,40,54,0.0,5.657677648204789,0.9698970951457351,0.78515625,1.0,0.15625
2026-05-03T00:50,15,40,0.15625,40,54,0.0,5.657690298275353,0.969907613281603,0.78515625,1.0,0.15625
2026-05-03T01:20,15,40,0.15625,40,54,0.0,5.657702868407678,0.9699181240698386,0.78515625,1.0,0.15625
2026-05-03T01:50,15,40,0.15625,40,54,0.0,5.6577153587688755,0.9699286275181382,0.78515625,1.0,0.15625
2026-05-03T02:20,15,40,0.15625,40,54,0.0,5.657733934143393,0.9699220972859137,0.78515625,1.0,0.15625
2026-05-03T02:50,14,40,0.15625,40,54,0.0,5.657752421145098,0.9699325920181935,0.78515625,1.0,0.15625
2026-05-03T03:20,14,40,0.15625,40,54,0.0,5.6577708199563785,0.9699430794294185,0.78515625,1.0,0.15625
2026-05-03T03:50,14,40,0.15625,40,54,0.0,5.657791734216794,0.9699365509889601,0.78515625,1.0,0.15625
2026-05-03T04:20,14,40,0.15625,40,54,0.0,5.657808821298416,0.9699300270995235,0.78515625,1.0,0.15625
2026-05-03T04:50,14,40,0.15625,40,54,0.0,5.6578278230039025,0.9699235077563513,0.78515625,1.0,0.15625
2026-05-03T05:20,14,40,0.15625,40,54,0.0,5.657844080460449,0.9699169929546929,0.78515625,1.0,0.15625
2026-05-03T05:50,14,40,0.15625,40,54,0.0,5.657860358022777,0.9699104826898045,0.78515625,1.0,0.15625
2026-05-03T06:20,14,40,0.15625,40,54,0.0,5.657870490394416,0.9699039769569487,0.78515625,1.0,0.15625
2026-05-03T06:50,14,40,0.15625,40,54,0.0,5.657880884113592,0.9698813109610562,0.78515625,1.0,0.15625
2026-05-03T07:20,14,40,0.15625,40,54,0.0,5.6578912014580744,0.9698917870268089,0.78515625,1.0,0.15625
2026-05-03T07:50,14,40,0.15625,40,54,0.0,5.657894796080123,0.9698852945807618,0.78515625,1.0,0.15625
2026-05-03T08:20,15,40,0.15625,40,54,0.0,5.657898324565194,0.9698957619792391,0.78515625,1.0,0.15625
2026-05-03T08:50,15,40,0.15625,40,54,0.0,5.657901787053977,0.9699062221036382,0.78515625,1.0,0.15625
2026-05-03T09:20,15,40,0.15625,40,54,0.0,5.6579009440567365,0.9698835946922655,0.78515625,1.0,0.15625
2026-05-03T09:50,16,40,0.15625,40,54,0.0,5.657900041189877,0.9698940517774417,0.78515625,1.0,0.15625
2026-05-03T10:20,16,40,0.15625,40,54,0.0,5.657897191181526,0.9698875698129911,0.78515625,1.0,0.15625
2026-05-03T10:50,17,40,0.15625,40,54,0.0,5.65789137953245,0.9698810923467809,0.78515625,1.0,0.15625
2026-05-03T11:20,17,40,0.15625,40,54,0.0,5.657885515577352,0.9698915394184608,0.78515625,1.0,0.15625
2026-05-03T11:50,17,40,0.15625,40,54,0.0,5.65787959943126,0.9699019792452922,0.78515625,1.0,0.15625
2026-05-03T12:20,17,40,0.15625,40,54,0.0,5.657866774321679,0.9698955035201448,0.78515625,1.0,0.15625
2026-05-03T12:50,19,40,0.15625,40,54,0.0,5.6578539073224725,0.9699059347386063,0.78515625,1.0,0.15625
2026-05-03T13:20,18,40,0.15625,40,54,0.0,5.657840998528957,0.9699163587307301,0.78515625,1.0,0.15625
2026-05-03T13:50,19,40,0.15625,40,54,0.0,5.657828048036232,0.9699267755040227,0.78515625,1.0,0.15625
2026-05-03T14:20,19,40,0.15625,40,54,0.0,5.657815055939187,0.9699371850659805,0.78515625,1.0,0.15625
2026-05-03T14:50,19,40,0.15625,40,54,0.0,5.657802022332496,0.9699475874240892,0.78515625,1.0,0.15625
2026-05-03T15:20,19,40,0.15625,40,54,0.0,5.657788947310621,0.9699579825858242,0.78515625,1.0,0.15625
2026-05-03T15:50,20,40,0.15625,40,54,0.0,5.657774051888477,0.9699515031700597,0.78515625,1.0,0.15625
2026-05-03T16:20,19,40,0.15625,40,54,0.0,5.657759117708169,0.9699618897918468,0.78515625,1.0,0.15625
2026-05-03T16:50,19,40,0.15625,40,54,0.0,5.657745327708461,0.9699393604259071,0.78515625,1.0,0.15625
2026-05-03T17:20,20,40,0.15625,40,54,0.0,5.6577314973585064,0.9699497440665199,0.78515625,1.0,0.15625
2026-05-03T17:50,19,40,0.15625,40,54,0.0,5.657718433467914,0.9699432764450172,0.78515625,1.0,0.15625
2026-05-03T18:20,19,40,0.15625,40,54,0.0,5.6577069329679235,0.9699368132885624,0.78515625,1.0,0.15625
2026-05-03T18:50,19,40,0.15625,40,54,0.0,5.657698363225037,0.9699303545925327,0.78515625,1.0,0.15625
2026-05-03T19:20,19,40,0.15625,40,54,0.0,5.657689745957336,0.9699407270124732,0.78515625,1.0,0.15625
2026-05-03T19:50,18,40,0.15625,40,54,0.0,5.657681081269786,0.9699510922790207,0.78515625,1.0,0.15625
2026-05-03T20:20,18,40,0.15625,40,54,0.0,5.657672791249748,0.9699446353400052,0.78515625,1.0,0.15625
2026-05-03T20:50,18,40,0.15625,40,54,0.0,5.657669209172181,0.9699381828509821,0.78515625,1.0,0.15625
2026-05-03T21:20,18,40,0.15625,40,54,0.0,5.657669674538217,0.9699317348073528,0.78515625,1.0,0.15625
2026-05-03T21:50,17,40,0.15625,40,54,0.0,5.657670079523082,0.969942088893163,0.78515625,1.0,0.15625
2026-05-03T22:20,17,40,0.15625,40,54,0.0,5.657670424255104,0.9699524358505147,0.78515625,1.0,0.15625
2026-05-03T22:50,16,40,0.15625,40,54,0.0,5.657674965245224,0.9699459895588233,0.78515625,1.0,0.15625
2026-05-03T23:20,16,40,0.15625,40,54,0.0,5.657687553095451,0.9699235664130383,0.78515625,1.0,0.15625
2026-05-03T23:50,15,40,0.15625,40,54,0.0,5.6577000632704,0.9699339090655785,0.78515625,1.0,0.15625
2026-05-04T00:20,15,40,0.15625,40,54,0.0,5.657712495929897,0.969944244607323,0.78515625,1.0,0.15625
2026-05-04T00:50,15,40,0.15625,40,54,0.0,5.657724851233401,0.9699545730456022,0.78515625,1.0,0.15625
2026-05-04T01:20,14,40,0.15625,40,54,0.0,5.657737129340005,0.969964894387737,0.78515625,1.0,0.15625
2026-05-04T01:50,14,40,0.15625,40,54,0.0,5.657749330408436,0.969975208641038,0.78515625,1.0,0.15625
2026-05-04T02:20,15,40,0.15625,40,54,0.0,5.657767519478828,0.9699687700222787,0.78515625,1.0,0.15625
2026-05-04T02:50,14,40,0.15625,40,54,0.0,5.657785623179719,0.9699790758664714,0.78515625,1.0,0.15625
2026-05-04T03:20,13,40,0.15625,40,54,0.0,5.657803641684404,0.9699893746397591,0.78515625,1.0,0.15625
2026-05-04T03:50,13,40,0.15625,40,54,0.0,5.657824146822443,0.9699829377870689,0.78515625,1.0,0.15625
2026-05-04T04:20,13,40,0.15625,40,54,0.0,5.65784090363892,0.9699765053477162,0.78515625,1.0,0.15625
2026-05-04T04:50,13,40,0.15625,40,54,0.0,5.657859546654585,0.9699700773171636,0.78515625,1.0,0.15625
2026-05-04T05:20,13,40,0.15625,40,54,0.0,5.657875502509272,0.9699636536908799,0.78515625,1.0,0.15625
2026-05-04T05:50,13,40,0.15625,40,54,0.0,5.657891477859196,0.9699572344643402,0.78515625,1.0,0.15625
2026-05-04T06:20,13,40,0.15625,40,54,0.0,5.657901411649109,0.9699508196330258,0.78515625,1.0,0.15625
2026-05-04T06:50,12,40,0.15625,40,54,0.0,5.657911618590401,0.9699285099427893,0.78515625,1.0,0.15625
2026-05-04T07:20,12,40,0.15625,40,54,0.0,5.657915240544676,0.9699221093277542,0.78515625,1.0,0.15625
2026-05-04T07:50,12,40,0.15625,40,54,0.0,5.657918798348496,0.9699323958840718,0.78515625,1.0,0.15625
2026-05-04T08:20,12,40,0.15625,40,54,0.0,5.657922292136099,0.9699426754068464,0.78515625,1.0,0.15625
2026-05-04T08:50,12,40,0.15625,40,54,0.0,5.657925722041409,0.9699529479032897,0.78515625,1.0,0.15625
2026-05-04T09:20,12,40,0.15625,40,54,0.0,5.657924903337072,0.9699306755961008,0.78515625,1.0,0.15625
2026-05-04T09:50,13,40,0.15625,40,54,0.0,5.657924026694123,0.9699409451741077,0.78515625,1.0,0.15625
2026-05-04T10:20,13,40,0.15625,40,54,0.0,5.6579212662556735,0.9699345534250537,0.78515625,1.0,0.15625
2026-05-04T10:50,13,40,0.15625,40,54,0.0,5.657918450733174,0.9699448146696186,0.78515625,1.0,0.15625
2026-05-04T11:20,14,40,0.15625,40,54,0.0,5.657912712384729,0.9699384259618483,0.78515625,1.0,0.15625
2026-05-04T11:50,14,40,0.15625,40,54,0.0,5.6579069234976185,0.9699486788861451,0.78515625,1.0,0.15625
2026-05-04T12:20,14,40,0.15625,40,54,0.0,5.6578943495283,0.9699422932173108,0.78515625,1.0,0.15625
2026-05-04T12:50,14,40,0.15625,40,54,0.0,5.65788173496871,0.9699525378344829,0.78515625,1.0,0.15625
2026-05-04T13:20,15,40,0.15625,40,54,0.0,5.657869079909664,0.9699627754706551,0.78515625,1.0,0.15625
2026-05-04T13:50,15,40,0.15625,40,54,0.0,5.6578563844417795,0.9699730061329607,0.78515625,1.0,0.15625
2026-05-04T14:20,15,40,0.15625,40,54,0.0,5.6578436486554695,0.9699832298285233,0.78515625,1.0,0.15625
2026-05-04T14:50,15,40,0.15625,40,54,0.0,5.657830872640953,0.9699934465644563,0.78515625,1.0,0.15625
2026-05-04T15:20,15,40,0.15625,40,54,0.0,5.657818056488241,0.9700036563478641,0.78515625,1.0,0.15625
2026-05-04T15:50,15,40,0.15625,40,54,0.0,5.657803445349328,0.9699972671831864,0.78515625,1.0,0.15625
2026-05-04T16:20,15,40,0.15625,40,54,0.0,5.657788796647092,0.9700074687244366,0.78515625,1.0,0.15625
2026-05-04T16:50,14,40,0.15625,40,54,0.0,5.657771280647682,0.9700010826073294,0.78515625,1.0,0.15625
2026-05-04T17:20,14,40,0.15625,40,54,0.0,5.65775768851289,0.9699947008300911,0.78515625,1.0,0.15625
2026-05-04T17:50,15,40,0.15625,40,54,0.0,5.657744501987325,0.9699883233882993,0.78515625,1.0,0.15625
2026-05-04T18:20,15,40,0.15625,40,54,0.0,5.657733183731867,0.9699819502775376,0.78515625,1.0,0.15625
2026-05-04T18:50,15,40,0.15625,40,54,0.0,5.6577247424109975,0.9699755814933956,0.78515625,1.0,0.15625
2026-05-04T19:20,15,40,0.15625,40,54,0.0,5.657716255112767,0.9699857696231908,0.78515625,1.0,0.15625
2026-05-04T19:50,15,40,0.15625,40,54,0.0,5.657707721937072,0.9699959508410934,0.78515625,1.0,0.15625
2026-05-04T20:20,14,40,0.15625,40,54,0.0,5.657699551657181,0.9699895837883141,0.78515625,1.0,0.15625
2026-05-04T20:50,14,40,0.15625,40,54,0.0,5.65769601122537,0.9699832210521808,0.78515625,1.0,0.15625
2026-05-04T21:20,13,40,0.15625,40,54,0.0,5.657696427964005,0.9699768626283052,0.78515625,1.0,0.15625
2026-05-04T21:50,14,40,0.15625,40,54,0.0,5.6576967863248795,0.9699870330677943,0.78515625,1.0,0.15625
2026-05-04T22:20,13,40,0.15625,40,54,0.0,5.657697086430058,0.9699971966190751,0.78515625,1.0,0.15625
2026-05-04T22:50,13,40,0.15625,40,54,0.0,5.657698610977804,0.9699908399215721,0.78515625,1.0,0.15625
2026-05-04T23:20,13,40,0.15625,40,54,0.0,5.657710937162713,0.9699687658318396,0.78515625,1.0,0.15625
2026-05-04T23:50,12,40,0.15625,40,54,0.0,5.657723188254258,0.9699789252479992,0.78515625,1.0,0.15625
2026-05-05T00:20,12,40,0.15625,40,54,0.0,5.657735364404455,0.9699890777927244,0.78515625,1.0,0.15625
2026-05-05T00:50,12,40,0.15625,40,54,0.0,5.657747465764979,0.9699992234729837,0.78515625,1.0,0.15625
2026-05-05T01:20,12,40,0.15625,40,54,0.0,5.657759492487162,0.970009362295737,0.78515625,1.0,0.15625
2026-05-05T01:50,11,40,0.15625,40,54,0.0,5.657771444721995,0.9700194942679344,0.78515625,1.0,0.15625
2026-05-05T02:20,11,40,0.15625,40,54,0.0,5.657789279719629,0.9700131450676397,0.78515625,1.0,0.15625
2026-05-05T02:50,11,40,0.15625,40,54,0.0,5.657807032174519,0.9700232689214318,0.78515625,1.0,0.15625
2026-05-05T03:20,11,40,0.15625,40,54,0.0,5.657827223999603,0.970016922732864,0.78515625,1.0,0.15625
2026-05-05T03:50,11,40,0.15625,40,54,0.0,5.657847329652416,0.9700270384809299,0.78515625,1.0,0.15625
2026-05-05T04:20,11,40,0.15625,40,54,0.0,5.6578637555892755,0.9700206953017442,0.78515625,1.0,0.15625
2026-05-05T04:50,11,40,0.15625,40,54,0.0,5.657882040138625,0.9700143563998201,0.78515625,1.0,0.15625
2026-05-05T05:20,11,40,0.15625,40,54,0.0,5.657897692400314,0.970008021770833,0.78515625,1.0,0.15625
2026-05-05T05:50,11,40,0.15625,40,54,0.0,5.657913363592165,0.9700016914104639,0.78515625,1.0,0.15625
2026-05-05T06:20,11,40,0.15625,40,54,0.0,5.657923093434776,0.9699953653143994,0.78515625,1.0,0.15625
2026-05-05T06:50,11,40,0.15625,40,54,0.0,5.65793310759263,0.9699734011862672,0.78515625,1.0,0.15625
2026-05-05T07:20,11,40,0.15625,40,54,0.0,5.657936652341933,0.9699670888708881,0.78515625,1.0,0.15625
2026-05-05T07:50,11,40,0.15625,40,54,0.0,5.6579401350268315,0.9699771941572707,0.78515625,1.0,0.15625
2026-05-05T08:20,12,40,0.15625,40,54,0.0,5.657943555775095,0.9699872926456133,0.78515625,1.0,0.15625
2026-05-05T08:50,12,40,0.15625,40,54,0.0,5.657946914714195,0.9699973843427736,0.78515625,1.0,0.15625
2026-05-05T09:20,12,40,0.15625,40,54,0.0,5.657946090091737,0.9699754564504777,0.78515625,1.0,0.15625
2026-05-05T09:50,13,40,0.15625,40,54,0.0,5.657945209414746,0.9699855453427992,0.78515625,1.0,0.15625
2026-05-05T10:20,13,40,0.15625,40,54,0.0,5.657942505289738,0.9699792416702606,0.78515625,1.0,0.15625
2026-05-05T10:50,13,40,0.15625,40,54,0.0,5.65793974782858,0.9699893225159052,0.78515625,1.0,0.15625
2026-05-05T11:20,14,40,0.15625,40,54,0.0,5.657934113096862,0.9699830218075062,0.78515625,1.0,0.15625
2026-05-05T11:50,15,40,0.15625,40,54,0.0,5.657928429428352,0.9699930946189802,0.78515625,1.0,0.15625
2026-05-05T12:20,15,40,0.15625,40,54,0.0,5.657916092052987,0.969986796872444,0.78515625,1.0,0.15625
2026-05-05T12:50,16,40,0.15625,40,54,0.0,5.657903715334518,0.9699968616622252,0.78515625,1.0,0.15625
2026-05-05T13:20,16,40,0.15625,40,54,0.0,5.6578912993595285,0.9700069197039073,0.78515625,1.0,0.15625
2026-05-05T13:50,16,40,0.15625,40,54,0.0,5.657878844214415,0.9700169710042749,0.78515625,1.0,0.15625
2026-05-05T14:20,16,40,0.15625,40,54,0.0,5.657866349985384,0.9700270155701025,0.78515625,1.0,0.15625
2026-05-05T14:50,16,40,0.15625,40,54,0.0,5.657853816758456,0.9700370534081567,0.78515625,1.0,0.15625
2026-05-05T15:20,16,40,0.15625,40,54,0.0,5.657841244619465,0.9700470845251945,0.78515625,1.0,0.15625
2026-05-05T15:50,16,40,0.15625,40,54,0.0,5.657826902237703,0.9700407834635044,0.78515625,1.0,0.15625
2026-05-05T16:20,16,40,0.15625,40,54,0.0,5.657812523440313,0.9700508066205926,0.78515625,1.0,0.15625
2026-05-05T16:50,15,40,0.15625,40,54,0.0,5.6577953219059545,0.9700445085288113,0.78515625,1.0,0.15625
2026-05-05T17:20,15,40,0.15625,40,54,0.0,5.657781970314757,0.9700382146483922,0.78515625,1.0,0.15625
2026-05-05T17:50,15,40,0.15625,40,54,0.0,5.657769002766525,0.9700319249751126,0.78515625,1.0,0.15625
2026-05-05T18:20,15,40,0.15625,40,54,0.0,5.657757871082294,0.970025639504755,0.78515625,1.0,0.15625
2026-05-05T18:50,14,40,0.15625,40,54,0.0,5.6577495644113105,0.9700193582331084,0.78515625,1.0,0.15625
2026-05-05T19:20,14,40,0.15625,40,54,0.0,5.657741213221519,0.9700293684640824,0.78515625,1.0,0.15625
2026-05-05T19:50,14,40,0.15625,40,54,0.0,5.657733206764371,0.9700230901408952,0.78515625,1.0,0.15625
2026-05-05T20:20,13,40,0.15625,40,54,0.0,5.657725155490343,0.970033092446487,0.78515625,1.0,0.15625
2026-05-05T20:50,13,40,0.15625,40,54,0.0,5.657721658514011,0.9700268170694853,0.78515625,1.0,0.15625
2026-05-05T21:20,13,40,0.15625,40,54,0.0,5.657722032077047,0.9700205458774632,0.78515625,1.0,0.15625
2026-05-05T21:50,12,40,0.15625,40,54,0.0,5.657722349162498,0.9700305390288374,0.78515625,1.0,0.15625
2026-05-05T22:20,12,40,0.15625,40,54,0.0,5.657722609886577,0.9700405255203306,0.78515625,1.0,0.15625
2026-05-05T22:50,11,40,0.15625,40,54,0.0,5.657724073670187,0.9700342560288832,0.78515625,1.0,0.15625
2026-05-05T23:20,12,40,0.15625,40,54,0.0,5.657736149995252,0.9700125203141755,0.78515625,1.0,0.15625
2026-05-05T23:50,11,40,0.15625,40,54,0.0,5.657748153677771,0.9700225028307154,0.78515625,1.0,0.15625
2026-05-06T00:20,11,40,0.15625,40,54,0.0,5.6577600848624705,0.9700324787033175,0.78515625,1.0,0.15625
2026-05-06T00:50,11,40,0.15625,40,54,0.0,5.657771943693752,0.9700424479386125,0.78515625,1.0,0.15625
2026-05-06T01:20,10,40,0.15625,40,54,0.0,5.6577837303156935,0.9700524105432222,0.78515625,1.0,0.15625
2026-05-06T01:50,10,40,0.15625,40,54,0.0,5.657795444872052,0.9700623665237599,0.78515625,1.0,0.15625
2026-05-06T02:20,10,40,0.15625,40,54,0.0,5.657812940559098,0.9700561043588118,0.78515625,1.0,0.15625
2026-05-06T02:50,10,40,0.15625,40,54,0.0,5.657830356387659,0.9700660524968986,0.78515625,1.0,0.15625
2026-05-06T03:20,10,40,0.15625,40,54,0.0,5.657850153700372,0.9700597932673064,0.78515625,1.0,0.15625
2026-05-06T03:50,10,40,0.15625,40,54,0.0,5.657869867667701,0.9700697335749866,0.78515625,1.0,0.15625
2026-05-06T04:20,9,40,0.15625,40,54,0.0,5.657885968102154,0.9700634772784782,0.78515625,1.0,0.15625
2026-05-06T04:50,9,40,0.15625,40,54,0.0,5.657903900354785,0.9700572251334605,0.78515625,1.0,0.15625
2026-05-06T05:20,9,40,0.15625,40,54,0.0,5.6579192530921985,0.9700509771358027,0.78515625,1.0,0.15625
2026-05-06T05:50,9,40,0.15625,40,54,0.0,5.657934624227357,0.9700447332813794,0.78515625,1.0,0.15625
2026-05-06T06:20,8,40,0.15625,40,54,0.0,5.657944150961266,0.9700384935660707,0.78515625,1.0,0.15625
2026-05-06T06:50,8,40,0.15625,40,54,0.0,5.657953972339492,0.9700168644776664,0.78515625,1.0,0.15625
2026-05-06T07:20,8,40,0.15625,40,54,0.0,5.65796372456554,0.970026795956806,0.78515625,1.0,0.15625
2026-05-06T07:50,9,40,0.15625,40,54,0.0,5.6579671398217615,0.9700205683794014,0.78515625,1.0,0.15625
2026-05-06T08:20,9,40,0.15625,40,54,0.0,5.657970495114133,0.9700304920575281,0.78515625,1.0,0.15625
2026-05-06T08:50,10,40,0.15625,40,54,0.0,5.6579737905641,0.9700404091680319,0.78515625,1.0,0.15625
2026-05-06T09:20,10,40,0.15625,40,54,0.0,5.65797297255869,0.9700188152201634,0.78515625,1.0,0.15625
2026-05-06T09:50,11,40,0.15625,40,54,0.0,5.657972100276587,0.9700287296331197,0.78515625,1.0,0.15625
2026-05-06T10:20,11,40,0.15625,40,54,0.0,5.657969462022505,0.9700225117099996,0.78515625,1.0,0.15625
2026-05-06T10:50,11,40,0.15625,40,54,0.0,5.657966772082513,0.9700324183485621,0.78515625,1.0,0.15625
2026-05-06T11:20,11,40,0.15625,40,54,0.0,5.657961249016654,0.9700262033151451,0.78515625,1.0,0.15625
2026-05-06T11:50,12,40,0.15625,40,54,0.0,5.6579556785251865,0.970036102191197,0.78515625,1.0,0.15625
2026-05-06T12:20,12,40,0.15625,40,54,0.0,5.657943580809717,0.9700298900452755,0.78515625,1.0,0.15625
2026-05-06T12:50,12,40,0.15625,40,54,0.0,5.657931444926172,0.970039781170673,0.78515625,1.0,0.15625
2026-05-06T13:50,12,40,0.15625,40,54,0.0,5.6579192709571915,0.9700496657694291,0.78515625,1.0,0.15625
2026-05-06T14:20,12,40,0.15625,40,54,0.0,5.65790705898523,0.9700595438480011,0.78515625,1.0,0.15625
2026-05-06T14:50,12,40,0.15625,40,54,0.0,5.657894809092571,0.9700694154128385,0.78515625,1.0,0.15625
2026-05-06T15:20,12,40,0.15625,40,54,0.0,5.657882521361323,0.9700792804703822,0.78515625,1.0,0.15625
2026-05-06T15:50,13,40,0.15625,40,54,0.0,5.657868478344332,0.9700730663786934,0.78515625,1.0,0.15625
2026-05-06T16:20,13,40,0.15625,40,54,0.0,5.657854399923394,0.9700829237349586,0.78515625,1.0,0.15625
2026-05-06T16:50,13,40,0.15625,40,54,0.0,5.657837532442813,0.9700767125359004,0.78515625,1.0,0.15625
2026-05-06T17:20,13,40,0.15625,40,54,0.0,5.65782443799944,0.9700705054258476,0.78515625,1.0,0.15625
2026-05-06T17:50,13,40,0.15625,40,54,0.0,5.657811699046376,0.9700643024007632,0.78515625,1.0,0.15625
2026-05-06T18:20,12,40,0.15625,40,54,0.0,5.657800757225502,0.9700581034566168,0.78515625,1.0,0.15625
2026-05-06T18:50,12,40,0.15625,40,54,0.0,5.65779258442035,0.970051908589382,0.78515625,1.0,0.15625
2026-05-06T19:50,12,40,0.15625,40,54,0.0,5.657784368449343,0.9700617534583532,0.78515625,1.0,0.15625
2026-05-06T20:20,12,40,0.15625,40,54,0.0,5.657776459534603,0.970055561463196,0.78515625,1.0,0.15625
2026-05-06T20:50,12,40,0.15625,40,54,0.0,5.657773021475756,0.9700493735363667,0.78515625,1.0,0.15625
2026-05-06T21:20,11,40,0.15625,40,54,0.0,5.657773357492898,0.9700431896738573,0.78515625,1.0,0.15625
2026-05-06T21:50,11,40,0.15625,40,54,0.0,5.65777363876386,0.9700530244769847,0.78515625,1.0,0.15625
2026-05-06T22:20,11,40,0.15625,40,54,0.0,5.657773865399594,0.9700628528247114,0.78515625,1.0,0.15625
2026-05-06T22:50,10,40,0.15625,40,54,0.0,5.657775258728898,0.970056670626342,0.78515625,1.0,0.15625
2026-05-06T23:20,10,40,0.15625,40,54,0.0,5.657787050726313,0.9700352554850287,0.78515625,1.0,0.15625
2026-05-06T23:50,10,40,0.15625,40,54,0.0,5.657798772395075,0.9700450799914271,0.78515625,1.0,0.15625
2026-05-07T00:20,10,40,0.15625,40,54,0.0,5.6578104238732,0.9700548980576377,0.78515625,1.0,0.15625
2026-05-07T00:50,10,40,0.15625,40,54,0.0,5.657822005298396,0.970064709689991,0.78515625,1.0,0.15625
2026-05-07T01:20,10,40,0.15625,40,54,0.0,5.657833516808073,0.9700745148948092,0.78515625,1.0,0.15625
2026-05-07T01:50,10,40,0.15625,40,54,0.0,5.657844958539341,0.9700843136784062,0.78515625,1.0,0.15625
2026-05-07T02:20,10,40,0.15625,40,54,0.0,5.657862074015461,0.9700781386206375,0.78515625,1.0,0.15625
2026-05-07T02:50,10,40,0.15625,40,54,0.0,5.657879112178364,0.9700879298056438,0.78515625,1.0,0.15625
2026-05-07T03:20,10,40,0.15625,40,54,0.0,5.65789846871059,0.9700817576049208,0.78515625,1.0,0.15625
2026-05-07T03:50,10,40,0.15625,40,54,0.0,5.6579177445873645,0.9700915412028264,0.78515625,1.0,0.15625
2026-05-07T04:20,10,40,0.15625,40,54,0.0,5.65793346621408,0.970085371856959,0.78515625,1.0,0.15625
2026-05-07T04:50,9,40,0.15625,40,54,0.0,5.657950996095101,0.970079206543344,0.78515625,1.0,0.15625
2026-05-07T05:20,9,40,0.15625,40,54,0.0,5.657965994084359,0.9700730452580294,0.78515625,1.0,0.15625
2026-05-07T05:50,9,40,0.15625,40,54,0.0,5.657981010098176,0.9700668879970683,0.78515625,1.0,0.15625
2026-05-07T06:20,9,40,0.15625,40,54,0.0,5.657990284954365,0.9700607347565192,0.78515625,1.0,0.15625
2026-05-07T06:50,9,40,0.15625,40,54,0.0,5.657999873690329,0.9700394231279309,0.78515625,1.0,0.15625
2026-05-07T07:20,10,40,0.15625,40,54,0.0,5.658003246646462,0.9700332828633524,0.78515625,1.0,0.15625
2026-05-07T07:50,10,40,0.15625,40,54,0.0,5.658006561378494,0.9700430567436971,0.78515625,1.0,0.15625
2026-05-07T08:20,10,40,0.15625,40,54,0.0,5.658009818002594,0.9700528242504647,0.78515625,1.0,0.15625
2026-05-07T08:50,11,40,0.15625,40,54,0.0,5.658013016634678,0.9700625853898877,0.78515625,1.0,0.15625
2026-05-07T09:20,12,40,0.15625,40,54,0.0,5.658012186520442,0.9700413078790932,0.78515625,1.0,0.15625
2026-05-07T09:50,12,40,0.15625,40,54,0.0,5.658011303781886,0.9700510664107286,0.78515625,1.0,0.15625
2026-05-07T10:20,12,40,0.15625,40,54,0.0,5.658008724314778,0.9700449343513944,0.78515625,1.0,0.15625
2026-05-07T10:50,13,40,0.15625,40,54,0.0,5.658006094676441,0.9700546853493268,0.78515625,1.0,0.15625
2026-05-07T11:20,13,40,0.15625,40,54,0.0,5.6580006891964,0.970048556103263,0.78515625,1.0,0.15625
2026-05-07T11:50,13,40,0.15625,40,54,0.0,5.657995237654999,0.9700582995788312,0.78515625,1.0,0.15625
2026-05-07T12:20,14,40,0.15625,40,54,0.0,5.65798338939282,0.9700521731439097,0.78515625,1.0,0.15625
2026-05-07T12:50,13,40,0.15625,40,54,0.0,5.657971504001316,0.9700619091084273,0.78515625,1.0,0.15625
2026-05-07T13:20,14,40,0.15625,40,54,0.0,5.657959581559625,0.9700716387447261,0.78515625,1.0,0.15625
2026-05-07T13:50,14,40,0.15625,40,54,0.0,5.65794762214672,0.9700813620589741,0.78515625,1.0,0.15625
2026-05-07T14:20,13,40,0.15625,40,54,0.0,5.657935625841402,0.970091079057331,0.78515625,1.0,0.15625
2026-05-07T14:50,14,40,0.15625,40,54,0.0,5.657923592722308,0.9701007897459488,0.78515625,1.0,0.15625
2026-05-07T15:20,14,40,0.15625,40,54,0.0,5.657911522867914,0.9701104941309712,0.78515625,1.0,0.15625
2026-05-07T15:50,14,40,0.15625,40,54,0.0,5.657897728013001,0.9701043646754437,0.78515625,1.0,0.15625
2026-05-07T16:20,14,40,0.15625,40,54,0.0,5.657883898777499,0.9701140616054873,0.78515625,1.0,0.15625
2026-05-07T16:50,14,40,0.15625,40,54,0.0,5.6578673283348335,0.9701079349681948,0.78515625,1.0,0.15625
2026-05-07T17:20,14,40,0.15625,40,54,0.0,5.657854472686876,0.9701018123027902,0.78515625,1.0,0.15625
2026-05-07T17:50,13,40,0.15625,40,54,0.0,5.657841961726197,0.9700956936054125,0.78515625,1.0,0.15625
2026-05-07T18:20,13,40,0.15625,40,54,0.0,5.6578312274162625,0.9700895788722054,0.78515625,1.0,0.15625
2026-05-07T18:50,13,40,0.15625,40,54,0.0,5.657823223068376,0.9700834680993178,0.78515625,1.0,0.15625
2026-05-07T19:20,13,40,0.15625,40,54,0.0,5.657815176795281,0.9700931529591108,0.78515625,1.0,0.15625
2026-05-07T19:50,13,40,0.15625,40,54,0.0,5.657807421807076,0.9700870449847535,0.78515625,1.0,0.15625
2026-05-07T20:20,12,40,0.15625,40,54,0.0,5.657799624661707,0.9700967224208633,0.78515625,1.0,0.15625
2026-05-07T20:50,12,40,0.15625,40,54,0.0,5.6577962278831535,0.9700906172429119,0.78515625,1.0,0.15625
2026-05-07T21:20,12,40,0.15625,40,54,0.0,5.657796525616741,0.9700845160126993,0.78515625,1.0,0.15625
2026-05-07T21:50,12,40,0.15625,40,54,0.0,5.657796770330999,0.9700941848827662,0.78515625,1.0,0.15625
2026-05-07T22:20,12,40,0.15625,40,54,0.0,5.657796962131733,0.9701038475047751,0.78515625,1.0,0.15625
2026-05-07T22:50,12,40,0.15625,40,54,0.0,5.657798301151987,0.9700977479132668,0.78515625,1.0,0.15625
2026-05-07T23:20,11,40,0.15625,40,54,0.0,5.657809863307266,0.9700766514188685,0.78515625,1.0,0.15625
2026-05-07T23:50,11,40,0.15625,40,54,0.0,5.657821357356918,0.9700863103435234,0.78515625,1.0,0.15625
2026-05-08T00:20,11,40,0.15625,40,54,0.0,5.657832783432538,0.9700959630346032,0.78515625,1.0,0.15625
2026-05-08T00:50,10,40,0.15625,40,54,0.0,5.657844141665433,0.9701056094981405,0.78515625,1.0,0.15625
2026-05-08T01:20,10,40,0.15625,40,54,0.0,5.657855432186631,0.9701152497401597,0.78515625,1.0,0.15625
2026-05-08T01:50,9,40,0.15625,40,54,0.0,5.657866655126873,0.970124883766678,0.78515625,1.0,0.15625
2026-05-08T02:20,9,40,0.15625,40,54,0.0,5.657883457142453,0.9701187911557946,0.78515625,1.0,0.15625
2026-05-08T02:50,9,40,0.15625,40,54,0.0,5.6579001842799785,0.9701284178339016,0.78515625,1.0,0.15625
2026-05-08T03:20,9,40,0.15625,40,54,0.0,5.657919176843664,0.9701223280092193,0.78515625,1.0,0.15625
2026-05-08T03:50,9,40,0.15625,40,54,0.0,5.657938091313815,0.9701319473498473,0.78515625,1.0,0.15625
2026-05-08T04:20,8,40,0.15625,40,54,0.0,5.657953513368082,0.970125860309244,0.78515625,1.0,0.15625
2026-05-08T04:50,8,40,0.15625,40,54,0.0,5.657970718278072,0.9701197771856551,0.78515625,1.0,0.15625
2026-05-08T05:20,8,40,0.15625,40,54,0.0,5.657985440295791,0.9701136979753011,0.78515625,1.0,0.15625
2026-05-08T05:50,8,40,0.15625,40,54,0.0,5.6580001798415696,0.9701076226744072,0.78515625,1.0,0.15625
2026-05-08T06:20,9,40,0.15625,40,54,0.0,5.65800926880248,0.9701015512792034,0.78515625,1.0,0.15625
2026-05-08T06:50,9,40,0.15625,40,54,0.0,5.658018680181728,0.9700805552488315,0.78515625,1.0,0.15625
2026-05-08T07:20,10,40,0.15625,40,54,0.0,5.658021985584999,0.9700744964492639,0.78515625,1.0,0.15625
2026-05-08T07:50,11,40,0.15625,40,54,0.0,5.658025234569703,0.970084106437559,0.78515625,1.0,0.15625
2026-05-08T08:20,12,40,0.15625,40,54,0.0,5.658028427246663,0.9700937102557171,0.78515625,1.0,0.15625
2026-05-08T08:50,13,40,0.15625,40,54,0.0,5.658031563726467,0.9701033079096787,0.78515625,1.0,0.15625
2026-05-08T09:20,14,40,0.15625,40,54,0.0,5.658030736575348,0.9700823449956114,0.78515625,1.0,0.15625
2026-05-08T09:50,15,40,0.15625,40,54,0.0,5.658029858424332,0.9700919401383324,0.78515625,1.0,0.15625
2026-05-08T10:20,16,40,0.15625,40,54,0.0,5.658027335428383,0.9700858893438653,0.78515625,1.0,0.15625
2026-05-08T10:50,16,40,0.15625,40,54,0.0,5.658024763773898,0.9700954771998448,0.78515625,1.0,0.15625
2026-05-08T11:20,16,40,0.15625,40,54,0.0,5.658019457378576,0.9700894291495388,0.78515625,1.0,0.15625
2026-05-08T11:50,17,40,0.15625,40,54,0.0,5.658014106308902,0.9700990097295678,0.78515625,1.0,0.15625
2026-05-08T12:20,17,40,0.15625,40,54,0.0,5.658002475777684,0.9700929644213595,0.78515625,1.0,0.15625
2026-05-08T12:50,17,40,0.15625,40,54,0.0,5.657990809201566,0.9701025377362054,0.78515625,1.0,0.15625
2026-05-08T13:20,17,40,0.15625,40,54,0.0,5.65797910665617,0.9701121049241298,0.78515625,1.0,0.15625
2026-05-08T13:50,17,40,0.15625,40,54,0.0,5.65796736821696,0.9701216659910127,0.78515625,1.0,0.15625
2026-05-08T14:20,18,40,0.15625,40,54,0.0,5.657955593959245,0.9701312209427265,0.78515625,1.0,0.15625
2026-05-08T14:50,18,40,0.15625,40,54,0.0,5.657943783958173,0.9701407697851362,0.78515625,1.0,0.15625
2026-05-08T15:20,18,40,0.15625,40,54,0.0,5.657931938288745,0.9701503125240991,0.78515625,1.0,0.15625
2026-05-08T15:50,18,40,0.15625,40,54,0.0,5.6579183905344115,0.9701442643450802,0.78515625,1.0,0.15625
2026-05-08T16:20,18,40,0.15625,40,54,0.0,5.65790480939775,0.9701537998722775,0.78515625,1.0,0.15625
2026-05-08T16:50,18,40,0.15625,40,54,0.0,5.657888527812608,0.9701477544419846,0.78515625,1.0,0.15625
2026-05-08T17:20,18,40,0.15625,40,54,0.0,5.657875894532092,0.9701417128708877,0.78515625,1.0,0.15625
2026-05-08T17:50,18,40,0.15625,40,54,0.0,5.657863907483705,0.9701356751552924,0.78515625,1.0,0.15625
2026-05-08T19:20,16,40,0.15625,40,54,0.0,5.6578560626142425,0.970114822277974,0.78515625,1.0,0.15625
2026-05-08T19:50,15,40,0.15625,40,54,0.0,5.657848177011348,0.9701243519902577,0.78515625,1.0,0.15625
2026-05-08T20:20,15,40,0.15625,40,54,0.0,5.65784055477479,0.9701183255829274,0.78515625,1.0,0.15625
2026-05-08T20:50,14,40,0.15625,40,54,0.0,5.657837254838864,0.9701123030165196,0.78515625,1.0,0.15625
2026-05-08T21:20,13,40,0.15625,40,54,0.0,5.657837560285178,0.9701062842873635,0.78515625,1.0,0.15625
2026-05-08T21:50,13,40,0.15625,40,54,0.0,5.657837814235494,0.9701158045789916,0.78515625,1.0,0.15625
2026-05-08T22:20,13,40,0.15625,40,54,0.0,5.657838016791055,0.9701253188086704,0.78515625,1.0,0.15625
2026-05-08T22:50,12,40,0.15625,40,54,0.0,5.657839332875461,0.9701193016837139,0.78515625,1.0,0.15625
2026-05-08T23:20,13,40,0.15625,40,54,0.0,5.657850683737645,0.9700985070935383,0.78515625,1.0,0.15625
2026-05-08T23:50,12,40,0.15625,40,54,0.0,5.657861968527086,0.9701080177464982,0.78515625,1.0,0.15625
2026-05-09T00:20,12,40,0.15625,40,54,0.0,5.657873187369583,0.9701175223513483,0.78515625,1.0,0.15625
2026-05-09T00:50,10,40,0.15625,40,54,0.0,5.657884340390666,0.9701270209138558,0.78515625,1.0,0.15625
2026-05-09T01:20,10,40,0.15625,40,54,0.0,5.657895427715603,0.9701365134397809,0.78515625,1.0,0.15625
2026-05-09T01:50,10,40,0.15625,40,54,0.0,5.657906449469394,0.9701459999348763,0.78515625,1.0,0.15625
2026-05-09T02:20,11,40,0.15625,40,54,0.0,5.6579229499747905,0.9701399896180329,0.78515625,1.0,0.15625
2026-05-09T02:50,11,40,0.15625,40,54,0.0,5.657939377846379,0.9701494689864081,0.78515625,1.0,0.15625
2026-05-09T03:20,10,40,0.15625,40,54,0.0,5.657958004352389,0.9701434613834912,0.78515625,1.0,0.15625
2026-05-09T03:50,10,40,0.15625,40,54,0.0,5.657976555150562,0.9701529336355903,0.78515625,1.0,0.15625
2026-05-09T04:20,10,40,0.15625,40,54,0.0,5.657991653918771,0.9701469287445531,0.78515625,1.0,0.15625
2026-05-09T04:50,10,40,0.15625,40,54,0.0,5.658008498485186,0.9701409276613098,0.78515625,1.0,0.15625
2026-05-09T05:20,9,40,0.15625,40,54,0.0,5.658022896599286,0.9701349303822397,0.78515625,1.0,0.15625
2026-05-09T05:50,10,40,0.15625,40,54,0.0,5.6580373039162755,0.9701289369037267,0.78515625,1.0,0.15625
2026-05-09T06:20,10,40,0.15625,40,54,0.0,5.658046157271022,0.9701229472221592,0.78515625,1.0,0.15625
2026-05-09T06:50,11,40,0.15625,40,54,0.0,5.658055328525735,0.9701022502486124,0.78515625,1.0,0.15625
2026-05-09T07:20,11,40,0.15625,40,54,0.0,5.658058502474505,0.9700962728070001,0.78515625,1.0,0.15625
2026-05-09T07:50,12,40,0.15625,40,54,0.0,5.6580616217475805,0.9701057360118079,0.78515625,1.0,0.15625
2026-05-09T08:20,13,40,0.15625,40,54,0.0,5.65806468645081,0.9701151932291405,0.78515625,1.0,0.15625
2026-05-09T08:50,14,40,0.15625,40,54,0.0,5.658067696689823,0.9701246444646784,0.78515625,1.0,0.15625
2026-05-09T09:20,15,40,0.15625,40,54,0.0,5.65806682232879,0.9701039796718545,0.78515625,1.0,0.15625
2026-05-09T09:50,16,40,0.15625,40,54,0.0,5.658065898521491,0.9701134284772679,0.78515625,1.0,0.15625
2026-05-09T10:20,16,40,0.15625,40,54,0.0,5.658063393129317,0.9701074588354726,0.78515625,1.0,0.15625
2026-05-09T10:50,17,40,0.15625,40,54,0.0,5.658058195957843,0.9701014929647711,0.78515625,1.0,0.15625
2026-05-09T11:20,18,40,0.15625,40,54,0.0,5.658052955330034,0.9701109336048201,0.78515625,1.0,0.15625
2026-05-09T11:50,18,40,0.15625,40,54,0.0,5.658047671332771,0.9701203682848692,0.78515625,1.0,0.15625
2026-05-09T12:20,18,40,0.15625,40,54,0.0,5.658036229224612,0.9701144039882175,0.78515625,1.0,0.15625
2026-05-09T12:50,19,40,0.15625,40,54,0.0,5.658024752082608,0.9701238316210288,0.78515625,1.0,0.15625
2026-05-09T13:20,19,40,0.15625,40,54,0.0,5.658013239979178,0.9701332533076824,0.78515625,1.0,0.15625
2026-05-09T13:50,19,40,0.15625,40,54,0.0,5.658001692986594,0.9701426690538023,0.78515625,1.0,0.15625
2026-05-09T14:20,20,40,0.15625,40,54,0.0,5.657990111176974,0.9701520788650051,0.78515625,1.0,0.15625
2026-05-09T14:50,20,40,0.15625,40,54,0.0,5.657978494622294,0.9701614827469002,0.78515625,1.0,0.15625
2026-05-09T15:20,19,40,0.15625,40,54,0.0,5.657966843394382,0.97017088070509,0.78515625,1.0,0.15625
2026-05-09T15:50,20,40,0.15625,40,54,0.0,5.657953524741968,0.970164913649514,0.78515625,1.0,0.15625
2026-05-09T16:20,20,40,0.15625,40,54,0.0,5.657940173622473,0.970174304611538,0.78515625,1.0,0.15625
2026-05-09T16:50,19,40,0.15625,40,54,0.0,5.657924172290138,0.970168340233811,0.78515625,1.0,0.15625
2026-05-09T17:20,18,40,0.15625,40,54,0.0,5.657911774496626,0.9701623796084449,0.78515625,1.0,0.15625
2026-05-09T17:50,18,40,0.15625,40,54,0.0,5.657900011967495,0.9701564227318997,0.78515625,1.0,0.15625
2026-05-09T18:20,18,40,0.15625,40,54,0.0,5.657889675701947,0.9701504696006402,0.78515625,1.0,0.15625
2026-05-09T18:50,17,40,0.15625,40,54,0.0,5.65788198044896,0.9701445202111351,0.78515625,1.0,0.15625
2026-05-09T19:20,17,40,0.15625,40,54,0.0,5.657874245609785,0.9701538998780496,0.78515625,1.0,0.15625
2026-05-09T19:50,16,40,0.15625,40,54,0.0,5.657866471263986,0.9701632736532133,0.78515625,1.0,0.15625
2026-05-09T20:20,15,40,0.15625,40,54,0.0,5.657858952608844,0.970157325847418,0.78515625,1.0,0.15625
2026-05-09T20:50,15,40,0.15625,40,54,0.0,5.657855690341593,0.9701513817753363,0.78515625,1.0,0.15625
2026-05-09T21:20,14,40,0.15625,40,54,0.0,5.65785596018834,0.9701454414334536,0.78515625,1.0,0.15625
2026-05-09T21:50,14,40,0.15625,40,54,0.0,5.657856180117101,0.9701548061005071,0.78515625,1.0,0.15625
2026-05-09T22:20,14,40,0.15625,40,54,0.0,5.657856350224548,0.9701641648944549,0.78515625,1.0,0.15625
2026-05-09T22:50,13,40,0.15625,40,54,0.0,5.657857623588687,0.9701582261318532,0.78515625,1.0,0.15625
2026-05-09T23:20,13,40,0.15625,40,54,0.0,5.657868768051921,0.970137732142079,0.78515625,1.0,0.15625
2026-05-09T23:50,13,40,0.15625,40,54,0.0,5.6578798484600705,0.9701470874891523,0.78515625,1.0,0.15625
2026-05-10T00:20,12,40,0.15625,40,54,0.0,5.657890864933269,0.9701564369763152,0.78515625,1.0,0.15625
2026-05-10T00:50,12,40,0.15625,40,54,0.0,5.657901817591396,0.9701657806090714,0.78515625,1.0,0.15625
2026-05-10T01:20,11,40,0.15625,40,54,0.0,5.65791270655408,0.9701751183929184,0.78515625,1.0,0.15625
2026-05-10T01:50,11,40,0.15625,40,54,0.0,5.657923531940701,0.9701844503333461,0.78515625,1.0,0.15625
2026-05-10T02:20,10,40,0.15625,40,54,0.0,5.657939757283809,0.9701785182288298,0.78515625,1.0,0.15625
2026-05-10T02:50,10,40,0.15625,40,54,0.0,5.657955912189983,0.970187843270034,0.78515625,1.0,0.15625
2026-05-10T03:20,9,40,0.15625,40,54,0.0,5.657974217406085,0.9701819138136181,0.78515625,1.0,0.15625
2026-05-10T03:50,10,40,0.15625,40,54,0.0,5.657992449223828,0.9701912319655515,0.78515625,1.0,0.15625
2026-05-10T04:20,10,40,0.15625,40,54,0.0,5.658007287329972,0.9701853051552514,0.78515625,1.0,0.15625
2026-05-10T04:50,10,40,0.15625,40,54,0.0,5.6580238475448414,0.9701793820468941,0.78515625,1.0,0.15625
2026-05-10T05:20,10,40,0.15625,40,54,0.0,5.658038007130705,0.9701734626370122,0.78515625,1.0,0.15625
2026-05-10T05:50,10,40,0.15625,40,54,0.0,5.658052175672402,0.9701675469221426,0.78515625,1.0,0.15625
2026-05-10T06:20,10,40,0.15625,40,54,0.0,5.658060875033829,0.9701616348988268,0.78515625,1.0,0.15625
2026-05-10T06:50,10,40,0.15625,40,54,0.0,5.6580698997164065,0.9701412357315976,0.78515625,1.0,0.15625
2026-05-10T07:20,10,40,0.15625,40,54,0.0,5.658078863410402,0.970150546228719,0.78515625,1.0,0.15625
2026-05-10T07:50,10,40,0.15625,40,54,0.0,5.658081938352926,0.9701446450335713,0.78515625,1.0,0.15625
2026-05-10T08:20,11,40,0.15625,40,54,0.0,5.658084960344604,0.9701539486655335,0.78515625,1.0,0.15625
2026-05-10T08:50,11,40,0.15625,40,54,0.0,5.658087929486386,0.9701632465008402,0.78515625,1.0,0.15625
2026-05-10T09:20,12,40,0.15625,40,54,0.0,5.658087068408339,0.970142878596219,0.78515625,1.0,0.15625
2026-05-10T09:50,12,40,0.15625,40,54,0.0,5.658086159351484,0.9701521740885614,0.78515625,1.0,0.15625
2026-05-10T10:20,12,40,0.15625,40,54,0.0,5.658083715650441,0.9701462815700759,0.78515625,1.0,0.15625
2026-05-10T10:50,12,40,0.15625,40,54,0.0,5.658081226092083,0.970155570219245,0.78515625,1.0,0.15625
2026-05-10T11:20,12,40,0.15625,40,54,0.0,5.658076076855355,0.9701496803100619,0.78515625,1.0,0.15625
2026-05-10T11:50,12,40,0.15625,40,54,0.0,5.6580708855184305,0.9701589621258859,0.78515625,1.0,0.15625
2026-05-10T12:20,12,40,0.15625,40,54,0.0,5.658059645047597,0.9701530748240735,0.78515625,1.0,0.15625
2026-05-10T12:50,12,40,0.15625,40,54,0.0,5.6580483705388955,0.9701623498163594,0.78515625,1.0,0.15625
2026-05-10T13:20,12,40,0.15625,40,54,0.0,5.658037062061622,0.9701716190459908,0.78515625,1.0,0.15625
2026-05-10T13:50,12,40,0.15625,40,54,0.0,5.658025719684922,0.9701808825183368,0.78515625,1.0,0.15625
2026-05-10T14:20,12,40,0.15625,40,54,0.0,5.6580143434778085,0.9701901402387595,0.78515625,1.0,0.15625
2026-05-10T14:50,12,40,0.15625,40,54,0.0,5.658002933509153,0.9701993922126146,0.78515625,1.0,0.15625
2026-05-10T15:20,12,40,0.15625,40,54,0.0,5.657991489847689,0.9702086384452512,0.78515625,1.0,0.15625
2026-05-10T15:50,12,40,0.15625,40,54,0.0,5.657978400160654,0.9702027485177541,0.78515625,1.0,0.15625
2026-05-10T16:20,12,40,0.15625,40,54,0.0,5.657965278924642,0.9702119879755781,0.78515625,1.0,0.15625
2026-05-10T16:50,12,40,0.15625,40,54,0.0,5.6579495455866855,0.970206100661325,0.78515625,1.0,0.15625
2026-05-10T17:20,12,40,0.15625,40,54,0.0,5.657937353176385,0.9702002169958567,0.78515625,1.0,0.15625
2026-05-10T17:50,13,40,0.15625,40,54,0.0,5.657925482813832,0.9701943369757822,0.78515625,1.0,0.15625
2026-05-10T18:20,12,40,0.15625,40,54,0.0,5.65791530716541,0.9701884605977145,0.78515625,1.0,0.15625
2026-05-10T18:50,12,40,0.15625,40,54,0.0,5.6579077286227415,0.9701825878582709,0.78515625,1.0,0.15625
2026-05-10T19:20,12,40,0.15625,40,54,0.0,5.657900111654732,0.9701918163980857,0.78515625,1.0,0.15625
2026-05-10T19:50,12,40,0.15625,40,54,0.0,5.657892456337462,0.9702010392271705,0.78515625,1.0,0.15625
2026-05-10T20:20,11,40,0.15625,40,54,0.0,5.657885043329194,0.9701951680465234,0.78515625,1.0,0.15625
2026-05-10T20:50,11,40,0.15625,40,54,0.0,5.6578818227688625,0.9701893004967859,0.78515625,1.0,0.15625
2026-05-10T21:20,10,40,0.15625,40,54,0.0,5.657882063766974,0.9701834365745906,0.78515625,1.0,0.15625
2026-05-10T21:50,9,40,0.15625,40,54,0.0,5.657882256345934,0.9701926505929545,0.78515625,1.0,0.15625
2026-05-10T22:20,9,40,0.15625,40,54,0.0,5.657882400598131,0.9702018589183814,0.78515625,1.0,0.15625
2026-05-10T22:50,8,40,0.15625,40,54,0.0,5.657889367911245,0.9701816489263627,0.78515625,1.0,0.15625
2026-05-10T23:20,8,40,0.15625,40,54,0.0,5.657900288373085,0.9701757946081375,0.78515625,1.0,0.15625
2026-05-10T23:50,7,40,0.15625,40,54,0.0,5.657911146740553,0.9701849996098018,0.78515625,1.0,0.15625
2026-05-11T00:20,7,40,0.15625,40,54,0.0,5.657921943128383,0.9701941989311192,0.78515625,1.0,0.15625
2026-05-11T00:50,7,40,0.15625,40,54,0.0,5.657932677651075,0.9702033925773466,0.78515625,1.0,0.15625
2026-05-11T01:20,6,40,0.15625,40,54,0.0,5.6579433504228875,0.9702125805537335,0.78515625,1.0,0.15625
2026-05-11T01:50,6,40,0.15625,40,54,0.0,5.6579539615578485,0.9702217628655233,0.78515625,1.0,0.15625
2026-05-11T02:20,6,40,0.15625,40,54,0.0,5.657969886797353,0.9702159070101548,0.78515625,1.0,0.15625
2026-05-11T02:50,6,40,0.15625,40,54,0.0,5.657985743745836,0.9702250826395417,0.78515625,1.0,0.15625
2026-05-11T03:20,5,40,0.15625,40,54,0.0,5.658003704622553,0.9702192293686934,0.78515625,1.0,0.15625
2026-05-11T03:50,5,40,0.15625,40,54,0.0,5.658021594353325,0.9702283983251686,0.78515625,1.0,0.15625
2026-05-11T04:20,5,40,0.15625,40,54,0.0,5.658036146826647,0.9702225476369167,0.78515625,1.0,0.15625
2026-05-11T04:50,5,40,0.15625,40,54,0.0,5.658052398392065,0.9702167005490886,0.78515625,1.0,0.15625
2026-05-11T05:20,5,40,0.15625,40,54,0.0,5.6580662935757395,0.9702108570583614,0.78515625,1.0,0.15625
2026-05-11T05:50,6,40,0.15625,40,54,0.0,5.658080197524507,0.970205017161417,0.78515625,1.0,0.15625
2026-05-11T06:20,7,40,0.15625,40,54,0.0,5.658088714571472,0.9701991808549411,0.78515625,1.0,0.15625
2026-05-11T06:50,8,40,0.15625,40,54,0.0,5.65809756402304,0.970179071058969,0.78515625,1.0,0.15625
2026-05-11T07:20,8,40,0.15625,40,54,0.0,5.658106354329259,0.9701882326346805,0.78515625,1.0,0.15625
2026-05-11T07:50,9,40,0.15625,40,54,0.0,5.658109374857174,0.9701824068605897,0.78515625,1.0,0.15625
2026-05-11T08:20,10,40,0.15625,40,54,0.0,5.658112343996507,0.9701915617863309,0.78515625,1.0,0.15625
2026-05-11T08:50,10,40,0.15625,40,54,0.0,5.6581152618437764,0.9702007110921056,0.78515625,1.0,0.15625
2026-05-11T09:20,10,40,0.15625,40,54,0.0,5.658114408450606,0.970180631679301,0.78515625,1.0,0.15625
2026-05-11T09:50,9,40,0.15625,40,54,0.0,5.658113508488837,0.9701897787247982,0.78515625,1.0,0.15625
2026-05-11T10:20,9,40,0.15625,40,54,0.0,5.658111118770566,0.9701839614090884,0.78515625,1.0,0.15625
2026-05-11T10:50,10,40,0.15625,40,54,0.0,5.658108684512742,0.9701931018255785,0.78515625,1.0,0.15625
2026-05-11T11:20,10,40,0.15625,40,54,0.0,5.658103628338645,0.9701872870570739,0.78515625,1.0,0.15625
2026-05-11T11:50,10,40,0.15625,40,54,0.0,5.658098531272157,0.9701964208539315,0.78515625,1.0,0.15625
2026-05-11T12:20,10,40,0.15625,40,54,0.0,5.658087490327924,0.9701906086307589,0.78515625,1.0,0.15625
2026-05-11T12:50,9,40,0.15625,40,54,0.0,5.6580764162935155,0.9701997358173385,0.78515625,1.0,0.15625
2026-05-11T13:20,8,40,0.15625,40,54,0.0,5.65806530923528,0.970208857416415,0.78515625,1.0,0.15625
2026-05-11T13:50,9,40,0.15625,40,54,0.0,5.6580541692194375,0.9702179734331174,0.78515625,1.0,0.15625
2026-05-11T14:20,10,40,0.15625,40,54,0.0,5.658042996312075,0.970227083872569,0.78515625,1.0,0.15625
2026-05-11T14:50,10,40,0.15625,40,54,0.0,5.658031790579144,0.9702361887398862,0.78515625,1.0,0.15625
2026-05-11T15:20,10,40,0.15625,40,54,0.0,5.658020552086475,0.9702452880401797,0.78515625,1.0,0.15625
2026-05-11T15:50,10,40,0.15625,40,54,0.0,5.658007688433593,0.9702394733165105,0.78515625,1.0,0.15625
2026-05-11T16:20,11,40,0.15625,40,54,0.0,5.657994794105098,0.9702485660530469,0.78515625,1.0,0.15625
2026-05-11T16:50,12,40,0.15625,40,54,0.0,5.657979324701287,0.9702427538802131,0.78515625,1.0,0.15625
2026-05-11T17:20,11,40,0.15625,40,54,0.0,5.657967335698337,0.9702369452567978,0.78515625,1.0,0.15625
2026-05-11T17:50,11,40,0.15625,40,54,0.0,5.657955652159198,0.9702311401795507,0.78515625,1.0,0.15625
2026-05-11T18:20,12,40,0.15625,40,54,0.0,5.657945636590318,0.9702253386452253,0.78515625,1.0,0.15625
2026-05-11T18:50,12,40,0.15625,40,54,0.0,5.657938175634165,0.9702195406505791,0.78515625,1.0,0.15625
2026-05-11T19:20,11,40,0.15625,40,54,0.0,5.657930677357233,0.9702286228278738,0.78515625,1.0,0.15625
2026-05-11T19:50,11,40,0.15625,40,54,0.0,5.657923402801272,0.9702228273673149,0.78515625,1.0,0.15625
2026-05-11T20:20,10,40,0.15625,40,54,0.0,5.657916090770289,0.9702319030066422,0.78515625,1.0,0.15625
2026-05-11T20:50,10,40,0.15625,40,54,0.0,5.657912909141663,0.9702261100783023,0.78515625,1.0,0.15625
2026-05-11T21:20,9,40,0.15625,40,54,0.0,5.657913121095553,0.9702203206790081,0.78515625,1.0,0.15625
2026-05-11T21:50,9,40,0.15625,40,54,0.0,5.657913286063724,0.9702293887908597,0.78515625,1.0,0.15625
2026-05-11T22:20,9,40,0.15625,40,54,0.0,5.657913404134527,0.970238451381791,0.78515625,1.0,0.15625
2026-05-11T22:50,8,40,0.15625,40,54,0.0,5.6579145910940225,0.9702326635122881,0.78515625,1.0,0.15625
2026-05-11T23:20,8,40,0.15625,40,54,0.0,5.657925301501997,0.9702127454232251,0.78515625,1.0,0.15625
2026-05-11T23:50,8,40,0.15625,40,54,0.0,5.657935951678496,0.9702218048072205,0.78515625,1.0,0.15625
2026-05-12T00:20,7,40,0.15625,40,54,0.0,5.657946541733196,0.9702308586823171,0.78515625,1.0,0.15625
2026-05-12T00:50,7,40,0.15625,40,54,0.0,5.657957071775544,0.9702399070535382,0.78515625,1.0,0.15625
2026-05-12T01:20,7,40,0.15625,40,54,0.0,5.657967541914776,0.9702489499259013,0.78515625,1.0,0.15625
2026-05-12T01:50,7,40,0.15625,40,54,0.0,5.6579779522599,0.970257987304417,0.78515625,1.0,0.15625
2026-05-12T02:20,5,40,0.15625,40,54,0.0,5.6579935935207955,0.9702522058057504,0.78515625,1.0,0.15625
2026-05-12T02:50,6,40,0.15625,40,54,0.0,5.65800916853096,0.970261236708663,0.78515625,1.0,0.15625
2026-05-12T03:20,5,40,0.15625,40,54,0.0,5.658026802866308,0.97025545773309,0.78515625,1.0,0.15625
2026-05-12T03:50,5,40,0.15625,40,54,0.0,5.65804436819706,0.9702644821694572,0.78515625,1.0,0.15625
2026-05-12T04:20,5,40,0.15625,40,54,0.0,5.658058650891695,0.9702587057151125,0.78515625,1.0,0.15625
2026-05-12T04:50,5,40,0.15625,40,54,0.0,5.658074610250627,0.9702529327637723,0.78515625,1.0,0.15625
2026-05-12T05:20,5,40,0.15625,40,54,0.0,5.6580882559217995,0.9702471633122511,0.78515625,1.0,0.15625
2026-05-12T05:50,5,40,0.15625,40,54,0.0,5.658101910163472,0.9702413973573671,0.78515625,1.0,0.15625
2026-05-12T06:20,5,40,0.15625,40,54,0.0,5.658110257332107,0.9702356348959426,0.78515625,1.0,0.15625
2026-05-12T06:50,6,40,0.15625,40,54,0.0,5.658118943432474,0.9702158063889366,0.78515625,1.0,0.15625
2026-05-12T07:20,8,40,0.15625,40,54,0.0,5.658127572139496,0.9702248237045924,0.78515625,1.0,0.15625
2026-05-12T07:50,9,40,0.15625,40,54,0.0,5.658130541743814,0.9702190714916656,0.78515625,1.0,0.15625
2026-05-12T08:20,10,40,0.15625,40,54,0.0,5.658133461452676,0.9702280823626213,0.78515625,1.0,0.15625
2026-05-12T08:50,11,40,0.15625,40,54,0.0,5.658136331358431,0.9702370877823543,0.78515625,1.0,0.15625
2026-05-12T09:20,12,40,0.15625,40,54,0.0,5.6581354871840395,0.9702172888156109,0.78515625,1.0,0.15625
2026-05-12T09:50,12,40,0.15625,40,54,0.0,5.658134597789034,0.9702262920535747,0.78515625,1.0,0.15625
2026-05-12T10:20,13,40,0.15625,40,54,0.0,5.658132261582421,0.9702205480886734,0.78515625,1.0,0.15625
2026-05-12T10:50,14,40,0.15625,40,54,0.0,5.658129882097093,0.9702295449019397,0.78515625,1.0,0.15625
2026-05-12T11:20,14,40,0.15625,40,54,0.0,5.658124917402274,0.970223803424227,0.78515625,1.0,0.15625
2026-05-12T11:50,14,40,0.15625,40,54,0.0,5.658119912970708,0.9702327938217439,0.78515625,1.0,0.15625
2026-05-12T12:20,15,40,0.15625,40,54,0.0,5.65810906638684,0.9702270548294025,0.78515625,1.0,0.15625
2026-05-12T12:50,16,40,0.15625,40,54,0.0,5.658098187620631,0.9702360388200998,0.78515625,1.0,0.15625
2026-05-12T13:20,15,40,0.15625,40,54,0.0,5.658087276735658,0.9702450173905914,0.78515625,1.0,0.15625
2026-05-12T13:50,15,40,0.15625,40,54,0.0,5.6580763337953695,0.9702539905457813,0.78515625,1.0,0.15625
2026-05-12T14:20,15,40,0.15625,40,54,0.0,5.658065358863093,0.970262958290567,0.78515625,1.0,0.15625
2026-05-12T14:50,17,40,0.15625,40,54,0.0,5.658054352002029,0.9702719206298405,0.78515625,1.0,0.15625
2026-05-12T15:20,16,40,0.15625,40,54,0.0,5.6580433132752574,0.9702808775684877,0.78515625,1.0,0.15625
2026-05-12T15:50,16,40,0.15625,40,54,0.0,5.658030669744625,0.9702751361933752,0.78515625,1.0,0.15625
2026-05-12T16:20,15,40,0.15625,40,54,0.0,5.6580179963751585,0.9702840867696495,0.78515625,1.0,0.15625
2026-05-12T16:50,16,40,0.15625,40,54,0.0,5.658002783923755,0.9702783478850695,0.78515625,1.0,0.15625
2026-05-12T17:20,15,40,0.15625,40,54,0.0,5.657990993335516,0.9702726124545278,0.78515625,1.0,0.15625
2026-05-12T17:50,15,40,0.15625,40,54,0.0,5.657979492444372,0.9702668804749071,0.78515625,1.0,0.15625
2026-05-12T18:20,15,40,0.15625,40,54,0.0,5.65796963360531,0.9702611519430936,0.78515625,1.0,0.15625
2026-05-12T18:50,13,40,0.15625,40,54,0.0,5.657962288238147,0.9702554268559775,0.78515625,1.0,0.15625
2026-05-12T19:20,13,40,0.15625,40,54,0.0,5.657954906606934,0.9702643672146021,0.78515625,1.0,0.15625
2026-05-12T19:50,14,40,0.15625,40,54,0.0,5.657947725196415,0.970258644601916,0.78515625,1.0,0.15625
2026-05-12T20:20,14,40,0.15625,40,54,0.0,5.657940507393445,0.9702675786227625,0.78515625,1.0,0.15625
2026-05-12T20:50,14,40,0.15625,40,54,0.0,5.657937359763067,0.9702618584826942,0.78515625,1.0,0.15625
2026-05-12T21:20,13,40,0.15625,40,54,0.0,5.657937540190093,0.9702561417771141,0.78515625,1.0,0.15625
2026-05-12T21:50,13,40,0.15625,40,54,0.0,5.6579376750076245,0.9702650685052722,0.78515625,1.0,0.15625
2026-05-12T22:20,13,40,0.15625,40,54,0.0,5.657937764300202,0.9702739898768578,0.78515625,1.0,0.15625
2026-05-12T22:50,13,40,0.15625,40,54,0.0,5.657938906091548,0.9702682746765933,0.78515625,1.0,0.15625
2026-05-12T23:20,13,40,0.15625,40,54,0.0,5.6579494140127204,0.9702486325866638,0.78515625,1.0,0.15625
2026-05-12T23:50,12,40,0.15625,40,54,0.0,5.657959863482713,0.9702575508622674,0.78515625,1.0,0.15625
2026-05-13T00:20,12,40,0.15625,40,54,0.0,5.657970254606438,0.9702664637927851,0.78515625,1.0,0.15625
2026-05-13T00:50,11,40,0.15625,40,54,0.0,5.657980587488592,0.9702753713830209,0.78515625,1.0,0.15625
2026-05-13T01:20,11,40,0.15625,40,54,0.0,5.657990862233668,0.9702842736377729,0.78515625,1.0,0.15625
2026-05-13T01:50,10,40,0.15625,40,54,0.0,5.658001078945947,0.9702931705618335,0.78515625,1.0,0.15625
2026-05-13T02:20,9,40,0.15625,40,54,0.0,5.658016445935951,0.9702874615949473,0.78515625,1.0,0.15625
2026-05-13T02:50,9,40,0.15625,40,54,0.0,5.658031748625435,0.9702963522407897,0.78515625,1.0,0.15625
2026-05-13T03:20,9,40,0.15625,40,54,0.0,5.658049067729183,0.9702906457376351,0.78515625,1.0,0.15625
2026-05-13T03:50,10,40,0.15625,40,54,0.0,5.658066319874458,0.9702995301139098,0.78515625,1.0,0.15625
2026-05-13T04:20,10,40,0.15625,40,54,0.0,5.658080342268004,0.9702938260726784,0.78515625,1.0,0.15625
2026-05-13T04:50,10,40,0.15625,40,54,0.0,5.658096019474058,0.9702881254409159,0.78515625,1.0,0.15625
2026-05-13T05:20,10,40,0.15625,40,54,0.0,5.658109424220284,0.9702824282155661,0.78515625,1.0,0.15625
2026-05-13T05:50,10,40,0.15625,40,54,0.0,5.658122837348142,0.9702767343935768,0.78515625,1.0,0.15625
2026-05-13T06:20,10,40,0.15625,40,54,0.0,5.658131020898783,0.9702710439718989,0.78515625,1.0,0.15625
2026-05-13T06:50,11,40,0.15625,40,54,0.0,5.658139549399652,0.9702514890049706,0.78515625,1.0,0.15625
2026-05-13T07:20,10,40,0.15625,40,54,0.0,5.658142514385192,0.9702458095132338,0.78515625,1.0,0.15625
2026-05-13T07:50,11,40,0.15625,40,54,0.0,5.658145430820897,0.9702546860617084,0.78515625,1.0,0.15625
2026-05-13T08:20,11,40,0.15625,40,54,0.0,5.6581482987953535,0.9702635573154926,0.78515625,1.0,0.15625
2026-05-13T08:50,12,40,0.15625,40,54,0.0,5.658151118396965,0.9702724232793222,0.78515625,1.0,0.15625
2026-05-13T09:20,12,40,0.15625,40,54,0.0,5.658150279386289,0.9702528970442945,0.78515625,1.0,0.15625
2026-05-13T09:50,12,40,0.15625,40,54,0.0,5.658149396450484,0.970261760900956,0.78515625,1.0,0.15625
2026-05-13T10:20,13,40,0.15625,40,54,0.0,5.658147107821827,0.9702560885003882,0.78515625,1.0,0.15625
2026-05-13T10:50,10,40,0.15625,40,54,0.0,5.658144777127694,0.9702649461273982,0.78515625,1.0,0.15625
2026-05-13T11:20,9,40,0.15625,40,54,0.0,5.6581398969251495,0.9702592761559984,0.78515625,1.0,0.15625
2026-05-13T11:50,12,40,0.15625,40,54,0.0,5.658134978098369,0.9702681275619043,0.78515625,1.0,0.15625
2026-05-13T12:20,12,40,0.15625,40,54,0.0,5.658124315492271,0.9702624600179094,0.78515625,1.0,0.15625
2026-05-13T12:50,12,40,0.15625,40,54,0.0,5.658113621580073,0.9702713052112414,0.78515625,1.0,0.15625
2026-05-13T13:20,11,40,0.15625,40,54,0.0,5.65810289642272,0.9702801451442741,0.78515625,1.0,0.15625
2026-05-13T13:50,12,40,0.15625,40,54,0.0,5.658092140081037,0.9702889798216985,0.78515625,1.0,0.15625
2026-05-13T14:20,12,40,0.15625,40,54,0.0,5.658081352615736,0.9702978092482002,0.78515625,1.0,0.15625
2026-05-13T14:50,9,40,0.15625,40,54,0.0,5.6580705340874085,0.9703066334284592,0.78515625,1.0,0.15625
2026-05-13T15:20,11,40,0.15625,40,54,0.0,5.658059684556528,0.9703154523671499,0.78515625,1.0,0.15625
2026-05-13T15:50,10,40,0.15625,40,54,0.0,5.658047250092872,0.9703097825511843,0.78515625,1.0,0.15625
2026-05-13T16:20,10,40,0.15625,40,54,0.0,5.658032303832484,0.9703041161010935,0.78515625,1.0,0.15625
2026-05-13T16:50,11,40,0.15625,40,54,0.0,5.658017331506175,0.9703129279360784,0.78515625,1.0,0.15625
2026-05-13T17:20,12,40,0.15625,40,54,0.0,5.658005724411155,0.9703072639147965,0.78515625,1.0,0.15625
2026-05-13T17:50,9,40,0.15625,40,54,0.0,5.6579943920261595,0.970301603252958,0.78515625,1.0,0.15625
2026-05-13T18:20,10,40,0.15625,40,54,0.0,5.657984676574883,0.9702959459475747,0.78515625,1.0,0.15625
2026-05-13T18:50,10,40,0.15625,40,54,0.0,5.657977434755496,0.9702902919956623,0.78515625,1.0,0.15625
2026-05-13T19:20,10,40,0.15625,40,54,0.0,5.657970157695222,0.9702990948721081,0.78515625,1.0,0.15625
2026-05-13T19:50,10,40,0.15625,40,54,0.0,5.657963064120329,0.9702934433369549,0.78515625,1.0,0.15625
2026-05-13T20:20,10,40,0.15625,40,54,0.0,5.657955935193853,0.970302240066793,0.78515625,1.0,0.15625
2026-05-13T20:50,9,40,0.15625,40,54,0.0,5.657956117423093,0.9702828379545061,0.78515625,1.0,0.15625
2026-05-13T21:20,9,40,0.15625,40,54,0.0,5.657956255295914,0.9702916326162538,0.78515625,1.0,0.15625
2026-05-13T21:50,9,40,0.15625,40,54,0.0,5.657956348893383,0.9703004220740596,0.78515625,1.0,0.15625
2026-05-13T22:20,9,40,0.15625,40,54,0.0,5.657956398296407,0.9703092063325411,0.78515625,1.0,0.15625
2026-05-13T22:50,9,40,0.15625,40,54,0.0,5.657957484319028,0.9703035618339789,0.78515625,1.0,0.15625
2026-05-13T23:20,9,40,0.15625,40,54,0.0,5.657967793569262,0.9702841880068811,0.78515625,1.0,0.15625
2026-05-13T23:50,9,40,0.15625,40,54,0.0,5.657978046074509,0.9702929692752006,0.78515625,1.0,0.15625
2026-05-14T00:20,8,40,0.15625,40,54,0.0,5.6579882419351835,0.9703017453551783,0.78515625,1.0,0.15625
2026-05-14T00:50,9,40,0.15625,40,54,0.0,5.657998381251502,0.9703105162514113,0.78515625,1.0,0.15625
2026-05-14T01:20,8,40,0.15625,40,54,0.0,5.658008464123476,0.9703192819684909,0.78515625,1.0,0.15625
2026-05-14T01:50,8,40,0.15625,40,54,0.0,5.658018490650932,0.9703280425110032,0.78515625,1.0,0.15625
2026-05-14T02:20,9,40,0.15625,40,54,0.0,5.658033589257446,0.9703224041131525,0.78515625,1.0,0.15625
2026-05-14T02:50,9,40,0.15625,40,54,0.0,5.658048625432444,0.9703311585662165,0.78515625,1.0,0.15625
2026-05-14T03:20,8,40,0.15625,40,54,0.0,5.658065636716794,0.9703255225749541,0.78515625,1.0,0.15625
2026-05-14T03:50,8,40,0.15625,40,54,0.0,5.6580825830027885,0.9703342709468364,0.78515625,1.0,0.15625
2026-05-14T04:20,8,40,0.15625,40,54,0.0,5.658096350768898,0.9703286373604079,0.78515625,1.0,0.15625
2026-05-14T04:50,8,40,0.15625,40,54,0.0,5.658111752053875,0.9703230070937121,0.78515625,1.0,0.15625
2026-05-14T05:20,8,40,0.15625,40,54,0.0,5.6581249207169915,0.9703173801438156,0.78515625,1.0,0.15625
2026-05-14T05:50,8,40,0.15625,40,54,0.0,5.6581381044586285,0.9703117565077883,0.78515625,1.0,0.15625
2026-05-14T06:20,8,40,0.15625,40,54,0.0,5.658146142469557,0.9703061361827037,0.78515625,1.0,0.15625
2026-05-14T06:50,8,40,0.15625,40,54,0.0,5.658154536331499,0.9702868471210732,0.78515625,1.0,0.15625
2026-05-14T07:20,8,40,0.15625,40,54,0.0,5.6581628760555125,0.9702955888547827,0.78515625,1.0,0.15625
2026-05-14T07:50,8,40,0.15625,40,54,0.0,5.658165751810993,0.9702899782440004,0.78515625,1.0,0.15625
2026-05-14T08:20,8,40,0.15625,40,54,0.0,5.658168580464845,0.970298713916378,0.78515625,1.0,0.15625
2026-05-14T08:50,9,40,0.15625,40,54,0.0,5.658171362101768,0.9703074444531457,0.78515625,1.0,0.15625
2026-05-14T09:20,9,40,0.15625,40,54,0.0,5.6581705389567825,0.9702881833483289,0.78515625,1.0,0.15625
2026-05-14T09:50,9,40,0.15625,40,54,0.0,5.658169673113691,0.9702969118491078,0.78515625,1.0,0.15625
2026-05-14T10:20,9,40,0.15625,40,54,0.0,5.658167447336892,0.9702913090885633,0.78515625,1.0,0.15625
2026-05-14T10:50,10,40,0.15625,40,54,0.0,5.658165180636435,0.970300031546259,0.78515625,1.0,0.15625
2026-05-14T11:20,10,40,0.15625,40,54,0.0,5.658160399137329,0.9702944311590118,0.78515625,1.0,0.15625
2026-05-14T11:50,9,40,0.15625,40,54,0.0,5.658155580059372,0.9703031475817938,0.78515625,1.0,0.15625
2026-05-14T12:20,8,40,0.15625,40,54,0.0,5.658145112357217,0.9702975495661333,0.78515625,1.0,0.15625
2026-05-14T12:50,9,40,0.15625,40,54,0.0,5.658134614168991,0.970306259962155,0.78515625,1.0,0.15625
2026-05-14T13:20,9,40,0.15625,40,54,0.0,5.658124085553179,0.9703149652509377,0.78515625,1.0,0.15625
2026-05-14T13:50,9,40,0.15625,40,54,0.0,5.658113526568161,0.970323665436972,0.78515625,1.0,0.15625
2026-05-14T14:20,10,40,0.15625,40,54,0.0,5.6581029372722025,0.9703323605247433,0.78515625,1.0,0.15625
2026-05-14T14:50,12,40,0.15625,40,54,0.0,5.658092317723459,0.9703410505187313,0.78515625,1.0,0.15625
2026-05-14T15:20,12,40,0.15625,40,54,0.0,5.658081667979976,0.970349735423411,0.78515625,1.0,0.15625
2026-05-14T15:50,9,40,0.15625,40,54,0.0,5.658069452680078,0.9703441352409672,0.78515625,1.0,0.15625
2026-05-14T16:20,9,40,0.15625,40,54,0.0,5.658054747751568,0.9703385383363591,0.78515625,1.0,0.15625
2026-05-14T16:50,11,40,0.15625,40,54,0.0,5.658040017444451,0.9703472163532296,0.78515625,1.0,0.15625
2026-05-14T17:20,11,40,0.15625,40,54,0.0,5.658028597529762,0.970341621821449,0.78515625,1.0,0.15625
2026-05-14T17:50,11,40,0.15625,40,54,0.0,5.658017438048306,0.9703360305613243,0.78515625,1.0,0.15625
2026-05-14T18:20,9,40,0.15625,40,54,0.0,5.658007871123071,0.9703304425699867,0.78515625,1.0,0.15625
2026-05-14T18:50,10,40,0.15625,40,54,0.0,5.658000739207721,0.9703248578445703,0.78515625,1.0,0.15625
2026-05-14T19:20,9,40,0.15625,40,54,0.0,5.65799357301999,0.970333527182039,0.78515625,1.0,0.15625
2026-05-14T19:50,10,40,0.15625,40,54,0.0,5.657986569004826,0.9703279448178489,0.78515625,1.0,0.15625
2026-05-14T20:20,9,40,0.15625,40,54,0.0,5.657979530628956,0.9703366081916247,0.78515625,1.0,0.15625
2026-05-14T20:50,9,40,0.15625,40,54,0.0,5.657979669804,0.970317467881225,0.78515625,1.0,0.15625
2026-05-14T21:20,9,40,0.15625,40,54,0.0,5.657979765903414,0.9703261292562231,0.78515625,1.0,0.15625
2026-05-14T21:50,9,40,0.15625,40,54,0.0,5.657979819004827,0.9703347855779103,0.78515625,1.0,0.15625
2026-05-14T22:20,9,40,0.15625,40,54,0.0,5.657979829185726,0.9703434368507077,0.78515625,1.0,0.15625
2026-05-14T22:50,9,40,0.15625,40,54,0.0,5.657980860577894,0.9703378613624699,0.78515625,1.0,0.15625
2026-05-14T23:20,9,40,0.15625,40,54,0.0,5.65799096747636,0.9703187485800157,0.78515625,1.0,0.15625
2026-05-14T23:50,8,40,0.15625,40,54,0.0,5.658001019276479,0.9703273969632965,0.78515625,1.0,0.15625
2026-05-15T00:20,8,40,0.15625,40,54,0.0,5.658011016074396,0.9703360403081951,0.78515625,1.0,0.15625
2026-05-15T00:50,8,40,0.15625,40,54,0.0,5.658020957966069,0.9703446786191129,0.78515625,1.0,0.15625
2026-05-15T01:20,8,40,0.15625,40,54,0.0,5.658030845047268,0.9703533119004465,0.78515625,1.0,0.15625
2026-05-15T02:20,8,40,0.15625,40,54,0.0,5.658045724595158,0.9703477432742226,0.78515625,1.0,0.15625
2026-05-15T02:50,8,40,0.15625,40,54,0.0,5.658060543421786,0.9703563706401597,0.78515625,1.0,0.15625
2026-05-15T03:20,8,40,0.15625,40,54,0.0,5.658077290769789,0.9703508043637068,0.78515625,1.0,0.15625
2026-05-15T03:50,8,40,0.15625,40,54,0.0,5.658093974924831,0.9703594258221646,0.78515625,1.0,0.15625
2026-05-15T04:20,7,40,0.15625,40,54,0.0,5.658107522021723,0.9703538618937847,0.78515625,1.0,0.15625
2026-05-15T04:50,7,40,0.15625,40,54,0.0,5.658122676640347,0.9703483011993067,0.78515625,1.0,0.15625
2026-05-15T05:20,7,40,0.15625,40,54,0.0,5.658135629937174,0.9703427437359121,0.78515625,1.0,0.15625
2026-05-15T05:50,7,40,0.15625,40,54,0.0,5.658148597970655,0.9703371895007856,0.78515625,1.0,0.15625
2026-05-15T06:20,7,40,0.15625,40,54,0.0,5.658156491663002,0.9703316384911149,0.78515625,1.0,0.15625
2026-05-15T06:50,8,40,0.15625,40,54,0.0,5.658164738799562,0.9703126051866942,0.78515625,1.0,0.15625
2026-05-15T07:20,8,40,0.15625,40,54,0.0,5.658172933305309,0.9703212202171101,0.78515625,1.0,0.15625
2026-05-15T07:50,8,40,0.15625,40,54,0.0,5.658175753295927,0.9703156786714118,0.78515625,1.0,0.15625
2026-05-15T08:20,9,40,0.15625,40,54,0.0,5.658178527483269,0.9703242878133285,0.78515625,1.0,0.15625
2026-05-15T08:50,9,40,0.15625,40,54,0.0,5.65818125594858,0.9703328919629912,0.78515625,1.0,0.15625
2026-05-15T09:20,10,40,0.15625,40,54,0.0,5.658180418460635,0.9703138858797445,0.78515625,1.0,0.15625
2026-05-15T09:50,10,40,0.15625,40,54,0.0,5.658179539462641,0.9703224880571193,0.78515625,1.0,0.15625
2026-05-15T10:20,10,40,0.15625,40,54,0.0,5.658177336932834,0.9703169541707166,0.78515625,1.0,0.15625
2026-05-15T10:50,10,40,0.15625,40,54,0.0,5.658175094596553,0.9703255504770674,0.78515625,1.0,0.15625
2026-05-15T11:20,10,40,0.15625,40,54,0.0,5.658170370556401,0.9703200189083697,0.78515625,1.0,0.15625
2026-05-15T11:50,12,40,0.15625,40,54,0.0,5.658165609963448,0.9703286093515221,0.78515625,1.0,0.15625
2026-05-15T12:20,11,40,0.15625,40,54,0.0,5.658155296382506,0.9703230800988726,0.78515625,1.0,0.15625
2026-05-15T12:50,12,40,0.15625,40,54,0.0,5.65814495312379,0.9703316646866368,0.78515625,1.0,0.15625
2026-05-15T13:20,12,40,0.15625,40,54,0.0,5.658134580243461,0.9703402443093417,0.78515625,1.0,0.15625
2026-05-15T13:50,13,40,0.15625,40,54,0.0,5.658124177797568,0.9703488189712933,0.78515625,1.0,0.15625
2026-05-15T14:20,13,40,0.15625,40,54,0.0,5.6581137458420585,0.9703573886767929,0.78515625,1.0,0.15625
2026-05-15T14:50,13,40,0.15625,40,54,0.0,5.658103284432778,0.9703659534301369,0.78515625,1.0,0.15625
2026-05-15T15:20,13,40,0.15625,40,54,0.0,5.65809279362546,0.9703745132356163,0.78515625,1.0,0.15625
2026-05-15T15:50,14,40,0.15625,40,54,0.0,5.658080761392068,0.9703689819041001,0.78515625,1.0,0.15625
2026-05-15T16:20,14,40,0.15625,40,54,0.0,5.658066265948095,0.9703634537661934,0.78515625,1.0,0.15625
2026-05-15T17:20,14,40,0.15625,40,54,0.0,5.658055031596676,0.9703579288191311,0.78515625,1.0,0.15625
2026-05-15T17:50,14,40,0.15625,40,54,0.0,5.658044044365608,0.9703524070601512,0.78515625,1.0,0.15625
2026-05-15T18:20,14,40,0.15625,40,54,0.0,5.65803705437433,0.9703334885420382,0.78515625,1.0,0.15625
2026-05-15T18:50,13,40,0.15625,40,54,0.0,5.658030030932416,0.9703420428994366,0.78515625,1.0,0.15625
2026-05-15T19:20,13,40,0.15625,40,54,0.0,5.658022974101541,0.9703505923249485,0.78515625,1.0,0.15625
2026-05-15T19:50,13,40,0.15625,40,54,0.0,5.658016059346434,0.9703450790453721,0.78515625,1.0,0.15625
2026-05-15T20:20,13,40,0.15625,40,54,0.0,5.658009111134676,0.970353622669963,0.78515625,1.0,0.15625
2026-05-15T20:50,13,40,0.15625,40,54,0.0,5.658007247383457,0.9703481116934437,0.78515625,1.0,0.15625
2026-05-15T21:20,12,40,0.15625,40,54,0.0,5.658007322225515,0.9703426038905361,0.78515625,1.0,0.15625
2026-05-15T21:50,12,40,0.15625,40,54,0.0,5.658007355221675,0.9703511408496924,0.78515625,1.0,0.15625
2026-05-15T22:20,12,40,0.15625,40,54,0.0,5.658007346446351,0.9703596728954911,0.78515625,1.0,0.15625
2026-05-15T22:50,11,40,0.15625,40,54,0.0,5.658008345127414,0.9703541665201458,0.78515625,1.0,0.15625
2026-05-15T23:20,11,40,0.15625,40,54,0.0,5.658018286903901,0.9703353019064679,0.78515625,1.0,0.15625
2026-05-15T23:50,9,40,0.15625,40,54,0.0,5.658028175066031,0.9703438311468627,0.78515625,1.0,0.15625
2026-05-16T00:20,10,40,0.15625,40,54,0.0,5.658038009706123,0.9703523554839865,0.78515625,1.0,0.15625
2026-05-16T00:50,9,40,0.15625,40,54,0.0,5.6580477909163225,0.9703608749220657,0.78515625,1.0,0.15625
2026-05-16T01:20,9,40,0.15625,40,54,0.0,5.658057518788596,0.9703693894653228,0.78515625,1.0,0.15625
2026-05-16T01:50,9,40,0.15625,40,54,0.0,5.658067193414738,0.9703778991179749,0.78515625,1.0,0.15625
2026-05-16T02:20,9,40,0.15625,40,54,0.0,5.658081783408881,0.9703723985762228,0.78515625,1.0,0.15625
2026-05-16T02:50,9,40,0.15625,40,54,0.0,5.658096314414504,0.9703809024801906,0.78515625,1.0,0.15625
2026-05-16T03:20,8,40,0.15625,40,54,0.0,5.658112736354,0.9703754042333369,0.78515625,1.0,0.15625
2026-05-16T03:50,8,40,0.15625,40,54,0.0,5.65812909691429,0.9703839023962074,0.78515625,1.0,0.15625
2026-05-16T04:20,7,40,0.15625,40,54,0.0,5.658142373182441,0.9703784064426081,0.78515625,1.0,0.15625
2026-05-16T04:50,7,40,0.15625,40,54,0.0,5.658157231841007,0.970372913640358,0.78515625,1.0,0.15625
2026-05-16T05:20,7,40,0.15625,40,54,0.0,5.658169936426764,0.9703674239867481,0.78515625,1.0,0.15625
2026-05-16T05:50,7,40,0.15625,40,54,0.0,5.658182668401831,0.9703619374790714,0.78515625,1.0,0.15625
2026-05-16T06:20,7,40,0.15625,40,54,0.0,5.658190408645783,0.9703564541146245,0.78515625,1.0,0.15625
2026-05-16T06:50,8,40,0.15625,40,54,0.0,5.65819851232486,0.9703376698794147,0.78515625,1.0,0.15625
2026-05-16T07:20,9,40,0.15625,40,54,0.0,5.658201331805183,0.9703321966020932,0.78515625,1.0,0.15625
2026-05-16T07:50,9,40,0.15625,40,54,0.0,5.658204106638659,0.9703406876734721,0.78515625,1.0,0.15625
2026-05-16T08:20,9,40,0.15625,40,54,0.0,5.658206836903416,0.9703491738858688,0.78515625,1.0,0.15625
2026-05-16T08:50,10,40,0.15625,40,54,0.0,5.658209522677436,0.970357655243453,0.78515625,1.0,0.15625
2026-05-16T09:20,11,40,0.15625,40,54,0.0,5.658208702790301,0.9703388975224115,0.78515625,1.0,0.15625
2026-05-16T09:50,12,40,0.15625,40,54,0.0,5.6582078424965525,0.9703473769685171,0.78515625,1.0,0.15625
2026-05-16T10:20,13,40,0.15625,40,54,0.0,5.658205700432364,0.9703419103023916,0.78515625,1.0,0.15625
2026-05-16T10:50,13,40,0.15625,40,54,0.0,5.658203519589655,0.9703503840423052,0.78515625,1.0,0.15625
2026-05-16T11:20,13,40,0.15625,40,54,0.0,5.6581988955048494,0.970344919640178,0.78515625,1.0,0.15625
2026-05-16T11:50,14,40,0.15625,40,54,0.0,5.658194235800464,0.9703533876814001,0.78515625,1.0,0.15625
2026-05-16T12:20,14,40,0.15625,40,54,0.0,5.658184115611983,0.9703479255416667,0.78515625,1.0,0.15625
2026-05-16T12:50,14,40,0.15625,40,54,0.0,5.658173966471125,0.9703563878916834,0.78515625,1.0,0.15625
2026-05-16T13:20,15,40,0.15625,40,54,0.0,5.658163788431906,0.9703648454129697,0.78515625,1.0,0.15625
2026-05-16T13:50,14,40,0.15625,40,54,0.0,5.65815358154825,0.9703732981096574,0.78515625,1.0,0.15625
2026-05-16T14:20,14,40,0.15625,40,54,0.0,5.658143345873979,0.9703817459858737,0.78515625,1.0,0.15625
2026-05-16T14:50,14,40,0.15625,40,54,0.0,5.658133081462815,0.9703901890457408,0.78515625,1.0,0.15625
2026-05-16T15:20,14,40,0.15625,40,54,0.0,5.658122788368377,0.9703986272933768,0.78515625,1.0,0.15625
2026-05-16T15:50,14,40,0.15625,40,54,0.0,5.658110977205232,0.9703931631580212,0.78515625,1.0,0.15625
2026-05-16T16:20,14,40,0.15625,40,54,0.0,5.658096728687147,0.9703877021352462,0.78515625,1.0,0.15625
2026-05-16T16:50,14,40,0.15625,40,54,0.0,5.658082456054727,0.9703961338829297,0.78515625,1.0,0.15625
2026-05-16T17:20,14,40,0.15625,40,54,0.0,5.65807139293705,0.9703906751235537,0.78515625,1.0,0.15625
2026-05-16T17:50,14,40,0.15625,40,54,0.0,5.658060563972357,0.9703852194710413,0.78515625,1.0,0.15625
2026-05-16T18:20,13,40,0.15625,40,54,0.0,5.6580512827899065,0.970379766922741,0.78515625,1.0,0.15625
2026-05-16T18:50,13,40,0.15625,40,54,0.0,5.658044353998925,0.9703743174760039,0.78515625,1.0,0.15625
2026-05-16T19:20,12,40,0.15625,40,54,0.0,5.658037392723597,0.9703827410422603,0.78515625,1.0,0.15625
2026-05-16T19:50,12,40,0.15625,40,54,0.0,5.658030399022997,0.9703911598196786,0.78515625,1.0,0.15625
2026-05-16T20:20,12,40,0.15625,40,54,0.0,5.6580235384329365,0.970385711781138,0.78515625,1.0,0.15625
2026-05-16T20:50,12,40,0.15625,40,54,0.0,5.658023622978882,0.9703670686541439,0.78515625,1.0,0.15625
2026-05-16T21:20,12,40,0.15625,40,54,0.0,5.658023666775269,0.9703754847096241,0.78515625,1.0,0.15625
2026-05-16T21:50,12,40,0.15625,40,54,0.0,5.658023669893596,0.9703838959859701,0.78515625,1.0,0.15625
2026-05-16T22:20,12,40,0.15625,40,54,0.0,5.658023632405215,0.9703923024872514,0.78515625,1.0,0.15625
2026-05-16T22:50,12,40,0.15625,40,54,0.0,5.658024587804409,0.9703868618543648,0.78515625,1.0,0.15625
2026-05-16T23:20,12,40,0.15625,40,54,0.0,5.658034355848582,0.9703682448452606,0.78515625,1.0,0.15625
2026-05-16T23:50,12,40,0.15625,40,54,0.0,5.658044071773006,0.9703766486328825,0.78515625,1.0,0.15625
2026-05-17T00:20,11,40,0.15625,40,54,0.0,5.658053735666211,0.9703850476551017,0.78515625,1.0,0.15625
2026-05-17T00:50,12,40,0.15625,40,54,0.0,5.658063347616564,0.9703934419159704,0.78515625,1.0,0.15625
2026-05-17T01:20,12,40,0.15625,40,54,0.0,5.658072907712263,0.9704018314195363,0.78515625,1.0,0.15625
2026-05-17T01:50,12,40,0.15625,40,54,0.0,5.6580824160413385,0.9704102161698424,0.78515625,1.0,0.15625
2026-05-17T02:20,12,40,0.15625,40,54,0.0,5.658096768405192,0.9704047812494304,0.78515625,1.0,0.15625
2026-05-17T02:50,11,40,0.15625,40,54,0.0,5.658111063418723,0.9704131604166871,0.78515625,1.0,0.15625
2026-05-17T03:20,11,40,0.15625,40,54,0.0,5.6581272125379405,0.9704077277395794,0.78515625,1.0,0.15625
2026-05-17T03:50,11,40,0.15625,40,54,0.0,5.65814330199436,0.9704161013310509,0.78515625,1.0,0.15625
2026-05-17T04:20,11,40,0.15625,40,54,0.0,5.658156353953809,0.9704106708956518,0.78515625,1.0,0.15625
2026-05-17T04:50,11,40,0.15625,40,54,0.0,5.658170968823359,0.9704052435317658,0.78515625,1.0,0.15625
2026-05-17T05:20,11,40,0.15625,40,54,0.0,5.658183465594193,0.970399819236788,0.78515625,1.0,0.15625
2026-05-17T05:50,11,40,0.15625,40,54,0.0,5.6581959953975,0.970394398008116,0.78515625,1.0,0.15625
2026-05-17T06:20,11,40,0.15625,40,54,0.0,5.658203609960928,0.9703889798431504,0.78515625,1.0,0.15625
2026-05-17T06:50,11,40,0.15625,40,54,0.0,5.658211597119984,0.970370441121376,0.78515625,1.0,0.15625
2026-05-17T07:20,11,40,0.15625,40,54,0.0,5.658214375254668,0.9703650327822272,0.78515625,1.0,0.15625
2026-05-17T07:50,11,40,0.15625,40,54,0.0,5.6582171099500185,0.9703733995149256,0.78515625,1.0,0.15625
2026-05-17T08:20,12,40,0.15625,40,54,0.0,5.658219801281019,0.9703817615246589,0.78515625,1.0,0.15625
2026-04-27T07:20,9,40,0.15625,40,54,0.0,5.65822244932251,0.970390118815425,0.78515625,1.0,0.15625
2026-04-27T07:50,10,40,0.15625,40,54,0.0,5.658225054149193,0.9703984713912176,0.78515625,1.0,0.15625
2026-04-27T08:20,11,40,0.15625,40,54,0.0,5.6582276158356315,0.9704068192560256,0.78515625,1.0,0.15625
2026-04-27T08:50,12,40,0.15625,40,54,0.0,5.658230134456243,0.9704151624138332,0.78515625,1.0,0.15625
2026-04-27T09:50,14,40,0.15625,40,54,0.0,5.658229230150982,0.9703966581134804,0.78515625,1.0,0.15625
2026-04-27T10:50,16,40,0.15625,40,54,0.0,5.658227098534838,0.970391254578423,0.78515625,1.0,0.15625
2026-04-27T11:50,18,40,0.15625,40,54,0.0,5.6582225639745305,0.9703858540876108,0.78515625,1.0,0.15625
2026-04-27T12:50,18,40,0.15625,40,54,0.0,5.658212655156254,0.9703804566384718,0.78515625,1.0,0.15625
2026-04-27T13:20,19,40,0.15625,40,54,0.0,5.658202718076303,0.9703887954738778,0.78515625,1.0,0.15625
2026-04-27T13:50,19,40,0.15625,40,54,0.0,5.658192752786657,0.9703971296153149,0.78515625,1.0,0.15625
2026-04-27T14:50,20,40,0.15625,40,54,0.0,5.658182759339204,0.9704054590667456,0.78515625,1.0,0.15625
2026-04-27T15:50,21,40,0.15625,40,54,0.0,5.65817124563559,0.9704000621759238,0.78515625,1.0,0.15625
2026-04-27T16:50,20,40,0.15625,40,54,0.0,5.658157294831315,0.9703946683204735,0.78515625,1.0,0.15625
2026-04-27T17:50,19,40,0.15625,40,54,0.0,5.658146985079924,0.9703762166017336,0.78515625,1.0,0.15625
2026-04-27T18:50,18,40,0.15625,40,54,0.0,5.658140214919922,0.9703577752549544,0.78515625,1.0,0.15625
2026-04-27T19:50,17,40,0.15625,40,54,0.0,5.6581334129448155,0.970366104062132,0.78515625,1.0,0.15625
2026-04-27T20:50,16,40,0.15625,40,54,0.0,5.6581316231168355,0.9703476759162611,0.78515625,1.0,0.15625
2026-04-27T21:50,14,40,0.15625,40,54,0.0,5.658131642380718,0.9703423043454323,0.78515625,1.0,0.15625
2026-04-27T22:50,14,40,0.15625,40,54,0.0,5.65813498336883,0.9703369357906457,0.78515625,1.0,0.15625
2026-04-27T23:50,12,40,0.15625,40,54,0.0,5.658144466021398,0.9703185313474717,0.78515625,1.0,0.15625
2026-04-28T00:50,10,40,0.15625,40,54,0.0,5.658153897869654,0.9703268594812127,0.78515625,1.0,0.15625
2026-04-28T01:50,11,40,0.15625,40,54,0.0,5.658163278998993,0.9703351829427888,0.78515625,1.0,0.15625
2026-04-28T02:50,10,40,0.15625,40,54,0.0,5.658177382464632,0.970329822406965,0.78515625,1.0,0.15625
2026-04-28T03:50,10,40,0.15625,40,54,0.0,5.658193243617167,0.9703244648767682,0.78515625,1.0,0.15625
2026-04-28T04:50,9,40,0.15625,40,54,0.0,5.658207608372613,0.9703060897197852,0.78515625,1.0,0.15625
2026-04-28T05:50,9,40,0.15625,40,54,0.0,5.658219886765442,0.9702877248598922,0.78515625,1.0,0.15625
2026-04-28T06:50,10,40,0.15625,40,54,0.0,5.658227611276151,0.9702569622244355,0.78515625,1.0,0.15625
2026-04-28T07:50,10,40,0.15625,40,54,0.0,5.658230150793049,0.9702516310986922,0.78515625,1.0,0.15625
2026-04-28T08:50,10,40,0.15625,40,54,0.0,5.658232647849816,0.9702599593094708,0.78515625,1.0,0.15625
2026-04-28T09:50,10,40,0.15625,40,54,0.0,5.65823173120579,0.9702416279200089,0.78515625,1.0,0.15625
2026-04-28T10:50,10,40,0.15625,40,54,0.0,5.65822959824849,0.9702363055597053,0.78515625,1.0,0.15625
2026-04-28T11:50,12,40,0.15625,40,54,0.0,5.658225075577046,0.970230986176946,0.78515625,1.0,0.15625
2026-04-28T12:50,14,40,0.15625,40,54,0.0,5.658215217554748,0.970225669769233,0.78515625,1.0,0.15625
2026-04-28T13:50,14,40,0.15625,40,54,0.0,5.658205331684895,0.9702339935965271,0.78515625,1.0,0.15625
2026-04-28T14:50,16,40,0.15625,40,54,0.0,5.658195418018362,0.9702423127710389,0.78515625,1.0,0.15625
2026-04-28T15:50,16,40,0.15625,40,54,0.0,5.658183993107763,0.9702369976549237,0.78515625,1.0,0.15625
2026-04-28T16:50,16,40,0.15625,40,54,0.0,5.658170147359785,0.9702316855081472,0.78515625,1.0,0.15625
2026-04-28T17:50,15,40,0.15625,40,54,0.0,5.65815963629278,0.9702134029667494,0.78515625,1.0,0.15625
2026-04-28T18:50,15,40,0.15625,40,54,0.0,5.658152910931058,0.9701951306333587,0.78515625,1.0,0.15625
2026-04-28T19:50,13,40,0.15625,40,54,0.0,5.65814625890259,0.9701898346192817,0.78515625,1.0,0.15625
2026-04-28T20:50,12,40,0.15625,40,54,0.0,5.658146294632979,0.9701715790584957,0.78515625,1.0,0.15625
2026-04-28T21:50,10,40,0.15625,40,54,0.0,5.658146291105846,0.9701798993990651,0.78515625,1.0,0.15625
2026-04-28T22:50,9,40,0.15625,40,54,0.0,5.658147177300985,0.9701746120629793,0.78515625,1.0,0.15625
2026-04-28T23:50,9,40,0.15625,40,54,0.0,5.658156565370393,0.970156376014108,0.78515625,1.0,0.15625
2026-04-29T00:50,9,40,0.15625,40,54,0.0,5.658165903348434,0.9701646936350627,0.78515625,1.0,0.15625
2026-04-29T01:50,9,40,0.15625,40,54,0.0,5.658175191318745,0.9701730066209544,0.78515625,1.0,0.15625
2026-04-29T02:50,9,40,0.15625,40,54,0.0,5.658189168410507,0.9701677270960447,0.78515625,1.0,0.15625
2026-04-29T03:50,9,40,0.15625,40,54,0.0,5.658204886693605,0.9701624505115554,0.78515625,1.0,0.15625
2026-04-29T04:50,10,40,0.15625,40,54,0.0,5.658219122103373,0.9701442432326719,0.78515625,1.0,0.15625
2026-04-29T05:50,10,40,0.15625,40,54,0.0,5.658231293688112,0.9701260460886499,0.78515625,1.0,0.15625
2026-04-29T06:50,11,40,0.15625,40,54,0.0,5.658238953997172,0.9700955338655533,0.78515625,1.0,0.15625
2026-04-29T07:50,12,40,0.15625,40,54,0.0,5.658241470704191,0.9700902832336561,0.78515625,1.0,0.15625
2026-04-29T08:50,13,40,0.15625,40,54,0.0,5.658243945523452,0.970098600729976,0.78515625,1.0,0.15625
2026-04-29T09:50,14,40,0.15625,40,54,0.0,5.658243036000693,0.9700804365109134,0.78515625,1.0,0.15625
2026-04-29T10:50,14,40,0.15625,40,54,0.0,5.658240932098792,0.9700751944530157,0.78515625,1.0,0.15625
2026-04-29T11:50,15,40,0.15625,40,54,0.0,5.658236456805375,0.9700699553081816,0.78515625,1.0,0.15625
2026-04-29T12:50,15,40,0.15625,40,54,0.0,5.658226687689903,0.9700647190739836,0.78515625,1.0,0.15625
2026-04-29T13:50,15,40,0.15625,40,54,0.0,5.658216891070066,0.9700730321206168,0.78515625,1.0,0.15625
2026-04-29T14:50,15,40,0.15625,40,54,0.0,5.658207066995763,0.970081340551455,0.78515625,1.0,0.15625
2026-04-29T15:50,15,40,0.15625,40,54,0.0,5.658195740573328,0.9700761055172179,0.78515625,1.0,0.15625
2026-04-29T16:50,15,40,0.15625,40,54,0.0,5.658182009349399,0.9700708733881053,0.78515625,1.0,0.15625
2026-04-29T17:50,15,40,0.15625,40,54,0.0,5.658171580115004,0.9700527571693461,0.78515625,1.0,0.15625
2026-04-29T18:50,14,40,0.15625,40,54,0.0,5.658164909727893,0.9700346509984069,0.78515625,1.0,0.15625
2026-04-29T19:50,14,40,0.15625,40,54,0.0,5.658158208353203,0.9700429585528847,0.78515625,1.0,0.15625
2026-04-29T20:50,13,40,0.15625,40,54,0.0,5.658156420317228,0.9700248651344281,0.78515625,1.0,0.15625
2026-04-29T21:50,13,40,0.15625,40,54,0.0,5.658156407584743,0.9700196544519845,0.78515625,1.0,0.15625
2026-04-29T22:50,12,40,0.15625,40,54,0.0,5.658157272675244,0.9700144466563454,0.78515625,1.0,0.15625
2026-04-29T23:50,12,40,0.15625,40,54,0.0,5.658166580125512,0.969996376165652,0.78515625,1.0,0.15625
2026-04-30T00:50,12,40,0.15625,40,54,0.0,5.658175838168586,0.970004682816769,0.78515625,1.0,0.15625
2026-04-30T01:50,12,40,0.15625,40,54,0.0,5.658185046886417,0.9700129848696843,0.78515625,1.0,0.15625
2026-04-30T02:50,12,40,0.15625,40,54,0.0,5.65819891195933,0.9700077846835541,0.78515625,1.0,0.15625
2026-04-30T03:50,12,40,0.15625,40,54,0.0,5.658214501997952,0.9700025873744286,0.78515625,1.0,0.15625
2026-04-30T04:50,11,40,0.15625,40,54,0.0,5.658228622447296,0.9699845451502548,0.78515625,1.0,0.15625
2026-04-30T05:50,11,40,0.15625,40,54,0.0,5.658240701181112,0.9699665129024282,0.78515625,1.0,0.15625
2026-04-30T06:50,12,40,0.15625,40,54,0.0,5.658248303731518,0.9699362471764407,0.78515625,1.0,0.15625
2026-04-30T07:20,13,40,0.15625,40,54,0.0,5.658250798551742,0.9699310753789879,0.78515625,1.0,0.15625
2026-04-30T07:50,13,40,0.15625,40,54,0.0,5.658253252044758,0.9699393817117562,0.78515625,1.0,0.15625
2026-04-30T08:20,14,40,0.15625,40,54,0.0,5.658255664280408,0.9699476834566577,0.78515625,1.0,0.15625
2026-04-30T08:50,15,40,0.15625,40,54,0.0,5.658257336602823,0.9699425127854093,0.78515625,1.0,0.15625
2026-04-30T09:20,15,40,0.15625,40,54,0.0,5.658256367421541,0.9699373449685199,0.78515625,1.0,0.15625
2026-04-30T09:50,14,40,0.15625,40,54,0.0,5.658255360805477,0.9699456404031312,0.78515625,1.0,0.15625
2026-04-30T10:20,15,40,0.15625,40,54,0.0,5.658253195786808,0.96994047457466,0.78515625,1.0,0.15625
2026-04-30T10:50,15,40,0.15625,40,54,0.0,5.658250994755903,0.9699487645706405,0.78515625,1.0,0.15625
2026-04-30T11:20,15,40,0.15625,40,54,0.0,5.65824647265419,0.9699436007293459,0.78515625,1.0,0.15625
2026-04-30T11:50,17,40,0.15625,40,54,0.0,5.658241917434253,0.9699518852936432,0.78515625,1.0,0.15625
2026-04-30T12:20,16,40,0.15625,40,54,0.0,5.658232155810293,0.969946723438284,0.78515625,1.0,0.15625
2026-04-30T12:50,16,40,0.15625,40,54,0.0,5.6582223671968475,0.9699550025778327,0.78515625,1.0,0.15625
2026-04-30T13:20,17,40,0.15625,40,54,0.0,5.658212551642528,0.9699632771571283,0.78515625,1.0,0.15625
2026-04-30T13:50,18,40,0.15625,40,54,0.0,5.65820270919585,0.9699715471799374,0.78515625,1.0,0.15625
2026-04-30T14:20,18,40,0.15625,40,54,0.0,5.658192839905243,0.9699798126500228,0.78515625,1.0,0.15625
2026-04-30T14:50,18,40,0.15625,40,54,0.0,5.658182943819058,0.9699880735711428,0.78515625,1.0,0.15625
2026-04-30T15:20,18,40,0.15625,40,54,0.0,5.658173020985549,0.9699963299470516,0.78515625,1.0,0.15625
2026-04-30T15:50,18,40,0.15625,40,54,0.0,5.658161661786433,0.9699911658057557,0.78515625,1.0,0.15625
2026-04-30T16:20,18,40,0.15625,40,54,0.0,5.658150277491591,0.9699994167912367,0.78515625,1.0,0.15625
2026-04-30T16:50,19,40,0.15625,40,54,0.0,5.658136570681588,0.9699942546404406,0.78515625,1.0,0.15625
2026-04-30T17:20,18,40,0.15625,40,54,0.0,5.65812597493252,0.9699890953267706,0.78515625,1.0,0.15625
2026-04-30T17:50,18,40,0.15625,40,54,0.0,5.658115885850526,0.9699839388478881,0.78515625,1.0,0.15625
2026-04-30T18:20,17,40,0.15625,40,54,0.0,5.658107052217141,0.9699787852014579,0.78515625,1.0,0.15625
2026-04-30T18:50,17,40,0.15625,40,54,0.0,5.6581005028801306,0.9699736343851464,0.78515625,1.0,0.15625
2026-04-30T19:20,16,40,0.15625,40,54,0.0,5.658093923103536,0.96998187659366,0.78515625,1.0,0.15625
2026-04-30T19:50,16,40,0.15625,40,54,0.0,5.658087312940747,0.9699901142784586,0.78515625,1.0,0.15625
2026-04-30T20:20,15,40,0.15625,40,54,0.0,5.6580808267518865,0.9699849645933878,0.78515625,1.0,0.15625
2026-04-30T20:50,14,40,0.15625,40,54,0.0,5.658079159517667,0.9699798177331579,0.78515625,1.0,0.15625
2026-04-30T21:20,14,40,0.15625,40,54,0.0,5.658079311949028,0.9699746736954452,0.78515625,1.0,0.15625
2026-04-30T21:50,14,40,0.15625,40,54,0.0,5.658079426336028,0.9699829043221735,0.78515625,1.0,0.15625
2026-04-30T22:20,13,40,0.15625,40,54,0.0,5.658079502743059,0.9699911304377333,0.78515625,1.0,0.15625
2026-04-30T22:50,13,40,0.15625,40,54,0.0,5.658080497991232,0.9699859875286257,0.78515625,1.0,0.15625
2026-04-30T23:20,13,40,0.15625,40,54,0.0,5.658089955839526,0.9699681228113519,0.78515625,1.0,0.15625
2026-04-30T23:50,12,40,0.15625,40,54,0.0,5.658099365067022,0.9699763462169348,0.78515625,1.0,0.15625
2026-05-01T00:20,11,40,0.15625,40,54,0.0,5.658108725753452,0.9699845651202426,0.78515625,1.0,0.15625
2026-05-01T00:50,12,40,0.15625,40,54,0.0,5.658118037978404,0.9699927795249715,0.78515625,1.0,0.15625
2026-05-01T01:20,11,40,0.15625,40,54,0.0,5.65812730182132,0.9700009894348142,0.78515625,1.0,0.15625
2026-05-01T01:50,11,40,0.15625,40,54,0.0,5.658136517361497,0.9700091948534589,0.78515625,1.0,0.15625
2026-05-01T02:20,11,40,0.15625,40,54,0.0,5.658150367553514,0.9700040568489038,0.78515625,1.0,0.15625
2026-05-01T02:50,12,40,0.15625,40,54,0.0,5.658164164283392,0.9700122569427122,0.78515625,1.0,0.15625
2026-05-01T03:20,12,40,0.15625,40,54,0.0,5.658179686894707,0.970007120909712,0.78515625,1.0,0.15625
2026-05-01T03:50,10,40,0.15625,40,54,0.0,5.658195153967772,0.9700153156854198,0.78515625,1.0,0.15625
2026-05-01T04:20,10,40,0.15625,40,54,0.0,5.658207670799989,0.9700101816227347,0.78515625,1.0,0.15625
2026-05-01T04:50,10,40,0.15625,40,54,0.0,5.658221666261834,0.970005050364016,0.78515625,1.0,0.15625
2026-05-01T05:20,10,40,0.15625,40,54,0.0,5.658233619534411,0.9699999219069675,0.78515625,1.0,0.15625
2026-05-01T05:50,10,40,0.15625,40,54,0.0,5.658245568391342,0.969994796249295,0.78515625,1.0,0.15625
2026-05-01T06:20,11,40,0.15625,40,54,0.0,5.6582527818408,0.9699896733887071,0.78515625,1.0,0.15625
2026-05-01T06:50,11,40,0.15625,40,54,0.0,5.658260280302323,0.9699718807622406,0.78515625,1.0,0.15625
2026-05-01T07:20,12,40,0.15625,40,54,0.0,5.658262741292052,0.9699667669447967,0.78515625,1.0,0.15625
2026-05-01T07:50,13,40,0.15625,40,54,0.0,5.658265162032721,0.9699749548491192,0.78515625,1.0,0.15625
2026-05-01T08:20,14,40,0.15625,40,54,0.0,5.658267542591458,0.9699831382901524,0.78515625,1.0,0.15625
2026-05-01T08:50,15,40,0.15625,40,54,0.0,5.658269183750378,0.9699780255854944,0.78515625,1.0,0.15625
2026-05-01T10:20,17,40,0.15625,40,54,0.0,5.658267110141223,0.9699602603659836,0.78515625,1.0,0.15625
2026-05-01T10:50,18,40,0.15625,40,54,0.0,5.6582627206825675,0.9699551566763946,0.78515625,1.0,0.15625
2026-05-01T11:20,20,40,0.15625,40,54,0.0,5.658258298825792,0.9699633365956224,0.78515625,1.0,0.15625
2026-05-01T11:50,20,40,0.15625,40,54,0.0,5.6582538446266595,0.9699715120619817,0.78515625,1.0,0.15625
2026-05-01T12:20,21,40,0.15625,40,54,0.0,5.658244244700924,0.969966409476984,0.78515625,1.0,0.15625
2026-05-01T12:50,22,40,0.15625,40,54,0.0,5.658234618413098,0.9699745796593896,0.78515625,1.0,0.15625
2026-05-01T13:20,24,40,0.15625,40,54,0.0,5.658224965810039,0.9699827453978559,0.78515625,1.0,0.15625
2026-05-01T13:50,24,40,0.15625,40,54,0.0,5.658215286938533,0.9699909066960076,0.78515625,1.0,0.15625
2026-05-01T14:20,24,40,0.15625,40,54,0.0,5.658205581845271,0.9699990635574657,0.78515625,1.0,0.15625
2026-05-01T14:50,24,40,0.15625,40,54,0.0,5.658195850576876,0.9700072159858468,0.78515625,1.0,0.15625
2026-05-01T15:20,24,40,0.15625,40,54,0.0,5.658186093179877,0.970015363984764,0.78515625,1.0,0.15625
2026-05-01T15:50,24,40,0.15625,40,54,0.0,5.658176309700723,0.9700235075578262,0.78515625,1.0,0.15625
2026-05-01T16:20,24,40,0.15625,40,54,0.0,5.658165099572179,0.9700184019386672,0.78515625,1.0,0.15625
2026-05-01T16:50,24,40,0.15625,40,54,0.0,5.658151583402045,0.9700132990912884,0.78515625,1.0,0.15625
2026-05-01T17:20,23,40,0.15625,40,54,0.0,5.658141123630071,0.9700081990134333,0.78515625,1.0,0.15625
2026-05-01T17:50,23,40,0.15625,40,54,0.0,5.658130638522422,0.9700163356930281,0.78515625,1.0,0.15625
2026-05-01T18:20,22,40,0.15625,40,54,0.0,5.658121892336563,0.9699986371763666,0.78515625,1.0,0.15625
2026-05-01T18:50,22,40,0.15625,40,54,0.0,5.658115389444944,0.9699935452227383,0.78515625,1.0,0.15625
2026-05-01T19:20,21,40,0.15625,40,54,0.0,5.658108856906248,0.9700016792576467,0.78515625,1.0,0.15625
2026-05-01T19:50,20,40,0.15625,40,54,0.0,5.658102294771837,0.9700098088838641,0.78515625,1.0,0.15625
2026-05-01T20:20,20,40,0.15625,40,54,0.0,5.658095848972823,0.970004718042171,0.78515625,1.0,0.15625
2026-05-01T20:50,19,40,0.15625,40,54,0.0,5.658089373531321,0.9700128424414013,0.78515625,1.0,0.15625
2026-05-01T21:20,19,40,0.15625,40,54,0.0,5.658089470191719,0.9699951736253495,0.78515625,1.0,0.15625
2026-05-01T21:50,18,40,0.15625,40,54,0.0,5.658089529809977,0.9700032962096415,0.78515625,1.0,0.15625
2026-05-01T22:20,18,40,0.15625,40,54,0.0,5.658089552448027,0.9700114143974062,0.78515625,1.0,0.15625
2026-05-01T22:50,18,40,0.15625,40,54,0.0,5.658090487849777,0.9700063300082822,0.78515625,1.0,0.15625
2026-05-01T23:20,17,40,0.15625,40,54,0.0,5.658096415970209,0.9700012483697068,0.78515625,1.0,0.15625
2026-05-01T23:50,16,40,0.15625,40,54,0.0,5.658105659787121,0.9699961694794486,0.78515625,1.0,0.15625
2026-05-02T00:20,16,40,0.15625,40,54,0.0,5.658114856318281,0.9700042808150854,0.78515625,1.0,0.15625
2026-05-02T00:50,15,40,0.15625,40,54,0.0,5.658124005640258,0.9700123877662165,0.78515625,1.0,0.15625
2026-05-02T01:20,14,40,0.15625,40,54,0.0,5.658133107829487,0.9700204903363958,0.78515625,1.0,0.15625
2026-05-02T01:50,13,40,0.15625,40,54,0.0,5.658142162962264,0.9700285885291736,0.78515625,1.0,0.15625
2026-05-02T02:20,13,40,0.15625,40,54,0.0,5.658155813030966,0.9700235091134745,0.78515625,1.0,0.15625
2026-05-02T02:50,12,40,0.15625,40,54,0.0,5.658169410988051,0.9700316021185734,0.78515625,1.0,0.15625
2026-05-02T03:20,12,40,0.15625,40,54,0.0,5.658184719341886,0.9700265246314146,0.78515625,1.0,0.15625
2026-05-02T03:50,12,40,0.15625,40,54,0.0,5.658199973550776,0.9700346124553133,0.78515625,1.0,0.15625
2026-05-02T04:20,12,40,0.15625,40,54,0.0,5.658212328001325,0.9700295368954913,0.78515625,1.0,0.15625
2026-05-02T04:50,11,40,0.15625,40,54,0.0,5.658226145675251,0.970024464073296,0.78515625,1.0,0.15625
2026-05-02T05:20,11,40,0.15625,40,54,0.0,5.65823795599293,0.970019393986513,0.78515625,1.0,0.15625
2026-05-02T05:50,11,40,0.15625,40,54,0.0,5.658249773482894,0.9700143266329303,0.78515625,1.0,0.15625
2026-05-02T06:20,11,40,0.15625,40,54,0.0,5.658256919192839,0.9700092620103387,0.78515625,1.0,0.15625
2026-05-02T06:50,11,40,0.15625,40,54,0.0,5.658264365324429,0.9699916845972868,0.78515625,1.0,0.15625
2026-05-02T07:20,11,40,0.15625,40,54,0.0,5.658266848871674,0.9699866288007875,0.78515625,1.0,0.15625
2026-05-02T07:50,11,40,0.15625,40,54,0.0,5.658269293100843,0.9699947099454291,0.78515625,1.0,0.15625
2026-05-02T08:20,12,40,0.15625,40,54,0.0,5.658271698076689,0.9700027867395219,0.78515625,1.0,0.15625
2026-05-02T08:50,13,40,0.15625,40,54,0.0,5.658274063863841,0.9700108591865779,0.78515625,1.0,0.15625
2026-05-02T09:20,14,40,0.15625,40,54,0.0,5.658273166921897,0.9699933049884546,0.78515625,1.0,0.15625
2026-05-02T09:50,15,40,0.15625,40,54,0.0,5.658272234360407,0.9700013756433796,0.78515625,1.0,0.15625
2026-05-02T10:20,16,40,0.15625,40,54,0.0,5.658270183724091,0.969996325397763,0.78515625,1.0,0.15625
2026-05-02T10:50,17,40,0.15625,40,54,0.0,5.658265833371737,0.9699912778673322,0.78515625,1.0,0.15625
2026-05-02T11:20,17,40,0.15625,40,54,0.0,5.658261451472169,0.9699993425601924,0.78515625,1.0,0.15625
2026-05-02T11:50,19,40,0.15625,40,54,0.0,5.658257038078985,0.970007402919526,0.78515625,1.0,0.15625
2026-05-02T12:20,19,40,0.15625,40,54,0.0,5.658247555888831,0.9700023564809753,0.78515625,1.0,0.15625
2026-05-02T12:50,21,40,0.15625,40,54,0.0,5.658238048017987,0.9700104117021137,0.78515625,1.0,0.15625
2026-05-02T13:20,21,40,0.15625,40,54,0.0,5.658228514511518,0.9700184625983009,0.78515625,1.0,0.15625
2026-05-02T13:50,22,40,0.15625,40,54,0.0,5.658218955414413,0.9700265091730196,0.78515625,1.0,0.15625
2026-05-02T14:20,22,40,0.15625,40,54,0.0,5.65820937077158,0.970034551429748,0.78515625,1.0,0.15625
2026-05-02T14:50,22,40,0.15625,40,54,0.0,5.658199760627851,0.9700425893719611,0.78515625,1.0,0.15625
2026-05-02T15:20,22,40,0.15625,40,54,0.0,5.658190125027977,0.9700506230031298,0.78515625,1.0,0.15625
2026-05-02T15:50,23,40,0.15625,40,54,0.0,5.658179082909673,0.9700455744479535,0.78515625,1.0,0.15625
2026-05-02T16:20,22,40,0.15625,40,54,0.0,5.6581680169099,0.9700536029726257,0.78515625,1.0,0.15625
2026-05-02T16:50,21,40,0.15625,40,54,0.0,5.65815770250809,0.9700361078766421,0.78515625,1.0,0.15625
2026-05-02T17:20,20,40,0.15625,40,54,0.0,5.658147363388305,0.97004413463585,0.78515625,1.0,0.15625
2026-05-02T17:50,20,40,0.15625,40,54,0.0,5.658137495052467,0.9700390932265193,0.78515625,1.0,0.15625
2026-05-02T18:20,17,40,0.15625,40,54,0.0,5.6581310770361695,0.9700216160676266,0.78515625,1.0,0.15625
2026-05-02T18:50,17,40,0.15625,40,54,0.0,5.65812463010894,0.970029640260328,0.78515625,1.0,0.15625
2026-05-02T19:20,16,40,0.15625,40,54,0.0,5.658118154320231,0.9700376601585725,0.78515625,1.0,0.15625
2026-05-02T19:50,17,40,0.15625,40,54,0.0,5.658111649719416,0.9700456757658067,0.78515625,1.0,0.15625
2026-05-02T20:20,16,40,0.15625,40,54,0.0,5.658105258582038,0.9700406406859534,0.78515625,1.0,0.15625
2026-05-02T20:50,16,40,0.15625,40,54,0.0,5.6581035512793845,0.9700356082986564,0.78515625,1.0,0.15625
2026-05-02T21:20,16,40,0.15625,40,54,0.0,5.658103609139117,0.9700305786017563,0.78515625,1.0,0.15625
2026-05-02T21:50,16,40,0.15625,40,54,0.0,5.658103630942099,0.9700385875331828,0.78515625,1.0,0.15625
2026-05-02T22:20,15,40,0.15625,40,54,0.0,5.658103616747852,0.9700465921851911,0.78515625,1.0,0.15625
2026-05-02T22:50,15,40,0.15625,40,54,0.0,5.658106838716884,0.9700415635847665,0.78515625,1.0,0.15625
2026-05-02T23:20,15,40,0.15625,40,54,0.0,5.658115973553982,0.9700241324342129,0.78515625,1.0,0.15625
2026-05-02T23:50,15,40,0.15625,40,54,0.0,5.658125062276576,0.9700321345344708,0.78515625,1.0,0.15625
2026-05-03T00:20,15,40,0.15625,40,54,0.0,5.658134104958402,0.9700401323635248,0.78515625,1.0,0.15625
2026-05-03T00:50,15,40,0.15625,40,54,0.0,5.658143101673065,0.9700481259247938,0.78515625,1.0,0.15625
2026-05-03T01:20,15,40,0.15625,40,54,0.0,5.658152052494034,0.9700561152216931,0.78515625,1.0,0.15625
2026-05-03T01:50,15,40,0.15625,40,54,0.0,5.658160957494656,0.970064100257634,0.78515625,1.0,0.15625
2026-05-03T02:20,15,40,0.15625,40,54,0.0,5.658174401942507,0.970059076373853,0.78515625,1.0,0.15625
2026-05-03T02:50,14,40,0.15625,40,54,0.0,5.658187795637365,0.9700670563641585,0.78515625,1.0,0.15625
2026-05-03T03:20,14,40,0.15625,40,54,0.0,5.658202875032752,0.9700620343699754,0.78515625,1.0,0.15625
2026-05-03T03:50,14,40,0.15625,40,54,0.0,5.658217901696616,0.9700700093208625,0.78515625,1.0,0.15625
2026-05-03T04:20,14,40,0.15625,40,54,0.0,5.658230074536496,0.9700649892151033,0.78515625,1.0,0.15625
2026-05-03T04:50,14,40,0.15625,40,54,0.0,5.6582436939727305,0.9700599717824568,0.78515625,1.0,0.15625
2026-05-03T05:20,14,40,0.15625,40,54,0.0,5.658255341897833,0.9700549570207887,0.78515625,1.0,0.15625
2026-05-03T05:50,14,40,0.15625,40,54,0.0,5.658267002403785,0.9700499449279666,0.78515625,1.0,0.15625
2026-05-03T06:20,14,40,0.15625,40,54,0.0,5.658274058212475,0.9700449355018604,0.78515625,1.0,0.15625
2026-05-03T06:50,14,40,0.15625,40,54,0.0,5.658281412807383,0.9700275729936848,0.78515625,1.0,0.15625
2026-05-03T07:20,14,40,0.15625,40,54,0.0,5.658288723446138,0.9700355422643593,0.78515625,1.0,0.15625
2026-05-03T07:50,14,40,0.15625,40,54,0.0,5.658291154231811,0.97003054066147,0.78515625,1.0,0.15625
2026-05-03T08:20,15,40,0.15625,40,54,0.0,5.65829354673976,0.970038504907906,0.78515625,1.0,0.15625
2026-05-03T08:50,15,40,0.15625,40,54,0.0,5.658295901032196,0.9700464649225425,0.78515625,1.0,0.15625
2026-05-03T09:20,15,40,0.15625,40,54,0.0,5.658295025090011,0.9700291250659263,0.78515625,1.0,0.15625
2026-05-03T09:50,16,40,0.15625,40,54,0.0,5.658294114419863,0.9700370833439226,0.78515625,1.0,0.15625
2026-05-03T10:20,16,40,0.15625,40,54,0.0,5.658292114008179,0.9700320879706418,0.78515625,1.0,0.15625
2026-05-03T10:50,17,40,0.15625,40,54,0.0,5.658287829920778,0.970027095248833,0.78515625,1.0,0.15625
2026-05-03T11:20,17,40,0.15625,40,54,0.0,5.658283515073146,0.9700350477308578,0.78515625,1.0,0.15625
2026-05-03T11:50,17,40,0.15625,40,54,0.0,5.6582791695168755,0.9700429959940592,0.78515625,1.0,0.15625
2026-05-03T12:20,17,40,0.15625,40,54,0.0,5.658269829830613,0.9700380043515773,0.78515625,1.0,0.15625
2026-05-03T12:50,19,40,0.15625,40,54,0.0,5.658260465088273,0.9700459476165955,0.78515625,1.0,0.15625
2026-05-03T13:20,18,40,0.15625,40,54,0.0,5.658251075333252,0.9700538866710305,0.78515625,1.0,0.15625
2026-05-03T13:50,19,40,0.15625,40,54,0.0,5.658241660608877,0.9700618215182295,0.78515625,1.0,0.15625
2026-05-03T14:20,19,40,0.15625,40,54,0.0,5.658232220958401,0.9700697521615359,0.78515625,1.0,0.15625
2026-05-03T14:50,19,40,0.15625,40,54,0.0,5.658222756425,0.9700776786042896,0.78515625,1.0,0.15625
2026-05-03T15:20,19,40,0.15625,40,54,0.0,5.6582132670517735,0.9700856008498273,0.78515625,1.0,0.15625
2026-05-03T15:50,20,40,0.15625,40,54,0.0,5.658202386376358,0.9700806071789287,0.78515625,1.0,0.15625
2026-05-03T16:20,19,40,0.15625,40,54,0.0,5.658191482398115,0.9700885244567327,0.78515625,1.0,0.15625
2026-05-03T16:50,19,40,0.15625,40,54,0.0,5.658181303160851,0.9700712422822102,0.78515625,1.0,0.15625
2026-05-03T17:20,20,40,0.15625,40,54,0.0,5.658171099823029,0.9700791578489169,0.78515625,1.0,0.15625
2026-05-03T17:50,19,40,0.15625,40,54,0.0,5.658161350158801,0.970074171163128,0.78515625,1.0,0.15625
2026-05-03T18:20,19,40,0.15625,40,54,0.0,5.658152802974962,0.9700691871137047,0.78515625,1.0,0.15625
2026-05-03T18:50,19,40,0.15625,40,54,0.0,5.658146426344866,0.9700642056985571,0.78515625,1.0,0.15625
2026-05-03T19:20,19,40,0.15625,40,54,0.0,5.658140021591119,0.9700721147591388,0.78515625,1.0,0.15625
2026-05-03T19:50,18,40,0.15625,40,54,0.0,5.658133588761215,0.9700800196416641,0.78515625,1.0,0.15625
2026-05-03T20:20,18,40,0.15625,40,54,0.0,5.658127262167779,0.9700750393122618,0.78515625,1.0,0.15625
2026-05-03T20:50,18,40,0.15625,40,54,0.0,5.658125552071533,0.9700700616123893,0.78515625,1.0,0.15625
2026-05-03T21:20,18,40,0.15625,40,54,0.0,5.6581255805901,0.9700650865399646,0.78515625,1.0,0.15625
2026-05-03T21:50,17,40,0.15625,40,54,0.0,5.658125573989554,0.9700729849340174,0.78515625,1.0,0.15625
2026-05-03T22:20,17,40,0.15625,40,54,0.0,5.658125532327136,0.9700808791611516,0.78515625,1.0,0.15625
2026-05-03T22:50,16,40,0.15625,40,54,0.0,5.6581286795578345,0.9700759051719728,0.78515625,1.0,0.15625
2026-05-03T23:20,16,40,0.15625,40,54,0.0,5.658137660346869,0.9700586855567843,0.78515625,1.0,0.15625
2026-05-03T23:50,15,40,0.15625,40,54,0.0,5.658146596224684,0.970066577310723,0.78515625,1.0,0.15625
2026-05-04T00:20,15,40,0.15625,40,54,0.0,5.6581554872621815,0.9700744649056344,0.78515625,1.0,0.15625
2026-05-04T00:50,15,40,0.15625,40,54,0.0,5.658164333530142,0.9700823483448058,0.78515625,1.0,0.15625
2026-05-04T01:20,14,40,0.15625,40,54,0.0,5.6581731350992195,0.9700902276315204,0.78515625,1.0,0.15625
2026-05-04T01:50,14,40,0.15625,40,54,0.0,5.658181892039943,0.9700981027690582,0.78515625,1.0,0.15625
2026-05-04T02:20,15,40,0.15625,40,54,0.0,5.658195134263629,0.9700931334111814,0.78515625,1.0,0.15625
2026-05-04T02:50,14,40,0.15625,40,54,0.0,5.658208327044434,0.9701010036392309,0.78515625,1.0,0.15625
2026-05-04T03:20,13,40,0.15625,40,54,0.0,5.6582231815320725,0.9700960361329315,0.78515625,1.0,0.15625
2026-05-04T03:50,13,40,0.15625,40,54,0.0,5.658237984650887,0.9701039014574626,0.78515625,1.0,0.15625
2026-05-04T04:20,13,40,0.15625,40,54,0.0,5.6582499785110425,0.9700989358015956,0.78515625,1.0,0.15625
2026-05-04T04:50,13,40,0.15625,40,54,0.0,5.658263402711553,0.9700939727564835,0.78515625,1.0,0.15625
2026-05-04T05:20,13,40,0.15625,40,54,0.0,5.658274885718239,0.9700890123200678,0.78515625,1.0,0.15625
2026-05-04T05:50,13,40,0.15625,40,54,0.0,5.658286381010065,0.9700840544902926,0.78515625,1.0,0.15625
2026-05-04T06:20,13,40,0.15625,40,54,0.0,5.658293336816092,0.9700790992651034,0.78515625,1.0,0.15625
2026-05-04T06:50,12,40,0.15625,40,54,0.0,5.658300589777037,0.9700619466404963,0.78515625,1.0,0.15625
2026-05-04T07:20,12,40,0.15625,40,54,0.0,5.6583030375173955,0.9700569998212668,0.78515625,1.0,0.15625
2026-05-04T07:50,12,40,0.15625,40,54,0.0,5.658305447867337,0.9700648588764318,0.78515625,1.0,0.15625
2026-05-04T08:20,12,40,0.15625,40,54,0.0,5.658307820886875,0.9700727138071911,0.78515625,1.0,0.15625
2026-05-04T08:50,12,40,0.15625,40,54,0.0,5.658310156635908,0.9700805646167905,0.78515625,1.0,0.15625
2026-05-04T09:20,12,40,0.15625,40,54,0.0,5.658309294061261,0.9700634341001749,0.78515625,1.0,0.15625
2026-05-04T09:50,13,40,0.15625,40,54,0.0,5.6583083976247766,0.9700712832260008,0.78515625,1.0,0.15625
2026-05-04T10:20,13,40,0.15625,40,54,0.0,5.658306438723797,0.9700663417394921,0.78515625,1.0,0.15625
2026-05-04T10:50,13,40,0.15625,40,54,0.0,5.658304447199803,0.9700741859895603,0.78515625,1.0,0.15625
2026-05-04T11:20,14,40,0.15625,40,54,0.0,5.658300195282883,0.9700692463317677,0.78515625,1.0,0.15625
2026-05-04T11:50,14,40,0.15625,40,54,0.0,5.658295913415499,0.9700770857119847,0.78515625,1.0,0.15625
2026-05-04T12:20,14,40,0.15625,40,54,0.0,5.658286709952306,0.9700721478817891,0.78515625,1.0,0.15625
2026-05-04T12:50,14,40,0.15625,40,54,0.0,5.658277482037354,0.9700799823980504,0.78515625,1.0,0.15625
2026-05-04T13:20,15,40,0.15625,40,54,0.0,5.658268229712459,0.9700878128135443,0.78515625,1.0,0.15625
2026-05-04T13:50,15,40,0.15625,40,54,0.0,5.65825895301936,0.9700956391314894,0.78515625,1.0,0.15625
2026-05-04T14:20,15,40,0.15625,40,54,0.0,5.65824965199973,0.9701034613551014,0.78515625,1.0,0.15625
2026-05-04T14:50,15,40,0.15625,40,54,0.0,5.658240326695168,0.9701112794875922,0.78515625,1.0,0.15625
2026-05-04T15:20,15,40,0.15625,40,54,0.0,5.6582309771472055,0.9701190935321706,0.78515625,1.0,0.15625
2026-05-04T15:50,15,40,0.15625,40,54,0.0,5.658220251200267,0.970114153756599,0.78515625,1.0,0.15625
2026-05-04T16:20,15,40,0.15625,40,54,0.0,5.6582072979222735,0.9701092165625668,0.78515625,1.0,0.15625
2026-05-04T16:50,14,40,0.15625,40,54,0.0,5.658194324213268,0.9701170250221899,0.78515625,1.0,0.15625
2026-05-04T17:20,14,40,0.15625,40,54,0.0,5.6581842540234994,0.9701120896571267,0.78515625,1.0,0.15625
2026-05-04T17:50,15,40,0.15625,40,54,0.0,5.658174390961924,0.9701071568692776,0.78515625,1.0,0.15625
2026-05-04T18:20,15,40,0.15625,40,54,0.0,5.658165947126237,0.9701022266566245,0.78515625,1.0,0.15625
2026-05-04T18:50,15,40,0.15625,40,54,0.0,5.658159643969789,0.9700972990171511,0.78515625,1.0,0.15625
2026-05-04T19:20,15,40,0.15625,40,54,0.0,5.658153313394453,0.9701051004001365,0.78515625,1.0,0.15625
2026-05-04T19:50,15,40,0.15625,40,54,0.0,5.6581469554459645,0.9701128977135428,0.78515625,1.0,0.15625
2026-05-04T20:20,14,40,0.15625,40,54,0.0,5.658140701154312,0.9701079711462629,0.78515625,1.0,0.15625
2026-05-04T20:50,14,40,0.15625,40,54,0.0,5.65813899790601,0.9701030471475791,0.78515625,1.0,0.15625
2026-05-04T21:20,13,40,0.15625,40,54,0.0,5.658139007478201,0.9700981257154832,0.78515625,1.0,0.15625
2026-05-04T21:50,14,40,0.15625,40,54,0.0,5.658138982823512,0.9701059167197261,0.78515625,1.0,0.15625
2026-05-04T22:20,13,40,0.15625,40,54,0.0,5.658138923997034,0.9701137036650973,0.78515625,1.0,0.15625
2026-05-04T22:50,13,40,0.15625,40,54,0.0,5.658139764595436,0.9701087833027354,0.78515625,1.0,0.15625
2026-05-04T23:20,13,40,0.15625,40,54,0.0,5.658148609269697,0.9700917703169138,0.78515625,1.0,0.15625
2026-05-04T23:50,12,40,0.15625,40,54,0.0,5.658157410173224,0.9700995548639423,0.78515625,1.0,0.15625
2026-05-05T00:20,12,40,0.15625,40,54,0.0,5.6581661673742625,0.9701073353596842,0.78515625,1.0,0.15625
2026-05-05T00:50,12,40,0.15625,40,54,0.0,5.658174880940934,0.9701151118073013,0.78515625,1.0,0.15625
2026-05-05T01:20,12,40,0.15625,40,54,0.0,5.65818355094125,0.9701228842099522,0.78515625,1.0,0.15625
2026-05-05T01:50,11,40,0.15625,40,54,0.0,5.658192177443096,0.970130652570792,0.78515625,1.0,0.15625
2026-05-05T02:20,11,40,0.15625,40,54,0.0,5.658205229706505,0.9701257367557737,0.78515625,1.0,0.15625
2026-05-05T02:50,11,40,0.15625,40,54,0.0,5.658218233779007,0.9701335003376979,0.78515625,1.0,0.15625
2026-05-05T03:20,11,40,0.15625,40,54,0.0,5.658232870399864,0.9701285863371412,0.78515625,1.0,0.15625
2026-05-05T03:50,11,40,0.15625,40,54,0.0,5.6582474569610675,0.9701363451458848,0.78515625,1.0,0.15625
2026-05-05T04:20,11,40,0.15625,40,54,0.0,5.658259273188437,0.9701314329586734,0.78515625,1.0,0.15625
2026-05-05T04:50,11,40,0.15625,40,54,0.0,5.658272503858108,0.9701265233219227,0.78515625,1.0,0.15625
2026-05-05T05:20,11,40,0.15625,40,54,0.0,5.658283822763128,0.9701216162336469,0.78515625,1.0,0.15625
2026-05-05T05:50,11,40,0.15625,40,54,0.0,5.658295159007794,0.9701167116918622,0.78515625,1.0,0.15625
2026-05-05T06:20,11,40,0.15625,40,54,0.0,5.658302019166609,0.9701118096945868,0.78515625,1.0,0.15625
2026-05-05T06:50,11,40,0.15625,40,54,0.0,5.658309179130343,0.9700948621051332,0.78515625,1.0,0.15625
2026-05-05T07:20,11,40,0.15625,40,54,0.0,5.658311596175353,0.9700899683146457,0.78515625,1.0,0.15625
2026-05-05T07:50,11,40,0.15625,40,54,0.0,5.658313976756458,0.970097721044476,0.78515625,1.0,0.15625
2026-05-05T08:20,12,40,0.15625,40,54,0.0,5.658316320931447,0.970105469756307,0.78515625,1.0,0.15625
2026-05-05T08:50,12,40,0.15625,40,54,0.0,5.6583186287580105,0.9701132144532613,0.78515625,1.0,0.15625
2026-05-05T09:20,12,40,0.15625,40,54,0.0,5.6583177752111355,0.9700962884471253,0.78515625,1.0,0.15625
2026-05-05T09:50,13,40,0.15625,40,54,0.0,5.658316888641931,0.970104031510707,0.78515625,1.0,0.15625
2026-05-05T10:20,13,40,0.15625,40,54,0.0,5.658314965878864,0.9700991429475914,0.78515625,1.0,0.15625
2026-05-05T10:50,13,40,0.15625,40,54,0.0,5.658313011286615,0.970106881264634,0.78515625,1.0,0.15625
2026-05-05T11:20,14,40,0.15625,40,54,0.0,5.658308823661967,0.9701019944938527,0.78515625,1.0,0.15625
2026-05-05T11:50,15,40,0.15625,40,54,0.0,5.658304606814478,0.9701097280700313,0.78515625,1.0,0.15625
2026-05-05T12:20,15,40,0.15625,40,54,0.0,5.658295538856636,0.9701048430904928,0.78515625,1.0,0.15625
2026-05-05T12:50,16,40,0.15625,40,54,0.0,5.65828644702698,0.9701125719314726,0.78515625,1.0,0.15625
2026-05-05T13:20,16,40,0.15625,40,54,0.0,5.65827733136582,0.9701202967771869,0.78515625,1.0,0.15625
2026-05-05T13:50,16,40,0.15625,40,54,0.0,5.6582681919133915,0.9701280176307329,0.78515625,1.0,0.15625
2026-05-05T14:20,16,40,0.15625,40,54,0.0,5.658259028709866,0.9701357344952043,0.78515625,1.0,0.15625
2026-05-05T14:50,16,40,0.15625,40,54,0.0,5.658249841795348,0.9701434473736922,0.78515625,1.0,0.15625
2026-05-05T15:20,16,40,0.15625,40,54,0.0,5.658240631209874,0.9701511562692837,0.78515625,1.0,0.15625
2026-05-05T15:50,16,40,0.15625,40,54,0.0,5.658230058819743,0.9701462694225945,0.78515625,1.0,0.15625
2026-05-05T16:20,16,40,0.15625,40,54,0.0,5.658217276712221,0.9701413850981487,0.78515625,1.0,0.15625
2026-05-05T16:50,15,40,0.15625,40,54,0.0,5.6582044746641555,0.9701490885591657,0.78515625,1.0,0.15625
2026-05-05T17:20,15,40,0.15625,40,54,0.0,5.658194534995068,0.9701442060272173,0.78515625,1.0,0.15625
2026-05-05T17:50,15,40,0.15625,40,54,0.0,5.658184792240681,0.9701393260133359,0.78515625,1.0,0.15625
2026-05-05T18:20,15,40,0.15625,40,54,0.0,5.658176449900617,0.9701344485155741,0.78515625,1.0,0.15625
2026-05-05T18:50,14,40,0.15625,40,54,0.0,5.658170219169341,0.9701295735319864,0.78515625,1.0,0.15625
2026-05-05T19:20,14,40,0.15625,40,54,0.0,5.6581639616974515,0.9701372701118545,0.78515625,1.0,0.15625
2026-05-05T19:50,14,40,0.15625,40,54,0.0,5.658157801150593,0.9701323969130092,0.78515625,1.0,0.15625
2026-05-05T20:20,13,40,0.15625,40,54,0.0,5.6581516138308015,0.9701400888015199,0.78515625,1.0,0.15625
2026-05-05T20:50,13,40,0.15625,40,54,0.0,5.658149913919928,0.9701352173863277,0.78515625,1.0,0.15625
2026-05-05T21:20,13,40,0.15625,40,54,0.0,5.658149901770681,0.9701303484789426,0.78515625,1.0,0.15625
2026-05-05T21:50,12,40,0.15625,40,54,0.0,5.65814985625708,0.9701380349564312,0.78515625,1.0,0.15625
2026-05-05T22:20,12,40,0.15625,40,54,0.0,5.658149777432167,0.9701457174789534,0.78515625,1.0,0.15625
2026-05-05T22:50,11,40,0.15625,40,54,0.0,5.65815058638539,0.9701408496278002,0.78515625,1.0,0.15625
2026-05-05T23:20,12,40,0.15625,40,54,0.0,5.658159294636935,0.9701240383794418,0.78515625,1.0,0.15625
2026-05-05T23:50,11,40,0.15625,40,54,0.0,5.658167960219476,0.9701317185752312,0.78515625,1.0,0.15625
2026-05-06T00:20,11,40,0.15625,40,54,0.0,5.658176583198724,0.9701393948233485,0.78515625,1.0,0.15625
2026-05-06T00:50,11,40,0.15625,40,54,0.0,5.658185163640279,0.9701470671268368,0.78515625,1.0,0.15625
2026-05-06T01:20,10,40,0.15625,40,54,0.0,5.658193701609624,0.970154735488736,0.78515625,1.0,0.15625
2026-05-06T01:50,10,40,0.15625,40,54,0.0,5.658202197172134,0.9701623999120824,0.78515625,1.0,0.15625
2026-05-06T02:20,10,40,0.15625,40,54,0.0,5.65821506053199,0.9701575365262758,0.78515625,1.0,0.15625
2026-05-06T02:50,10,40,0.15625,40,54,0.0,5.658227876910069,0.9701651962961613,0.78515625,1.0,0.15625
2026-05-06T03:20,10,40,0.15625,40,54,0.0,5.658242297612841,0.9701603346887451,0.78515625,1.0,0.15625
2026-05-06T03:50,10,40,0.15625,40,54,0.0,5.658256669519815,0.9701679898106823,0.78515625,1.0,0.15625
2026-05-06T04:20,9,40,0.15625,40,54,0.0,5.658268308969347,0.970163129980568,0.78515625,1.0,0.15625
2026-05-06T04:50,9,40,0.15625,40,54,0.0,5.658281347310846,0.9701582726426743,0.78515625,1.0,0.15625
2026-05-06T05:20,9,40,0.15625,40,54,0.0,5.658292502467656,0.9701534177950846,0.78515625,1.0,0.15625
2026-05-06T05:50,9,40,0.15625,40,54,0.0,5.65830367977325,0.9701485654358842,0.78515625,1.0,0.15625
2026-05-06T06:20,8,40,0.15625,40,54,0.0,5.658312282768486,0.9701437155631605,0.78515625,1.0,0.15625
2026-05-06T06:50,8,40,0.15625,40,54,0.0,5.658319346540763,0.9701269681730985,0.78515625,1.0,0.15625
2026-05-06T07:20,8,40,0.15625,40,54,0.0,5.658326369562492,0.9701346181172283,0.78515625,1.0,0.15625
2026-05-06T07:50,9,40,0.15625,40,54,0.0,5.6583287227918895,0.9701297755401874,0.78515625,1.0,0.15625
2026-05-06T08:20,9,40,0.15625,40,54,0.0,5.658331040503608,0.9701374208497496,0.78515625,1.0,0.15625
2026-05-06T08:50,10,40,0.15625,40,54,0.0,5.658333322753233,0.9701450622466663,0.78515625,1.0,0.15625
2026-05-06T09:20,10,40,0.15625,40,54,0.0,5.658332483950149,0.9701283359336745,0.78515625,1.0,0.15625
2026-05-06T09:50,11,40,0.15625,40,54,0.0,5.658331612927394,0.9701359757454562,0.78515625,1.0,0.15625
2026-05-06T10:20,11,40,0.15625,40,54,0.0,5.658329731012663,0.9701311390122549,0.78515625,1.0,0.15625
2026-05-06T10:50,11,40,0.15625,40,54,0.0,5.658327818027966,0.9701387742016689,0.78515625,1.0,0.15625
2026-05-06T11:20,11,40,0.15625,40,54,0.0,5.658323698712046,0.9701339392254342,0.78515625,1.0,0.15625
2026-05-06T11:50,12,40,0.15625,40,54,0.0,5.658319550868731,0.9701415697979366,0.78515625,1.0,0.15625
2026-05-06T12:20,12,40,0.15625,40,54,0.0,5.658310620433213,0.9701367365776039,0.78515625,1.0,0.15625
2026-05-06T12:50,12,40,0.15625,40,54,0.0,5.658301666679509,0.9701443625386412,0.78515625,1.0,0.15625
2026-05-06T13:50,12,40,0.15625,40,54,0.0,5.658292689646492,0.9701519846059022,0.78515625,1.0,0.15625
2026-05-06T14:20,12,40,0.15625,40,54,0.0,5.658283689372976,0.9701596027823682,0.78515625,1.0,0.15625
2026-05-06T14:50,12,40,0.15625,40,54,0.0,5.6582746658977126,0.9701672170710178,0.78515625,1.0,0.15625
2026-05-06T15:20,12,40,0.15625,40,54,0.0,5.658265619259387,0.9701748274748263,0.78515625,1.0,0.15625
2026-05-06T15:50,13,40,0.15625,40,54,0.0,5.6582552196592015,0.9701699931684556,0.78515625,1.0,0.15625
2026-05-06T16:20,13,40,0.15625,40,54,0.0,5.658242622049244,0.97016516132731,0.78515625,1.0,0.15625
2026-05-06T16:50,13,40,0.15625,40,54,0.0,5.658230004939627,0.970172766435307,0.78515625,1.0,0.15625
2026-05-06T17:20,13,40,0.15625,40,54,0.0,5.658220206745369,0.9701679363501287,0.78515625,1.0,0.15625
2026-05-06T17:50,13,40,0.15625,40,54,0.0,5.658210590777273,0.97016310872614,0.78515625,1.0,0.15625
2026-05-06T18:20,12,40,0.15625,40,54,0.0,5.658202357235276,0.9701582835614607,0.78515625,1.0,0.15625
2026-05-06T18:50,12,40,0.15625,40,54,0.0,5.6581962034297115,0.9701534608542118,0.78515625,1.0,0.15625
2026-05-06T19:50,12,40,0.15625,40,54,0.0,5.658190023515507,0.970161059260308,0.78515625,1.0,0.15625
2026-05-06T20:20,12,40,0.15625,40,54,0.0,5.6581839216362,0.9701562383015233,0.78515625,1.0,0.15625
2026-05-06T20:50,12,40,0.15625,40,54,0.0,5.6581839166876495,0.9701395985219967,0.78515625,1.0,0.15625
2026-05-06T21:20,11,40,0.15625,40,54,0.0,5.658183879124927,0.9701471946556721,0.78515625,1.0,0.15625
2026-05-06T21:50,11,40,0.15625,40,54,0.0,5.658183808999289,0.9701547869255969,0.78515625,1.0,0.15625
2026-05-06T22:20,11,40,0.15625,40,54,0.0,5.658183706361905,0.9701623753347183,0.78515625,1.0,0.15625
2026-05-06T22:50,10,40,0.15625,40,54,0.0,5.658184470743644,0.970157560168694,0.78515625,1.0,0.15625
2026-05-06T23:20,10,40,0.15625,40,54,0.0,5.658193013462625,0.9701409411965449,0.78515625,1.0,0.15625
2026-05-06T23:50,10,40,0.15625,40,54,0.0,5.658201514571683,0.9701485273395336,0.78515625,1.0,0.15625
2026-05-07T00:20,10,40,0.15625,40,54,0.0,5.658209974134155,0.9701561096287539,0.78515625,1.0,0.15625
2026-05-07T00:50,10,40,0.15625,40,54,0.0,5.6582183922132705,0.9701636880671417,0.78515625,1.0,0.15625
2026-05-07T01:20,10,40,0.15625,40,54,0.0,5.658226768872151,0.9701712626576299,0.78515625,1.0,0.15625
2026-05-07T01:50,10,40,0.15625,40,54,0.0,5.658235104173813,0.9701788334031483,0.78515625,1.0,0.15625
2026-05-07T02:20,10,40,0.15625,40,54,0.0,5.658247745183389,0.9701740226137019,0.78515625,1.0,0.15625
2026-05-07T02:50,10,40,0.15625,40,54,0.0,5.658260340377883,0.970181588818011,0.78515625,1.0,0.15625
2026-05-07T03:20,10,40,0.15625,40,54,0.0,5.658274507834898,0.97017677976992,0.78515625,1.0,0.15625
2026-05-07T03:50,10,40,0.15625,40,54,0.0,5.6582886277200934,0.9701843414383353,0.78515625,1.0,0.15625
2026-05-07T04:20,10,40,0.15625,40,54,0.0,5.658300049291702,0.9701795341305424,0.78515625,1.0,0.15625
2026-05-07T04:50,9,40,0.15625,40,54,0.0,5.65831285600281,0.9701747292592967,0.78515625,1.0,0.15625
2026-05-07T05:20,9,40,0.15625,40,54,0.0,5.658323805493053,0.9701699268227464,0.78515625,1.0,0.15625
2026-05-07T05:50,9,40,0.15625,40,54,0.0,5.658334781792538,0.9701651268190413,0.78515625,1.0,0.15625
2026-05-07T06:20,9,40,0.15625,40,54,0.0,5.658343223831459,0.9701603292463333,0.78515625,1.0,0.15625
2026-05-07T06:50,9,40,0.15625,40,54,0.0,5.6583501652434425,0.9701437726831725,0.78515625,1.0,0.15625
2026-05-07T07:20,10,40,0.15625,40,54,0.0,5.658352504559038,0.9701389829437426,0.78515625,1.0,0.15625
2026-05-07T07:50,10,40,0.15625,40,54,0.0,5.658354809148677,0.9701465388691111,0.78515625,1.0,0.15625
2026-05-07T08:20,10,40,0.15625,40,54,0.0,5.658357079066087,0.970154090971598,0.78515625,1.0,0.15625
2026-05-07T08:50,11,40,0.15625,40,54,0.0,5.658359314364894,0.9701616392541039,0.78515625,1.0,0.15625
2026-05-07T09:20,12,40,0.15625,40,54,0.0,5.658358478122518,0.9701451032908948,0.78515625,1.0,0.15625
2026-05-07T09:50,12,40,0.15625,40,54,0.0,5.658357610414826,0.9701526500291934,0.78515625,1.0,0.15625
2026-05-07T10:20,12,40,0.15625,40,54,0.0,5.6583557700346585,0.9701478653089926,0.78515625,1.0,0.15625
2026-05-07T10:50,13,40,0.15625,40,54,0.0,5.658353899283626,0.9701554075360493,0.78515625,1.0,0.15625
2026-05-07T11:20,13,40,0.15625,40,54,0.0,5.658349856933991,0.9701506245364685,0.78515625,1.0,0.15625
2026-05-07T11:50,13,40,0.15625,40,54,0.0,5.658345786686321,0.9701581622575451,0.78515625,1.0,0.15625
2026-05-07T12:20,14,40,0.15625,40,54,0.0,5.658337005861113,0.9701533809775496,0.78515625,1.0,0.15625
2026-05-07T12:50,13,40,0.15625,40,54,0.0,5.6583282022074135,0.9701609141978985,0.78515625,1.0,0.15625
2026-05-07T13:20,14,40,0.15625,40,54,0.0,5.658319375762825,0.9701684436164708,0.78515625,1.0,0.15625
2026-05-07T13:50,14,40,0.15625,40,54,0.0,5.658310526564884,0.9701759692361438,0.78515625,1.0,0.15625
2026-05-07T14:20,13,40,0.15625,40,54,0.0,5.658301654651071,0.9701834910597916,0.78515625,1.0,0.15625
2026-05-07T14:50,14,40,0.15625,40,54,0.0,5.658292760058804,0.9701910090902859,0.78515625,1.0,0.15625
2026-05-07T15:20,14,40,0.15625,40,54,0.0,5.658283842825438,0.970198523330495,0.78515625,1.0,0.15625
2026-05-07T15:50,14,40,0.15625,40,54,0.0,5.658273590711456,0.9701937403135759,0.78515625,1.0,0.15625
2026-05-07T16:20,14,40,0.15625,40,54,0.0,5.65826116134116,0.970188959706844,0.78515625,1.0,0.15625
2026-05-07T16:50,14,40,0.15625,40,54,0.0,5.6582487129093,0.9701964687850035,0.78515625,1.0,0.15625
2026-05-07T17:20,14,40,0.15625,40,54,0.0,5.658239050744994,0.9701916898989321,0.78515625,1.0,0.15625
2026-05-07T17:50,13,40,0.15625,40,54,0.0,5.6582295665028,0.9701869134191476,0.78515625,1.0,0.15625
2026-05-07T18:20,13,40,0.15625,40,54,0.0,5.658221457308284,0.9701821393438332,0.78515625,1.0,0.15625
2026-05-07T18:50,13,40,0.15625,40,54,0.0,5.658215405876983,0.9701773676711738,0.78515625,1.0,0.15625
2026-05-07T19:20,13,40,0.15625,40,54,0.0,5.658209328918481,0.9701848702201874,0.78515625,1.0,0.15625
2026-05-07T19:50,13,40,0.15625,40,54,0.0,5.658203324100149,0.9701801002609256,0.78515625,1.0,0.15625
2026-05-07T20:20,12,40,0.15625,40,54,0.0,5.658197293743806,0.9701875983498718,0.78515625,1.0,0.15625
2026-05-07T20:50,12,40,0.15625,40,54,0.0,5.658197261990143,0.970171151468628,0.78515625,1.0,0.15625
2026-05-07T21:20,12,40,0.15625,40,54,0.0,5.658197198431678,0.9701786480377487,0.78515625,1.0,0.15625
2026-05-07T21:50,12,40,0.15625,40,54,0.0,5.658197103117796,0.9701861408397492,0.78515625,1.0,0.15625
2026-05-07T22:20,12,40,0.15625,40,54,0.0,5.658196976097798,0.9701936298774685,0.78515625,1.0,0.15625
2026-05-07T22:50,12,40,0.15625,40,54,0.0,5.658197705266451,0.9701888649056748,0.78515625,1.0,0.15625
2026-05-07T23:20,11,40,0.15625,40,54,0.0,5.6582061137495785,0.9701724383527891,0.78515625,1.0,0.15625
2026-05-07T23:50,11,40,0.15625,40,54,0.0,5.658214481651149,0.970179925190552,0.78515625,1.0,0.15625
2026-05-08T00:20,11,40,0.15625,40,54,0.0,5.658222809032194,0.9701874082708053,0.78515625,1.0,0.15625
2026-05-08T00:50,10,40,0.15625,40,54,0.0,5.6582310959536475,0.9701948875963771,0.78515625,1.0,0.15625
2026-05-08T01:20,10,40,0.15625,40,54,0.0,5.6582393424763335,0.9702023631700926,0.78515625,1.0,0.15625
2026-05-08T01:50,9,40,0.15625,40,54,0.0,5.658247548660981,0.9702098349947741,0.78515625,1.0,0.15625
2026-05-08T02:20,9,40,0.15625,40,54,0.0,5.658260005656155,0.9702050743222247,0.78515625,1.0,0.15625
2026-05-08T02:50,9,40,0.15625,40,54,0.0,5.6582724179642705,0.9702125417221439,0.78515625,1.0,0.15625
2026-05-08T03:20,9,40,0.15625,40,54,0.0,5.658286376164207,0.9702077827570907,0.78515625,1.0,0.15625
2026-05-08T03:50,9,40,0.15625,40,54,0.0,5.658300287970377,0.9702152457373621,0.78515625,1.0,0.15625
2026-05-08T04:20,8,40,0.15625,40,54,0.0,5.658311537431002,0.970210488478774,0.78515625,1.0,0.15625
2026-05-08T04:50,8,40,0.15625,40,54,0.0,5.658324157108202,0.9702057336023885,0.78515625,1.0,0.15625
2026-05-08T05:20,8,40,0.15625,40,54,0.0,5.658334946596445,0.9702009811064167,0.78515625,1.0,0.15625
2026-05-08T05:50,8,40,0.15625,40,54,0.0,5.658345767252071,0.9701962309890716,0.78515625,1.0,0.15625
2026-05-08T06:20,9,40,0.15625,40,54,0.0,5.658354089084242,0.9701914832485677,0.78515625,1.0,0.15625
2026-05-08T06:50,9,40,0.15625,40,54,0.0,5.658360939657505,0.9701751176711573,0.78515625,1.0,0.15625
2026-05-08T07:20,10,40,0.15625,40,54,0.0,5.65836324937705,0.9701703775847667,0.78515625,1.0,0.15625
2026-05-08T07:50,11,40,0.15625,40,54,0.0,5.6583655252019485,0.9701778349903705,0.78515625,1.0,0.15625
2026-05-08T08:20,12,40,0.15625,40,54,0.0,5.658367767183999,0.9701852886682034,0.78515625,1.0,0.15625
2026-05-08T08:50,13,40,0.15625,40,54,0.0,5.65836997537492,0.9701927386210599,0.78515625,1.0,0.15625
2026-05-08T09:20,14,40,0.15625,40,54,0.0,5.658369150120501,0.9701763931716822,0.78515625,1.0,0.15625
2026-05-08T09:50,15,40,0.15625,40,54,0.0,5.6583682941509315,0.9701838416249361,0.78515625,1.0,0.15625
2026-05-08T10:20,16,40,0.15625,40,54,0.0,5.658366493382831,0.9701791064615329,0.78515625,1.0,0.15625
2026-05-08T10:50,16,40,0.15625,40,54,0.0,5.658364662950342,0.9701865505188316,0.78515625,1.0,0.15625
2026-05-08T11:20,16,40,0.15625,40,54,0.0,5.658360686172764,0.9701818170428336,0.78515625,1.0,0.15625
2026-05-08T11:50,17,40,0.15625,40,54,0.0,5.65835668214467,0.97018925670924,0.78515625,1.0,0.15625
2026-05-08T12:20,17,40,0.15625,40,54,0.0,5.65834803224672,0.9701845249196381,0.78515625,1.0,0.15625
2026-05-08T12:50,17,40,0.15625,40,54,0.0,5.658339360036883,0.9701919602002068,0.78515625,1.0,0.15625
2026-05-08T13:20,17,40,0.15625,40,54,0.0,5.658330665551457,0.9701993917733307,0.78515625,1.0,0.15625
2026-05-08T13:50,17,40,0.15625,40,54,0.0,5.658321948826687,0.970206819641782,0.78515625,1.0,0.15625
2026-05-08T14:20,18,40,0.15625,40,54,0.0,5.658313209898756,0.9702142438083302,0.78515625,1.0,0.15625
2026-05-08T14:50,18,40,0.15625,40,54,0.0,5.658304448803784,0.9702216642757422,0.78515625,1.0,0.15625
2026-05-08T15:20,18,40,0.15625,40,54,0.0,5.658295665577844,0.9702290810467818,0.78515625,1.0,0.15625
2026-05-08T15:50,18,40,0.15625,40,54,0.0,5.658285561224139,0.9702243475884024,0.78515625,1.0,0.15625
2026-05-08T16:20,18,40,0.15625,40,54,0.0,5.6582754361089975,0.9702317599987612,0.78515625,1.0,0.15625
2026-05-08T16:50,18,40,0.15625,40,54,0.0,5.658263156269172,0.9702270282297708,0.78515625,1.0,0.15625
2026-05-08T17:20,18,40,0.15625,40,54,0.0,5.658253624730445,0.97022229881548,0.78515625,1.0,0.15625
2026-05-08T17:50,18,40,0.15625,40,54,0.0,5.658244503616882,0.9702175717541317,0.78515625,1.0,0.15625
2026-05-08T19:20,16,40,0.15625,40,54,0.0,5.658238553323466,0.9702012932992716,0.78515625,1.0,0.15625
2026-05-08T19:50,15,40,0.15625,40,54,0.0,5.658232578063477,0.9702087022268452,0.78515625,1.0,0.15625
2026-05-08T20:20,15,40,0.15625,40,54,0.0,5.658226661346982,0.9702039820702377,0.78515625,1.0,0.15625
2026-05-08T20:50,14,40,0.15625,40,54,0.0,5.658225029196285,0.9701992642596327,0.78515625,1.0,0.15625
2026-05-08T21:20,13,40,0.15625,40,54,0.0,5.658224976647279,0.9701945487932813,0.78515625,1.0,0.15625
2026-05-08T21:50,13,40,0.15625,40,54,0.0,5.658224893052915,0.9702019520350117,0.78515625,1.0,0.15625
2026-05-08T22:20,13,40,0.15625,40,54,0.0,5.658224778460841,0.9702093515999396,0.78515625,1.0,0.15625
2026-05-08T22:50,12,40,0.15625,40,54,0.0,5.65822550047011,0.9702046371412989,0.78515625,1.0,0.15625
2026-05-08T23:20,13,40,0.15625,40,54,0.0,5.658233793761064,0.970188394219388,0.78515625,1.0,0.15625
2026-05-08T23:50,12,40,0.15625,40,54,0.0,5.658242047410996,0.9701957916401772,0.78515625,1.0,0.15625
2026-05-09T00:20,12,40,0.15625,40,54,0.0,5.658250261478845,0.9702031853907006,0.78515625,1.0,0.15625
2026-05-09T00:50,10,40,0.15625,40,54,0.0,5.658258436023447,0.9702105754736889,0.78515625,1.0,0.15625
2026-05-09T01:20,10,40,0.15625,40,54,0.0,5.65826657110355,0.9702179618918706,0.78515625,1.0,0.15625
2026-05-09T01:50,10,40,0.15625,40,54,0.0,5.658274666777794,0.9702253446479707,0.78515625,1.0,0.15625
2026-05-09T02:20,11,40,0.15625,40,54,0.0,5.658286954321803,0.970220634404488,0.78515625,1.0,0.15625
2026-05-09T02:50,11,40,0.15625,40,54,0.0,5.658299198219661,0.9702280128399676,0.78515625,1.0,0.15625
2026-05-09T03:20,10,40,0.15625,40,54,0.0,5.658312952576333,0.970223304269087,0.78515625,1.0,0.15625
2026-05-09T03:50,10,40,0.15625,40,54,0.0,5.658326661638565,0.9702306783888817,0.78515625,1.0,0.15625
2026-05-09T04:20,10,40,0.15625,40,54,0.0,5.6583377315542664,0.9702259714896012,0.78515625,1.0,0.15625
2026-05-09T04:50,10,40,0.15625,40,54,0.0,5.658350149522311,0.970221266920469,0.78515625,1.0,0.15625
2026-05-09T05:20,9,40,0.15625,40,54,0.0,5.658360757117826,0.9702165646797549,0.78515625,1.0,0.15625
2026-05-09T05:50,10,40,0.15625,40,54,0.0,5.658371390378707,0.9702118647657311,0.78515625,1.0,0.15625
2026-05-09T06:20,10,40,0.15625,40,54,0.0,5.658379562648111,0.9702071671766708,0.78515625,1.0,0.15625
2026-05-09T06:50,11,40,0.15625,40,54,0.0,5.6583862774020774,0.9701909838773595,0.78515625,1.0,0.15625
2026-05-09T07:20,11,40,0.15625,40,54,0.0,5.658388512709778,0.9701862937731117,0.78515625,1.0,0.15625
2026-05-09T07:50,12,40,0.15625,40,54,0.0,5.6583907149394035,0.9701936624597718,0.78515625,1.0,0.15625
2026-05-09T08:20,13,40,0.15625,40,54,0.0,5.658392884140939,0.9702010275048769,0.78515625,1.0,0.15625
2026-05-09T08:50,14,40,0.15625,40,54,0.0,5.658395020364289,0.9702083889111257,0.78515625,1.0,0.15625
2026-05-09T09:20,15,40,0.15625,40,54,0.0,5.658394170077949,0.9701922252943932,0.78515625,1.0,0.15625
2026-05-09T09:50,16,40,0.15625,40,54,0.0,5.658393289806824,0.970199585238765,0.78515625,1.0,0.15625
2026-05-09T10:20,16,40,0.15625,40,54,0.0,5.658391495718131,0.9701948999578359,0.78515625,1.0,0.15625
2026-05-09T10:50,17,40,0.15625,40,54,0.0,5.658387581797862,0.9701902169894838,0.78515625,1.0,0.15625
2026-05-09T11:20,18,40,0.15625,40,54,0.0,5.658383641210257,0.9701975719815911,0.78515625,1.0,0.15625
2026-05-09T11:50,18,40,0.15625,40,54,0.0,5.658379673996867,0.9702049233451872,0.78515625,1.0,0.15625
2026-05-09T12:20,18,40,0.15625,40,54,0.0,5.658371129077962,0.9702002413695644,0.78515625,1.0,0.15625
2026-05-09T12:50,19,40,0.15625,40,54,0.0,5.658362562342691,0.9702075884500946,0.78515625,1.0,0.15625
2026-05-09T13:20,19,40,0.15625,40,54,0.0,5.658353973826144,0.970214931908697,0.78515625,1.0,0.15625
2026-05-09T13:50,19,40,0.15625,40,54,0.0,5.65834536356335,0.9702222717480492,0.78515625,1.0,0.15625
2026-05-09T14:20,20,40,0.15625,40,54,0.0,5.658336731589285,0.9702296079708262,0.78515625,1.0,0.15625
2026-05-09T14:50,20,40,0.15625,40,54,0.0,5.6583280779388705,0.9702369405797004,0.78515625,1.0,0.15625
2026-05-09T15:20,19,40,0.15625,40,54,0.0,5.6583194026469705,0.9702442695773414,0.78515625,1.0,0.15625
2026-05-09T15:50,20,40,0.15625,40,54,0.0,5.6583094272505186,0.9702395859836974,0.78515625,1.0,0.15625
2026-05-09T16:20,20,40,0.15625,40,54,0.0,5.658299431544706,0.9702469107225643,0.78515625,1.0,0.15625
2026-05-09T16:50,19,40,0.15625,40,54,0.0,5.658287312889547,0.9702422287839503,0.78515625,1.0,0.15625
2026-05-09T17:20,18,40,0.15625,40,54,0.0,5.658277917420371,0.9702375491488732,0.78515625,1.0,0.15625
2026-05-09T17:50,18,40,0.15625,40,54,0.0,5.658268932263104,0.9702328718156331,0.78515625,1.0,0.15625
2026-05-09T18:20,18,40,0.15625,40,54,0.0,5.658261066799004,0.9702281967825325,0.78515625,1.0,0.15625
2026-05-09T18:50,17,40,0.15625,40,54,0.0,5.6582552078952,0.9702235240478748,0.78515625,1.0,0.15625
2026-05-09T19:20,17,40,0.15625,40,54,0.0,5.658249324574322,0.9702308419333386,0.78515625,1.0,0.15625
2026-05-09T19:50,16,40,0.15625,40,54,0.0,5.6582434168747024,0.9702381562227899,0.78515625,1.0,0.15625
2026-05-09T20:20,15,40,0.15625,40,54,0.0,5.658237566380846,0.9702334844851265,0.78515625,1.0,0.15625
2026-05-09T20:50,15,40,0.15625,40,54,0.0,5.658235940219357,0.9702288150420297,0.78515625,1.0,0.15625
2026-05-09T21:20,14,40,0.15625,40,54,0.0,5.65823587208568,0.9702241478918096,0.78515625,1.0,0.15625
2026-05-09T21:50,14,40,0.15625,40,54,0.0,5.658235773650148,0.9702314566429406,0.78515625,1.0,0.15625
2026-05-09T22:20,14,40,0.15625,40,54,0.0,5.658235644958722,0.9702387618069547,0.78515625,1.0,0.15625
2026-05-09T22:50,13,40,0.15625,40,54,0.0,5.658236347352267,0.9702340956515052,0.78515625,1.0,0.15625
2026-05-09T23:20,13,40,0.15625,40,54,0.0,5.6582445271351185,0.9702180367378702,0.78515625,1.0,0.15625
2026-05-09T23:50,13,40,0.15625,40,54,0.0,5.658252668220527,0.9702253398186113,0.78515625,1.0,0.15625
2026-05-10T00:20,12,40,0.15625,40,54,0.0,5.658260770665352,0.9702326393185332,0.78515625,1.0,0.15625
2026-05-10T00:50,12,40,0.15625,40,54,0.0,5.658268834526362,0.9702399352402689,0.78515625,1.0,0.15625
2026-05-10T01:20,11,40,0.15625,40,54,0.0,5.65827685986023,0.9702472275864488,0.78515625,1.0,0.15625
2026-05-10T01:50,11,40,0.15625,40,54,0.0,5.658284846723534,0.9702545163597005,0.78515625,1.0,0.15625
2026-05-10T02:20,10,40,0.15625,40,54,0.0,5.658296979234242,0.9702498543454549,0.78515625,1.0,0.15625
2026-05-10T02:50,10,40,0.15625,40,54,0.0,5.6583090691284,0.970257138906095,0.78515625,1.0,0.15625
2026-05-10T03:20,9,40,0.15625,40,54,0.0,5.658322644898459,0.9702524785323592,0.78515625,1.0,0.15625
2026-05-10T03:50,10,40,0.15625,40,54,0.0,5.658336176449389,0.9702597588851413,0.78515625,1.0,0.15625
2026-05-10T04:20,10,40,0.15625,40,54,0.0,5.658347103241362,0.9702551001509377,0.78515625,1.0,0.15625
2026-05-10T04:50,10,40,0.15625,40,54,0.0,5.658359363937512,0.9702504436959583,0.78515625,1.0,0.15625
2026-05-10T05:20,10,40,0.15625,40,54,0.0,5.65836983995197,0.9702457895185309,0.78515625,1.0,0.15625
2026-05-10T05:50,10,40,0.15625,40,54,0.0,5.65838034103709,0.9702411376169848,0.78515625,1.0,0.15625
2026-05-10T06:20,10,40,0.15625,40,54,0.0,5.658388419033926,0.9702364879896512,0.78515625,1.0,0.15625
2026-05-10T06:50,10,40,0.15625,40,54,0.0,5.6583950537736225,0.9702204873583637,0.78515625,1.0,0.15625
2026-05-10T07:20,10,40,0.15625,40,54,0.0,5.658401651528771,0.9702277630760872,0.78515625,1.0,0.15625
2026-05-10T07:50,10,40,0.15625,40,54,0.0,5.658403831527928,0.9702231201227698,0.78515625,1.0,0.15625
2026-05-10T08:20,11,40,0.15625,40,54,0.0,5.658405979265563,0.9702303916441074,0.78515625,1.0,0.15625
2026-05-10T08:50,11,40,0.15625,40,54,0.0,5.658408094789846,0.9702376596148975,0.78515625,1.0,0.15625
2026-05-10T09:20,12,40,0.15625,40,54,0.0,5.658407256009752,0.9702216782248919,0.78515625,1.0,0.15625
2026-05-10T09:50,12,40,0.15625,40,54,0.0,5.658406387941703,0.9702289447748614,0.78515625,1.0,0.15625
2026-05-10T10:20,12,40,0.15625,40,54,0.0,5.658404627356949,0.9702243071967741,0.78515625,1.0,0.15625
2026-05-10T10:50,12,40,0.15625,40,54,0.0,5.658402838454615,0.9702315695608725,0.78515625,1.0,0.15625
2026-05-10T11:20,12,40,0.15625,40,54,0.0,5.658398949782911,0.9702269336044312,0.78515625,1.0,0.15625
2026-05-10T11:50,12,40,0.15625,40,54,0.0,5.658395035099359,0.9702341917873653,0.78515625,1.0,0.15625
2026-05-10T12:20,12,40,0.15625,40,54,0.0,5.658386603920217,0.9702295574516129,0.78515625,1.0,0.15625
2026-05-10T12:50,12,40,0.15625,40,54,0.0,5.658378151417534,0.9702368114580817,0.78515625,1.0,0.15625
2026-05-10T13:20,12,40,0.15625,40,54,0.0,5.658369677625201,0.970244061930321,0.78515625,1.0,0.15625
2026-05-10T13:50,12,40,0.15625,40,54,0.0,5.65836118257705,0.9702513088709127,0.78515625,1.0,0.15625
2026-05-10T14:20,12,40,0.15625,40,54,0.0,5.658352666306865,0.9702585522824367,0.78515625,1.0,0.15625
2026-05-10T14:50,12,40,0.15625,40,54,0.0,5.6583441288483725,0.9702657921674702,0.78515625,1.0,0.15625
2026-05-10T15:20,12,40,0.15625,40,54,0.0,5.6583355702352485,0.9702730285285879,0.78515625,1.0,0.15625
2026-05-10T15:50,12,40,0.15625,40,54,0.0,5.658325724565129,0.970268392636536,0.78515625,1.0,0.15625
2026-05-10T16:20,12,40,0.15625,40,54,0.0,5.6583137753082235,0.9702637589998439,0.78515625,1.0,0.15625
2026-05-10T16:50,12,40,0.15625,40,54,0.0,5.658301808230781,0.9702709905759626,0.78515625,1.0,0.15625
2026-05-10T17:20,12,40,0.15625,40,54,0.0,5.658292528072546,0.9702663585607958,0.78515625,1.0,0.15625
2026-05-10T17:50,13,40,0.15625,40,54,0.0,5.658283418169831,0.9702617287974593,0.78515625,1.0,0.15625
2026-05-10T18:20,12,40,0.15625,40,54,0.0,5.658275646830991,0.9702571012843118,0.78515625,1.0,0.15625
2026-05-10T18:50,12,40,0.15625,40,54,0.0,5.658269856460788,0.9702524760197129,0.78515625,1.0,0.15625
2026-05-10T19:20,12,40,0.15625,40,54,0.0,5.658264042237966,0.9702597015538349,0.78515625,1.0,0.15625
2026-05-10T19:50,12,40,0.15625,40,54,0.0,5.6582582041995435,0.9702669235787125,0.78515625,1.0,0.15625
2026-05-10T20:20,11,40,0.15625,40,54,0.0,5.658252418292051,0.9702622992982115,0.78515625,1.0,0.15625
2026-05-10T20:50,11,40,0.15625,40,54,0.0,5.658252359128502,0.9702464011441979,0.78515625,1.0,0.15625
2026-05-10T21:20,10,40,0.15625,40,54,0.0,5.658252270340985,0.970253621139067,0.78515625,1.0,0.15625
2026-05-10T21:50,9,40,0.15625,40,54,0.0,5.6582521519739135,0.9702608376307849,0.78515625,1.0,0.15625
2026-05-10T22:20,9,40,0.15625,40,54,0.0,5.6582520040716355,0.9702680506219004,0.78515625,1.0,0.15625
2026-05-10T22:50,8,40,0.15625,40,54,0.0,5.658257177566509,0.9702521664934183,0.78515625,1.0,0.15625
2026-05-10T23:20,8,40,0.15625,40,54,0.0,5.658265222951834,0.9702475525166188,0.78515625,1.0,0.15625
2026-05-10T23:50,7,40,0.15625,40,54,0.0,5.658273230575228,0.9702547634830471,0.78515625,1.0,0.15625
2026-05-11T00:20,7,40,0.15625,40,54,0.0,5.658281200491528,0.9702619709549436,0.78515625,1.0,0.15625
2026-05-11T00:50,7,40,0.15625,40,54,0.0,5.658289132755491,0.9702691749348479,0.78515625,1.0,0.15625
2026-05-11T01:20,6,40,0.15625,40,54,0.0,5.658297027421778,0.9702763754252971,0.78515625,1.0,0.15625
2026-05-11T01:50,6,40,0.15625,40,54,0.0,5.6583048845449655,0.9702835724288261,0.78515625,1.0,0.15625
2026-05-11T02:20,6,40,0.15625,40,54,0.0,5.6583168363959375,0.970278957551016,0.78515625,1.0,0.15625
2026-05-11T02:50,6,40,0.15625,40,54,0.0,5.658328746655482,0.9702861504460908,0.78515625,1.0,0.15625
2026-05-11T03:20,5,40,0.15625,40,54,0.0,5.658342118972759,0.9702815371777019,0.78515625,1.0,0.15625
2026-05-11T03:50,5,40,0.15625,40,54,0.0,5.658355448139802,0.9702887259689024,0.78515625,1.0,0.15625
2026-05-11T04:20,5,40,0.15625,40,54,0.0,5.65836620609168,0.9702841143089812,0.78515625,1.0,0.15625
2026-05-11T04:50,5,40,0.15625,40,54,0.0,5.658378284120349,0.9702795048790698,0.78515625,1.0,0.15625
2026-05-11T05:20,5,40,0.15625,40,54,0.0,5.65839032034607,0.9702866889484729,0.78515625,1.0,0.15625
2026-05-11T05:50,6,40,0.15625,40,54,0.0,5.658400671165793,0.9702708540562094,0.78515625,1.0,0.15625
2026-05-11T06:20,7,40,0.15625,40,54,0.0,5.658408631384343,0.970266251171005,0.78515625,1.0,0.15625
2026-05-11T06:50,8,40,0.15625,40,54,0.0,5.658415175610797,0.970250428865109,0.78515625,1.0,0.15625
2026-05-11T07:20,8,40,0.15625,40,54,0.0,5.658421683720615,0.9702576130165543,0.78515625,1.0,0.15625
2026-05-11T07:50,9,40,0.15625,40,54,0.0,5.658423842964324,0.9702530166619379,0.78515625,1.0,0.15625
2026-05-11T08:20,10,40,0.15625,40,54,0.0,5.658425970685727,0.9702601967206727,0.78515625,1.0,0.15625
2026-05-11T08:50,10,40,0.15625,40,54,0.0,5.658428066931343,0.970267373314128,0.78515625,1.0,0.15625
2026-05-11T09:20,10,40,0.15625,40,54,0.0,5.658427244126354,0.9702515698235245,0.78515625,1.0,0.15625
2026-05-11T09:50,9,40,0.15625,40,54,0.0,5.658426392701862,0.9702587450358198,0.78515625,1.0,0.15625
2026-05-11T10:20,9,40,0.15625,40,54,0.0,5.6584246736902,0.9702541539500129,0.78515625,1.0,0.15625
2026-05-11T10:50,10,40,0.15625,40,54,0.0,5.65842292699177,0.970261325079726,0.78515625,1.0,0.15625
2026-05-11T11:20,10,40,0.15625,40,54,0.0,5.658419104141906,0.9702567355851768,0.78515625,1.0,0.15625
2026-05-11T11:50,10,40,0.15625,40,54,0.0,5.658415255857904,0.970263902636843,0.78515625,1.0,0.15625
2026-05-11T12:20,10,40,0.15625,40,54,0.0,5.6584069506784695,0.9702593147326172,0.78515625,1.0,0.15625
2026-05-11T12:50,9,40,0.15625,40,54,0.0,5.658398624636625,0.9702664777107644,0.78515625,1.0,0.15625
2026-05-11T13:20,8,40,0.15625,40,54,0.0,5.658390277765133,0.9702736372393677,0.78515625,1.0,0.15625
2026-05-11T13:50,9,40,0.15625,40,54,0.0,5.658381910096706,0.9702807933209181,0.78515625,1.0,0.15625
2026-05-11T14:20,10,40,0.15625,40,54,0.0,5.6583735216640045,0.9702879459579046,0.78515625,1.0,0.15625
2026-05-11T14:50,10,40,0.15625,40,54,0.0,5.6583651124996335,0.9702950951528136,0.78515625,1.0,0.15625
2026-05-11T15:20,10,40,0.15625,40,54,0.0,5.658356682636156,0.9703022409081293,0.78515625,1.0,0.15625
2026-05-11T15:50,10,40,0.15625,40,54,0.0,5.658346978496151,0.9702976515072844,0.78515625,1.0,0.15625
2026-05-11T16:20,11,40,0.15625,40,54,0.0,5.658335186722715,0.9702930643134129,0.78515625,1.0,0.15625
2026-05-11T16:50,12,40,0.15625,40,54,0.0,5.658323377517056,0.9703002054037221,0.78515625,1.0,0.15625
2026-05-11T17:20,11,40,0.15625,40,54,0.0,5.658314219891052,0.9702956198009323,0.78515625,1.0,0.15625
2026-05-11T17:50,11,40,0.15625,40,54,0.0,5.658305219683282,0.9702910364016998,0.78515625,1.0,0.15625
2026-05-11T18:20,12,40,0.15625,40,54,0.0,5.65829754558982,0.9702864552044366,0.78515625,1.0,0.15625
2026-05-11T18:50,12,40,0.15625,40,54,0.0,5.658291823869096,0.9702818762075563,0.78515625,1.0,0.15625
2026-05-11T19:20,11,40,0.15625,40,54,0.0,5.658286078838629,0.970289011411348,0.78515625,1.0,0.15625
2026-05-11T19:50,11,40,0.15625,40,54,0.0,5.658280377357843,0.9702844339991502,0.78515625,1.0,0.15625
2026-05-11T20:20,10,40,0.15625,40,54,0.0,5.658278782030183,0.9702798587839345,0.78515625,1.0,0.15625
2026-05-11T20:50,10,40,0.15625,40,54,0.0,5.658278689860641,0.9702752857641194,0.78515625,1.0,0.15625
2026-05-11T21:20,9,40,0.15625,40,54,0.0,5.658278568777535,0.9702824157027704,0.78515625,1.0,0.15625
2026-05-11T21:50,9,40,0.15625,40,54,0.0,5.658278418823725,0.9702895422217865,0.78515625,1.0,0.15625
2026-05-11T22:20,9,40,0.15625,40,54,0.0,5.658278240042004,0.9702966653236273,0.78515625,1.0,0.15625
2026-05-11T22:50,8,40,0.15625,40,54,0.0,5.658278872666384,0.9702920926598861,0.78515625,1.0,0.15625
2026-05-11T23:20,8,40,0.15625,40,54,0.0,5.658286779684795,0.9702763892839221,0.78515625,1.0,0.15625
2026-05-11T23:50,8,40,0.15625,40,54,0.0,5.658294649850304,0.9702835104172992,0.78515625,1.0,0.15625
2026-05-12T00:20,7,40,0.15625,40,54,0.0,5.6583024832158175,0.970290628139355,0.78515625,1.0,0.15625
2026-05-12T00:50,7,40,0.15625,40,54,0.0,5.658310279834165,0.97029774245254,0.78515625,1.0,0.15625
2026-05-12T01:20,7,40,0.15625,40,54,0.0,5.658318039758086,0.9703048533593026,0.78515625,1.0,0.15625
2026-05-12T01:50,7,40,0.15625,40,54,0.0,5.658325763040239,0.9703119608620887,0.78515625,1.0,0.15625
2026-05-12T02:20,5,40,0.15625,40,54,0.0,5.658337531368815,0.9703073921976554,0.78515625,1.0,0.15625
2026-05-12T02:50,6,40,0.15625,40,54,0.0,5.658349259101533,0.970314495692345,0.78515625,1.0,0.15625
2026-05-12T03:20,5,40,0.15625,40,54,0.0,5.6583624257809,0.970309928607079,0.78515625,1.0,0.15625
2026-05-12T03:50,5,40,0.15625,40,54,0.0,5.658375550347628,0.9703170280980864,0.78515625,1.0,0.15625
2026-05-12T04:20,5,40,0.15625,40,54,0.0,5.658386136405296,0.9703124625910572,0.78515625,1.0,0.15625
2026-05-12T04:50,5,40,0.15625,40,54,0.0,5.6583980289979765,0.9703078992663928,0.78515625,1.0,0.15625
2026-05-12T05:20,5,40,0.15625,40,54,0.0,5.658410131004501,0.9703033381225287,0.78515625,1.0,0.15625
2026-05-12T05:50,5,40,0.15625,40,54,0.0,5.6584203280077485,0.970298779157902,0.78515625,1.0,0.15625
2026-05-12T06:20,5,40,0.15625,40,54,0.0,5.658428171610568,0.9702942223709513,0.78515625,1.0,0.15625
2026-05-12T06:50,6,40,0.15625,40,54,0.0,5.658434629111721,0.9702785747306434,0.78515625,1.0,0.15625
2026-05-12T07:20,8,40,0.15625,40,54,0.0,5.658441051331558,0.9702856698429063,0.78515625,1.0,0.15625
2026-05-12T07:50,9,40,0.15625,40,54,0.0,5.658443189241092,0.9702811194472863,0.78515625,1.0,0.15625
2026-05-12T08:20,10,40,0.15625,40,54,0.0,5.658445296343805,0.9702882105664828,0.78515625,1.0,0.15625
2026-05-12T08:50,11,40,0.15625,40,54,0.0,5.65844737268463,0.9702952983025118,0.78515625,1.0,0.15625
2026-05-12T09:20,12,40,0.15625,40,54,0.0,5.658446564414394,0.9702796690648443,0.78515625,1.0,0.15625
2026-05-12T09:50,12,40,0.15625,40,54,0.0,5.658445728171838,0.9702867554575326,0.78515625,1.0,0.15625
2026-05-12T10:20,13,40,0.15625,40,54,0.0,5.6584440483781835,0.9702822102267192,0.78515625,1.0,0.15625
2026-05-12T10:50,14,40,0.15625,40,54,0.0,5.658442341509095,0.9702892926361028,0.78515625,1.0,0.15625
2026-05-12T11:20,14,40,0.15625,40,54,0.0,5.658438581583632,0.9702847489667101,0.78515625,1.0,0.15625
2026-05-12T11:50,14,40,0.15625,40,54,0.0,5.658434796784068,0.9702918273971611,0.78515625,1.0,0.15625
2026-05-12T12:20,15,40,0.15625,40,54,0.0,5.658426613157935,0.9702872852882776,0.78515625,1.0,0.15625
2026-05-12T12:50,16,40,0.15625,40,54,0.0,5.658418409117125,0.9702943597441613,0.78515625,1.0,0.15625
2026-05-12T13:20,15,40,0.15625,40,54,0.0,5.65841018469332,0.9703014308320584,0.78515625,1.0,0.15625
2026-05-12T13:50,15,40,0.15625,40,54,0.0,5.658401939918155,0.9703084985543735,0.78515625,1.0,0.15625
2026-05-12T14:20,15,40,0.15625,40,54,0.0,5.658393674823216,0.9703155629135088,0.78515625,1.0,0.15625
2026-05-12T14:50,17,40,0.15625,40,54,0.0,5.658385389440036,0.9703226239118643,0.78515625,1.0,0.15625
2026-05-12T15:20,16,40,0.15625,40,54,0.0,5.658377083800105,0.9703296815518377,0.78515625,1.0,0.15625
2026-05-12T15:50,16,40,0.15625,40,54,0.0,5.658367516421403,0.9703251380022997,0.78515625,1.0,0.15625
2026-05-12T16:20,15,40,0.15625,40,54,0.0,5.6583558816476875,0.9703205966127568,0.78515625,1.0,0.15625
2026-05-12T16:50,16,40,0.15625,40,54,0.0,5.65834422981442,0.9703276497029153,0.78515625,1.0,0.15625
2026-05-12T17:20,15,40,0.15625,40,54,0.0,5.658335195120844,0.9703231098745694,0.78515625,1.0,0.15625
2026-05-12T17:50,15,40,0.15625,40,54,0.0,5.658326309925193,0.9703185722029115,0.78515625,1.0,0.15625
2026-05-12T18:20,15,40,0.15625,40,54,0.0,5.658318738602796,0.9703140366864054,0.78515625,1.0,0.15625
2026-05-12T18:50,13,40,0.15625,40,54,0.0,5.658313091828558,0.9703095033235156,0.78515625,1.0,0.15625
2026-05-12T19:20,13,40,0.15625,40,54,0.0,5.658307422261725,0.9703165506761565,0.78515625,1.0,0.15625
2026-05-12T19:50,14,40,0.15625,40,54,0.0,5.658301784393409,0.9703120188682588,0.78515625,1.0,0.15625
2026-05-12T20:20,14,40,0.15625,40,54,0.0,5.658296123752642,0.9703190622801525,0.78515625,1.0,0.15625
2026-05-12T20:50,14,40,0.15625,40,54,0.0,5.65829450734784,0.9703145320263374,0.78515625,1.0,0.15625
2026-05-12T21:20,13,40,0.15625,40,54,0.0,5.658294369125423,0.9703100039210891,0.78515625,1.0,0.15625
2026-05-12T21:50,13,40,0.15625,40,54,0.0,5.658294202702308,0.9703170428011458,0.78515625,1.0,0.15625
2026-05-12T22:20,13,40,0.15625,40,54,0.0,5.658294008119823,0.9703240783444497,0.78515625,1.0,0.15625
2026-05-12T22:50,13,40,0.15625,40,54,0.0,5.65829461544073,0.970319551196073,0.78515625,1.0,0.15625
2026-05-12T23:20,13,40,0.15625,40,54,0.0,5.658302404427052,0.9703040198891709,0.78515625,1.0,0.15625
2026-05-12T23:50,12,40,0.15625,40,54,0.0,5.658310157420798,0.9703110535178092,0.78515625,1.0,0.15625
2026-05-13T00:20,12,40,0.15625,40,54,0.0,5.65831787447306,0.9703180838153423,0.78515625,1.0,0.15625
2026-05-13T00:50,11,40,0.15625,40,54,0.0,5.658325555634849,0.9703251107841361,0.78515625,1.0,0.15625
2026-05-13T01:20,11,40,0.15625,40,54,0.0,5.6583332009570935,0.970332134426554,0.78515625,1.0,0.15625
2026-05-13T01:50,10,40,0.15625,40,54,0.0,5.658340810490645,0.9703391547449576,0.78515625,1.0,0.15625
2026-05-13T02:20,9,40,0.15625,40,54,0.0,5.658352416559884,0.9703346315269422,0.78515625,1.0,0.15625
2026-05-13T02:50,9,40,0.15625,40,54,0.0,5.65836398297737,0.9703416479338659,0.78515625,1.0,0.15625
2026-05-13T03:20,9,40,0.15625,40,54,0.0,5.658376965884774,0.9703371262654481,0.78515625,1.0,0.15625
2026-05-13T03:50,10,40,0.15625,40,54,0.0,5.658389907664067,0.9703441387651489,0.78515625,1.0,0.15625
2026-05-13T04:20,10,40,0.15625,40,54,0.0,5.658400342810449,0.9703396186454207,0.78515625,1.0,0.15625
2026-05-13T04:50,10,40,0.15625,40,54,0.0,5.6584120712040145,0.970335100661855,0.78515625,1.0,0.15625
2026-05-13T05:20,10,40,0.15625,40,54,0.0,5.658422099372814,0.9703305848129378,0.78515625,1.0,0.15625
2026-05-13T05:50,10,40,0.15625,40,54,0.0,5.6584321598765435,0.9703260710971565,0.78515625,1.0,0.15625
2026-05-13T06:20,10,40,0.15625,40,54,0.0,5.658439897664247,0.9703215595130003,0.78515625,1.0,0.15625
2026-05-13T06:50,11,40,0.15625,40,54,0.0,5.658446269899579,0.9703060827295369,0.78515625,1.0,0.15625
2026-05-13T07:20,10,40,0.15625,40,54,0.0,5.658448413672508,0.9703015779925687,0.78515625,1.0,0.15625
2026-05-13T07:50,11,40,0.15625,40,54,0.0,5.658450527290139,0.9703085856428771,0.78515625,1.0,0.15625
2026-05-13T08:20,11,40,0.15625,40,54,0.0,5.658452610795966,0.9703155899869105,0.78515625,1.0,0.15625
2026-05-13T08:50,12,40,0.15625,40,54,0.0,5.6584546642334095,0.9703225910270079,0.78515625,1.0,0.15625
2026-05-13T09:20,12,40,0.15625,40,54,0.0,5.658453866702719,0.9703071322469408,0.78515625,1.0,0.15625
2026-05-13T09:50,12,40,0.15625,40,54,0.0,5.6584530418287935,0.9703141319800273,0.78515625,1.0,0.15625
2026-05-13T10:20,13,40,0.15625,40,54,0.0,5.658451392407303,0.9703096317161138,0.78515625,1.0,0.15625
2026-05-13T10:50,10,40,0.15625,40,54,0.0,5.658449716509324,0.9703166275616095,0.78515625,1.0,0.15625
2026-05-13T11:20,9,40,0.15625,40,54,0.0,5.658446010150556,0.9703121288300744,0.78515625,1.0,0.15625
2026-05-13T11:50,12,40,0.15625,40,54,0.0,5.658442279467044,0.9703191207921964,0.78515625,1.0,0.15625
2026-05-13T12:20,12,40,0.15625,40,54,0.0,5.658434206558485,0.97031462359215,0.78515625,1.0,0.15625
2026-05-13T12:50,12,40,0.15625,40,54,0.0,5.658426113676357,0.9703216116751083,0.78515625,1.0,0.15625
2026-05-13T13:20,11,40,0.15625,40,54,0.0,5.658418000851303,0.9703285964687833,0.78515625,1.0,0.15625
2026-05-13T13:50,12,40,0.15625,40,54,0.0,5.658409868113919,0.9703355779754965,0.78515625,1.0,0.15625
2026-05-13T14:20,12,40,0.15625,40,54,0.0,5.658401715494752,0.9703425561975677,0.78515625,1.0,0.15625
2026-05-13T14:50,9,40,0.15625,40,54,0.0,5.658393543024305,0.9703495311373143,0.78515625,1.0,0.15625
2026-05-13T15:20,11,40,0.15625,40,54,0.0,5.658385350733032,0.9703565027970515,0.78515625,1.0,0.15625
2026-05-13T15:50,10,40,0.15625,40,54,0.0,5.65837590901079,0.970352004209698,0.78515625,1.0,0.15625
2026-05-13T16:20,10,40,0.15625,40,54,0.0,5.65836441540582,0.9703475077368392,0.78515625,1.0,0.15625
2026-05-13T16:50,11,40,0.15625,40,54,0.0,5.658352905113996,0.970354474957766,0.78515625,1.0,0.15625
2026-05-13T17:20,12,40,0.15625,40,54,0.0,5.658343978402873,0.9703499800170181,0.78515625,1.0,0.15625
2026-05-13T17:50,9,40,0.15625,40,54,0.0,5.658335193596511,0.9703454871875623,0.78515625,1.0,0.15625
2026-05-13T18:20,10,40,0.15625,40,54,0.0,5.6583277106455485,0.9703409964679116,0.78515625,1.0,0.15625
2026-05-13T18:50,10,40,0.15625,40,54,0.0,5.658322128659146,0.9703365078565799,0.78515625,1.0,0.15625
2026-05-13T19:20,10,40,0.15625,40,54,0.0,5.658316524388964,0.9703434694834617,0.78515625,1.0,0.15625
2026-05-13T19:50,10,40,0.15625,40,54,0.0,5.6583109440235,0.9703389823982228,0.78515625,1.0,0.15625
2026-05-13T20:20,10,40,0.15625,40,54,0.0,5.658309351585356,0.9703344974181142,0.78515625,1.0,0.15625
2026-05-13T20:50,9,40,0.15625,40,54,0.0,5.6583092145073595,0.9703300145416548,0.78515625,1.0,0.15625
2026-05-13T21:20,9,40,0.15625,40,54,0.0,5.65830904984664,0.9703369711619264,0.78515625,1.0,0.15625
2026-05-13T21:50,9,40,0.15625,40,54,0.0,5.658308857643172,0.9703439245207726,0.78515625,1.0,0.15625
2026-05-13T22:20,9,40,0.15625,40,54,0.0,5.658308637936866,0.9703508746204865,0.78515625,1.0,0.15625
2026-05-13T22:50,9,40,0.15625,40,54,0.0,5.658309210861873,0.9703463921082032,0.78515625,1.0,0.15625
2026-05-13T23:20,9,40,0.15625,40,54,0.0,5.658316880891192,0.9703310291456019,0.78515625,1.0,0.15625
2026-05-13T23:50,9,40,0.15625,40,54,0.0,5.658324515762653,0.970337977382336,0.78515625,1.0,0.15625
2026-05-14T00:20,8,40,0.15625,40,54,0.0,5.6583321155256066,0.9703449223653885,0.78515625,1.0,0.15625
2026-05-14T00:50,9,40,0.15625,40,54,0.0,5.658339680229323,0.9703518640970445,0.78515625,1.0,0.15625
2026-05-14T01:20,8,40,0.15625,40,54,0.0,5.658347209922999,0.9703588025795868,0.78515625,1.0,0.15625
2026-05-14T01:50,8,40,0.15625,40,54,0.0,5.658354704655752,0.9703657378152959,0.78515625,1.0,0.15625
2026-05-14T02:20,9,40,0.15625,40,54,0.0,5.658366148563613,0.970361259166028,0.78515625,1.0,0.15625
2026-05-14T02:50,9,40,0.15625,40,54,0.0,5.65837755373541,0.9703681905834354,0.78515625,1.0,0.15625
2026-05-14T03:20,8,40,0.15625,40,54,0.0,5.658390353588538,0.9703637134549836,0.78515625,1.0,0.15625
2026-05-14T03:50,8,40,0.15625,40,54,0.0,5.658403113268096,0.9703706410581965,0.78515625,1.0,0.15625
2026-05-14T04:20,8,40,0.15625,40,54,0.0,5.658413397412025,0.9703661654496749,0.78515625,1.0,0.15625
2026-05-14T04:50,8,40,0.15625,40,54,0.0,5.658424961782739,0.9703616919325594,0.78515625,1.0,0.15625
2026-05-14T05:20,8,40,0.15625,40,54,0.0,5.65843484875003,0.9703572205053841,0.78515625,1.0,0.15625
2026-05-14T05:50,8,40,0.15625,40,54,0.0,5.658444771688176,0.9703527511666848,0.78515625,1.0,0.15625
2026-05-14T06:20,8,40,0.15625,40,54,0.0,5.658452407116329,0.9703482839149987,0.78515625,1.0,0.15625
2026-05-14T06:50,8,40,0.15625,40,54,0.0,5.658458705137037,0.9703329743026847,0.78515625,1.0,0.15625
2026-05-14T07:20,8,40,0.15625,40,54,0.0,5.658464969454725,0.9703398977625907,0.78515625,1.0,0.15625
2026-05-14T07:50,8,40,0.15625,40,54,0.0,5.6584670640138155,0.9703354366367001,0.78515625,1.0,0.15625
2026-05-14T08:20,8,40,0.15625,40,54,0.0,5.658469129127863,0.9703423562922548,0.78515625,1.0,0.15625
2026-05-14T08:50,9,40,0.15625,40,54,0.0,5.658471164838854,0.9703492727203583,0.78515625,1.0,0.15625
2026-05-14T09:20,9,40,0.15625,40,54,0.0,5.658470382446664,0.9703339807250312,0.78515625,1.0,0.15625
2026-05-14T09:50,9,40,0.15625,40,54,0.0,5.65846957331436,0.9703408958810393,0.78515625,1.0,0.15625
2026-05-14T10:20,9,40,0.15625,40,54,0.0,5.658467962089134,0.970336439720777,0.78515625,1.0,0.15625
2026-05-14T10:50,10,40,0.15625,40,54,0.0,5.658466324957843,0.970343351081513,0.78515625,1.0,0.15625
2026-05-14T11:20,10,40,0.15625,40,54,0.0,5.658462679461383,0.970338896425355,0.78515625,1.0,0.15625
2026-05-14T11:50,9,40,0.15625,40,54,0.0,5.658459010162704,0.970345803994888,0.78515625,1.0,0.15625
2026-05-14T12:20,8,40,0.15625,40,54,0.0,5.6584510538111665,0.970341350841966,0.78515625,1.0,0.15625
2026-05-14T12:50,9,40,0.15625,40,54,0.0,5.658443077904229,0.9703482546243585,0.78515625,1.0,0.15625
2026-05-14T13:20,9,40,0.15625,40,54,0.0,5.658435082471553,0.9703551551934476,0.78515625,1.0,0.15625
2026-05-14T13:50,9,40,0.15625,40,54,0.0,5.658427067542749,0.9703620525514761,0.78515625,1.0,0.15625
2026-05-14T14:20,10,40,0.15625,40,54,0.0,5.658419033147381,0.9703689467006849,0.78515625,1.0,0.15625
2026-05-14T14:50,12,40,0.15625,40,54,0.0,5.658410979314974,0.9703758376433126,0.78515625,1.0,0.15625
2026-05-14T15:20,12,40,0.15625,40,54,0.0,5.658402906075002,0.970382725381596,0.78515625,1.0,0.15625
2026-05-14T15:50,9,40,0.15625,40,54,0.0,5.658393595471546,0.9703782708922454,0.78515625,1.0,0.15625
2026-05-14T16:20,9,40,0.15625,40,54,0.0,5.658382248315305,0.9703738184733057,0.78515625,1.0,0.15625
2026-05-14T16:50,11,40,0.15625,40,54,0.0,5.6583708848241,0.9703807018797943,0.78515625,1.0,0.15625
2026-05-14T17:20,11,40,0.15625,40,54,0.0,5.65836207218218,0.9703762509646526,0.78515625,1.0,0.15625
2026-05-14T17:50,11,40,0.15625,40,54,0.0,5.658353394142659,0.9703718021168195,0.78515625,1.0,0.15625
2026-05-14T18:20,9,40,0.15625,40,54,0.0,5.658346006137701,0.9703673553348549,0.78515625,1.0,0.15625
2026-05-14T18:50,10,40,0.15625,40,54,0.0,5.658340496072277,0.9703629106173199,0.78515625,1.0,0.15625
2026-05-14T19:20,9,40,0.15625,40,54,0.0,5.658334964206358,0.9703697885679773,0.78515625,1.0,0.15625
2026-05-14T19:50,10,40,0.15625,40,54,0.0,5.658329445309116,0.9703653453484012,0.78515625,1.0,0.15625
2026-05-14T20:20,9,40,0.15625,40,54,0.0,5.658323904645436,0.9703722195434028,0.78515625,1.0,0.15625
2026-05-14T20:50,9,40,0.15625,40,54,0.0,5.658323746946358,0.9703570037932217,0.78515625,1.0,0.15625
2026-05-14T21:20,9,40,0.15625,40,54,0.0,5.6583235622953705,0.9703638767346098,0.78515625,1.0,0.15625
2026-05-14T21:50,9,40,0.15625,40,54,0.0,5.658323350731101,0.970370746489655,0.78515625,1.0,0.15625
2026-05-14T22:20,9,40,0.15625,40,54,0.0,5.658323112292122,0.9703776130605728,0.78515625,1.0,0.15625
2026-05-14T22:50,9,40,0.15625,40,54,0.0,5.658323657418059,0.9703731742049506,0.78515625,1.0,0.15625
2026-05-14T23:20,9,40,0.15625,40,54,0.0,5.658331211329559,0.9703579758566895,0.78515625,1.0,0.15625
2026-05-14T23:50,8,40,0.15625,40,54,0.0,5.658338730890079,0.9703648406144809,0.78515625,1.0,0.15625
2026-05-15T00:20,8,40,0.15625,40,54,0.0,5.6583462161473035,0.9703717021934078,0.78515625,1.0,0.15625
2026-05-15T00:50,8,40,0.15625,40,54,0.0,5.658353667148843,0.9703785605956778,0.78515625,1.0,0.15625
2026-05-15T01:20,8,40,0.15625,40,54,0.0,5.658361083942236,0.9703854158234966,0.78515625,1.0,0.15625
2026-05-15T02:20,8,40,0.15625,40,54,0.0,5.658372401259739,0.9703809813247394,0.78515625,1.0,0.15625
2026-05-15T02:50,8,40,0.15625,40,54,0.0,5.658383680680531,0.9703878328210788,0.78515625,1.0,0.15625
2026-05-15T03:20,8,40,0.15625,40,54,0.0,5.6583963292503645,0.9703833998144585,0.78515625,1.0,0.15625
2026-05-15T03:50,8,40,0.15625,40,54,0.0,5.658408938527686,0.9703902475832876,0.78515625,1.0,0.15625
2026-05-15T04:20,7,40,0.15625,40,54,0.0,5.65841909742506,0.9703858160679413,0.78515625,1.0,0.15625
2026-05-15T04:50,7,40,0.15625,40,54,0.0,5.65843052046625,0.9703813866009035,0.78515625,1.0,0.15625
2026-05-15T05:20,7,40,0.15625,40,54,0.0,5.658440283815467,0.9703769591807543,0.78515625,1.0,0.15625
2026-05-15T05:50,7,40,0.15625,40,54,0.0,5.6584500823910275,0.9703725338060751,0.78515625,1.0,0.15625
2026-05-15T06:20,7,40,0.15625,40,54,0.0,5.6584576167758875,0.9703681104754491,0.78515625,1.0,0.15625
2026-05-15T06:50,8,40,0.15625,40,54,0.0,5.658463829405192,0.9703529624251803,0.78515625,1.0,0.15625
2026-05-15T07:20,8,40,0.15625,40,54,0.0,5.65847000907589,0.9703598061549991,0.78515625,1.0,0.15625
2026-05-15T07:50,8,40,0.15625,40,54,0.0,5.658472072027326,0.9703553888242906,0.78515625,1.0,0.15625
2026-05-15T08:20,9,40,0.15625,40,54,0.0,5.658474106178773,0.9703622288360986,0.78515625,1.0,0.15625
2026-05-15T08:50,9,40,0.15625,40,54,0.0,5.658476111570851,0.9703690656921917,0.78515625,1.0,0.15625
2026-05-15T09:20,10,40,0.15625,40,54,0.0,5.658475322487511,0.970353934889394,0.78515625,1.0,0.15625
2026-05-15T09:50,10,40,0.15625,40,54,0.0,5.658474507255931,0.9703607705050525,0.78515625,1.0,0.15625
2026-05-15T10:20,10,40,0.15625,40,54,0.0,5.658472907050775,0.9703563580434781,0.78515625,1.0,0.15625
2026-05-15T10:50,10,40,0.15625,40,54,0.0,5.658471281504836,0.9703631899498981,0.78515625,1.0,0.15625
2026-05-15T11:20,10,40,0.15625,40,54,0.0,5.658467668775865,0.9703587789642404,0.78515625,1.0,0.15625
2026-05-15T11:50,12,40,0.15625,40,54,0.0,5.658464032764285,0.9703656071653544,0.78515625,1.0,0.15625
2026-05-15T12:20,11,40,0.15625,40,54,0.0,5.658456165794064,0.970361197654767,0.78515625,1.0,0.15625
2026-05-15T12:50,12,40,0.15625,40,54,0.0,5.658448279686017,0.9703680221545011,0.78515625,1.0,0.15625
2026-05-15T13:20,12,40,0.15625,40,54,0.0,5.658440374468852,0.9703748435122004,0.78515625,1.0,0.15625
2026-05-15T13:50,13,40,0.15625,40,54,0.0,5.658432450171232,0.9703816617300342,0.78515625,1.0,0.15625
2026-05-15T14:20,13,40,0.15625,40,54,0.0,5.658424506821782,0.9703884768101698,0.78515625,1.0,0.15625
2026-05-15T14:50,13,40,0.15625,40,54,0.0,5.658416544449078,0.970395288754773,0.78515625,1.0,0.15625
2026-05-15T15:20,13,40,0.15625,40,54,0.0,5.658408563081657,0.9704020975660069,0.78515625,1.0,0.15625
2026-05-15T15:50,14,40,0.15625,40,54,0.0,5.658399359494605,0.9703976867622887,0.78515625,1.0,0.15625
2026-05-15T16:20,14,40,0.15625,40,54,0.0,5.658388137339875,0.9703932779865261,0.78515625,1.0,0.15625
2026-05-15T17:20,14,40,0.15625,40,54,0.0,5.658379436467949,0.970388871237321,0.78515625,1.0,0.15625
2026-05-15T17:50,14,40,0.15625,40,54,0.0,5.658370863299488,0.9703844665132764,0.78515625,1.0,0.15625
2026-05-15T18:20,14,40,0.15625,40,54,0.0,5.658365443706186,0.9703693912636208,0.78515625,1.0,0.15625
2026-05-15T18:50,13,40,0.15625,40,54,0.0,5.658360002727768,0.9703761966399957,0.78515625,1.0,0.15625
2026-05-15T19:20,13,40,0.15625,40,54,0.0,5.658354540395595,0.9703829988910543,0.78515625,1.0,0.15625
2026-05-15T19:50,13,40,0.15625,40,54,0.0,5.658349080557774,0.9703785995598568,0.78515625,1.0,0.15625
2026-05-15T20:20,13,40,0.15625,40,54,0.0,5.658343599408071,0.9703853981369605,0.78515625,1.0,0.15625
2026-05-15T20:50,13,40,0.15625,40,54,0.0,5.658342000360783,0.9703810002741925,0.78515625,1.0,0.15625
2026-05-15T21:20,12,40,0.15625,40,54,0.0,5.658341807940405,0.9703766044292558,0.78515625,1.0,0.15625
2026-05-15T21:50,12,40,0.15625,40,54,0.0,5.658341589179441,0.9703833987860381,0.78515625,1.0,0.15625
2026-05-15T22:20,12,40,0.15625,40,54,0.0,5.658341344115246,0.9703901900268576,0.78515625,1.0,0.15625
2026-05-15T22:50,11,40,0.15625,40,54,0.0,5.658341874493252,0.9703857950984229,0.78515625,1.0,0.15625
2026-05-15T23:20,11,40,0.15625,40,54,0.0,5.658349334102549,0.9703707540967418,0.78515625,1.0,0.15625
2026-05-15T23:50,9,40,0.15625,40,54,0.0,5.658356760094374,0.9703775435664721,0.78515625,1.0,0.15625
2026-05-16T00:20,10,40,0.15625,40,54,0.0,5.658364152514898,0.9703843299253343,0.78515625,1.0,0.15625
2026-05-16T00:50,9,40,0.15625,40,54,0.0,5.658371511410227,0.970391113175466,0.78515625,1.0,0.15625
2026-05-16T01:20,9,40,0.15625,40,54,0.0,5.658378836826396,0.9703978933190026,0.78515625,1.0,0.15625
2026-05-16T01:50,9,40,0.15625,40,54,0.0,5.65838612880937,0.9704046703580779,0.78515625,1.0,0.15625
2026-05-16T02:20,9,40,0.15625,40,54,0.0,5.658397273880316,0.9704002791568505,0.78515625,1.0,0.15625
2026-05-16T02:50,9,40,0.15625,40,54,0.0,5.658408381913028,0.9704070525483477,0.78515625,1.0,0.15625
2026-05-16T03:20,8,40,0.15625,40,54,0.0,5.658420838909905,0.9704026628113646,0.78515625,1.0,0.15625
2026-05-16T03:50,8,40,0.15625,40,54,0.0,5.658433257508096,0.9704094325591205,0.78515625,1.0,0.15625
2026-05-16T04:20,7,40,0.15625,40,54,0.0,5.658443258277579,0.9704050442855408,0.78515625,1.0,0.15625
2026-05-16T04:50,7,40,0.15625,40,54,0.0,5.658454507533668,0.9704006580184876,0.78515625,1.0,0.15625
2026-05-16T05:20,7,40,0.15625,40,54,0.0,5.6584641251316175,0.9703962737565852,0.78515625,1.0,0.15625
2026-05-16T05:50,7,40,0.15625,40,54,0.0,5.658473785484386,0.9703918914984585,0.78515625,1.0,0.15625
2026-05-16T06:20,7,40,0.15625,40,54,0.0,5.65848121346011,0.9703875112427347,0.78515625,1.0,0.15625
2026-05-16T06:50,8,40,0.15625,40,54,0.0,5.65848734217113,0.9703725213828717,0.78515625,1.0,0.15625
2026-05-16T07:20,9,40,0.15625,40,54,0.0,5.658489408319146,0.970368147551132,0.78515625,1.0,0.15625
2026-05-16T07:50,9,40,0.15625,40,54,0.0,5.658491446246175,0.9703749128142483,0.78515625,1.0,0.15625
2026-05-16T08:20,9,40,0.15625,40,54,0.0,5.658493455991594,0.9703816749889083,0.78515625,1.0,0.15625
2026-05-16T08:50,10,40,0.15625,40,54,0.0,5.65849543759472,0.9703884340772266,0.78515625,1.0,0.15625
2026-05-16T09:20,11,40,0.15625,40,54,0.0,5.658494662135994,0.9703734611068147,0.78515625,1.0,0.15625
2026-05-16T09:50,12,40,0.15625,40,54,0.0,5.658493861083139,0.9703802189852119,0.78515625,1.0,0.15625
2026-05-16T10:20,13,40,0.15625,40,54,0.0,5.658492295909457,0.9703758493827511,0.78515625,1.0,0.15625
2026-05-16T10:50,13,40,0.15625,40,54,0.0,5.658490705919469,0.9703826036350579,0.78515625,1.0,0.15625
2026-05-16T11:20,13,40,0.15625,40,54,0.0,5.658487153441283,0.9703782354810939,0.78515625,1.0,0.15625
2026-05-16T11:50,14,40,0.15625,40,54,0.0,5.658483578157085,0.9703849861111119,0.78515625,1.0,0.15625
2026-05-16T12:20,14,40,0.15625,40,54,0.0,5.6584758265702355,0.9703806194048198,0.78515625,1.0,0.15625
2026-05-16T12:50,14,40,0.15625,40,54,0.0,5.658468056223777,0.9703873664163449,0.78515625,1.0,0.15625
2026-05-16T13:20,15,40,0.15625,40,54,0.0,5.658460267145539,0.9703941103547606,0.78515625,1.0,0.15625
2026-05-16T13:50,14,40,0.15625,40,54,0.0,5.658452459363309,0.9704008512221662,0.78515625,1.0,0.15625
2026-05-16T14:20,14,40,0.15625,40,54,0.0,5.658444632904833,0.9704075890206588,0.78515625,1.0,0.15625
2026-05-16T14:50,14,40,0.15625,40,54,0.0,5.6584367877978154,0.9704143237523337,0.78515625,1.0,0.15625
2026-05-16T15:20,14,40,0.15625,40,54,0.0,5.658428924069925,0.9704210554192843,0.78515625,1.0,0.15625
2026-05-16T15:50,14,40,0.15625,40,54,0.0,5.658419852878991,0.9704166874613169,0.78515625,1.0,0.15625
2026-05-16T16:20,14,40,0.15625,40,54,0.0,5.658408780780381,0.9704123214901398,0.78515625,1.0,0.15625
2026-05-16T16:50,14,40,0.15625,40,54,0.0,5.658397693006408,0.9704190490204967,0.78515625,1.0,0.15625
2026-05-16T17:20,14,40,0.15625,40,54,0.0,5.658389095318606,0.9704146844974629,0.78515625,1.0,0.15625
2026-05-16T17:50,14,40,0.15625,40,54,0.0,5.65838061858828,0.9704103219583031,0.78515625,1.0,0.15625
2026-05-16T18:20,13,40,0.15625,40,54,0.0,5.658373410067875,0.9704059614016654,0.78515625,1.0,0.15625
2026-05-16T18:50,13,40,0.15625,40,54,0.0,5.658368029365118,0.9704016028261981,0.78515625,1.0,0.15625
2026-05-16T19:20,12,40,0.15625,40,54,0.0,5.658362627770181,0.9704083251512433,0.78515625,1.0,0.15625
2026-05-16T19:50,12,40,0.15625,40,54,0.0,5.6583572053133695,0.9704150444234615,0.78515625,1.0,0.15625
2026-05-16T20:20,12,40,0.15625,40,54,0.0,5.658351781994792,0.9704106867543971,0.78515625,1.0,0.15625
2026-05-16T20:50,12,40,0.15625,40,54,0.0,5.658351601209343,0.970395786894662,0.78515625,1.0,0.15625
2026-05-16T21:20,12,40,0.15625,40,54,0.0,5.658351394632764,0.9704025044379126,0.78515625,1.0,0.15625
2026-05-16T21:50,12,40,0.15625,40,54,0.0,5.658351162301234,0.9704092189332763,0.78515625,1.0,0.15625
2026-05-16T22:20,12,40,0.15625,40,54,0.0,5.65835090425088,0.9704159303828265,0.78515625,1.0,0.15625
2026-05-16T22:50,12,40,0.15625,40,54,0.0,5.658351412959341,0.9704115774535322,0.78515625,1.0,0.15625
2026-05-16T23:20,12,40,0.15625,40,54,0.0,5.658358772119692,0.9703966942813055,0.78515625,1.0,0.15625
2026-05-16T23:50,12,40,0.15625,40,54,0.0,5.658366098407884,0.970403404006083,0.78515625,1.0,0.15625
2026-05-17T00:20,11,40,0.15625,40,54,0.0,5.658373391868576,0.9704101106899702,0.78515625,1.0,0.15625
2026-05-17T00:50,12,40,0.15625,40,54,0.0,5.658380652546364,0.9704168143350336,0.78515625,1.0,0.15625
2026-05-17T01:20,12,40,0.15625,40,54,0.0,5.658387880485781,0.9704235149433382,0.78515625,1.0,0.15625
2026-05-17T01:50,12,40,0.15625,40,54,0.0,5.658395075731281,0.970430212516947,0.78515625,1.0,0.15625
2026-05-17T02:20,12,40,0.15625,40,54,0.0,5.658406079998729,0.9704258632526678,0.78515625,1.0,0.15625
2026-05-17T02:50,11,40,0.15625,40,54,0.0,5.658417048046557,0.9704325572627962,0.78515625,1.0,0.15625
2026-05-17T03:20,11,40,0.15625,40,54,0.0,5.658429345103609,0.9704282094363496,0.78515625,1.0,0.15625
2026-05-17T03:50,11,40,0.15625,40,54,0.0,5.658441604615107,0.9704348998867033,0.78515625,1.0,0.15625
2026-05-17T04:20,11,40,0.15625,40,54,0.0,5.658451475252182,0.9704305534972685,0.78515625,1.0,0.15625
2026-05-17T04:50,11,40,0.15625,40,54,0.0,5.658462582232539,0.9704262090736362,0.78515625,1.0,0.15625
2026-05-17T05:20,11,40,0.15625,40,54,0.0,5.658472078627296,0.970421866614473,0.78515625,1.0,0.15625
2026-05-17T05:50,11,40,0.15625,40,54,0.0,5.658481620927744,0.970417526118447,0.78515625,1.0,0.15625
2026-05-17T06:20,11,40,0.15625,40,54,0.0,5.658488958515064,0.970413187584227,0.78515625,1.0,0.15625
2026-05-17T06:50,11,40,0.15625,40,54,0.0,5.658495019594699,0.9703983544882435,0.78515625,1.0,0.15625
2026-05-17T07:20,11,40,0.15625,40,54,0.0,5.65849706283606,0.9703940222446716,0.78515625,1.0,0.15625
2026-05-17T07:50,11,40,0.15625,40,54,0.0,5.658499078466301,0.9704007083281755,0.78515625,1.0,0.15625
2026-05-17T08:20,12,40,0.15625,40,54,0.0,5.658501066523529,0.97040739139245,0.78515625,1.0,0.15625
