timestamp,temperature,sp_active_columns,sp_sparsity,tm_active_cells,tm_predictive_cells,anomaly_score,sp_entropy,sp_mean_overlap,sp_dead_column_ratio,sp_max_duty_cycle,sp_mean_duty_cycle
2026-04-27T07:20,9,40,0.3125,1280,0,1.0,5.321928094887363,0.0,0.6875,1.0,0.3125
2026-04-27T07:50,10,40,0.3125,1280,0,1.0,5.321928094887363,1.0,0.6875,1.0,0.3125
2026-04-27T08:20,11,40,0.3125,1280,0,1.0,5.321928094887363,1.0,0.6875,1.0,0.3125
2026-04-27T08:50,12,40,0.3125,1280,0,1.0,5.321928094887363,1.0,0.6875,1.0,0.3125
2026-04-27T09:50,14,40,0.3125,1280,40,1.0,5.321928094887363,1.0,0.6875,1.0,0.3125
2026-04-27T10:50,16,40,0.3125,40,40,0.0,5.321928094887363,1.0,0.6875,1.0,0.3125
2026-04-27T11:50,18,40,0.3125,71,40,0.02500000037252903,5.336719914351922,0.991869918699187,0.6796875,1.0,0.3125
2026-04-27T12:50,18,40,0.3125,102,40,0.05000000074505806,5.355799159078831,0.9860627177700348,0.671875,1.0,0.3125
2026-04-27T13:20,19,40,0.3125,102,40,0.05000000074505806,5.36399060340144,0.9878048780487805,0.671875,1.0,0.3125
2026-04-27T13:50,19,40,0.3125,102,41,0.05000000074505806,5.368234132229496,0.9891598915989159,0.671875,1.0,0.3125
2026-04-27T14:50,20,40,0.3125,71,42,0.02500000037252903,5.370420357789303,0.9902439024390244,0.671875,1.0,0.3125
2026-04-27T15:50,21,40,0.3125,40,42,0.0,5.371424813803642,0.991130820399113,0.671875,1.0,0.3125
2026-04-27T16:50,20,40,0.3125,40,42,0.0,5.37171446749161,0.991869918699187,0.671875,1.0,0.3125
2026-04-27T17:50,19,40,0.3125,40,42,0.0,5.37155879828822,0.9924953095684803,0.671875,1.0,0.3125
2026-04-27T18:50,18,40,0.3125,71,42,0.02500000037252903,5.379955633923807,0.9895470383275261,0.6640625,1.0,0.3125
2026-04-27T19:50,17,40,0.3125,71,42,0.02500000037252903,5.3840955412476905,0.9902439024390244,0.6640625,1.0,0.3125
2026-04-27T20:50,16,40,0.3125,71,42,0.02500000037252903,5.386587595299398,0.9908536585365854,0.6640625,1.0,0.3125
2026-04-27T21:50,14,40,0.3125,102,43,0.05000000074505806,5.395831158250405,0.9885222381635581,0.65625,1.0,0.3125
2026-04-27T22:50,14,40,0.3125,71,43,0.02500000037252903,5.401081367958409,0.9891598915989159,0.65625,1.0,0.3125
2026-04-27T23:50,12,40,0.3125,71,43,0.02500000037252903,5.404590348851197,0.9897304236200256,0.65625,1.0,0.3125
2026-04-28T00:50,10,40,0.3125,102,44,0.05000000074505806,5.413169770030529,0.9878048780487806,0.6484375,1.0,0.3125
2026-04-28T01:50,11,40,0.3125,102,44,0.05000000074505806,5.424919411583598,0.986062717770035,0.640625,1.0,0.3125
2026-04-28T02:50,10,40,0.3125,102,44,0.05000000074505806,5.432399062542634,0.9866962305986697,0.640625,1.0,0.3125
2026-04-28T03:50,10,40,0.3125,102,45,0.05000000074505806,5.4390520370241,0.9851537645811242,0.640625,1.0,0.3125
2026-04-28T04:50,9,40,0.3125,71,46,0.02500000037252903,5.444779299993005,0.983739837398374,0.640625,1.0,0.3125
2026-04-28T05:50,9,40,0.3125,40,46,0.0,5.447560809976268,0.982439024390244,0.640625,1.0,0.3125
2026-04-28T06:50,10,40,0.3125,40,46,0.0,5.448538929155377,0.9812382739212009,0.640625,1.0,0.3125
2026-04-28T07:50,10,40,0.3125,40,46,0.0,5.44800911253081,0.9801264679313462,0.640625,1.0,0.3125
2026-04-28T08:50,10,40,0.3125,40,46,0.0,5.4473132089396135,0.9808362369337981,0.640625,1.0,0.3125
2026-04-28T09:50,10,40,0.3125,40,46,0.0,5.44648876653147,0.981497056349874,0.640625,1.0,0.3125
2026-04-28T10:50,10,40,0.3125,40,46,0.0,5.44556520564453,0.9821138211382116,0.640625,1.0,0.3125
2026-04-28T11:50,12,40,0.3125,40,46,0.0,5.444273175230586,0.9811172305271442,0.640625,1.0,0.3125
2026-04-28T12:50,14,40,0.3125,40,46,0.0,5.443178301600148,0.9801829268292683,0.640625,1.0,0.3125
2026-04-28T13:50,14,40,0.3125,40,46,0.0,5.4420446254485935,0.9807834441980784,0.640625,1.0,0.3125
2026-04-28T14:50,16,40,0.3125,40,46,0.0,5.440883689676644,0.981348637015782,0.640625,1.0,0.3125
2026-04-28T15:50,16,40,0.3125,40,46,0.0,5.439704766108349,0.9818815331010453,0.640625,1.0,0.3125
2026-04-28T16:50,16,40,0.3125,40,46,0.0,5.438515321673789,0.9823848238482386,0.640625,1.0,0.3125
2026-04-28T17:50,15,40,0.3125,40,46,0.0,5.438200367746052,0.9815425181278841,0.640625,1.0,0.3125
2026-04-28T18:50,15,40,0.3125,40,46,0.0,5.437790769304845,0.982028241335045,0.640625,1.0,0.3125
2026-04-28T19:50,13,40,0.3125,40,46,0.0,5.437303233734489,0.9824890556597874,0.640625,1.0,0.3125
2026-04-28T20:50,12,40,0.3125,40,46,0.0,5.437777973874259,0.9817073170731707,0.640625,1.0,0.3125
2026-04-28T21:50,10,40,0.3125,40,46,0.0,5.438092715946319,0.982153480071386,0.640625,1.0,0.3125
2026-04-28T22:50,9,40,0.3125,40,46,0.0,5.438271249849732,0.9825783972125435,0.640625,1.0,0.3125
2026-04-28T23:50,9,40,0.3125,40,46,0.0,5.439304231345414,0.9818491208167895,0.640625,1.0,0.3125
2026-04-29T00:50,9,40,0.3125,40,46,0.0,5.441868441110311,0.9811529933481153,0.640625,1.0,0.3125
2026-04-29T01:50,9,40,0.3125,40,46,0.0,5.444038181203486,0.9815718157181572,0.640625,1.0,0.3125
2026-04-29T02:50,9,40,0.3125,40,46,0.0,5.445878055855216,0.9819724284199364,0.640625,1.0,0.3125
2026-04-29T03:50,9,40,0.3125,40,46,0.0,5.447969963801966,0.981318111053451,0.640625,1.0,0.3125
2026-04-29T04:50,10,40,0.3125,40,46,0.0,5.450120438044833,0.980691056910569,0.640625,1.0,0.3125
2026-04-29T05:50,10,40,0.3125,40,46,0.0,5.451250600027426,0.9800895968143355,0.640625,1.0,0.3125
2026-04-29T06:50,11,40,0.3125,40,46,0.0,5.451709488165107,0.9795121951219512,0.640625,1.0,0.3125
2026-04-29T07:50,12,40,0.3125,40,46,0.0,5.451582684949869,0.9789574366331899,0.640625,1.0,0.3125
2026-04-29T08:50,13,40,0.3125,40,46,0.0,5.451391607463436,0.9793621013133209,0.640625,1.0,0.3125
2026-04-29T09:50,14,40,0.3125,40,46,0.0,5.451144077891696,0.9797514956281639,0.640625,1.0,0.3125
2026-04-29T10:50,14,40,0.3125,40,46,0.0,5.450846937134931,0.9801264679313461,0.640625,1.0,0.3125
2026-04-29T11:50,15,40,0.3125,40,46,0.0,5.450189836613509,0.9787562031464471,0.640625,1.0,0.3125
2026-04-29T12:50,15,40,0.3125,40,46,0.0,5.449517039906314,0.9791355566616892,0.640625,1.0,0.3125
2026-04-29T13:50,15,40,0.3125,40,46,0.0,5.448831213564312,0.9795015995272736,0.640625,1.0,0.3125
2026-04-29T14:50,15,40,0.3125,40,46,0.0,5.448134708074872,0.9798550202250792,0.640625,1.0,0.3125
2026-04-29T15:50,15,40,0.3125,40,46,0.0,5.447429597550494,0.9801964605602473,0.640625,1.0,0.3125
2026-04-29T16:50,15,40,0.3125,40,46,0.0,5.446717713847104,0.9805265195509099,0.640625,1.0,0.3125
2026-04-29T17:50,15,40,0.3125,40,46,0.0,5.446339632159174,0.9800460768073723,0.640625,1.0,0.3125
2026-04-29T18:50,14,40,0.3125,40,46,0.0,5.44593571690932,0.9803679142782212,0.640625,1.0,0.3125
2026-04-29T19:50,14,40,0.3125,40,46,0.0,5.445948131281048,0.9799052412292831,0.640625,1.0,0.3125
2026-04-29T20:50,13,40,0.3125,40,46,0.0,5.445912133083621,0.9802192218350755,0.640625,1.0,0.3125
2026-04-29T21:50,13,40,0.3125,40,46,0.0,5.445832461144903,0.9805235414991512,0.640625,1.0,0.3125
2026-04-29T22:50,12,40,0.3125,40,46,0.0,5.445713357239573,0.9808186393552248,0.640625,1.0,0.3125
2026-04-29T23:50,12,40,0.3125,40,46,0.0,5.446958897237706,0.9796834642120409,0.640625,1.0,0.3125
2026-04-30T00:50,12,40,0.3125,40,46,0.0,5.448069898141176,0.9799822367971579,0.640625,1.0,0.3125
2026-04-30T01:50,12,40,0.3125,40,46,0.0,5.44905991290587,0.980272349307344,0.640625,1.0,0.3125
2026-04-30T02:50,12,40,0.3125,40,46,0.0,5.449940645211688,0.9805541728886676,0.640625,1.0,0.3125
2026-04-30T03:50,12,40,0.3125,40,46,0.0,5.451074633059792,0.9801410086535474,0.640625,1.0,0.3125
2026-04-30T04:50,11,40,0.3125,40,46,0.0,5.452326675864639,0.9797393212027359,0.640625,1.0,0.3125
2026-04-30T05:50,11,40,0.3125,40,46,0.0,5.453020236225452,0.9793486388875631,0.640625,1.0,0.3125
2026-04-30T06:50,12,40,0.3125,40,46,0.0,5.45334138674209,0.9789685155538815,0.640625,1.0,0.3125
2026-04-30T07:20,13,40,0.3125,40,46,0.0,5.453607300589947,0.9792489353464964,0.640625,1.0,0.3125
2026-04-30T07:50,13,40,0.3125,40,46,0.0,5.453822422214905,0.9795219756708846,0.640625,1.0,0.3125
2026-04-30T08:20,14,40,0.3125,40,46,0.0,5.453754562342943,0.9791544112101604,0.640625,1.0,0.3125
2026-04-30T08:50,15,40,0.3125,40,46,0.0,5.4536565470961635,0.9794216623484917,0.640625,1.0,0.3125
2026-04-30T09:20,15,40,0.3125,40,46,0.0,5.453530838738779,0.9796821476352197,0.640625,1.0,0.3125
2026-04-30T09:50,14,40,0.3125,40,46,0.0,5.453379689519773,0.9799361207897792,0.640625,1.0,0.3125
2026-04-30T10:20,15,40,0.3125,40,46,0.0,5.4532051626965306,0.9801838230022512,0.640625,1.0,0.3125
2026-04-30T10:50,15,40,0.3125,40,46,0.0,5.453009151049611,0.9804254836973456,0.640625,1.0,0.3125
2026-04-30T11:20,15,40,0.3125,40,46,0.0,5.452730131309745,0.98007360452262,0.640625,1.0,0.3125
2026-04-30T11:50,17,40,0.3125,40,46,0.0,5.452318435012002,0.9797301034234832,0.640625,1.0,0.3125
2026-04-30T12:20,16,40,0.3125,40,46,0.0,5.451898520981143,0.9799685727949716,0.640625,1.0,0.3125
2026-04-30T12:50,16,40,0.3125,40,46,0.0,5.451471247661497,0.9802014963671231,0.640625,1.0,0.3125
2026-04-30T13:20,17,40,0.3125,40,46,0.0,5.451037405924965,0.9804290653743976,0.640625,1.0,0.3125
2026-04-30T13:50,18,40,0.3125,40,46,0.0,5.450597724800569,0.9806514623587794,0.640625,1.0,0.3125
2026-04-30T14:20,18,40,0.3125,40,46,0.0,5.450152876655068,0.9808688616581189,0.640625,1.0,0.3125
2026-04-30T14:50,18,40,0.3125,40,46,0.0,5.449703481884461,0.9810814298619176,0.640625,1.0,0.3125
2026-04-30T15:20,18,40,0.3125,40,46,0.0,5.449250113168794,0.9812893262370614,0.640625,1.0,0.3125
2026-04-30T15:50,18,40,0.3125,40,46,0.0,5.448793299336344,0.981492703125789,0.640625,1.0,0.3125
2026-04-30T16:20,18,40,0.3125,40,46,0.0,5.448333528877755,0.9816917063179849,0.640625,1.0,0.3125
2026-04-30T16:50,19,40,0.3125,40,46,0.0,5.447871253145925,0.9818864753997084,0.640625,1.0,0.3125
2026-04-30T17:20,18,40,0.3125,40,46,0.0,5.447640362168153,0.9815636652607127,0.640625,1.0,0.3125
2026-04-30T17:50,18,40,0.3125,40,46,0.0,5.447397781315719,0.9817557104142468,0.640625,1.0,0.3125
2026-04-30T18:20,17,40,0.3125,40,46,0.0,5.447144403611172,0.9819437958738938,0.640625,1.0,0.3125
2026-04-30T18:50,17,40,0.3125,40,46,0.0,5.446881057987608,0.9821280428547724,0.640625,1.0,0.3125
2026-04-30T19:20,16,40,0.3125,40,46,0.0,5.446608514577697,0.9823085676744212,0.640625,1.0,0.3125
2026-04-30T19:50,16,40,0.3125,40,46,0.0,5.446600444008257,0.9819976771196282,0.640625,1.0,0.3125
2026-04-30T20:20,15,40,0.3125,40,46,0.0,5.446573155411818,0.982175917940226,0.640625,1.0,0.3125
2026-04-30T20:50,14,40,0.3125,40,46,0.0,5.446527875455558,0.9823506638427727,0.640625,1.0,0.3125
2026-04-30T21:20,14,40,0.3125,40,46,0.0,5.446465746329656,0.9825220166209983,0.640625,1.0,0.3125
2026-04-30T21:50,14,40,0.3125,40,46,0.0,5.446387832737465,0.9826900741534887,0.640625,1.0,0.3125
2026-04-30T22:20,13,40,0.3125,40,46,0.0,5.446295128180996,0.9828549305901222,0.640625,1.0,0.3125
2026-04-30T22:50,13,40,0.3125,40,46,0.0,5.4466420313654265,0.9825564832467732,0.640625,1.0,0.3125
2026-04-30T23:20,13,40,0.3125,40,46,0.0,5.447371544783067,0.98226361435844,0.640625,1.0,0.3125
2026-04-30T23:50,12,40,0.3125,40,46,0.0,5.44805019118238,0.9824278401514174,0.640625,1.0,0.3125
2026-05-01T00:20,11,40,0.3125,40,46,0.0,5.448681199717365,0.9825890526270925,0.640625,1.0,0.3125
2026-05-01T00:50,12,40,0.3125,40,46,0.0,5.449267521198223,0.9827473339668462,0.640625,1.0,0.3125
2026-05-01T01:20,11,40,0.3125,40,46,0.0,5.449811861818571,0.9829027633905683,0.640625,1.0,0.3125
2026-05-01T01:50,11,40,0.3125,40,46,0.0,5.450316711373737,0.9830554172888668,0.640625,1.0,0.3125
2026-05-01T02:20,11,40,0.3125,40,46,0.0,5.4507843671057925,0.9832053693482574,0.640625,1.0,0.3125
2026-05-01T02:50,12,40,0.3125,40,46,0.0,5.451216954032089,0.9833526906697638,0.640625,1.0,0.3125
2026-05-01T03:20,12,40,0.3125,40,46,0.0,5.451853970788459,0.9830732717265062,0.640625,1.0,0.3125
2026-05-01T03:50,10,40,0.3125,40,46,0.0,5.452451351927011,0.9832191917978294,0.640625,1.0,0.3125
2026-05-01T04:20,10,40,0.3125,40,46,0.0,5.453178747667768,0.9829456902627635,0.640625,1.0,0.3125
2026-05-01T04:50,10,40,0.3125,40,46,0.0,5.4538637471505975,0.9830902183113841,0.640625,1.0,0.3125
2026-05-01T05:20,10,40,0.3125,40,46,0.0,5.4545085227182115,0.9832323173171709,0.640625,1.0,0.3125
2026-05-01T05:50,10,40,0.3125,40,46,0.0,5.4549010013453465,0.9829655439411537,0.640625,1.0,0.3125
2026-05-01T06:20,11,40,0.3125,40,46,0.0,5.4551023262738365,0.9827031800424262,0.640625,1.0,0.3125
2026-05-01T06:50,11,40,0.3125,40,46,0.0,5.455282264709792,0.9828449572551932,0.640625,1.0,0.3125
2026-05-01T07:20,12,40,0.3125,40,46,0.0,5.455441889941834,0.9829844291474273,0.640625,1.0,0.3125
2026-05-01T07:50,13,40,0.3125,40,46,0.0,5.45558221325756,0.9831216514930126,0.640625,1.0,0.3125
2026-05-01T08:20,14,40,0.3125,40,46,0.0,5.455587026194949,0.9828664343786295,0.640625,1.0,0.3125
2026-05-01T08:50,15,40,0.3125,40,46,0.0,5.455578387971018,0.9830024150581642,0.640625,1.0,0.3125
2026-05-01T10:20,17,40,0.3125,40,46,0.0,5.455556976509176,0.9831362543096747,0.640625,1.0,0.3125
2026-05-01T10:50,18,40,0.3125,40,46,0.0,5.455429354698885,0.9828869047619048,0.640625,1.0,0.3125
2026-05-01T11:20,20,40,0.3125,40,46,0.0,5.455169554210903,0.9826414210985964,0.640625,1.0,0.3125
2026-05-01T11:50,20,40,0.3125,40,46,0.0,5.454905720643337,0.9827749486286071,0.640625,1.0,0.3125
2026-05-01T12:20,21,40,0.3125,40,46,0.0,5.454638116960017,0.9829064375703735,0.640625,1.0,0.3125
2026-05-01T12:50,22,40,0.3125,40,46,0.0,5.454366992570624,0.9830359342554464,0.640625,1.0,0.3125
2026-05-01T13:20,24,40,0.3125,40,46,0.0,5.454092584090435,0.9831634836219468,0.640625,1.0,0.3125
2026-05-01T13:50,24,40,0.3125,40,46,0.0,5.453815116051717,0.9832891292665592,0.640625,1.0,0.3125
2026-05-01T14:20,24,40,0.3125,40,46,0.0,5.453534801570288,0.9834129134942143,0.640625,1.0,0.3125
2026-05-01T14:50,24,40,0.3125,40,46,0.0,5.453251842970463,0.9835348773655804,0.640625,1.0,0.3125
2026-05-01T15:20,24,40,0.3125,40,46,0.0,5.4529664323713325,0.983655060742474,0.640625,1.0,0.3125
2026-05-01T15:50,24,40,0.3125,40,46,0.0,5.452678752237112,0.9837735023312966,0.640625,1.0,0.3125
2026-05-01T16:20,24,40,0.3125,40,46,0.0,5.452388975894046,0.9838902397245967,0.640625,1.0,0.3125
2026-05-01T16:50,24,40,0.3125,40,46,0.0,5.4520972680161846,0.9840053094408495,0.640625,1.0,0.3125
2026-05-01T17:20,23,40,0.3125,40,46,0.0,5.45180378508216,0.9841187469625456,0.640625,1.0,0.3125
2026-05-01T17:50,23,40,0.3125,40,46,0.0,5.451613247360165,0.9838870622106622,0.640625,1.0,0.3125
2026-05-01T18:20,22,40,0.3125,40,46,0.0,5.451418235809824,0.983999740097301,0.640625,1.0,0.3125
2026-05-01T18:50,22,40,0.3125,40,46,0.0,5.4512189917340015,0.9841108530132922,0.640625,1.0,0.3125
2026-05-01T19:20,21,40,0.3125,40,46,0.0,5.451015744903259,0.9842204333373384,0.640625,1.0,0.3125
2026-05-01T19:50,20,40,0.3125,40,46,0.0,5.450935949267413,0.9839943996308848,0.640625,1.0,0.3125
2026-05-01T20:20,20,40,0.3125,40,46,0.0,5.450848973268646,0.9841032812660488,0.640625,1.0,0.3125
2026-05-01T20:50,19,40,0.3125,40,46,0.0,5.450755144465422,0.9842106915277647,0.640625,1.0,0.3125
2026-05-01T21:20,19,40,0.3125,40,46,0.0,5.450654775183461,0.9843166600410013,0.640625,1.0,0.3125
2026-05-01T21:50,18,40,0.3125,40,46,0.0,5.450548163345987,0.9844212156407278,0.640625,1.0,0.3125
2026-05-01T22:20,18,40,0.3125,40,46,0.0,5.450435593249838,0.984524386398074,0.640625,1.0,0.3125
2026-05-01T22:50,18,40,0.3125,40,46,0.0,5.450562617615498,0.9843052753835808,0.640625,1.0,0.3125
2026-05-01T23:20,17,40,0.3125,40,46,0.0,5.450676008791773,0.9844078552830345,0.640625,1.0,0.3125
2026-05-01T23:50,16,40,0.3125,40,46,0.0,5.451017313874756,0.9841923465616846,0.640625,1.0,0.3125
2026-05-02T00:20,16,40,0.3125,40,46,0.0,5.4513397345721115,0.9842943314225769,0.640625,1.0,0.3125
2026-05-02T00:50,15,40,0.3125,40,46,0.0,5.451644051390337,0.9843950087852528,0.640625,1.0,0.3125
2026-05-02T01:20,14,40,0.3125,40,46,0.0,5.451931004097155,0.9844944036337543,0.640625,1.0,0.3125
2026-05-02T01:50,13,40,0.3125,40,46,0.0,5.452201294561451,0.9845925403196166,0.640625,1.0,0.3125
2026-05-02T02:20,13,40,0.3125,40,46,0.0,5.452455589331057,0.9846894425817574,0.640625,1.0,0.3125
2026-05-02T02:50,12,40,0.3125,40,46,0.0,5.452694521979218,0.9847851335656213,0.640625,1.0,0.3125
2026-05-02T03:20,12,40,0.3125,40,46,0.0,5.452918695246232,0.9848796358416112,0.640625,1.0,0.3125
2026-05-02T03:50,12,40,0.3125,40,46,0.0,5.453303539741167,0.9846718573005836,0.640625,1.0,0.3125
2026-05-02T04:20,12,40,0.3125,40,46,0.0,5.453796690258747,0.9844666281895073,0.640625,1.0,0.3125
2026-05-02T04:50,11,40,0.3125,40,46,0.0,5.454268694364426,0.9845613438712785,0.640625,1.0,0.3125
2026-05-02T05:20,11,40,0.3125,40,46,0.0,5.454720332003441,0.9846549114841798,0.640625,1.0,0.3125
2026-05-02T05:50,11,40,0.3125,40,46,0.0,5.45501411347718,0.9844534934161734,0.640625,1.0,0.3125
2026-05-02T06:20,11,40,0.3125,40,46,0.0,5.455180312003147,0.9842544875405982,0.640625,1.0,0.3125
2026-05-02T06:50,11,40,0.3125,40,46,0.0,5.455334589758228,0.984348210829047,0.640625,1.0,0.3125
2026-05-02T07:20,11,40,0.3125,40,46,0.0,5.455477385805194,0.9844408249661533,0.640625,1.0,0.3125
2026-05-02T07:50,11,40,0.3125,40,46,0.0,5.45560912032063,0.9845323495251759,0.640625,1.0,0.3125
2026-05-02T08:20,12,40,0.3125,40,46,0.0,5.455655228547028,0.984337537610965,0.640625,1.0,0.3125
2026-05-02T08:50,13,40,0.3125,40,46,0.0,5.455692951085037,0.9844285984388081,0.640625,1.0,0.3125
2026-05-02T09:20,14,40,0.3125,40,46,0.0,5.455722596971605,0.984518606540318,0.640625,1.0,0.3125
2026-05-02T09:50,15,40,0.3125,40,46,0.0,5.455744462527444,0.9846075800659483,0.640625,1.0,0.3125
2026-05-02T10:20,16,40,0.3125,40,46,0.0,5.455758831998008,0.9846955367512857,0.640625,1.0,0.3125
2026-05-02T10:50,17,40,0.3125,40,46,0.0,5.455682743787119,0.9845053320663077,0.640625,1.0,0.3125
2026-05-02T11:20,17,40,0.3125,40,46,0.0,5.455493510443537,0.9843172765868095,0.640625,1.0,0.3125
2026-05-02T11:50,19,40,0.3125,40,46,0.0,5.455302088088033,0.9844053817745241,0.640625,1.0,0.3125
2026-05-02T12:20,19,40,0.3125,40,46,0.0,5.455108581062264,0.9844925025467334,0.640625,1.0,0.3125
2026-05-02T12:50,21,40,0.3125,40,46,0.0,5.45491308975011,0.9845786553103627,0.640625,1.0,0.3125
2026-05-02T13:20,21,40,0.3125,40,46,0.0,5.4547157107414606,0.9846638561097529,0.640625,1.0,0.3125
2026-05-02T13:50,22,40,0.3125,40,46,0.0,5.454516536988289,0.9847481206366224,0.640625,1.0,0.3125
2026-05-02T14:20,22,40,0.3125,40,46,0.0,5.45431565795342,0.984831464239701,0.640625,1.0,0.3125
2026-05-02T14:50,22,40,0.3125,40,46,0.0,5.454113159752387,0.9849139019340505,0.640625,1.0,0.3125
2026-05-02T15:20,22,40,0.3125,40,46,0.0,5.453909125288741,0.9849954484100826,0.640625,1.0,0.3125
2026-05-02T15:50,23,40,0.3125,40,46,0.0,5.453703634383171,0.9850761180422865,0.640625,1.0,0.3125
2026-05-02T16:20,22,40,0.3125,40,46,0.0,5.453496763896734,0.9851559248976753,0.640625,1.0,0.3125
2026-05-02T16:50,21,40,0.3125,40,46,0.0,5.453288587848522,0.9852348827439642,0.640625,1.0,0.3125
2026-05-02T17:20,20,40,0.3125,40,46,0.0,5.4531426906325535,0.9850549072384147,0.640625,1.0,0.3125
2026-05-02T17:50,20,40,0.3125,40,46,0.0,5.452994259500988,0.9851335656213704,0.640625,1.0,0.3125
2026-05-02T18:20,17,40,0.3125,40,46,0.0,5.452843397521257,0.9852114003563371,0.640625,1.0,0.3125
2026-05-02T18:50,17,40,0.3125,40,46,0.0,5.452690204060278,0.9852884243128145,0.640625,1.0,0.3125
2026-05-02T19:20,16,40,0.3125,40,46,0.0,5.452609729633881,0.985111901452101,0.640625,1.0,0.3125
2026-05-02T19:50,17,40,0.3125,40,46,0.0,5.45252550630531,0.9851886442281211,0.640625,1.0,0.3125
2026-05-02T20:20,16,40,0.3125,40,46,0.0,5.452437666504066,0.9852645998987462,0.640625,1.0,0.3125
2026-05-02T20:50,16,40,0.3125,40,46,0.0,5.45234633800798,0.9853397805115076,0.640625,1.0,0.3125
2026-05-02T21:20,16,40,0.3125,40,46,0.0,5.4522516441329225,0.9854141978693173,0.640625,1.0,0.3125
2026-05-02T21:50,16,40,0.3125,40,46,0.0,5.452314279549109,0.9852414974366194,0.640625,1.0,0.3125
2026-05-02T22:20,15,40,0.3125,40,46,0.0,5.452369780187414,0.9853156607660836,0.640625,1.0,0.3125
2026-05-02T22:50,15,40,0.3125,40,46,0.0,5.4524183916058595,0.9853890824622532,0.640625,1.0,0.3125
2026-05-02T23:20,15,40,0.3125,40,46,0.0,5.452630048481725,0.9852190846002278,0.640625,1.0,0.3125
2026-05-02T23:50,15,40,0.3125,40,46,0.0,5.4528318245195715,0.9852922574487415,0.640625,1.0,0.3125
2026-05-03T00:20,15,40,0.3125,40,46,0.0,5.453024027021858,0.9853647093824915,0.640625,1.0,0.3125
2026-05-03T00:50,15,40,0.3125,40,46,0.0,5.45320695157481,0.9854364510031656,0.640625,1.0,0.3125
2026-05-03T01:20,15,40,0.3125,40,46,0.0,5.453380882630706,0.9855074927055891,0.640625,1.0,0.3125
2026-05-03T01:50,15,40,0.3125,40,46,0.0,5.453546094052401,0.9855778446827465,0.640625,1.0,0.3125
2026-05-03T02:20,15,40,0.3125,40,46,0.0,5.453702849623233,0.9856475169306559,0.640625,1.0,0.3125
2026-05-03T02:50,14,40,0.3125,40,46,0.0,5.4538514035250945,0.9857165192531047,0.640625,1.0,0.3125
2026-05-03T03:20,14,40,0.3125,40,46,0.0,5.4539920007871965,0.9857848612662478,0.640625,1.0,0.3125
2026-05-03T03:50,14,40,0.3125,40,46,0.0,5.454354443992503,0.9853990376638461,0.640625,1.0,0.3125
2026-05-03T04:20,14,40,0.3125,40,46,0.0,5.454704562873509,0.9854682365374772,0.640625,1.0,0.3125
2026-05-03T04:50,14,40,0.3125,40,46,0.0,5.455042710119192,0.9855367825915456,0.640625,1.0,0.3125
2026-05-03T05:20,14,40,0.3125,40,46,0.0,5.455347062422688,0.9853756686460226,0.640625,1.0,0.3125
2026-05-03T05:50,14,40,0.3125,40,46,0.0,5.455640538886816,0.9854440066430038,0.640625,1.0,0.3125
2026-05-03T06:20,14,40,0.3125,40,46,0.0,5.455764745824455,0.9852848229478973,0.640625,1.0,0.3125
2026-05-03T06:50,14,40,0.3125,40,46,0.0,5.455881808202754,0.985352948767583,0.640625,1.0,0.3125
2026-05-03T07:20,14,40,0.3125,40,46,0.0,5.455991931677538,0.9854204466995296,0.640625,1.0,0.3125
2026-05-03T07:50,14,40,0.3125,40,46,0.0,5.456095314991237,0.9854873253843941,0.640625,1.0,0.3125
2026-05-03T08:20,15,40,0.3125,40,46,0.0,5.45613908945274,0.9853308513515664,0.640625,1.0,0.3125
2026-05-03T08:50,15,40,0.3125,40,46,0.0,5.456177550444238,0.9853975292999683,0.640625,1.0,0.3125
2026-05-03T09:20,15,40,0.3125,40,46,0.0,5.456210851318864,0.9854636038280228,0.640625,1.0,0.3125
2026-05-03T09:50,16,40,0.3125,40,46,0.0,5.456239140451046,0.9855290830900587,0.640625,1.0,0.3125
2026-05-03T10:20,16,40,0.3125,40,46,0.0,5.456262561435566,0.9855939750941392,0.640625,1.0,0.3125
2026-05-03T10:50,17,40,0.3125,40,46,0.0,5.456214346036671,0.9854405176704828,0.640625,1.0,0.3125
2026-05-03T11:20,17,40,0.3125,40,46,0.0,5.456162902534562,0.9855052264808362,0.640625,1.0,0.3125
2026-05-03T11:50,17,40,0.3125,40,46,0.0,5.456017087301978,0.9853535197804569,0.640625,1.0,0.3125
2026-05-03T12:20,17,40,0.3125,40,46,0.0,5.455869859964936,0.9854180417197501,0.640625,1.0,0.3125
2026-05-03T12:50,19,40,0.3125,40,46,0.0,5.455721272608486,0.9854819976771196,0.640625,1.0,0.3125
2026-05-03T13:20,18,40,0.3125,40,46,0.0,5.455571375762839,0.9855453950671759,0.640625,1.0,0.3125
2026-05-03T13:50,19,40,0.3125,40,46,0.0,5.455420218454235,0.9856082411755794,0.640625,1.0,0.3125
2026-05-03T14:20,19,40,0.3125,40,46,0.0,5.455267848253924,0.9856705431618323,0.640625,1.0,0.3125
2026-05-03T14:50,19,40,0.3125,40,46,0.0,5.45511431132532,0.9857323080619969,0.640625,1.0,0.3125
2026-05-03T15:20,19,40,0.3125,40,46,0.0,5.454959652469413,0.9857935427913446,0.640625,1.0,0.3125
2026-05-03T15:50,20,40,0.3125,40,46,0.0,5.454803915168508,0.9858542541469371,0.640625,1.0,0.3125
2026-05-03T16:20,19,40,0.3125,40,46,0.0,5.454647141628374,0.9859144488101416,0.640625,1.0,0.3125
2026-05-03T16:50,19,40,0.3125,40,46,0.0,5.454489372818855,0.9859741333490817,0.640625,1.0,0.3125
2026-05-03T17:20,20,40,0.3125,40,46,0.0,5.454375223525739,0.985827489377968,0.640625,1.0,0.3125
2026-05-03T17:50,19,40,0.3125,40,46,0.0,5.454259389395747,0.9858870377419261,0.640625,1.0,0.3125
2026-05-03T18:20,19,40,0.3125,40,46,0.0,5.45414192450481,0.9859460877932151,0.640625,1.0,0.3125
2026-05-03T18:50,19,40,0.3125,40,46,0.0,5.454022881381104,0.9860046457607433,0.640625,1.0,0.3125
2026-05-03T19:20,19,40,0.3125,40,46,0.0,5.45395360527309,0.9858603091069441,0.640625,1.0,0.3125
2026-05-03T19:50,18,40,0.3125,40,46,0.0,5.453881966394841,0.9859187375817088,0.640625,1.0,0.3125
2026-05-03T20:20,18,40,0.3125,40,46,0.0,5.453808032167315,0.9859766851636771,0.640625,1.0,0.3125
2026-05-03T20:50,18,40,0.3125,40,46,0.0,5.453731868111564,0.9860341577654652,0.640625,1.0,0.3125
2026-05-03T21:20,18,40,0.3125,40,46,0.0,5.453653537910747,0.9860911612031572,0.640625,1.0,0.3125
2026-05-03T21:50,17,40,0.3125,40,46,0.0,5.453681960041129,0.9859494065323928,0.640625,1.0,0.3125
2026-05-03T22:20,17,40,0.3125,40,46,0.0,5.453706212192538,0.9860062915261888,0.640625,1.0,0.3125
2026-05-03T22:50,16,40,0.3125,40,46,0.0,5.453726408028688,0.9860627177700348,0.640625,1.0,0.3125
2026-05-03T23:20,16,40,0.3125,40,46,0.0,5.45387056109506,0.9859227852175251,0.640625,1.0,0.3125
2026-05-03T23:50,15,40,0.3125,40,46,0.0,5.454008788813009,0.9859790940766551,0.640625,1.0,0.3125
2026-05-04T00:20,15,40,0.3125,40,46,0.0,5.454141238129672,0.9860349542596166,0.640625,1.0,0.3125
2026-05-04T00:50,15,40,0.3125,40,46,0.0,5.4542680516233375,0.9860903711077927,0.640625,1.0,0.3125
2026-05-04T01:20,14,40,0.3125,40,46,0.0,5.454389367669418,0.9861453498781176,0.640625,1.0,0.3125
2026-05-04T01:50,14,40,0.3125,40,46,0.0,5.454505320598361,0.9861998957447392,0.640625,1.0,0.3125
2026-05-04T02:20,15,40,0.3125,40,46,0.0,5.454616040845942,0.9862540138006423,0.640625,1.0,0.3125
2026-05-04T02:50,14,40,0.3125,40,46,0.0,5.454721655096426,0.9863077090592334,0.640625,1.0,0.3125
2026-05-04T03:20,13,40,0.3125,40,46,0.0,5.454953366329767,0.9861711791103458,0.640625,1.0,0.3125
2026-05-04T03:50,13,40,0.3125,40,46,0.0,5.455227241947135,0.9860357075331551,0.640625,1.0,0.3125
2026-05-04T04:20,13,40,0.3125,40,46,0.0,5.455493325727761,0.9860896237202857,0.640625,1.0,0.3125
2026-05-04T04:50,13,40,0.3125,40,46,0.0,5.4557517983762756,0.9861431251675155,0.640625,1.0,0.3125
2026-05-04T05:20,13,40,0.3125,40,46,0.0,5.45598346251681,0.986009318221261,0.640625,1.0,0.3125
2026-05-04T05:50,13,40,0.3125,40,46,0.0,5.456208167689469,0.9860627177700348,0.640625,1.0,0.3125
2026-05-04T06:20,13,40,0.3125,40,46,0.0,5.456303201362223,0.9859302340986473,0.640625,1.0,0.3125
2026-05-04T06:50,12,40,0.3125,40,46,0.0,5.456393550787457,0.9859835286664554,0.640625,1.0,0.3125
2026-05-04T07:20,12,40,0.3125,40,46,0.0,5.45647932652237,0.9860364210111103,0.640625,1.0,0.3125
2026-05-04T07:50,12,40,0.3125,40,46,0.0,5.456560636086779,0.9860889156689633,0.640625,1.0,0.3125
2026-05-04T08:20,12,40,0.3125,40,46,0.0,5.4565969635555875,0.9859583186522073,0.640625,1.0,0.3125
2026-05-04T08:50,12,40,0.3125,40,46,0.0,5.4566296919742845,0.9860107129855946,0.640625,1.0,0.3125
2026-05-04T09:20,12,40,0.3125,40,46,0.0,5.456658906687649,0.9860627177700347,0.640625,1.0,0.3125
2026-05-04T09:50,13,40,0.3125,40,46,0.0,5.456684690762492,0.9861143373338495,0.640625,1.0,0.3125
2026-05-04T10:20,13,40,0.3125,40,46,0.0,5.4567071250625725,0.9861655759414736,0.640625,1.0,0.3125
2026-05-04T10:50,13,40,0.3125,40,46,0.0,5.456671940452169,0.9860370977659355,0.640625,1.0,0.3125
2026-05-04T11:20,14,40,0.3125,40,46,0.0,5.45663447843465,0.986088243927965,0.640625,1.0,0.3125
2026-05-04T11:50,14,40,0.3125,40,46,0.0,5.456517554800918,0.9859609857829549,0.640625,1.0,0.3125
2026-05-04T12:20,14,40,0.3125,40,46,0.0,5.456399607307306,0.986012036743744,0.640625,1.0,0.3125
2026-05-04T12:50,14,40,0.3125,40,46,0.0,5.456280666484446,0.9860627177700348,0.640625,1.0,0.3125
2026-05-04T13:20,15,40,0.3125,40,46,0.0,5.456160762110159,0.986113032868338,0.640625,1.0,0.3125
2026-05-04T13:50,15,40,0.3125,40,46,0.0,5.4560399232299,0.9861629859875166,0.640625,1.0,0.3125
2026-05-04T14:20,15,40,0.3125,40,46,0.0,5.455918178176579,0.9862125810198195,0.640625,1.0,0.3125
2026-05-04T14:50,15,40,0.3125,40,46,0.0,5.455795554589749,0.9862618218018915,0.640625,1.0,0.3125
2026-05-04T15:20,15,40,0.3125,40,46,0.0,5.455672079434224,0.9863107121157638,0.640625,1.0,0.3125
2026-05-04T15:50,15,40,0.3125,40,46,0.0,5.455547779018108,0.9863592556898214,0.640625,1.0,0.3125
2026-05-04T16:20,15,40,0.3125,40,46,0.0,5.455422679010282,0.9864074561997513,0.640625,1.0,0.3125
2026-05-04T16:50,14,40,0.3125,40,46,0.0,5.455296804457359,0.9864553172694706,0.640625,1.0,0.3125
2026-05-04T17:20,14,40,0.3125,40,46,0.0,5.455203884319492,0.9863316828657008,0.640625,1.0,0.3125
2026-05-04T17:50,15,40,0.3125,40,46,0.0,5.455109754084866,0.9863794741843522,0.640625,1.0,0.3125
2026-05-04T18:20,15,40,0.3125,40,46,0.0,5.455014445742232,0.9864269324624555,0.640625,1.0,0.3125
2026-05-04T18:50,15,40,0.3125,40,46,0.0,5.454917990519242,0.9864740611691831,0.640625,1.0,0.3125
2026-05-04T19:20,15,40,0.3125,40,46,0.0,5.45485825393787,0.9863520731104493,0.640625,1.0,0.3125
2026-05-04T19:50,15,40,0.3125,40,46,0.0,5.454796883930582,0.9863991349273098,0.640625,1.0,0.3125
2026-05-04T20:20,14,40,0.3125,40,46,0.0,5.454733919525945,0.9864458732952572,0.640625,1.0,0.3125
2026-05-04T20:50,14,40,0.3125,40,46,0.0,5.4546693988345565,0.9864922915373967,0.640625,1.0,0.3125
2026-05-04T21:20,13,40,0.3125,40,46,0.0,5.454603359074023,0.9865383929314671,0.640625,1.0,0.3125
2026-05-04T21:50,14,40,0.3125,40,46,0.0,5.454616165795489,0.9864182606840647,0.640625,1.0,0.3125
2026-05-04T22:20,13,40,0.3125,40,46,0.0,5.454626232656841,0.986464300478356,0.640625,1.0,0.3125
2026-05-04T22:50,13,40,0.3125,40,46,0.0,5.454633621743381,0.9865100291929562,0.640625,1.0,0.3125
2026-05-04T23:20,13,40,0.3125,40,46,0.0,5.454740584814382,0.9863912059034011,0.640625,1.0,0.3125
2026-05-04T23:50,12,40,0.3125,40,46,0.0,5.45484359853472,0.986436872997685,0.640625,1.0,0.3125
2026-05-05T00:20,12,40,0.3125,40,46,0.0,5.454942744566668,0.9864822346264552,0.640625,1.0,0.3125
2026-05-05T00:50,12,40,0.3125,40,46,0.0,5.45503810257497,0.9865272938443671,0.640625,1.0,0.3125
2026-05-05T01:20,12,40,0.3125,40,46,0.0,5.4551297502885765,0.9865720536654822,0.640625,1.0,0.3125
2026-05-05T01:50,11,40,0.3125,40,46,0.0,5.455217763559936,0.9866165170639408,0.640625,1.0,0.3125
2026-05-05T02:20,11,40,0.3125,40,46,0.0,5.455302216422002,0.9866606869746208,0.640625,1.0,0.3125
2026-05-05T02:50,11,40,0.3125,40,46,0.0,5.455383181143025,0.9867045662937831,0.640625,1.0,0.3125
2026-05-05T03:20,11,40,0.3125,40,46,0.0,5.455549115253705,0.9865882218541155,0.640625,1.0,0.3125
2026-05-05T03:50,11,40,0.3125,40,46,0.0,5.455768551407973,0.986472637835622,0.640625,1.0,0.3125
2026-05-05T04:20,11,40,0.3125,40,46,0.0,5.455982614410865,0.9865167009045613,0.640625,1.0,0.3125
2026-05-05T04:50,11,40,0.3125,40,46,0.0,5.456191409181232,0.9865604778496764,0.640625,1.0,0.3125
2026-05-05T05:20,11,40,0.3125,40,46,0.0,5.456377921422616,0.9864461057925419,0.640625,1.0,0.3125
2026-05-05T05:50,11,40,0.3125,40,46,0.0,5.456559596804587,0.9864898280319208,0.640625,1.0,0.3125
2026-05-05T06:20,11,40,0.3125,40,46,0.0,5.456636502279612,0.9863764186562399,0.640625,1.0,0.3125
2026-05-05T06:50,11,40,0.3125,40,46,0.0,5.456710096232529,0.9864200839810596,0.640625,1.0,0.3125
2026-05-05T07:20,11,40,0.3125,40,46,0.0,5.456780444956132,0.9864634702942192,0.640625,1.0,0.3125
2026-05-05T07:50,11,40,0.3125,40,46,0.0,5.456847613200434,0.9865065802614351,0.640625,1.0,0.3125
2026-05-05T08:20,12,40,0.3125,40,46,0.0,5.456878953486091,0.9863945578231292,0.640625,1.0,0.3125
2026-05-05T08:50,12,40,0.3125,40,46,0.0,5.456907690450909,0.9864376130198915,0.640625,1.0,0.3125
2026-05-05T09:20,12,40,0.3125,40,46,0.0,5.4569338765249995,0.9864803965750338,0.640625,1.0,0.3125
2026-05-05T09:50,13,40,0.3125,40,46,0.0,5.456957562948117,0.9865229110512129,0.640625,1.0,0.3125
2026-05-05T10:20,13,40,0.3125,40,46,0.0,5.456978799803019,0.9865651589789521,0.640625,1.0,0.3125
2026-05-05T10:50,13,40,0.3125,40,46,0.0,5.456950754944784,0.9864547038327526,0.640625,1.0,0.3125
2026-05-05T11:20,14,40,0.3125,40,46,0.0,5.456921033223656,0.9864969010170742,0.640625,1.0,0.3125
2026-05-05T11:50,15,40,0.3125,40,46,0.0,5.456823712338041,0.9863873439089315,0.640625,1.0,0.3125
2026-05-05T12:20,15,40,0.3125,40,46,0.0,5.456725616383814,0.9864294883550339,0.640625,1.0,0.3125
2026-05-05T12:50,16,40,0.3125,40,46,0.0,5.456626764761796,0.9864713726502344,0.640625,1.0,0.3125
2026-05-05T13:20,16,40,0.3125,40,46,0.0,5.456527176465294,0.9865129991959259,0.640625,1.0,0.3125
2026-05-05T13:50,16,40,0.3125,40,46,0.0,5.456426870089564,0.9865543703640366,0.640625,1.0,0.3125
2026-05-05T14:20,16,40,0.3125,40,46,0.0,5.456325863841023,0.9865954884974799,0.640625,1.0,0.3125
2026-05-05T14:50,16,40,0.3125,40,46,0.0,5.4562241755462155,0.9866363559105974,0.640625,1.0,0.3125
2026-05-05T15:20,16,40,0.3125,40,46,0.0,5.456121822660542,0.9866769748895925,0.640625,1.0,0.3125
2026-05-05T15:50,16,40,0.3125,40,46,0.0,5.456018822276761,0.9867173476929574,0.640625,1.0,0.3125
2026-05-05T16:20,16,40,0.3125,40,46,0.0,5.455915191133262,0.986757476551891,0.640625,1.0,0.3125
2026-05-05T16:50,15,40,0.3125,40,46,0.0,5.455810945622128,0.9867973636707107,0.640625,1.0,0.3125
2026-05-05T17:20,15,40,0.3125,40,46,0.0,5.455732893284575,0.986690523275889,0.640625,1.0,0.3125
2026-05-05T17:50,15,40,0.3125,40,46,0.0,5.455653928696234,0.9867303720085959,0.640625,1.0,0.3125
2026-05-05T18:20,15,40,0.3125,40,46,0.0,5.455574072347135,0.9867699828384211,0.640625,1.0,0.3125
2026-05-05T18:50,14,40,0.3125,40,46,0.0,5.455493344310091,0.9868093578894972,0.640625,1.0,0.3125
2026-05-05T19:20,14,40,0.3125,40,46,0.0,5.4554411456206084,0.9867037500387722,0.640625,1.0,0.3125
2026-05-05T19:50,14,40,0.3125,40,46,0.0,5.455387748841471,0.986743088056409,0.640625,1.0,0.3125
2026-05-05T20:20,13,40,0.3125,40,46,0.0,5.45533317858208,0.9867821939913458,0.640625,1.0,0.3125
2026-05-05T20:50,13,40,0.3125,40,46,0.0,5.455277458955133,0.9868210698913712,0.640625,1.0,0.3125
2026-05-05T21:20,13,40,0.3125,40,46,0.0,5.455220613588208,0.9868597177802528,0.640625,1.0,0.3125
2026-05-05T21:50,12,40,0.3125,40,46,0.0,5.455225335243613,0.9867555066528109,0.640625,1.0,0.3125
2026-05-05T22:20,12,40,0.3125,40,46,0.0,5.455228118551346,0.9867941203360389,0.640625,1.0,0.3125
2026-05-05T22:50,11,40,0.3125,40,46,0.0,5.455229001165145,0.9868325095211085,0.640625,1.0,0.3125
2026-05-05T23:20,12,40,0.3125,40,46,0.0,5.4553129057879985,0.9867292834419027,0.640625,1.0,0.3125
2026-05-05T23:50,11,40,0.3125,40,46,0.0,5.455393990817777,0.9867676381140359,0.640625,1.0,0.3125
2026-05-06T00:20,11,40,0.3125,40,46,0.0,5.455472306307286,0.9868057717217765,0.640625,1.0,0.3125
2026-05-06T00:50,11,40,0.3125,40,46,0.0,5.455547901267506,0.9868436861708518,0.640625,1.0,0.3125
2026-05-06T01:20,10,40,0.3125,40,46,0.0,5.4556208236947805,0.9868813833451474,0.640625,1.0,0.3125
2026-05-06T01:50,10,40,0.3125,40,46,0.0,5.4556911205971055,0.9869188651070184,0.640625,1.0,0.3125
2026-05-06T02:20,10,40,0.3125,40,46,0.0,5.455758838019578,0.9869561332975967,0.640625,1.0,0.3125
2026-05-06T02:50,10,40,0.3125,40,46,0.0,5.4558240210689934,0.9869931897370922,0.640625,1.0,0.3125
2026-05-06T03:20,10,40,0.3125,40,46,0.0,5.45597723902059,0.9868918478743671,0.640625,1.0,0.3125
2026-05-06T03:50,10,40,0.3125,40,46,0.0,5.456159690517058,0.9867910785645387,0.640625,1.0,0.3125
2026-05-06T04:20,9,40,0.3125,40,46,0.0,5.456338218070779,0.9868282867939344,0.640625,1.0,0.3125
2026-05-06T04:50,9,40,0.3125,40,46,0.0,5.456512887828287,0.9868652859883335,0.640625,1.0,0.3125
2026-05-06T05:20,9,40,0.3125,40,46,0.0,5.456683764576267,0.9869020779043325,0.640625,1.0,0.3125
2026-05-06T05:50,9,40,0.3125,40,46,0.0,5.456836316999053,0.9868024059330777,0.640625,1.0,0.3125
2026-05-06T06:20,8,40,0.3125,40,46,0.0,5.456985370847499,0.9868391680335427,0.640625,1.0,0.3125
2026-05-06T06:50,8,40,0.3125,40,46,0.0,5.457047865254255,0.9867402245451028,0.640625,1.0,0.3125
2026-05-06T07:20,8,40,0.3125,40,46,0.0,5.457107933094884,0.9867769552250332,0.640625,1.0,0.3125
2026-05-06T07:50,9,40,0.3125,40,46,0.0,5.457165616364033,0.9868134829730304,0.640625,1.0,0.3125
2026-05-06T08:20,9,40,0.3125,40,46,0.0,5.457193673513593,0.9867154279571132,0.640625,1.0,0.3125
2026-05-06T08:50,10,40,0.3125,40,46,0.0,5.457219755387185,0.9867519240341541,0.640625,1.0,0.3125
2026-05-06T09:20,10,40,0.3125,40,46,0.0,5.457243896499605,0.9867882201326906,0.640625,1.0,0.3125
2026-05-06T09:50,11,40,0.3125,40,46,0.0,5.457266130685285,0.986824317891891,0.640625,1.0,0.3125
2026-05-06T10:20,11,40,0.3125,40,46,0.0,5.457286491114874,0.9868602189330575,0.640625,1.0,0.3125
2026-05-06T10:50,11,40,0.3125,40,46,0.0,5.457264663502228,0.986763369186487,0.640625,1.0,0.3125
2026-05-06T11:20,11,40,0.3125,40,46,0.0,5.457241532987488,0.9867992408147078,0.640625,1.0,0.3125
2026-05-06T11:50,12,40,0.3125,40,46,0.0,5.457158836530141,0.9867030793860062,0.640625,1.0,0.3125
2026-05-06T12:20,12,40,0.3125,40,46,0.0,5.457075526708066,0.9867389201423782,0.640625,1.0,0.3125
2026-05-06T12:50,12,40,0.3125,40,46,0.0,5.456991616697905,0.9867745682065115,0.640625,1.0,0.3125
2026-05-06T13:50,12,40,0.3125,40,46,0.0,5.456907119435383,0.9868100251282099,0.640625,1.0,0.3125
2026-05-06T14:20,12,40,0.3125,40,46,0.0,5.456822047620193,0.9868452924407014,0.640625,1.0,0.3125
2026-05-06T14:50,12,40,0.3125,40,46,0.0,5.45673641372077,0.9868803716608595,0.640625,1.0,0.3125
2026-05-06T15:20,12,40,0.3125,40,46,0.0,5.456650229978948,0.986915264289421,0.640625,1.0,0.3125
2026-05-06T15:50,13,40,0.3125,40,46,0.0,5.456563508414521,0.9869499718111998,0.640625,1.0,0.3125
2026-05-06T16:20,13,40,0.3125,40,46,0.0,5.4564762608296835,0.9869844956952971,0.640625,1.0,0.3125
2026-05-06T16:50,13,40,0.3125,40,46,0.0,5.45638849881338,0.9870188373953095,0.640625,1.0,0.3125
2026-05-06T17:20,13,40,0.3125,40,46,0.0,5.456321417024748,0.9869246286447827,0.640625,1.0,0.3125
2026-05-06T17:50,13,40,0.3125,40,46,0.0,5.456253614429058,0.9869589472047702,0.640625,1.0,0.3125
2026-05-06T18:20,12,40,0.3125,40,46,0.0,5.456185105106964,0.9869930860864331,0.640625,1.0,0.3125
2026-05-06T18:50,12,40,0.3125,40,46,0.0,5.45613813807436,0.9868996824992496,0.640625,1.0,0.3125
2026-05-06T19:50,12,40,0.3125,40,46,0.0,5.456090248315381,0.9869337979094076,0.640625,1.0,0.3125
2026-05-06T20:20,12,40,0.3125,40,46,0.0,5.456041452534102,0.9869677360966559,0.640625,1.0,0.3125
2026-05-06T20:50,12,40,0.3125,40,46,0.0,5.455991767138304,0.9870014984383745,0.640625,1.0,0.3125
2026-05-06T21:20,11,40,0.3125,40,46,0.0,5.455941208245549,0.9870350862977068,0.640625,1.0,0.3125
2026-05-06T21:50,11,40,0.3125,40,46,0.0,5.4559391119012535,0.98694277811703,0.640625,1.0,0.3125
2026-05-06T22:20,11,40,0.3125,40,46,0.0,5.45593558377327,0.9869763442401225,0.640625,1.0,0.3125
2026-05-06T22:50,10,40,0.3125,40,46,0.0,5.455930648339433,0.9870097382292504,0.640625,1.0,0.3125
2026-05-06T23:20,10,40,0.3125,40,46,0.0,5.455996241205443,0.9869182031243039,0.640625,1.0,0.3125
2026-05-06T23:50,10,40,0.3125,40,46,0.0,5.456059734814209,0.9869515750551092,0.640625,1.0,0.3125
2026-05-07T00:20,10,40,0.3125,40,46,0.0,5.456121161978467,0.9869847771542056,0.640625,1.0,0.3125
2026-05-07T00:50,10,40,0.3125,40,46,0.0,5.456180554915556,0.9870178107147279,0.640625,1.0,0.3125
2026-05-07T01:20,10,40,0.3125,40,46,0.0,5.456237945260851,0.987050677016716,0.640625,1.0,0.3125
2026-05-07T01:50,10,40,0.3125,40,46,0.0,5.456293364080826,0.9870833773272798,0.640625,1.0,0.3125
2026-05-07T02:20,10,40,0.3125,40,46,0.0,5.456346841885743,0.9871159129007627,0.640625,1.0,0.3125
2026-05-07T02:50,10,40,0.3125,40,46,0.0,5.4564759055354894,0.9870257209391907,0.640625,1.0,0.3125
2026-05-07T03:20,10,40,0.3125,40,46,0.0,5.456629799504446,0.9869359810676517,0.640625,1.0,0.3125
2026-05-07T03:50,10,40,0.3125,40,46,0.0,5.456780694347785,0.9869686411149826,0.640625,1.0,0.3125
2026-05-07T04:20,10,40,0.3125,40,46,0.0,5.456928634842923,0.9870011382693094,0.640625,1.0,0.3125
2026-05-07T04:50,9,40,0.3125,40,46,0.0,5.457073664955961,0.9870334737462513,0.640625,1.0,0.3125
2026-05-07T05:20,9,40,0.3125,40,46,0.0,5.457203361674012,0.9869446053553057,0.640625,1.0,0.3125
2026-05-07T05:50,9,40,0.3125,40,46,0.0,5.457330361680021,0.9869769206885847,0.640625,1.0,0.3125
2026-05-07T06:20,9,40,0.3125,40,46,0.0,5.457383238574968,0.9868886307910697,0.640625,1.0,0.3125
2026-05-07T06:50,9,40,0.3125,40,46,0.0,5.457434225308747,0.9869209248038996,0.640625,1.0,0.3125
2026-05-07T07:20,10,40,0.3125,40,46,0.0,5.457483350968635,0.9869530601237918,0.640625,1.0,0.3125
2026-05-07T07:50,10,40,0.3125,40,46,0.0,5.457530644125046,0.9869850379176061,0.640625,1.0,0.3125
2026-05-07T08:20,10,40,0.3125,40,46,0.0,5.457553571395802,0.986897591644446,0.640625,1.0,0.3125
2026-05-07T08:50,11,40,0.3125,40,46,0.0,5.457574962722555,0.9869295487379961,0.640625,1.0,0.3125
2026-05-07T09:20,12,40,0.3125,40,46,0.0,5.457594841914348,0.9869613503225753,0.640625,1.0,0.3125
2026-05-07T09:50,12,40,0.3125,40,46,0.0,5.457613232365448,0.9869929975305302,0.640625,1.0,0.3125
2026-05-07T10:20,12,40,0.3125,40,46,0.0,5.457630157064247,0.9870244914832407,0.640625,1.0,0.3125
2026-05-07T10:50,13,40,0.3125,40,46,0.0,5.457611638948931,0.9869380060260229,0.640625,1.0,0.3125
2026-05-07T11:20,13,40,0.3125,40,46,0.0,5.457592078700898,0.9869694807102976,0.640625,1.0,0.3125
2026-05-07T11:50,13,40,0.3125,40,46,0.0,5.457520588724094,0.9868835432859823,0.640625,1.0,0.3125
2026-05-07T12:20,14,40,0.3125,40,46,0.0,5.457448589750145,0.9869149976186298,0.640625,1.0,0.3125
2026-05-07T12:50,13,40,0.3125,40,46,0.0,5.457376091358353,0.9869463014520781,0.640625,1.0,0.3125
2026-05-07T13:20,14,40,0.3125,40,46,0.0,5.457303102972271,0.986977455863887,0.640625,1.0,0.3125
2026-05-07T13:50,14,40,0.3125,40,46,0.0,5.457229633862516,0.9870084619213539,0.640625,1.0,0.3125
2026-05-07T14:20,13,40,0.3125,40,46,0.0,5.457155693149529,0.9870393206816357,0.640625,1.0,0.3125
2026-05-07T14:50,14,40,0.3125,40,46,0.0,5.457081289806281,0.9870700331918688,0.640625,1.0,0.3125
2026-05-07T15:20,14,40,0.3125,40,46,0.0,5.45700643266092,0.9871006004892876,0.640625,1.0,0.3125
2026-05-07T15:50,14,40,0.3125,40,46,0.0,5.456931130399361,0.9871310236013411,0.640625,1.0,0.3125
2026-05-07T16:20,14,40,0.3125,40,46,0.0,5.456855391567823,0.9871613035458086,0.640625,1.0,0.3125
2026-05-07T16:50,14,40,0.3125,40,46,0.0,5.456779224575324,0.9871914413309123,0.640625,1.0,0.3125
2026-05-07T17:20,14,40,0.3125,40,46,0.0,5.456721583457809,0.9871071979371517,0.640625,1.0,0.3125
2026-05-07T17:50,13,40,0.3125,40,46,0.0,5.4566633479131825,0.9871373213064575,0.640625,1.0,0.3125
2026-05-07T18:20,13,40,0.3125,40,46,0.0,5.456604528166846,0.987167304240475,0.640625,1.0,0.3125
2026-05-07T18:50,13,40,0.3125,40,46,0.0,5.456563275401908,0.9870837047240905,0.640625,1.0,0.3125
2026-05-07T19:20,13,40,0.3125,40,46,0.0,5.456521281115116,0.9871136729265868,0.640625,1.0,0.3125
2026-05-07T19:50,13,40,0.3125,40,46,0.0,5.456478557240404,0.9871435023874049,0.640625,1.0,0.3125
2026-05-07T20:20,12,40,0.3125,40,46,0.0,5.45643511552309,0.9871731940678035,0.640625,1.0,0.3125
2026-05-07T20:50,12,40,0.3125,40,46,0.0,5.456390967523298,0.9872027489201818,0.640625,1.0,0.3125
2026-05-07T21:20,12,40,0.3125,40,46,0.0,5.456346124619348,0.9872321678881814,0.640625,1.0,0.3125
2026-05-07T21:50,12,40,0.3125,40,46,0.0,5.456341861525785,0.9871495700540229,0.640625,1.0,0.3125
2026-05-07T22:20,12,40,0.3125,40,46,0.0,5.456336488694475,0.987178976072206,0.640625,1.0,0.3125
2026-05-07T22:50,12,40,0.3125,40,46,0.0,5.456330023003318,0.9872082478163334,0.640625,1.0,0.3125
2026-05-07T23:20,11,40,0.3125,40,46,0.0,5.456385208567278,0.9871262689197019,0.640625,1.0,0.3125
2026-05-07T23:50,11,40,0.3125,40,46,0.0,5.456438760508836,0.9871555273994298,0.640625,1.0,0.3125
2026-05-08T00:20,11,40,0.3125,40,46,0.0,5.456490701556276,0.9871846531876397,0.640625,1.0,0.3125
2026-05-08T00:50,10,40,0.3125,40,46,0.0,5.456541054072417,0.9872136471849527,0.640625,1.0,0.3125
2026-05-08T01:20,10,40,0.3125,40,46,0.0,5.4565898400618895,0.9872425102838581,0.640625,1.0,0.3125
2026-05-08T01:50,9,40,0.3125,40,46,0.0,5.456637081178246,0.9872712433688043,0.640625,1.0,0.3125
2026-05-08T02:20,9,40,0.3125,40,46,0.0,5.45668279873088,0.9872998473162902,0.640625,1.0,0.3125
2026-05-08T02:50,9,40,0.3125,40,46,0.0,5.4567830779414646,0.9872189497039109,0.640625,1.0,0.3125
2026-05-08T03:20,9,40,0.3125,40,46,0.0,5.456915740296733,0.9871384140495288,0.640625,1.0,0.3125
2026-05-08T03:50,9,40,0.3125,40,46,0.0,5.457046059319016,0.9871671229467396,0.640625,1.0,0.3125
2026-05-08T04:20,8,40,0.3125,40,46,0.0,5.457174066222881,0.9871957039646756,0.640625,1.0,0.3125
2026-05-08T04:50,8,40,0.3125,40,46,0.0,5.457299791719746,0.9872241579558653,0.640625,1.0,0.3125
2026-05-08T05:20,8,40,0.3125,40,46,0.0,5.4574121761464,0.9871443250384356,0.640625,1.0,0.3125
2026-05-08T05:50,8,40,0.3125,40,46,0.0,5.457522440943314,0.9871727667972001,0.640625,1.0,0.3125
2026-05-08T06:20,9,40,0.3125,40,46,0.0,5.457567680977815,0.9870933997892486,0.640625,1.0,0.3125
2026-05-08T06:50,9,40,0.3125,40,46,0.0,5.457611428331525,0.987121828424074,0.640625,1.0,0.3125
2026-05-08T07:20,10,40,0.3125,40,46,0.0,5.457653703565652,0.9871501320978673,0.640625,1.0,0.3125
2026-05-08T07:50,11,40,0.3125,40,46,0.0,5.457694526915033,0.9871783116327403,0.640625,1.0,0.3125
2026-05-08T08:20,12,40,0.3125,40,46,0.0,5.457714543834918,0.9870996271700759,0.640625,1.0,0.3125
2026-05-08T08:50,13,40,0.3125,40,46,0.0,5.457733333979643,0.9871277939229797,0.640625,1.0,0.3125
2026-05-08T09:20,14,40,0.3125,40,46,0.0,5.457750914376152,0.9871558379449339,0.640625,1.0,0.3125
2026-05-08T09:50,15,40,0.3125,40,46,0.0,5.457767301786011,0.987183760036358,0.640625,1.0,0.3125
2026-05-08T10:20,16,40,0.3125,40,46,0.0,5.457751496101555,0.9871057464835571,0.640625,1.0,0.3125
2026-05-08T10:50,16,40,0.3125,40,46,0.0,5.457734841113694,0.9871336561232031,0.640625,1.0,0.3125
2026-05-08T11:20,16,40,0.3125,40,46,0.0,5.457717348774169,0.9871614452028507,0.640625,1.0,0.3125
2026-05-08T11:50,17,40,0.3125,40,46,0.0,5.457654011021402,0.987083984140334,0.640625,1.0,0.3125
2026-05-08T12:20,17,40,0.3125,40,46,0.0,5.4575902562526935,0.9871117605185269,0.640625,1.0,0.3125
2026-05-08T12:50,17,40,0.3125,40,46,0.0,5.457526091465783,0.9871394176847962,0.640625,1.0,0.3125
2026-05-08T13:20,17,40,0.3125,40,46,0.0,5.457461523556357,0.9871669564049572,0.640625,1.0,0.3125
2026-05-08T13:50,17,40,0.3125,40,46,0.0,5.457396559319716,0.98719437743828,0.640625,1.0,0.3125
2026-05-08T14:20,18,40,0.3125,40,46,0.0,5.457331205452396,0.9872216815375586,0.640625,1.0,0.3125
2026-05-08T14:50,18,40,0.3125,40,46,0.0,5.457265468553771,0.9872488694491809,0.640625,1.0,0.3125
2026-05-08T15:20,18,40,0.3125,40,46,0.0,5.457199355127614,0.9872759419131953,0.640625,1.0,0.3125
2026-05-08T15:50,18,40,0.3125,40,46,0.0,5.457132871583643,0.9873028996633793,0.640625,1.0,0.3125
2026-05-08T16:20,18,40,0.3125,40,46,0.0,5.457066024239028,0.9873297434273045,0.640625,1.0,0.3125
2026-05-08T16:50,18,40,0.3125,40,46,0.0,5.456998819319873,0.987356473926403,0.640625,1.0,0.3125
2026-05-08T17:20,18,40,0.3125,40,46,0.0,5.4569479798776985,0.9872803961122317,0.640625,1.0,0.3125
2026-05-08T17:50,18,40,0.3125,40,46,0.0,5.456896649879483,0.9873071179691388,0.640625,1.0,0.3125
2026-05-08T19:20,16,40,0.3125,40,46,0.0,5.4568592697907246,0.987231462611122,0.640625,1.0,0.3125
2026-05-08T19:50,15,40,0.3125,40,46,0.0,5.456821286784338,0.9872581750324377,0.640625,1.0,0.3125
2026-05-08T20:20,15,40,0.3125,40,46,0.0,5.456782709611725,0.9872847759196351,0.640625,1.0,0.3125
2026-05-08T20:50,14,40,0.3125,40,46,0.0,5.456743546899593,0.9873112659698026,0.640625,1.0,0.3125
2026-05-08T21:20,13,40,0.3125,40,46,0.0,5.4567038071519995,0.9873376458742312,0.640625,1.0,0.3125
2026-05-08T21:50,13,40,0.3125,40,46,0.0,5.456698627580823,0.9872627119869303,0.640625,1.0,0.3125
2026-05-08T22:20,13,40,0.3125,40,46,0.0,5.4566925526281755,0.9872890831836447,0.640625,1.0,0.3125
2026-05-08T22:50,12,40,0.3125,40,46,0.0,5.456685594591566,0.9873153454084719,0.640625,1.0,0.3125
2026-05-08T23:20,13,40,0.3125,40,46,0.0,5.456733172097894,0.9872409210100938,0.640625,1.0,0.3125
2026-05-08T23:50,12,40,0.3125,40,46,0.0,5.456779432831625,0.9872671742590441,0.640625,1.0,0.3125
2026-05-09T00:20,12,40,0.3125,40,46,0.0,5.456824393354765,0.9872933196917771,0.640625,1.0,0.3125
2026-05-09T00:50,10,40,0.3125,40,46,0.0,5.456868069989544,0.9873193579710973,0.640625,1.0,0.3125
2026-05-09T01:20,10,40,0.3125,40,46,0.0,5.456910478822709,0.9873452897543874,0.640625,1.0,0.3125
2026-05-09T01:50,10,40,0.3125,40,46,0.0,5.456951635709706,0.9873711156936642,0.640625,1.0,0.3125
2026-05-09T02:20,11,40,0.3125,40,46,0.0,5.456991556278792,0.9873968364356323,0.640625,1.0,0.3125
2026-05-09T02:50,11,40,0.3125,40,46,0.0,5.45709017526355,0.9873233052888021,0.640625,1.0,0.3125
2026-05-09T03:20,10,40,0.3125,40,46,0.0,5.4572062352238575,0.9872500724427702,0.640625,1.0,0.3125
2026-05-09T03:50,10,40,0.3125,40,46,0.0,5.457320406769914,0.9872758820127241,0.640625,1.0,0.3125
2026-05-09T04:20,10,40,0.3125,40,46,0.0,5.45743271269183,0.9873015873015873,0.640625,1.0,0.3125
2026-05-09T04:50,10,40,0.3125,40,46,0.0,5.4575431754479435,0.9873271889400922,0.640625,1.0,0.3125
2026-05-09T05:20,9,40,0.3125,40,46,0.0,5.457641453154713,0.9872545376790359,0.640625,1.0,0.3125
2026-05-09T05:50,10,40,0.3125,40,46,0.0,5.457738017914833,0.9872801309768692,0.640625,1.0,0.3125
2026-05-09T06:20,10,40,0.3125,40,46,0.0,5.4577768622896485,0.9872078652077674,0.640625,1.0,0.3125
2026-05-09T06:50,11,40,0.3125,40,46,0.0,5.4578144950282645,0.9872334494773519,0.640625,1.0,0.3125
2026-05-09T07:20,11,40,0.3125,40,46,0.0,5.457850931298766,0.9872589316141236,0.640625,1.0,0.3125
2026-05-09T07:50,12,40,0.3125,40,46,0.0,5.457886186051019,0.9872843122284382,0.640625,1.0,0.3125
2026-05-09T08:20,13,40,0.3125,40,46,0.0,5.457903579969274,0.9872126128247933,0.640625,1.0,0.3125
2026-05-09T08:50,14,40,0.3125,40,46,0.0,5.457919967044399,0.9872379846247441,0.640625,1.0,0.3125
2026-05-09T09:20,15,40,0.3125,40,46,0.0,5.457935359979303,0.9872632559423189,0.640625,1.0,0.3125
2026-05-09T09:50,16,40,0.3125,40,46,0.0,5.457949771297196,0.987288427373263,0.640625,1.0,0.3125
2026-05-09T10:20,16,40,0.3125,40,46,0.0,5.45793540299127,0.9872172855287302,0.640625,1.0,0.3125
2026-05-09T10:50,17,40,0.3125,40,46,0.0,5.457920330991599,0.9872424483524925,0.640625,1.0,0.3125
2026-05-09T11:20,18,40,0.3125,40,46,0.0,5.457904564305397,0.9872675123046487,0.640625,1.0,0.3125
2026-05-09T11:50,18,40,0.3125,40,46,0.0,5.457847657871402,0.9871968299514927,0.640625,1.0,0.3125
2026-05-09T12:20,18,40,0.3125,40,46,0.0,5.457790399192868,0.9872218850787892,0.640625,1.0,0.3125
2026-05-09T12:50,19,40,0.3125,40,46,0.0,5.457732793616149,0.9872468423344947,0.640625,1.0,0.3125
2026-05-09T13:20,19,40,0.3125,40,46,0.0,5.457674846416642,0.9872717022909576,0.640625,1.0,0.3125
2026-05-09T13:50,19,40,0.3125,40,46,0.0,5.457616562799848,0.9872964655160726,0.640625,1.0,0.3125
2026-05-09T14:20,20,40,0.3125,40,46,0.0,5.457557947902397,0.987321132573323,0.640625,1.0,0.3125
2026-05-09T14:50,20,40,0.3125,40,46,0.0,5.457499006793069,0.9873457040218243,0.640625,1.0,0.3125
2026-05-09T15:20,19,40,0.3125,40,46,0.0,5.457439744473791,0.9873701804163661,0.640625,1.0,0.3125
2026-05-09T15:50,20,40,0.3125,40,46,0.0,5.457380165880618,0.9873945623074543,0.640625,1.0,0.3125
2026-05-09T16:20,20,40,0.3125,40,46,0.0,5.457320275884699,0.9874188502413515,0.640625,1.0,0.3125
2026-05-09T16:50,19,40,0.3125,40,46,0.0,5.457260079293227,0.987443044760118,0.640625,1.0,0.3125
2026-05-09T17:20,18,40,0.3125,40,46,0.0,5.457215221925082,0.987373517826212,0.640625,1.0,0.3125
2026-05-09T17:50,18,40,0.3125,40,46,0.0,5.457169943313232,0.9873977064893802,0.640625,1.0,0.3125
2026-05-09T18:20,18,40,0.3125,40,46,0.0,5.457124249316962,0.9874218026528804,0.640625,1.0,0.3125
2026-05-09T18:50,17,40,0.3125,40,46,0.0,5.457078145719289,0.9874458068462909,0.640625,1.0,0.3125
2026-05-09T19:20,17,40,0.3125,40,46,0.0,5.457044166516334,0.9873768043802885,0.640625,1.0,0.3125
2026-05-09T19:50,16,40,0.3125,40,46,0.0,5.457009688454026,0.9874008028510485,0.640625,1.0,0.3125
2026-05-09T20:20,15,40,0.3125,40,46,0.0,5.456974718113547,0.987424710246018,0.640625,1.0,0.3125
2026-05-09T20:50,15,40,0.3125,40,46,0.0,5.456939261990823,0.9874485270826733,0.640625,1.0,0.3125
2026-05-09T21:20,14,40,0.3125,40,46,0.0,5.4569033264977955,0.9874722538745775,0.640625,1.0,0.3125
2026-05-09T21:50,14,40,0.3125,40,46,0.0,5.456897769335557,0.9874038524751824,0.640625,1.0,0.3125
2026-05-09T22:20,14,40,0.3125,40,46,0.0,5.456891478780794,0.9874275740336095,0.640625,1.0,0.3125
2026-05-09T22:50,13,40,0.3125,40,46,0.0,5.456884463989556,0.9874512064132456,0.640625,1.0,0.3125
2026-05-09T23:20,13,40,0.3125,40,46,0.0,5.4569264741172265,0.9873832295010165,0.640625,1.0,0.3125
2026-05-09T23:50,13,40,0.3125,40,46,0.0,5.456967404354419,0.9874068564120634,0.640625,1.0,0.3125
2026-05-10T00:20,12,40,0.3125,40,46,0.0,5.457007267055712,0.9874303949982091,0.640625,1.0,0.3125
2026-05-10T00:50,12,40,0.3125,40,46,0.0,5.4570460744133715,0.9874538457538093,0.640625,1.0,0.3125
2026-05-10T01:20,11,40,0.3125,40,46,0.0,5.457083838459978,0.9874772091695379,0.640625,1.0,0.3125
2026-05-10T01:50,11,40,0.3125,40,46,0.0,5.457120571071,0.9875004857324198,0.640625,1.0,0.3125
2026-05-10T02:20,10,40,0.3125,40,46,0.0,5.45715628396732,0.9875236759258661,0.640625,1.0,0.3125
2026-05-10T02:50,10,40,0.3125,40,46,0.0,5.457244841242511,0.9874564459930315,0.640625,1.0,0.3125
2026-05-10T03:20,9,40,0.3125,40,46,0.0,5.4573488561974575,0.9873894645996896,0.640625,1.0,0.3125
2026-05-10T03:50,10,40,0.3125,40,46,0.0,5.457451316925568,0.9874127312701698,0.640625,1.0,0.3125
2026-05-10T04:20,10,40,0.3125,40,46,0.0,5.457552240517636,0.9874359122438896,0.640625,1.0,0.3125
2026-05-10T04:50,10,40,0.3125,40,46,0.0,5.457651643838075,0.9874590079934412,0.640625,1.0,0.3125
2026-05-10T05:20,10,40,0.3125,40,46,0.0,5.457739865664539,0.9873925135057378,0.640625,1.0,0.3125
2026-05-10T05:50,10,40,0.3125,40,46,0.0,5.457826673836977,0.9874156041403427,0.640625,1.0,0.3125
2026-05-10T06:20,10,40,0.3125,40,46,0.0,5.457912083859937,0.9874386103484956,0.640625,1.0,0.3125
2026-05-10T06:50,10,40,0.3125,40,46,0.0,5.457945944586406,0.9873725171036902,0.640625,1.0,0.3125
2026-05-10T07:20,10,40,0.3125,40,46,0.0,5.457978812158839,0.9873955179832828,0.640625,1.0,0.3125
2026-05-10T07:50,10,40,0.3125,40,46,0.0,5.458010697906845,0.9874184352233132,0.640625,1.0,0.3125
2026-05-10T08:20,11,40,0.3125,40,46,0.0,5.458026555397686,0.9873527384483075,0.640625,1.0,0.3125
2026-05-10T08:50,11,40,0.3125,40,46,0.0,5.4580415730965495,0.9873756501540171,0.640625,1.0,0.3125
2026-05-10T09:20,12,40,0.3125,40,46,0.0,5.458055760679345,0.9873984789964149,0.640625,1.0,0.3125
2026-05-10T09:50,12,40,0.3125,40,46,0.0,5.458069127696977,0.9874212254242192,0.640625,1.0,0.3125
2026-05-10T10:20,12,40,0.3125,40,46,0.0,5.4580816835773245,0.9874438898829143,0.640625,1.0,0.3125
2026-05-10T10:50,12,40,0.3125,40,46,0.0,5.458068242543555,0.9873787381244831,0.640625,1.0,0.3125
2026-05-10T11:20,12,40,0.3125,40,46,0.0,5.458054217996325,0.9874013974815307,0.640625,1.0,0.3125
2026-05-10T11:50,12,40,0.3125,40,46,0.0,5.458002664681745,0.9873365553932036,0.640625,1.0,0.3125
2026-05-10T12:20,12,40,0.3125,40,46,0.0,5.457950812892883,0.9873592091402641,0.640625,1.0,0.3125
2026-05-10T12:50,12,40,0.3125,40,46,0.0,5.457898666753899,0.9873817819810851,0.640625,1.0,0.3125
2026-05-10T13:20,12,40,0.3125,40,46,0.0,5.457846230338913,0.9874042743483202,0.640625,1.0,0.3125
2026-05-10T13:50,12,40,0.3125,40,46,0.0,5.457793507672692,0.9874266866715439,0.640625,1.0,0.3125
2026-05-10T14:20,12,40,0.3125,40,46,0.0,5.457740502731312,0.9874490193772782,0.640625,1.0,0.3125
2026-05-10T14:50,12,40,0.3125,40,46,0.0,5.457687219442811,0.9874712728890207,0.640625,1.0,0.3125
2026-05-10T15:20,12,40,0.3125,40,46,0.0,5.457633661687849,0.9874934476272702,0.640625,1.0,0.3125
2026-05-10T15:50,12,40,0.3125,40,46,0.0,5.457579833300337,0.9875155440095541,0.640625,1.0,0.3125
2026-05-10T16:20,12,40,0.3125,40,46,0.0,5.457525738068062,0.9875375624504544,0.640625,1.0,0.3125
2026-05-10T16:50,12,40,0.3125,40,46,0.0,5.457471379733309,0.9875595033616332,0.640625,1.0,0.3125
2026-05-10T17:20,12,40,0.3125,40,46,0.0,5.457430854902821,0.9874956369448202,0.640625,1.0,0.3125
2026-05-10T17:50,13,40,0.3125,40,46,0.0,5.4573899718337975,0.9875175744238643,0.640625,1.0,0.3125
2026-05-10T18:20,12,40,0.3125,40,46,0.0,5.4573487350737775,0.9875394350641028,0.640625,1.0,0.3125
2026-05-10T18:50,12,40,0.3125,40,46,0.0,5.457317973275028,0.9874759386954508,0.640625,1.0,0.3125
2026-05-10T19:20,12,40,0.3125,40,46,0.0,5.457286786835274,0.9874977956959823,0.640625,1.0,0.3125
2026-05-10T19:50,12,40,0.3125,40,46,0.0,5.4572551808864835,0.9875195765397176,0.640625,1.0,0.3125
2026-05-10T20:20,11,40,0.3125,40,46,0.0,5.457223160499586,0.9875412816239962,0.640625,1.0,0.3125
2026-05-10T20:50,11,40,0.3125,40,46,0.0,5.457190730685329,0.987562911343399,0.640625,1.0,0.3125
2026-05-10T21:20,10,40,0.3125,40,46,0.0,5.457157896395093,0.987584466089771,0.640625,1.0,0.3125
2026-05-10T21:50,9,40,0.3125,40,46,0.0,5.457151557158583,0.9875215509446246,0.640625,1.0,0.3125
2026-05-10T22:20,9,40,0.3125,40,46,0.0,5.45714461084583,0.9875431026701088,0.640625,1.0,0.3125
2026-05-10T22:50,8,40,0.3125,40,46,0.0,5.457137064406199,0.9875645800792984,0.640625,1.0,0.3125
2026-05-10T23:20,8,40,0.3125,40,46,0.0,5.457173892555482,0.9875020240244203,0.640625,1.0,0.3125
2026-05-10T23:50,7,40,0.3125,40,46,0.0,5.457209824428044,0.9875234982099453,0.640625,1.0,0.3125
2026-05-11T00:20,7,40,0.3125,40,46,0.0,5.457244869429325,0.9875448987275955,0.640625,1.0,0.3125
2026-05-11T00:50,7,40,0.3125,40,46,0.0,5.457279036851773,0.9875662259558017,0.640625,1.0,0.3125
2026-05-11T01:20,6,40,0.3125,40,46,0.0,5.457312335876511,0.9875874802704072,0.640625,1.0,0.3125
2026-05-11T01:50,6,40,0.3125,40,46,0.0,5.457344775574979,0.9876086620446898,0.640625,1.0,0.3125
2026-05-11T02:20,6,40,0.3125,40,46,0.0,5.457376364910542,0.9876297716493836,0.640625,1.0,0.3125
2026-05-11T02:50,6,40,0.3125,40,46,0.0,5.457407112740067,0.987650809452701,0.640625,1.0,0.3125
2026-05-11T03:20,5,40,0.3125,40,46,0.0,5.4574856398048635,0.9875889566559989,0.640625,1.0,0.3125
2026-05-11T03:50,5,40,0.3125,40,46,0.0,5.4575782567110505,0.9875273135297937,0.640625,1.0,0.3125
2026-05-11T04:20,5,40,0.3125,40,46,0.0,5.457669587335184,0.9875484179062238,0.640625,1.0,0.3125
2026-05-11T04:50,5,40,0.3125,40,46,0.0,5.4577596446420715,0.9875694509840851,0.640625,1.0,0.3125
2026-05-11T05:20,5,40,0.3125,40,46,0.0,5.457848441439498,0.9875904131240782,0.640625,1.0,0.3125
2026-05-11T05:50,6,40,0.3125,40,46,0.0,5.457927410568438,0.987529182651134,0.640625,1.0,0.3125
2026-05-11T06:20,7,40,0.3125,40,46,0.0,5.4580052041581935,0.9875501420080228,0.640625,1.0,0.3125
2026-05-11T06:50,8,40,0.3125,40,46,0.0,5.458036500543982,0.9874891845754508,0.640625,1.0,0.3125
2026-05-11T07:20,8,40,0.3125,40,46,0.0,5.458066955501641,0.9875101407151904,0.640625,1.0,0.3125
2026-05-11T07:50,9,40,0.3125,40,46,0.0,5.458096577858354,0.987531026767506,0.640625,1.0,0.3125
2026-05-11T08:20,10,40,0.3125,40,46,0.0,5.458111881650467,0.9874704065428445,0.640625,1.0,0.3125
2026-05-11T08:50,10,40,0.3125,40,46,0.0,5.458126469102361,0.9874912891986063,0.640625,1.0,0.3125
2026-05-11T09:20,10,40,0.3125,40,46,0.0,5.458140347801802,0.9875121023613375,0.640625,1.0,0.3125
2026-05-11T09:50,9,40,0.3125,40,46,0.0,5.458153525246323,0.9875328463773485,0.640625,1.0,0.3125
2026-05-11T10:20,9,40,0.3125,40,46,0.0,5.458166008844538,0.987553521590653,0.640625,1.0,0.3125
2026-05-11T10:50,10,40,0.3125,40,46,0.0,5.458154638506741,0.9874933659459586,0.640625,1.0,0.3125
2026-05-11T11:20,10,40,0.3125,40,46,0.0,5.458142766026248,0.9875140380683619,0.640625,1.0,0.3125
2026-05-11T11:50,10,40,0.3125,40,46,0.0,5.458095960951883,0.9874541461114753,0.640625,1.0,0.3125
2026-05-11T12:20,10,40,0.3125,40,46,0.0,5.4580488978196575,0.9874748147340264,0.640625,1.0,0.3125
2026-05-11T12:50,9,40,0.3125,40,46,0.0,5.458001579893908,0.9874954153676874,0.640625,1.0,0.3125
2026-05-11T13:20,8,40,0.3125,40,46,0.0,5.457954010402495,0.9875159483473791,0.640625,1.0,0.3125
2026-05-11T13:50,9,40,0.3125,40,46,0.0,5.45790619253726,0.987536414005826,0.640625,1.0,0.3125
2026-05-11T14:20,10,40,0.3125,40,46,0.0,5.457858129454483,0.9875568126735743,0.640625,1.0,0.3125
2026-05-11T14:50,10,40,0.3125,40,46,0.0,5.4578098242753095,0.9875771446790097,0.640625,1.0,0.3125
2026-05-11T15:20,10,40,0.3125,40,46,0.0,5.457761280086205,0.987597410348375,0.640625,1.0,0.3125
2026-05-11T15:50,10,40,0.3125,40,46,0.0,5.457712499939374,0.9876176100057881,0.640625,1.0,0.3125
2026-05-11T16:20,11,40,0.3125,40,46,0.0,5.457663486853188,0.9876377439732584,0.640625,1.0,0.3125
2026-05-11T16:50,12,40,0.3125,40,46,0.0,5.457614243812605,0.9876578125707044,0.640625,1.0,0.3125
2026-05-11T17:20,11,40,0.3125,40,46,0.0,5.457577181587305,0.9875987553577781,0.640625,1.0,0.3125
2026-05-11T17:50,11,40,0.3125,40,46,0.0,5.457539812002738,0.9876188220966814,0.640625,1.0,0.3125
2026-05-11T18:20,12,40,0.3125,40,46,0.0,5.457502138649712,0.9876388239995946,0.640625,1.0,0.3125
2026-05-11T18:50,12,40,0.3125,40,46,0.0,5.45747316658603,0.9875800831741036,0.640625,1.0,0.3125
2026-05-11T19:20,11,40,0.3125,40,46,0.0,5.457443836533744,0.9876000830401679,0.640625,1.0,0.3125
2026-05-11T19:50,11,40,0.3125,40,46,0.0,5.457414152493831,0.9876200185979811,0.640625,1.0,0.3125
2026-05-11T20:20,10,40,0.3125,40,46,0.0,5.457384118423378,0.9876398901572139,0.640625,1.0,0.3125
2026-05-11T20:50,10,40,0.3125,40,46,0.0,5.45735373823615,0.9876596980255516,0.640625,1.0,0.3125
2026-05-11T21:20,9,40,0.3125,40,46,0.0,5.45732301580313,0.9876794425087108,0.640625,1.0,0.3125
2026-05-11T21:50,9,40,0.3125,40,46,0.0,5.4573157097419305,0.9876211998085294,0.640625,1.0,0.3125
2026-05-11T22:20,9,40,0.3125,40,46,0.0,5.457307896409651,0.9876409427115461,0.640625,1.0,0.3125
2026-05-11T22:50,8,40,0.3125,40,46,0.0,5.457299581175317,0.9876606227390755,0.640625,1.0,0.3125
2026-05-11T23:20,8,40,0.3125,40,46,0.0,5.457331787070907,0.9876026877461599,0.640625,1.0,0.3125
2026-05-11T23:50,8,40,0.3125,40,46,0.0,5.457363240641193,0.9876223660195786,0.640625,1.0,0.3125
2026-05-12T00:20,7,40,0.3125,40,46,0.0,5.457393949182276,0.9876419819212909,0.640625,1.0,0.3125
2026-05-12T00:50,7,40,0.3125,40,46,0.0,5.457423919909499,0.9876615357473648,0.640625,1.0,0.3125
2026-05-12T01:20,7,40,0.3125,40,46,0.0,5.457453159958552,0.9876810277919977,0.640625,1.0,0.3125
2026-05-12T01:50,7,40,0.3125,40,46,0.0,5.457481676386541,0.9877004583475308,0.640625,1.0,0.3125
2026-05-12T02:20,5,40,0.3125,40,46,0.0,5.4575094761730565,0.9877198277044639,0.640625,1.0,0.3125
2026-05-12T02:50,6,40,0.3125,40,46,0.0,5.457581154917235,0.987662437271273,0.640625,1.0,0.3125
2026-05-12T03:20,5,40,0.3125,40,46,0.0,5.45766586196896,0.9876052270278254,0.640625,1.0,0.3125
2026-05-12T03:50,5,40,0.3125,40,46,0.0,5.4577494727691604,0.9876246545716689,0.640625,1.0,0.3125
2026-05-12T04:20,5,40,0.3125,40,46,0.0,5.457831997552756,0.9876440213094285,0.640625,1.0,0.3125
2026-05-12T04:50,5,40,0.3125,40,46,0.0,5.45791344643996,0.9876633275261323,0.640625,1.0,0.3125
2026-05-12T05:20,5,40,0.3125,40,46,0.0,5.457993829437888,0.9876825735050307,0.640625,1.0,0.3125
2026-05-12T05:50,5,40,0.3125,40,46,0.0,5.458065628595056,0.9876257774593767,0.640625,1.0,0.3125
2026-05-12T06:20,5,40,0.3125,40,46,0.0,5.458136430093386,0.9876450219734367,0.640625,1.0,0.3125
2026-05-12T06:50,6,40,0.3125,40,46,0.0,5.458164908463046,0.9875884606228494,0.640625,1.0,0.3125
2026-05-12T07:20,8,40,0.3125,40,46,0.0,5.458192669281238,0.9876077033195582,0.640625,1.0,0.3125
2026-05-12T07:50,9,40,0.3125,40,46,0.0,5.458219719513894,0.9876268864413545,0.640625,1.0,0.3125
2026-05-12T08:20,10,40,0.3125,40,46,0.0,5.458233854649835,0.987570615383787,0.640625,1.0,0.3125
2026-05-12T08:50,11,40,0.3125,40,46,0.0,5.458247375883106,0.987589796532886,0.640625,1.0,0.3125
2026-05-12T09:20,12,40,0.3125,40,46,0.0,5.458260289230424,0.9876089185721266,0.640625,1.0,0.3125
2026-05-12T09:50,12,40,0.3125,40,46,0.0,5.4582726006423465,0.9876279817743233,0.640625,1.0,0.3125
2026-05-12T10:20,13,40,0.3125,40,46,0.0,5.458284316004155,0.9876469864106147,0.640625,1.0,0.3125
2026-05-12T10:50,14,40,0.3125,40,46,0.0,5.458274268840785,0.9875911160513884,0.640625,1.0,0.3125
2026-05-12T11:20,14,40,0.3125,40,46,0.0,5.458263787054202,0.9876101189364552,0.640625,1.0,0.3125
2026-05-12T11:50,14,40,0.3125,40,46,0.0,5.458221008753202,0.9875544758068814,0.640625,1.0,0.3125
2026-05-12T12:20,15,40,0.3125,40,46,0.0,5.458178004687373,0.9875734766071762,0.640625,1.0,0.3125
2026-05-12T12:50,16,40,0.3125,40,46,0.0,5.458134777488214,0.9875924194782016,0.640625,1.0,0.3125
2026-05-12T13:20,15,40,0.3125,40,46,0.0,5.458091329759976,0.9876113046844753,0.640625,1.0,0.3125
2026-05-12T13:50,15,40,0.3125,40,46,0.0,5.4580476640799835,0.9876301324889062,0.640625,1.0,0.3125
2026-05-12T14:20,15,40,0.3125,40,46,0.0,5.458003782998944,0.9876489031528077,0.640625,1.0,0.3125
2026-05-12T14:50,17,40,0.3125,40,46,0.0,5.457959689041255,0.9876676169359095,0.640625,1.0,0.3125
2026-05-12T15:20,16,40,0.3125,40,46,0.0,5.457915384705313,0.9876862740963696,0.640625,1.0,0.3125
2026-05-12T15:50,16,40,0.3125,40,46,0.0,5.457870872463807,0.987704874890786,0.640625,1.0,0.3125
2026-05-12T16:20,15,40,0.3125,40,46,0.0,5.457826154764016,0.9877234195742086,0.640625,1.0,0.3125
2026-05-12T16:50,16,40,0.3125,40,46,0.0,5.457781234028104,0.987741908400151,0.640625,1.0,0.3125
2026-05-12T17:20,15,40,0.3125,40,46,0.0,5.457747351319777,0.9876869875036022,0.640625,1.0,0.3125
2026-05-12T17:50,15,40,0.3125,40,46,0.0,5.457713200246406,0.9877054755103535,0.640625,1.0,0.3125
2026-05-12T18:20,15,40,0.3125,40,46,0.0,5.457678783707183,0.9877239080808028,0.640625,1.0,0.3125
2026-05-12T18:50,13,40,0.3125,40,46,0.0,5.45765167733776,0.9876692607815728,0.640625,1.0,0.3125
2026-05-12T19:20,13,40,0.3125,40,46,0.0,5.4576242633618195,0.9876876923798066,0.640625,1.0,0.3125
2026-05-12T19:50,14,40,0.3125,40,46,0.0,5.45759654497283,0.9877060689583442,0.640625,1.0,0.3125
2026-05-12T20:20,14,40,0.3125,40,46,0.0,5.457568525331756,0.9877243907631753,0.640625,1.0,0.3125
2026-05-12T20:50,14,40,0.3125,40,46,0.0,5.457540207567441,0.9877426580388253,0.640625,1.0,0.3125
2026-05-12T21:20,13,40,0.3125,40,46,0.0,5.457511594776985,0.9877608710283664,0.640625,1.0,0.3125
2026-05-12T21:50,13,40,0.3125,40,46,0.0,5.457503903026388,0.9877066553624416,0.640625,1.0,0.3125
2026-05-12T22:20,13,40,0.3125,40,46,0.0,5.457495779518697,0.9877248677248677,0.640625,1.0,0.3125
2026-05-12T22:50,13,40,0.3125,40,46,0.0,5.457487228500885,0.9877430262045646,0.640625,1.0,0.3125
2026-05-12T23:20,13,40,0.3125,40,46,0.0,5.4575159504310085,0.9876890771439895,0.640625,1.0,0.3125
2026-05-12T23:50,12,40,0.3125,40,46,0.0,5.457544030394717,0.9877072348473168,0.640625,1.0,0.3125
2026-05-13T00:20,12,40,0.3125,40,46,0.0,5.4575714741778185,0.9877253390669821,0.640625,1.0,0.3125
2026-05-13T00:50,11,40,0.3125,40,46,0.0,5.457598287506742,0.9877433900389424,0.640625,1.0,0.3125
2026-05-13T01:20,11,40,0.3125,40,46,0.0,5.457624476049299,0.9877613879977692,0.640625,1.0,0.3125
2026-05-13T01:50,10,40,0.3125,40,46,0.0,5.4576500454154075,0.9877793331766581,0.640625,1.0,0.3125
2026-05-13T02:20,9,40,0.3125,40,46,0.0,5.4576750011578214,0.987797225807439,0.640625,1.0,0.3125
2026-05-13T02:50,9,40,0.3125,40,46,0.0,5.457740207272967,0.9877437496179472,0.640625,1.0,0.3125
2026-05-13T03:20,9,40,0.3125,40,46,0.0,5.45781728967243,0.9876904295633154,0.640625,1.0,0.3125
2026-05-13T03:50,10,40,0.3125,40,46,0.0,5.457893434873288,0.9877083735435438,0.640625,1.0,0.3125
2026-05-13T04:20,10,40,0.3125,40,46,0.0,5.457968651010698,0.9877262652851106,0.640625,1.0,0.3125
2026-05-13T04:50,10,40,0.3125,40,46,0.0,5.458042946135201,0.9877441050158009,0.640625,1.0,0.3125
2026-05-13T05:20,10,40,0.3125,40,46,0.0,5.458109468440995,0.987691093995742,0.640625,1.0,0.3125
2026-05-13T05:50,10,40,0.3125,40,46,0.0,5.458175126806989,0.987708932989951,0.640625,1.0,0.3125
2026-05-13T06:20,10,40,0.3125,40,46,0.0,5.458201678310075,0.9876561263028385,0.640625,1.0,0.3125
2026-05-13T06:50,11,40,0.3125,40,46,0.0,5.4582276062080055,0.9876739642706089,0.640625,1.0,0.3125
2026-05-13T07:20,10,40,0.3125,40,46,0.0,5.458252916144231,0.9876917507579529,0.640625,1.0,0.3125
2026-05-13T07:50,11,40,0.3125,40,46,0.0,5.458277613703672,0.9877094859874084,0.640625,1.0,0.3125
2026-05-13T08:20,11,40,0.3125,40,46,0.0,5.458290563594853,0.9876569824279948,0.640625,1.0,0.3125
2026-05-13T08:50,12,40,0.3125,40,46,0.0,5.4583029826641285,0.9876747166486443,0.640625,1.0,0.3125
2026-05-13T09:20,12,40,0.3125,40,46,0.0,5.458314875754632,0.9876923999820035,0.640625,1.0,0.3125
2026-05-13T09:50,12,40,0.3125,40,46,0.0,5.458326247659951,0.9877100326467857,0.640625,1.0,0.3125
2026-05-13T10:20,13,40,0.3125,40,46,0.0,5.4583371031247525,0.9877276148604527,0.640625,1.0,0.3125
2026-05-13T10:50,10,40,0.3125,40,46,0.0,5.4583279582696385,0.9876754604280735,0.640625,1.0,0.3125
2026-05-13T11:20,9,40,0.3125,40,46,0.0,5.458318434700952,0.9876930417969351,0.640625,1.0,0.3125
2026-05-13T11:50,12,40,0.3125,40,46,0.0,5.458278882643444,0.9876410852020607,0.640625,1.0,0.3125
2026-05-13T12:20,12,40,0.3125,40,46,0.0,5.458239132588858,0.9876586654507065,0.640625,1.0,0.3125
2026-05-13T12:50,12,40,0.3125,40,46,0.0,5.458199186681393,0.987676195755464,0.640625,1.0,0.3125
2026-05-13T13:20,11,40,0.3125,40,46,0.0,5.458159047044551,0.9876936763288605,0.640625,1.0,0.3125
2026-05-13T13:50,12,40,0.3125,40,46,0.0,5.458118715781372,0.987711107382219,0.640625,1.0,0.3125
2026-05-13T14:20,12,40,0.3125,40,46,0.0,5.458078194974651,0.9877284891256671,0.640625,1.0,0.3125
2026-05-13T14:50,9,40,0.3125,40,46,0.0,5.45803748668716,0.987745821768145,0.640625,1.0,0.3125
2026-05-13T15:20,11,40,0.3125,40,46,0.0,5.4579965929618615,0.9877631055174142,0.640625,1.0,0.3125
2026-05-13T15:50,10,40,0.3125,40,46,0.0,5.457955515822116,0.9877803405800657,0.640625,1.0,0.3125
2026-05-13T16:20,10,40,0.3125,40,46,0.0,5.457914257271904,0.9877975271615284,0.640625,1.0,0.3125
2026-05-13T16:50,11,40,0.3125,40,46,0.0,5.457872819296023,0.9878146654660768,0.640625,1.0,0.3125
2026-05-13T17:20,12,40,0.3125,40,46,0.0,5.457841602388557,0.9877633398654163,0.640625,1.0,0.3125
2026-05-13T17:50,9,40,0.3125,40,46,0.0,5.457810149431407,0.9877804780448765,0.640625,1.0,0.3125
2026-05-13T18:20,10,40,0.3125,40,46,0.0,5.457778462797032,0.9877975682853731,0.640625,1.0,0.3125
2026-05-13T18:50,10,40,0.3125,40,46,0.0,5.457753146290342,0.9877464816148561,0.640625,1.0,0.3125
2026-05-13T19:20,10,40,0.3125,40,46,0.0,5.457727561832038,0.9877635715986569,0.640625,1.0,0.3125
2026-05-13T19:50,10,40,0.3125,40,46,0.0,5.457701712017992,0.987780613978046,0.640625,1.0,0.3125
2026-05-13T20:20,10,40,0.3125,40,46,0.0,5.4576755994194235,0.9877976089516509,0.640625,1.0,0.3125
2026-05-13T20:50,9,40,0.3125,40,46,0.0,5.4576492265831655,0.9878145567169958,0.640625,1.0,0.3125
2026-05-13T21:20,9,40,0.3125,40,46,0.0,5.45762259603193,0.987831457470509,0.640625,1.0,0.3125
2026-05-13T21:50,9,40,0.3125,40,46,0.0,5.457615042850246,0.9877807484050307,0.640625,1.0,0.3125
2026-05-13T22:20,9,40,0.3125,40,46,0.0,5.4576071155151205,0.987797649167956,0.640625,1.0,0.3125
2026-05-13T22:50,9,40,0.3125,40,46,0.0,5.4575988174635395,0.9878145032436908,0.640625,1.0,0.3125
2026-05-13T23:20,9,40,0.3125,40,46,0.0,5.4576251130986595,0.9877640273939687,0.640625,1.0,0.3125
2026-05-13T23:50,9,40,0.3125,40,46,0.0,5.457650851921142,0.9877808813507264,0.640625,1.0,0.3125
2026-05-14T00:20,8,40,0.3125,40,46,0.0,5.4576760386178105,0.9877976889417157,0.640625,1.0,0.3125
2026-05-14T00:50,9,40,0.3125,40,46,0.0,5.457700677830627,0.9878144503580044,0.640625,1.0,0.3125
2026-05-14T01:20,8,40,0.3125,40,46,0.0,5.457724774157209,0.987831165789612,0.640625,1.0,0.3125
2026-05-14T01:50,8,40,0.3125,40,46,0.0,5.45774833215136,0.9878478354255167,0.640625,1.0,0.3125
2026-05-14T02:20,9,40,0.3125,40,46,0.0,5.457771356323562,0.9878644594536624,0.640625,1.0,0.3125
2026-05-14T02:50,9,40,0.3125,40,46,0.0,5.457831544541084,0.9878143980503038,0.640625,1.0,0.3125
2026-05-14T03:20,8,40,0.3125,40,46,0.0,5.457902633468335,0.9877644732401331,0.640625,1.0,0.3125
2026-05-14T03:50,8,40,0.3125,40,46,0.0,5.457972909610225,0.9877811428951193,0.640625,1.0,0.3125
2026-05-14T04:20,8,40,0.3125,40,46,0.0,5.458042379558847,0.9877977671905,0.640625,1.0,0.3125
2026-05-14T04:50,8,40,0.3125,40,46,0.0,5.458111049842301,0.9878143463111649,0.640625,1.0,0.3125
2026-05-14T05:20,8,40,0.3125,40,46,0.0,5.458178926925473,0.9878308804410005,0.640625,1.0,0.3125
2026-05-14T05:50,8,40,0.3125,40,46,0.0,5.458239756967215,0.9877812715409384,0.640625,1.0,0.3125
2026-05-14T06:20,8,40,0.3125,40,46,0.0,5.458299841668459,0.987797805679584,0.640625,1.0,0.3125
2026-05-14T06:50,8,40,0.3125,40,46,0.0,5.458323790692376,0.9877483755532537,0.640625,1.0,0.3125
2026-05-14T07:20,8,40,0.3125,40,46,0.0,5.45834720097669,0.9877649094593897,0.640625,1.0,0.3125
2026-05-14T07:50,8,40,0.3125,40,46,0.0,5.458370077074196,0.9877813987997409,0.640625,1.0,0.3125
2026-05-14T08:20,8,40,0.3125,40,46,0.0,5.458382188064624,0.987732190338631,0.640625,1.0,0.3125
2026-05-14T08:50,9,40,0.3125,40,46,0.0,5.458393834537599,0.9877486793301113,0.640625,1.0,0.3125
2026-05-14T09:20,9,40,0.3125,40,46,0.0,5.458405020455696,0.9877651240558427,0.640625,1.0,0.3125
2026-05-14T09:50,9,40,0.3125,40,46,0.0,5.458415749743605,0.9877815246938375,0.640625,1.0,0.3125
2026-05-14T10:20,9,40,0.3125,40,46,0.0,5.458407749346791,0.9877325795633173,0.640625,1.0,0.3125
2026-05-14T10:50,10,40,0.3125,40,46,0.0,5.458399412869354,0.9877489798580187,0.640625,1.0,0.3125
2026-05-14T11:20,10,40,0.3125,40,46,0.0,5.458390743221691,0.9877653363602109,0.640625,1.0,0.3125
2026-05-14T11:50,9,40,0.3125,40,46,0.0,5.458354015661257,0.9877166085946574,0.640625,1.0,0.3125
2026-05-14T12:20,8,40,0.3125,40,46,0.0,5.458317112829496,0.9877329646418016,0.640625,1.0,0.3125
2026-05-14T12:50,9,40,0.3125,40,46,0.0,5.458280036497593,0.9877492771888206,0.640625,1.0,0.3125
2026-05-14T13:20,9,40,0.3125,40,46,0.0,5.4582427884207405,0.9877655464090213,0.640625,1.0,0.3125
2026-05-14T13:50,9,40,0.3125,40,46,0.0,5.458205370338296,0.9877817724747918,0.640625,1.0,0.3125
2026-05-14T14:20,10,40,0.3125,40,46,0.0,5.458167783973943,0.9877979555576066,0.640625,1.0,0.3125
2026-05-14T14:50,12,40,0.3125,40,46,0.0,5.458130031035854,0.9878140958280331,0.640625,1.0,0.3125
2026-05-14T15:20,12,40,0.3125,40,46,0.0,5.458092113216838,0.9878301934557372,0.640625,1.0,0.3125
2026-05-14T15:50,9,40,0.3125,40,46,0.0,5.458054032194506,0.9878462486094894,0.640625,1.0,0.3125
2026-05-14T16:20,9,40,0.3125,40,46,0.0,5.458015789631415,0.9878622614571713,0.640625,1.0,0.3125
2026-05-14T16:50,11,40,0.3125,40,46,0.0,5.457977387175222,0.9878782321657803,0.640625,1.0,0.3125
2026-05-14T17:20,11,40,0.3125,40,46,0.0,5.457948378893378,0.9878300603918373,0.640625,1.0,0.3125
2026-05-14T17:50,11,40,0.3125,40,46,0.0,5.457919161799027,0.9878460314411919,0.640625,1.0,0.3125
2026-05-14T18:20,9,40,0.3125,40,46,0.0,5.457889737855076,0.987861960626721,0.640625,1.0,0.3125
2026-05-14T18:50,10,40,0.3125,40,46,0.0,5.457865767908293,0.9878139993067845,0.640625,1.0,0.3125
2026-05-14T19:20,9,40,0.3125,40,46,0.0,5.457841563694038,0.9878299287194554,0.640625,1.0,0.3125
2026-05-14T19:50,10,40,0.3125,40,46,0.0,5.457817127341872,0.9878458165409705,0.640625,1.0,0.3125
2026-05-14T20:20,9,40,0.3125,40,46,0.0,5.457792460962401,0.987861662934007,0.640625,1.0,0.3125
2026-05-14T20:50,9,40,0.3125,40,46,0.0,5.457767566647474,0.9878774680603949,0.640625,1.0,0.3125
2026-05-14T21:20,9,40,0.3125,40,46,0.0,5.457742446470372,0.9878932320811226,0.640625,1.0,0.3125
2026-05-14T21:50,9,40,0.3125,40,46,0.0,5.457734786718541,0.9878456038734783,0.640625,1.0,0.3125
2026-05-14T22:20,9,40,0.3125,40,46,0.0,5.457726801330934,0.9878613683301923,0.640625,1.0,0.3125
2026-05-14T22:50,9,40,0.3125,40,46,0.0,5.457718493113689,0.987877091946345,0.640625,1.0,0.3125
2026-05-14T23:20,9,40,0.3125,40,46,0.0,5.45774237479626,0.9878296694628376,0.640625,1.0,0.3125
2026-05-14T23:50,8,40,0.3125,40,46,0.0,5.457765770980803,0.9878453934041,0.640625,1.0,0.3125
2026-05-15T00:20,8,40,0.3125,40,46,0.0,5.457788685500858,0.9878610767674496,0.640625,1.0,0.3125
2026-05-15T00:50,8,40,0.3125,40,46,0.0,5.457811122155602,0.9878767197097597,0.640625,1.0,0.3125
2026-05-15T01:20,8,40,0.3125,40,46,0.0,5.4578330847102245,0.9878923223870958,0.640625,1.0,0.3125
2026-05-15T02:20,8,40,0.3125,40,46,0.0,5.457854576896302,0.9879078849547217,0.640625,1.0,0.3125
2026-05-15T02:50,8,40,0.3125,40,46,0.0,5.457910726506645,0.9878607881989327,0.640625,1.0,0.3125
2026-05-15T03:20,8,40,0.3125,40,46,0.0,5.457976817140179,0.9878138122040562,0.640625,1.0,0.3125
2026-05-15T03:50,8,40,0.3125,40,46,0.0,5.458042193905041,0.9878294155174953,0.640625,1.0,0.3125
2026-05-15T04:20,7,40,0.3125,40,46,0.0,5.4581068622425635,0.9878449789247619,0.640625,1.0,0.3125
2026-05-15T04:50,7,40,0.3125,40,46,0.0,5.458170827544471,0.9878605025787532,0.640625,1.0,0.3125
2026-05-15T05:20,7,40,0.3125,40,46,0.0,5.458228170658632,0.9878137666216313,0.640625,1.0,0.3125
2026-05-15T05:50,7,40,0.3125,40,46,0.0,5.45828485266035,0.9878292904858076,0.640625,1.0,0.3125
2026-05-15T06:20,7,40,0.3125,40,46,0.0,5.458340878588051,0.9878447748490572,0.640625,1.0,0.3125
2026-05-15T06:50,8,40,0.3125,40,46,0.0,5.458363147398022,0.9877982370311995,0.640625,1.0,0.3125
2026-05-15T07:20,8,40,0.3125,40,46,0.0,5.458384941083193,0.9878137215019721,0.640625,1.0,0.3125
2026-05-15T07:50,8,40,0.3125,40,46,0.0,5.458406263420777,0.9878291667218682,0.640625,1.0,0.3125
2026-05-15T08:20,9,40,0.3125,40,46,0.0,5.458417490444047,0.9877828253870243,0.640625,1.0,0.3125
2026-05-15T08:50,9,40,0.3125,40,46,0.0,5.4584283073272575,0.9877982706140951,0.640625,1.0,0.3125
2026-05-15T09:20,10,40,0.3125,40,46,0.0,5.4584387173622275,0.987813676838067,0.640625,1.0,0.3125
2026-05-15T09:50,10,40,0.3125,40,46,0.0,5.458448723811175,0.9878290442064932,0.640625,1.0,0.3125
2026-05-15T10:20,10,40,0.3125,40,46,0.0,5.45845832990704,0.9878443728661828,0.640625,1.0,0.3125
2026-05-15T10:50,10,40,0.3125,40,46,0.0,5.458450410030585,0.9877983038590493,0.640625,1.0,0.3125
2026-05-15T11:20,10,40,0.3125,40,46,0.0,5.458442195393854,0.9878136326230456,0.640625,1.0,0.3125
2026-05-15T11:50,12,40,0.3125,40,46,0.0,5.458407708356413,0.9877677177918939,0.640625,1.0,0.3125
2026-05-15T12:20,11,40,0.3125,40,46,0.0,5.458373065550799,0.9877830464663401,0.640625,1.0,0.3125
2026-05-15T12:50,12,40,0.3125,40,46,0.0,5.458338268457213,0.9877983367711382,0.640625,1.0,0.3125
2026-05-15T13:20,12,40,0.3125,40,46,0.0,5.458303318543276,0.9878135888501742,0.640625,1.0,0.3125
2026-05-15T13:50,13,40,0.3125,40,46,0.0,5.45826821726414,0.987828802846616,0.640625,1.0,0.3125
2026-05-15T14:20,13,40,0.3125,40,46,0.0,5.458232966062619,0.987843978902917,0.640625,1.0,0.3125
2026-05-15T14:50,13,40,0.3125,40,46,0.0,5.4581975663692965,0.9878591171608212,0.640625,1.0,0.3125
2026-05-15T15:20,13,40,0.3125,40,46,0.0,5.458162019602648,0.9878742177613674,0.640625,1.0,0.3125
2026-05-15T15:50,14,40,0.3125,40,46,0.0,5.458126327169153,0.9878892808448937,0.640625,1.0,0.3125
2026-05-15T16:20,14,40,0.3125,40,46,0.0,5.4580904904634115,0.9879043065510414,0.640625,1.0,0.3125
2026-05-15T17:20,14,40,0.3125,40,46,0.0,5.458063492492683,0.9878588483176387,0.640625,1.0,0.3125
2026-05-15T17:50,14,40,0.3125,40,46,0.0,5.458036306716932,0.9878738744954635,0.640625,1.0,0.3125
2026-05-15T18:20,14,40,0.3125,40,46,0.0,5.458008934796445,0.9878888635257533,0.640625,1.0,0.3125
2026-05-15T18:50,13,40,0.3125,40,46,0.0,5.4579864207411015,0.9878435927216415,0.640625,1.0,0.3125
2026-05-15T19:20,13,40,0.3125,40,46,0.0,5.45796369749688,0.9878585821264237,0.640625,1.0,0.3125
2026-05-15T19:50,13,40,0.3125,40,46,0.0,5.457940766856254,0.9878735346114896,0.640625,1.0,0.3125
2026-05-15T20:20,13,40,0.3125,40,46,0.0,5.457917630596645,0.9878884503130746,0.640625,1.0,0.3125
2026-05-15T20:50,13,40,0.3125,40,46,0.0,5.4578942904805725,0.987903329366744,0.640625,1.0,0.3125
2026-05-15T21:20,12,40,0.3125,40,46,0.0,5.4578707482557975,0.9879181719073983,0.640625,1.0,0.3125
2026-05-15T21:50,12,40,0.3125,40,46,0.0,5.4578632644830885,0.9878731980597116,0.640625,1.0,0.3125
2026-05-15T22:20,12,40,0.3125,40,46,0.0,5.457855492053145,0.9878880411465418,0.640625,1.0,0.3125
2026-05-15T22:50,11,40,0.3125,40,46,0.0,5.457847433313044,0.9879028479422062,0.640625,1.0,0.3125
2026-05-15T23:20,11,40,0.3125,40,46,0.0,5.457869615860066,0.9878580575444686,0.640625,1.0,0.3125
2026-05-15T23:50,9,40,0.3125,40,46,0.0,5.457891367656361,0.9878728647913657,0.640625,1.0,0.3125
2026-05-16T00:20,10,40,0.3125,40,46,0.0,5.457912691912074,0.9878876359670157,0.640625,1.0,0.3125
2026-05-16T00:50,9,40,0.3125,40,46,0.0,5.457933591810217,0.9879023712030655,0.640625,1.0,0.3125
2026-05-16T01:20,9,40,0.3125,40,46,0.0,5.457954070506952,0.9879170706305223,0.640625,1.0,0.3125
2026-05-16T01:50,9,40,0.3125,40,46,0.0,5.457974131131866,0.9879317343797571,0.640625,1.0,0.3125
2026-05-16T02:20,9,40,0.3125,40,46,0.0,5.457993776788246,0.9879463625805089,0.640625,1.0,0.3125
2026-05-16T02:50,9,40,0.3125,40,46,0.0,5.458045716336068,0.987901899081253,0.640625,1.0,0.3125
2026-05-16T03:20,8,40,0.3125,40,46,0.0,5.458106904395916,0.9878575431116204,0.640625,1.0,0.3125
2026-05-16T03:50,8,40,0.3125,40,46,0.0,5.458167463532767,0.9878722079146257,0.640625,1.0,0.3125
2026-05-16T04:20,7,40,0.3125,40,46,0.0,5.458227398266841,0.9878868373381303,0.640625,1.0,0.3125
2026-05-16T04:50,7,40,0.3125,40,46,0.0,5.458286713079559,0.9879014315100121,0.640625,1.0,0.3125
2026-05-16T05:20,7,40,0.3125,40,46,0.0,5.45833991627401,0.9878572896095129,0.640625,1.0,0.3125
2026-05-16T05:50,7,40,0.3125,40,46,0.0,5.45839253577736,0.9878718842133476,0.640625,1.0,0.3125
2026-05-16T06:20,7,40,0.3125,40,46,0.0,5.458444575785496,0.9878864437761167,0.640625,1.0,0.3125
2026-05-16T06:50,8,40,0.3125,40,46,0.0,5.458465171373239,0.987842478630336,0.640625,1.0,0.3125
2026-05-16T07:20,9,40,0.3125,40,46,0.0,5.458485346029624,0.987857038536168,0.640625,1.0,0.3125
2026-05-16T07:50,9,40,0.3125,40,46,0.0,5.45850510291242,0.9878715636096893,0.640625,1.0,0.3125
2026-05-16T08:20,9,40,0.3125,40,46,0.0,5.458515607807671,0.9878277738230531,0.640625,1.0,0.3125
2026-05-16T08:50,10,40,0.3125,40,46,0.0,5.4585257477726365,0.9878422991526199,0.640625,1.0,0.3125
2026-05-16T09:20,11,40,0.3125,40,46,0.0,5.458535525570589,0.987856789856848,0.640625,1.0,0.3125
2026-05-16T09:50,12,40,0.3125,40,46,0.0,5.4585449439413765,0.9878712460593994,0.640625,1.0,0.3125
2026-05-16T10:20,13,40,0.3125,40,46,0.0,5.4585540056016635,0.9878856678833478,0.640625,1.0,0.3125
2026-05-16T10:50,13,40,0.3125,40,46,0.0,5.458546796825307,0.9878421213801551,0.640625,1.0,0.3125
2026-05-16T11:20,13,40,0.3125,40,46,0.0,5.458539323707994,0.987856543537474,0.640625,1.0,0.3125
2026-05-16T11:50,14,40,0.3125,40,46,0.0,5.458507149453291,0.987813134732566,0.640625,1.0,0.3125
2026-05-16T12:20,14,40,0.3125,40,46,0.0,5.458474834160959,0.9878275570583264,0.640625,1.0,0.3125
2026-05-16T12:50,14,40,0.3125,40,46,0.0,5.4584423790909415,0.9878419452887539,0.640625,1.0,0.3125
2026-05-16T13:20,15,40,0.3125,40,46,0.0,5.458409785493061,0.9878562995446113,0.640625,1.0,0.3125
2026-05-16T13:50,14,40,0.3125,40,46,0.0,5.458377054607123,0.9878706199460916,0.640625,1.0,0.3125
2026-05-16T14:20,14,40,0.3125,40,46,0.0,5.458344187662999,0.9878849066128218,0.640625,1.0,0.3125
2026-05-16T14:50,14,40,0.3125,40,46,0.0,5.458311185880718,0.9878991596638654,0.640625,1.0,0.3125
2026-05-16T15:20,14,40,0.3125,40,46,0.0,5.458278050470556,0.987913379217727,0.640625,1.0,0.3125
2026-05-16T15:50,14,40,0.3125,40,46,0.0,5.458244782633119,0.987927565392354,0.640625,1.0,0.3125
2026-05-16T16:20,14,40,0.3125,40,46,0.0,5.458211383559437,0.9879417183051414,0.640625,1.0,0.3125
2026-05-16T16:50,14,40,0.3125,40,46,0.0,5.458177854431045,0.9879558380729341,0.640625,1.0,0.3125
2026-05-16T17:20,14,40,0.3125,40,46,0.0,5.45815263014665,0.9879128716099191,0.640625,1.0,0.3125
2026-05-16T17:50,14,40,0.3125,40,46,0.0,5.458127237100182,0.9879269920870103,0.640625,1.0,0.3125
2026-05-16T18:20,13,40,0.3125,40,46,0.0,5.458101676696989,0.9879410796108294,0.640625,1.0,0.3125
2026-05-16T18:50,13,40,0.3125,40,46,0.0,5.458080449393149,0.9878982805812073,0.640625,1.0,0.3125
2026-05-16T19:20,12,40,0.3125,40,46,0.0,5.458059035321952,0.9879123687295412,0.640625,1.0,0.3125
2026-05-16T19:50,12,40,0.3125,40,46,0.0,5.458037435993897,0.9879264241147394,0.640625,1.0,0.3125
2026-05-16T20:20,12,40,0.3125,40,46,0.0,5.45801565290751,0.9879404468509592,0.640625,1.0,0.3125
2026-05-16T20:50,12,40,0.3125,40,46,0.0,5.4579936875494575,0.9879544370518282,0.640625,1.0,0.3125
2026-05-16T21:20,12,40,0.3125,40,46,0.0,5.457971541394645,0.9879683948304472,0.640625,1.0,0.3125
2026-05-16T21:50,12,40,0.3125,40,46,0.0,5.457964167664915,0.9879258614014711,0.640625,1.0,0.3125
2026-05-16T22:20,12,40,0.3125,40,46,0.0,5.4579565379986095,0.9879398199432036,0.640625,1.0,0.3125
2026-05-16T22:50,12,40,0.3125,40,46,0.0,5.457948654361427,0.987953746248119,0.640625,1.0,0.3125
2026-05-16T23:20,12,40,0.3125,40,46,0.0,5.457969153481576,0.9879113768893497,0.640625,1.0,0.3125
2026-05-16T23:50,12,40,0.3125,40,46,0.0,5.457989270419084,0.9879253038745003,0.640625,1.0,0.3125
2026-05-17T00:20,11,40,0.3125,40,46,0.0,5.458009007864758,0.9879391988067505,0.640625,1.0,0.3125
2026-05-17T00:50,12,40,0.3125,40,46,0.0,5.458028368487944,0.9879530617966278,0.640625,1.0,0.3125
2026-05-17T01:20,12,40,0.3125,40,46,0.0,5.45804735493674,0.9879668929541519,0.640625,1.0,0.3125
2026-05-17T01:50,12,40,0.3125,40,46,0.0,5.4580659698382,0.9879806923888375,0.640625,1.0,0.3125
2026-05-17T02:20,12,40,0.3125,40,46,0.0,5.458084215798538,0.9879944602096978,0.640625,1.0,0.3125
2026-05-17T02:50,11,40,0.3125,40,46,0.0,5.458132725464416,0.9879523836101389,0.640625,1.0,0.3125
2026-05-17T03:20,11,40,0.3125,40,46,0.0,5.4581898676854355,0.9879104031856646,0.640625,1.0,0.3125
2026-05-17T03:50,11,40,0.3125,40,46,0.0,5.45824645154378,0.98792420409527,0.640625,1.0,0.3125
2026-05-17T04:20,11,40,0.3125,40,46,0.0,5.458302480831902,0.9879379735318775,0.640625,1.0,0.3125
2026-05-17T04:50,11,40,0.3125,40,46,0.0,5.45835795931152,0.9879517116030256,0.640625,1.0,0.3125
2026-05-17T05:20,11,40,0.3125,40,46,0.0,5.458407679173239,0.9879099229802636,0.640625,1.0,0.3125
2026-05-17T05:50,11,40,0.3125,40,46,0.0,5.458456880205192,0.9879236617041495,0.640625,1.0,0.3125
2026-05-17T06:20,11,40,0.3125,40,46,0.0,5.4584764562543295,0.9878819997864321,0.640625,1.0,0.3125
2026-05-17T06:50,11,40,0.3125,40,46,0.0,5.45849565457839,0.9878957390156992,0.640625,1.0,0.3125
2026-05-17T07:20,11,40,0.3125,40,46,0.0,5.458514477860234,0.9879094471255342,0.640625,1.0,0.3125
2026-05-17T07:50,11,40,0.3125,40,46,0.0,5.4585329287609605,0.987923124221546,0.640625,1.0,0.3125
2026-05-17T08:20,12,40,0.3125,40,46,0.0,5.45854276244854,0.9878816512136066,0.640625,1.0,0.3125
2026-04-27T07:20,9,40,0.3125,40,46,0.0,5.458560609001505,0.9878402718241952,0.640625,1.0,0.3125
2026-04-27T07:50,10,40,0.3125,40,46,0.0,5.458578090357911,0.9878539806496471,0.640625,1.0,0.3125
2026-04-27T08:20,11,40,0.3125,40,46,0.0,5.458587134548057,0.9878127256176037,0.640625,1.0,0.3125
2026-04-27T08:50,12,40,0.3125,40,46,0.0,5.458595858829023,0.9878264345876626,0.640625,1.0,0.3125
2026-04-27T09:50,14,40,0.3125,40,46,0.0,5.458604265485081,0.9878401127510472,0.640625,1.0,0.3125
2026-04-27T10:50,16,40,0.3125,40,46,0.0,5.458597575334215,0.987799012189256,0.640625,1.0,0.3125
2026-04-27T11:50,18,40,0.3125,40,46,0.0,5.458567533007908,0.9877580037811908,0.640625,1.0,0.3125
2026-04-27T12:50,18,40,0.3125,40,46,0.0,5.45853736236165,0.9877717126235411,0.640625,1.0,0.3125
2026-04-27T13:20,19,40,0.3125,40,46,0.0,5.458507064475379,0.9877853907973403,0.640625,1.0,0.3125
2026-04-27T13:50,19,40,0.3125,40,46,0.0,5.458476640420829,0.987799038405388,0.640625,1.0,0.3125
2026-04-27T14:50,20,40,0.3125,40,46,0.0,5.458446091261601,0.9878126555500248,0.640625,1.0,0.3125
2026-04-27T15:50,21,40,0.3125,40,46,0.0,5.458415418053227,0.9878262423331352,0.640625,1.0,0.3125
2026-04-27T16:50,20,40,0.3125,40,46,0.0,5.458384621843245,0.9878397988561495,0.640625,1.0,0.3125
2026-04-27T17:50,19,40,0.3125,40,46,0.0,5.458361337041359,0.9877990643882285,0.640625,1.0,0.3125
2026-04-27T18:50,18,40,0.3125,40,46,0.0,5.458341200352951,0.9877584204413473,0.640625,1.0,0.3125
2026-04-27T19:50,17,40,0.3125,40,46,0.0,5.458320893057422,0.9877720071001249,0.640625,1.0,0.3125
2026-04-27T20:50,16,40,0.3125,40,46,0.0,5.458300416468432,0.9877855636332734,0.640625,1.0,0.3125
2026-04-27T21:50,14,40,0.3125,40,46,0.0,5.458292933395655,0.9877450696671181,0.640625,1.0,0.3125
2026-04-27T22:50,14,40,0.3125,40,46,0.0,5.458285217867648,0.9877586260059819,0.640625,1.0,0.3125
2026-04-27T23:50,12,40,0.3125,40,46,0.0,5.458303738807471,0.9877182512945886,0.640625,1.0,0.3125
2026-04-28T00:50,10,40,0.3125,40,46,0.0,5.4583219142078265,0.9877318073086122,0.640625,1.0,0.3125
2026-04-28T01:50,11,40,0.3125,40,46,0.0,5.458339746398661,0.9877453334306535,0.640625,1.0,0.3125
2026-04-28T02:50,10,40,0.3125,40,46,0.0,5.458385395169648,0.987705106755284,0.640625,1.0,0.3125
2026-04-28T03:50,10,40,0.3125,40,46,0.0,5.458438242737975,0.9876649685874511,0.640625,1.0,0.3125
2026-04-28T04:50,9,40,0.3125,40,46,0.0,5.458490583887071,0.9876785235670253,0.640625,1.0,0.3125
2026-04-28T05:50,9,40,0.3125,40,46,0.0,5.458536735906763,0.9876385026983405,0.640625,1.0,0.3125
2026-04-28T06:50,10,40,0.3125,40,46,0.0,5.458553944173764,0.9875985695947184,0.640625,1.0,0.3125
2026-04-28T07:50,10,40,0.3125,40,46,0.0,5.458570808337287,0.987612152760551,0.640625,1.0,0.3125
2026-04-28T08:50,10,40,0.3125,40,46,0.0,5.45857938917924,0.9875723358671535,0.640625,1.0,0.3125
2026-04-28T09:50,10,40,0.3125,40,46,0.0,5.458587669009792,0.9875859180137467,0.640625,1.0,0.3125
2026-04-28T10:50,10,40,0.3125,40,46,0.0,5.458581227839856,0.987546216697351,0.640625,1.0,0.3125
2026-04-28T11:50,12,40,0.3125,40,46,0.0,5.458551952915778,0.987506601970522,0.640625,1.0,0.3125
2026-04-28T12:50,14,40,0.3125,40,46,0.0,5.4585225567965034,0.9875202113365671,0.640625,1.0,0.3125
2026-04-28T13:50,14,40,0.3125,40,46,0.0,5.458493040474998,0.9875337910848407,0.640625,1.0,0.3125
2026-04-28T14:50,16,40,0.3125,40,46,0.0,5.4584634049368885,0.9875473413119225,0.640625,1.0,0.3125
2026-04-28T15:50,16,40,0.3125,40,46,0.0,5.458433651160522,0.9875608621139724,0.640625,1.0,0.3125
2026-04-28T16:50,16,40,0.3125,40,46,0.0,5.458403780117021,0.9875743535867338,0.640625,1.0,0.3125
2026-04-28T17:50,15,40,0.3125,40,46,0.0,5.458381219666412,0.9875349658929186,0.640625,1.0,0.3125
2026-04-28T18:50,15,40,0.3125,40,46,0.0,5.458361551467644,0.9874956634538515,0.640625,1.0,0.3125
2026-04-28T19:50,13,40,0.3125,40,46,0.0,5.458341721608496,0.987509181655523,0.640625,1.0,0.3125
2026-04-28T20:50,12,40,0.3125,40,46,0.0,5.458321731301889,0.9875226706602147,0.640625,1.0,0.3125
2026-04-28T21:50,10,40,0.3125,40,46,0.0,5.4583142673937175,0.9874835086769729,0.640625,1.0,0.3125
2026-04-28T22:50,9,40,0.3125,40,46,0.0,5.458306583734168,0.9874969962753815,0.640625,1.0,0.3125
2026-04-28T23:50,9,40,0.3125,40,46,0.0,5.458324436916153,0.9874579462386966,0.640625,1.0,0.3125
2026-04-29T00:50,9,40,0.3125,40,46,0.0,5.458341963065076,0.9874714323180098,0.640625,1.0,0.3125
2026-04-29T01:50,9,40,0.3125,40,46,0.0,5.458359164329357,0.9874848894261538,0.640625,1.0,0.3125
2026-04-29T02:50,9,40,0.3125,40,46,0.0,5.458403393900792,0.9874459780771934,0.640625,1.0,0.3125
2026-04-29T03:50,9,40,0.3125,40,46,0.0,5.458454678732561,0.9874071501394849,0.640625,1.0,0.3125
2026-04-29T04:50,10,40,0.3125,40,46,0.0,5.458505483799935,0.987420632848115,0.640625,1.0,0.3125
2026-04-29T05:50,10,40,0.3125,40,46,0.0,5.45855032966092,0.9873819150720156,0.640625,1.0,0.3125
2026-04-29T06:50,11,40,0.3125,40,46,0.0,5.4585670728857,0.987343280026207,0.640625,1.0,0.3125
2026-04-29T07:50,12,40,0.3125,40,46,0.0,5.458583489480806,0.9873567877316219,0.640625,1.0,0.3125
2026-04-29T08:50,13,40,0.3125,40,46,0.0,5.458591933776668,0.9873182618515189,0.640625,1.0,0.3125
2026-04-29T09:50,14,40,0.3125,40,46,0.0,5.45860009183877,0.9873317674299519,0.640625,1.0,0.3125
2026-04-29T10:50,14,40,0.3125,40,46,0.0,5.458593959265813,0.9872933501371488,0.640625,1.0,0.3125
2026-04-29T11:50,15,40,0.3125,40,46,0.0,5.4585655295979905,0.9872550144964027,0.640625,1.0,0.3125
2026-04-29T12:50,15,40,0.3125,40,46,0.0,5.458536984359984,0.9872685442050053,0.640625,1.0,0.3125
2026-04-29T13:50,15,40,0.3125,40,46,0.0,5.458508324473527,0.9872820452185737,0.640625,1.0,0.3125
2026-04-29T14:50,15,40,0.3125,40,46,0.0,5.458479550853714,0.9872955176282998,0.640625,1.0,0.3125
2026-04-29T15:50,15,40,0.3125,40,46,0.0,5.458450664409052,0.9873089615249895,0.640625,1.0,0.3125
2026-04-29T16:50,15,40,0.3125,40,46,0.0,5.458421666041512,0.9873223769990644,0.640625,1.0,0.3125
2026-04-29T17:50,15,40,0.3125,40,46,0.0,5.458399787924806,0.9872842535937806,0.640625,1.0,0.3125
2026-04-29T18:50,14,40,0.3125,40,46,0.0,5.458380567659965,0.9872462106176215,0.640625,1.0,0.3125
2026-04-29T19:50,14,40,0.3125,40,46,0.0,5.4583611939943735,0.9872596498055903,0.640625,1.0,0.3125
2026-04-29T20:50,13,40,0.3125,40,46,0.0,5.458341668050261,0.9872730607005318,0.640625,1.0,0.3125
2026-04-29T21:50,13,40,0.3125,40,46,0.0,5.458334231659942,0.9872351495033653,0.640625,1.0,0.3125
2026-04-29T22:50,12,40,0.3125,40,46,0.0,5.458326587208664,0.9872485579597693,0.640625,1.0,0.3125
2026-04-29T23:50,12,40,0.3125,40,46,0.0,5.458343816251514,0.9872107520355671,0.640625,1.0,0.3125
2026-04-30T00:50,12,40,0.3125,40,46,0.0,5.458360735319373,0.9872241579558653,0.640625,1.0,0.3125
2026-04-30T01:50,12,40,0.3125,40,46,0.0,5.458377346397524,0.9872375358009376,0.640625,1.0,0.3125
2026-04-30T02:50,12,40,0.3125,40,46,0.0,5.4584202406364595,0.9871998600440278,0.640625,1.0,0.3125
2026-04-30T03:50,12,40,0.3125,40,46,0.0,5.458470051748646,0.9871622630243321,0.640625,1.0,0.3125
2026-04-30T04:50,11,40,0.3125,40,46,0.0,5.458519407699431,0.9871756635848494,0.640625,1.0,0.3125
2026-04-30T05:50,11,40,0.3125,40,46,0.0,5.4585630192692225,0.9871381702048809,0.640625,1.0,0.3125
2026-04-30T06:50,12,40,0.3125,40,46,0.0,5.45857932222444,0.9871007549361208,0.640625,1.0,0.3125
2026-04-30T07:20,13,40,0.3125,40,46,0.0,5.458595314724307,0.9871141776677169,0.640625,1.0,0.3125
2026-04-30T07:50,13,40,0.3125,40,46,0.0,5.458610998794676,0.9871275724934262,0.640625,1.0,0.3125
2026-04-30T08:20,14,40,0.3125,40,46,0.0,5.4586191152940655,0.9870902847880281,0.640625,1.0,0.3125
2026-04-30T08:50,15,40,0.3125,40,46,0.0,5.458626960713175,0.9871036766087874,0.640625,1.0,0.3125
2026-04-30T09:20,15,40,0.3125,40,46,0.0,5.458634536837399,0.9871170406744778,0.640625,1.0,0.3125
2026-04-30T09:50,14,40,0.3125,40,46,0.0,5.458641845439021,0.987130377071295,0.640625,1.0,0.3125
2026-04-30T10:20,15,40,0.3125,40,46,0.0,5.458635676253704,0.9870932407063766,0.640625,1.0,0.3125
2026-04-30T10:50,15,40,0.3125,40,46,0.0,5.458629305783002,0.987106574135399,0.640625,1.0,0.3125
2026-04-30T11:20,15,40,0.3125,40,46,0.0,5.45862273537472,0.987119880044444,0.640625,1.0,0.3125
2026-04-30T11:50,17,40,0.3125,40,46,0.0,5.4585950348879235,0.9870828693559396,0.640625,1.0,0.3125
2026-04-30T12:20,16,40,0.3125,40,46,0.0,5.458567226096682,0.987096172271124,0.640625,1.0,0.3125
2026-04-30T12:50,16,40,0.3125,40,46,0.0,5.45853930984017,0.987109447814055,0.640625,1.0,0.3125
2026-04-30T13:20,17,40,0.3125,40,46,0.0,5.458511286951698,0.9871226960691278,0.640625,1.0,0.3125
2026-04-30T13:50,18,40,0.3125,40,46,0.0,5.458483158258753,0.9871359171203916,0.640625,1.0,0.3125
2026-04-30T14:20,18,40,0.3125,40,46,0.0,5.45845492458305,0.9871491110515501,0.640625,1.0,0.3125
2026-04-30T14:50,18,40,0.3125,40,46,0.0,5.458426586740572,0.9871622779459645,0.640625,1.0,0.3125
2026-04-30T15:20,18,40,0.3125,40,46,0.0,5.458398145541617,0.9871754178866543,0.640625,1.0,0.3125
2026-04-30T15:50,18,40,0.3125,40,46,0.0,5.4583696017908485,0.9871885309562999,0.640625,1.0,0.3125
2026-04-30T16:20,18,40,0.3125,40,46,0.0,5.458340956287329,0.9872016172372434,0.640625,1.0,0.3125
2026-04-30T16:50,19,40,0.3125,40,46,0.0,5.45831220982457,0.9872146768114911,0.640625,1.0,0.3125
2026-04-30T17:20,18,40,0.3125,40,46,0.0,5.458291076899164,0.98717798449282,0.640625,1.0,0.3125
2026-04-30T17:50,18,40,0.3125,40,46,0.0,5.458269811830505,0.987191041535088,0.640625,1.0,0.3125
2026-04-30T18:20,17,40,0.3125,40,46,0.0,5.458248415571141,0.9872040720116546,0.640625,1.0,0.3125
2026-04-30T18:50,17,40,0.3125,40,46,0.0,5.458230327018981,0.9871675023370442,0.640625,1.0,0.3125
2026-04-30T19:20,16,40,0.3125,40,46,0.0,5.458212094335203,0.9871805302534533,0.640625,1.0,0.3125
2026-04-30T19:50,16,40,0.3125,40,46,0.0,5.458193718533607,0.9871935317440684,0.640625,1.0,0.3125
2026-04-30T20:20,15,40,0.3125,40,46,0.0,5.458175200620976,0.9872065068892112,0.640625,1.0,0.3125
2026-04-30T20:50,14,40,0.3125,40,46,0.0,5.45815654159714,0.987219455768878,0.640625,1.0,0.3125
2026-04-30T21:20,14,40,0.3125,40,46,0.0,5.458137742455025,0.9872323784627417,0.640625,1.0,0.3125
2026-04-30T21:50,14,40,0.3125,40,46,0.0,5.458131393495818,0.9871960018301481,0.640625,1.0,0.3125
2026-04-30T22:20,13,40,0.3125,40,46,0.0,5.45812484901204,0.9872089221108442,0.640625,1.0,0.3125
2026-04-30T22:50,13,40,0.3125,40,46,0.0,5.458118110313334,0.9872218163425873,0.640625,1.0,0.3125
2026-04-30T23:20,13,40,0.3125,40,46,0.0,5.458135949130931,0.9871855602457622,0.640625,1.0,0.3125
2026-04-30T23:50,12,40,0.3125,40,46,0.0,5.458153496755489,0.9871984520362593,0.640625,1.0,0.3125
2026-05-01T00:20,11,40,0.3125,40,46,0.0,5.458170754976187,0.9872113179136098,0.640625,1.0,0.3125
2026-05-01T00:50,12,40,0.3125,40,46,0.0,5.458187725569754,0.9872241579558653,0.640625,1.0,0.3125
2026-05-01T01:20,11,40,0.3125,40,46,0.0,5.458204410300584,0.9872369722407641,0.640625,1.0,0.3125
2026-05-01T01:50,11,40,0.3125,40,46,0.0,5.458220810920833,0.9872497608457332,0.640625,1.0,0.3125
2026-05-01T02:20,11,40,0.3125,40,46,0.0,5.45823692917053,0.9872625238478897,0.640625,1.0,0.3125
2026-05-01T02:50,12,40,0.3125,40,46,0.0,5.4582786244912,0.987226480836237,0.640625,1.0,0.3125
2026-05-01T03:20,12,40,0.3125,40,46,0.0,5.458327304002949,0.9871905098385936,0.640625,1.0,0.3125
2026-05-01T03:50,10,40,0.3125,40,46,0.0,5.458375562622061,0.9872032937609103,0.640625,1.0,0.3125
2026-05-01T04:20,10,40,0.3125,40,46,0.0,5.458423402845739,0.9872160521918566,0.640625,1.0,0.3125
2026-05-01T04:50,10,40,0.3125,40,46,0.0,5.458470827153552,0.9872287852076017,0.640625,1.0,0.3125
2026-05-01T05:20,10,40,0.3125,40,46,0.0,5.45851294320742,0.9871929550852012,0.640625,1.0,0.3125
2026-05-01T05:50,10,40,0.3125,40,46,0.0,5.458554668399129,0.9872056857461503,0.640625,1.0,0.3125
2026-05-01T06:20,11,40,0.3125,40,46,0.0,5.458570466721651,0.987169949724749,0.640625,1.0,0.3125
2026-05-01T06:50,11,40,0.3125,40,46,0.0,5.458585981651917,0.9871826779492284,0.640625,1.0,0.3125
2026-05-01T07:20,12,40,0.3125,40,46,0.0,5.458601214953209,0.9871953809443234,0.640625,1.0,0.3125
2026-05-01T07:50,13,40,0.3125,40,46,0.0,5.458616168376321,0.9872080587849725,0.640625,1.0,0.3125
2026-05-01T08:20,14,40,0.3125,40,46,0.0,5.45862399348098,0.9871724618051606,0.640625,1.0,0.3125
2026-05-01T08:50,15,40,0.3125,40,46,0.0,5.4586315721493435,0.9871851372381595,0.640625,1.0,0.3125
2026-05-01T10:20,17,40,0.3125,40,46,0.0,5.458625952480929,0.9871496331660538,0.640625,1.0,0.3125
2026-05-01T10:50,18,40,0.3125,40,46,0.0,5.458620148216853,0.9871623061116493,0.640625,1.0,0.3125
2026-05-01T11:20,20,40,0.3125,40,46,0.0,5.458614160536309,0.9871749540859236,0.640625,1.0,0.3125
2026-05-01T11:50,20,40,0.3125,40,46,0.0,5.458587803346879,0.9871395648714641,0.640625,1.0,0.3125
2026-05-01T12:20,21,40,0.3125,40,46,0.0,5.458561347066231,0.987152210333734,0.640625,1.0,0.3125
2026-05-01T12:50,22,40,0.3125,40,46,0.0,5.458534792426691,0.9871648309522667,0.640625,1.0,0.3125
2026-05-01T13:20,24,40,0.3125,40,46,0.0,5.4585081401556925,0.9871774268002037,0.640625,1.0,0.3125
2026-05-01T13:50,24,40,0.3125,40,46,0.0,5.458481390975819,0.9871899979503995,0.640625,1.0,0.3125
2026-05-01T14:20,24,40,0.3125,40,46,0.0,5.458454545604839,0.9872025444754237,0.640625,1.0,0.3125
2026-05-01T14:50,24,40,0.3125,40,46,0.0,5.458427604755743,0.9872150664475612,0.640625,1.0,0.3125
2026-05-01T15:20,24,40,0.3125,40,46,0.0,5.4584005691367725,0.9872275639388148,0.640625,1.0,0.3125
2026-05-01T15:50,24,40,0.3125,40,46,0.0,5.458373439451466,0.9872400370209058,0.640625,1.0,0.3125
2026-05-01T16:20,24,40,0.3125,40,46,0.0,5.458346216398686,0.9872524857652757,0.640625,1.0,0.3125
2026-05-01T16:50,24,40,0.3125,40,46,0.0,5.45831890067266,0.9872649102430873,0.640625,1.0,0.3125
2026-05-01T17:20,23,40,0.3125,40,46,0.0,5.458291492963008,0.9872773105252264,0.640625,1.0,0.3125
2026-05-01T17:50,23,40,0.3125,40,46,0.0,5.458271243642423,0.987242234845917,0.640625,1.0,0.3125
2026-05-01T18:20,22,40,0.3125,40,46,0.0,5.458250874318764,0.987254633062782,0.640625,1.0,0.3125
2026-05-01T18:50,22,40,0.3125,40,46,0.0,5.45823337304541,0.9872196475085416,0.640625,1.0,0.3125
2026-05-01T19:20,21,40,0.3125,40,46,0.0,5.458215741102925,0.987232043582733,0.640625,1.0,0.3125
2026-05-01T19:50,20,40,0.3125,40,46,0.0,5.458197979370899,0.9872444156335249,0.640625,1.0,0.3125
2026-05-01T20:20,20,40,0.3125,40,46,0.0,5.458180088723101,0.9872567637306852,0.640625,1.0,0.3125
2026-05-01T20:50,19,40,0.3125,40,46,0.0,5.458162070027539,0.9872690879437116,0.640625,1.0,0.3125
2026-05-01T21:20,19,40,0.3125,40,46,0.0,5.45814392414649,0.9872813883418335,0.640625,1.0,0.3125
2026-05-01T21:50,18,40,0.3125,40,46,0.0,5.4581376103021855,0.9872465795810742,0.640625,1.0,0.3125
2026-05-01T22:20,18,40,0.3125,40,46,0.0,5.458131119001084,0.9872588779614203,0.640625,1.0,0.3125
2026-05-01T22:50,18,40,0.3125,40,46,0.0,5.458124451379705,0.9872711526454654,0.640625,1.0,0.3125
2026-05-01T23:20,17,40,0.3125,40,46,0.0,5.458117608566857,0.9872834037016295,0.640625,1.0,0.3125
2026-05-01T23:50,16,40,0.3125,40,46,0.0,5.458134121835421,0.9872487268828732,0.640625,1.0,0.3125
2026-05-02T00:20,16,40,0.3125,40,46,0.0,5.458150371874549,0.9872609759444652,0.640625,1.0,0.3125
2026-05-02T00:50,15,40,0.3125,40,46,0.0,5.458166360229098,0.9872732014953821,0.640625,1.0,0.3125
2026-05-02T01:20,14,40,0.3125,40,46,0.0,5.458182088433679,0.9872854036032485,0.640625,1.0,0.3125
2026-05-02T01:50,13,40,0.3125,40,46,0.0,5.458197558012735,0.9872975823354293,0.640625,1.0,0.3125
2026-05-02T02:20,13,40,0.3125,40,46,0.0,5.458212770480628,0.9873097377590317,0.640625,1.0,0.3125
2026-05-02T02:50,12,40,0.3125,40,46,0.0,5.458252621807388,0.9872752346753187,0.640625,1.0,0.3125
2026-05-02T03:20,12,40,0.3125,40,46,0.0,5.458299212763429,0.987240797500075,0.640625,1.0,0.3125
2026-05-02T03:50,12,40,0.3125,40,46,0.0,5.458345418686235,0.9872529723116207,0.640625,1.0,0.3125
2026-05-02T04:20,12,40,0.3125,40,46,0.0,5.458391241760912,0.9872651239109423,0.640625,1.0,0.3125
2026-05-02T04:50,11,40,0.3125,40,46,0.0,5.458436684157807,0.9872772523643605,0.640625,1.0,0.3125
2026-05-02T05:20,11,40,0.3125,40,46,0.0,5.4584771372648895,0.9872429443337524,0.640625,1.0,0.3125
2026-05-02T05:50,11,40,0.3125,40,46,0.0,5.458517232129696,0.9872550708125225,0.640625,1.0,0.3125
2026-05-02T06:20,11,40,0.3125,40,46,0.0,5.458532625419598,0.987220849009467,0.640625,1.0,0.3125
2026-05-02T06:50,11,40,0.3125,40,46,0.0,5.458547758198652,0.9872329734411469,0.640625,1.0,0.3125
2026-05-02T07:20,11,40,0.3125,40,46,0.0,5.458562632017654,0.9872450748881222,0.640625,1.0,0.3125
2026-05-02T07:50,11,40,0.3125,40,46,0.0,5.45857724841689,0.98725715341569,0.640625,1.0,0.3125
2026-05-02T08:20,12,40,0.3125,40,46,0.0,5.4585851710473,0.9872230591477422,0.640625,1.0,0.3125
2026-05-02T08:50,13,40,0.3125,40,46,0.0,5.458592866288102,0.9872351356513833,0.640625,1.0,0.3125
2026-05-02T09:20,14,40,0.3125,40,46,0.0,5.4586003355038875,0.9872471893476521,0.640625,1.0,0.3125
2026-05-02T09:50,15,40,0.3125,40,46,0.0,5.4586075800500975,0.9872592203010977,0.640625,1.0,0.3125
2026-05-02T10:20,16,40,0.3125,40,46,0.0,5.458602135715468,0.9872252526214502,0.640625,1.0,0.3125
2026-05-02T10:50,17,40,0.3125,40,46,0.0,5.4585965233864915,0.9872372815737841,0.640625,1.0,0.3125
2026-05-02T11:20,17,40,0.3125,40,46,0.0,5.458590744088448,0.9872492878940345,0.640625,1.0,0.3125
2026-05-02T11:50,19,40,0.3125,40,46,0.0,5.458565523306459,0.987215425322889,0.640625,1.0,0.3125
2026-05-02T12:20,19,40,0.3125,40,46,0.0,5.4585402123645075,0.9872274296183605,0.640625,1.0,0.3125
2026-05-02T12:50,21,40,0.3125,40,46,0.0,5.4585148118994935,0.9872394113917016,0.640625,1.0,0.3125
2026-05-02T13:20,21,40,0.3125,40,46,0.0,5.458489322544256,0.9872513707062361,0.640625,1.0,0.3125
2026-05-02T13:50,22,40,0.3125,40,46,0.0,5.458463744927602,0.9872633076250504,0.640625,1.0,0.3125
2026-05-02T14:20,22,40,0.3125,40,46,0.0,5.458438079674332,0.9872752222109953,0.640625,1.0,0.3125
2026-05-02T14:50,22,40,0.3125,40,46,0.0,5.458412327405275,0.9872871145266859,0.640625,1.0,0.3125
2026-05-02T15:20,22,40,0.3125,40,46,0.0,5.458386488737312,0.9872989846345042,0.640625,1.0,0.3125
2026-05-02T15:50,23,40,0.3125,40,46,0.0,5.458360564283405,0.9873108325965988,0.640625,1.0,0.3125
2026-05-02T16:20,22,40,0.3125,40,46,0.0,5.458334554652626,0.9873226584748871,0.640625,1.0,0.3125
2026-05-02T16:50,21,40,0.3125,40,46,0.0,5.458308460450185,0.9873344623310558,0.640625,1.0,0.3125
2026-05-02T17:20,20,40,0.3125,40,46,0.0,5.458289254077922,0.9873008670286038,0.640625,1.0,0.3125
2026-05-02T17:50,20,40,0.3125,40,46,0.0,5.458269937298871,0.9873126691967928,0.640625,1.0,0.3125
2026-05-02T18:20,17,40,0.3125,40,46,0.0,5.45825051083907,0.9873244494482349,0.640625,1.0,0.3125
2026-05-02T18:50,17,40,0.3125,40,46,0.0,5.4582337042159565,0.9872909569275921,0.640625,1.0,0.3125
2026-05-02T19:20,16,40,0.3125,40,46,0.0,5.458216778599215,0.9873027354661207,0.640625,1.0,0.3125
2026-05-02T19:50,17,40,0.3125,40,46,0.0,5.458199734754806,0.987314492192541,0.640625,1.0,0.3125
2026-05-02T20:20,16,40,0.3125,40,46,0.0,5.458182573443852,0.9873262271673859,0.640625,1.0,0.3125
2026-05-02T20:50,16,40,0.3125,40,46,0.0,5.458165295422679,0.9873379404509651,0.640625,1.0,0.3125
2026-05-02T21:20,16,40,0.3125,40,46,0.0,5.458159213552898,0.9873045901016985,0.640625,1.0,0.3125
2026-05-02T21:50,16,40,0.3125,40,46,0.0,5.458152969467538,0.987316301734446,0.640625,1.0,0.3125
2026-05-02T22:20,15,40,0.3125,40,46,0.0,5.458146564160351,0.9873279917789304,0.640625,1.0,0.3125
2026-05-02T22:50,15,40,0.3125,40,46,0.0,5.4581399986186465,0.9873396602947877,0.640625,1.0,0.3125
2026-05-02T23:20,15,40,0.3125,40,46,0.0,5.458155807647461,0.9873064310877043,0.640625,1.0,0.3125
2026-05-02T23:50,15,40,0.3125,40,46,0.0,5.458171375681013,0.9873180979708958,0.640625,1.0,0.3125
2026-05-03T00:20,15,40,0.3125,40,46,0.0,5.458186704072308,0.9873297434273045,0.640625,1.0,0.3125
2026-05-03T00:50,15,40,0.3125,40,46,0.0,5.458201794165772,0.9873413675159033,0.640625,1.0,0.3125
2026-05-03T01:20,15,40,0.3125,40,46,0.0,5.458216647297305,0.9873529702954488,0.640625,1.0,0.3125
2026-05-03T01:50,15,40,0.3125,40,46,0.0,5.458231264794358,0.9873645518244822,0.640625,1.0,0.3125
2026-05-03T02:20,15,40,0.3125,40,46,0.0,5.458269383571392,0.9873314822548305,0.640625,1.0,0.3125
2026-05-03T02:50,14,40,0.3125,40,46,0.0,5.458307176452484,0.9873430622527695,0.640625,1.0,0.3125
2026-05-03T03:20,14,40,0.3125,40,46,0.0,5.4583513669572525,0.9873100727093378,0.640625,1.0,0.3125
2026-05-03T03:50,14,40,0.3125,40,46,0.0,5.458395206876108,0.9873216511101505,0.640625,1.0,0.3125
2026-05-03T04:20,14,40,0.3125,40,46,0.0,5.4584386981113235,0.9873332084017546,0.640625,1.0,0.3125
2026-05-03T04:50,14,40,0.3125,40,46,0.0,5.4584818425528985,0.987344744641826,0.640625,1.0,0.3125
2026-05-03T05:20,14,40,0.3125,40,46,0.0,5.458520233877128,0.9873118736386896,0.640625,1.0,0.3125
2026-05-03T05:50,14,40,0.3125,40,46,0.0,5.458558298736456,0.987323408299018,0.640625,1.0,0.3125
2026-05-03T06:20,14,40,0.3125,40,46,0.0,5.458572865794248,0.9872906163861169,0.640625,1.0,0.3125
2026-05-03T06:50,14,40,0.3125,40,46,0.0,5.458587195123102,0.9873021494021005,0.640625,1.0,0.3125
2026-05-03T07:20,14,40,0.3125,40,46,0.0,5.458601288076791,0.9873136615059971,0.640625,1.0,0.3125
2026-05-03T07:50,14,40,0.3125,40,46,0.0,5.4586151460003105,0.9873251527546332,0.640625,1.0,0.3125
2026-05-03T08:20,15,40,0.3125,40,46,0.0,5.458622660317726,0.9872924779667965,0.640625,1.0,0.3125
2026-05-03T08:50,15,40,0.3125,40,46,0.0,5.458629966772626,0.987303967588888,0.640625,1.0,0.3125
2026-05-03T09:20,15,40,0.3125,40,46,0.0,5.458637066558351,0.9873154364528547,0.640625,1.0,0.3125
2026-05-03T09:50,16,40,0.3125,40,46,0.0,5.458643960860588,0.9873268846149009,0.640625,1.0,0.3125
2026-05-03T10:20,16,40,0.3125,40,46,0.0,5.458638793595151,0.9872943261185801,0.640625,1.0,0.3125
2026-05-03T10:50,17,40,0.3125,40,46,0.0,5.458633472316098,0.9873057726716264,0.640625,1.0,0.3125
2026-05-03T11:20,17,40,0.3125,40,46,0.0,5.4586279979227275,0.9873171986188167,0.640625,1.0,0.3125
2026-05-03T11:50,17,40,0.3125,40,46,0.0,5.458603975004881,0.9872847366705938,0.640625,1.0,0.3125
2026-05-03T12:20,17,40,0.3125,40,46,0.0,5.4585798690830245,0.9872961609862536,0.640625,1.0,0.3125
2026-05-03T12:50,19,40,0.3125,40,46,0.0,5.458555680717336,0.9873075647914724,0.640625,1.0,0.3125
2026-05-03T13:20,18,40,0.3125,40,46,0.0,5.458531410464579,0.9873189481414353,0.640625,1.0,0.3125
2026-05-03T13:50,19,40,0.3125,40,46,0.0,5.458507058878118,0.9873303110911292,0.640625,1.0,0.3125
2026-05-03T14:20,19,40,0.3125,40,46,0.0,5.4584826265079505,0.9873416536953449,0.640625,1.0,0.3125
2026-05-03T14:50,19,40,0.3125,40,46,0.0,5.458458113900724,0.9873529760086764,0.640625,1.0,0.3125
2026-05-03T15:20,19,40,0.3125,40,46,0.0,5.458433521599759,0.9873642780855231,0.640625,1.0,0.3125
2026-05-03T15:50,20,40,0.3125,40,46,0.0,5.458408850145075,0.9873755599800895,0.640625,1.0,0.3125
2026-05-03T16:20,19,40,0.3125,40,46,0.0,5.458384100073409,0.9873868217463874,0.640625,1.0,0.3125
2026-05-03T16:50,19,40,0.3125,40,46,0.0,5.458359271918242,0.9873980634382356,0.640625,1.0,0.3125
2026-05-03T17:20,20,40,0.3125,40,46,0.0,5.458341005325021,0.9873658474531571,0.640625,1.0,0.3125
2026-05-03T17:50,19,40,0.3125,40,46,0.0,5.458322637055577,0.9873770878023981,0.640625,1.0,0.3125
2026-05-03T18:20,19,40,0.3125,40,46,0.0,5.458304167749224,0.987388308168796,0.640625,1.0,0.3125
2026-05-03T18:50,19,40,0.3125,40,46,0.0,5.458288100552755,0.9873561866803646,0.640625,1.0,0.3125
2026-05-03T19:20,19,40,0.3125,40,46,0.0,5.458271924143678,0.9873674056806483,0.640625,1.0,0.3125
2026-05-03T19:50,18,40,0.3125,40,46,0.0,5.458255639194861,0.9873786047890875,0.640625,1.0,0.3125
2026-05-03T20:20,18,40,0.3125,40,46,0.0,5.458239246375111,0.987389784058539,0.640625,1.0,0.3125
2026-05-03T20:50,18,40,0.3125,40,46,0.0,5.4582227463491915,0.9874009435416731,0.640625,1.0,0.3125
2026-05-03T21:20,18,40,0.3125,40,46,0.0,5.458206139777852,0.9874120832909732,0.640625,1.0,0.3125
2026-05-03T21:50,17,40,0.3125,40,46,0.0,5.458200114691937,0.9873801110550228,0.640625,1.0,0.3125
2026-05-03T22:20,17,40,0.3125,40,46,0.0,5.458193941922471,0.9873912495271719,0.640625,1.0,0.3125
2026-05-03T22:50,16,40,0.3125,40,46,0.0,5.458187622335487,0.9874023683547494,0.640625,1.0,0.3125
2026-05-03T23:20,16,40,0.3125,40,46,0.0,5.458202679105811,0.9873704891863269,0.640625,1.0,0.3125
2026-05-03T23:50,15,40,0.3125,40,46,0.0,5.458217515126762,0.9873816067134515,0.640625,1.0,0.3125
2026-05-04T00:20,15,40,0.3125,40,46,0.0,5.4582321315852695,0.9873927046846798,0.640625,1.0,0.3125
2026-05-04T00:50,15,40,0.3125,40,46,0.0,5.458246529661053,0.987403783151565,0.640625,1.0,0.3125
2026-05-04T01:20,14,40,0.3125,40,46,0.0,5.458260710526675,0.9874148421654794,0.640625,1.0,0.3125
2026-05-04T01:50,14,40,0.3125,40,46,0.0,5.45827467534759,0.9874258817776148,0.640625,1.0,0.3125
2026-05-04T02:20,15,40,0.3125,40,46,0.0,5.458310995931398,0.9873941496395058,0.640625,1.0,0.3125
2026-05-04T02:50,14,40,0.3125,40,46,0.0,5.458347018182459,0.9874051880373697,0.640625,1.0,0.3125
2026-05-04T03:20,13,40,0.3125,40,46,0.0,5.458389128063542,0.9873735295283211,0.640625,1.0,0.3125
2026-05-04T03:50,13,40,0.3125,40,46,0.0,5.458430917027754,0.9873845666528596,0.640625,1.0,0.3125
2026-05-04T04:20,13,40,0.3125,40,46,0.0,5.458472386743274,0.9873955844985776,0.640625,1.0,0.3125
2026-05-04T04:50,13,40,0.3125,40,46,0.0,5.458513538867969,0.9874065831159435,0.640625,1.0,0.3125
2026-05-04T05:20,13,40,0.3125,40,46,0.0,5.458550152364788,0.9873750337951754,0.640625,1.0,0.3125
2026-05-04T05:50,13,40,0.3125,40,46,0.0,5.458586466778999,0.9873860311524967,0.640625,1.0,0.3125
2026-05-04T06:20,13,40,0.3125,40,46,0.0,5.458600297454728,0.987354554634692,0.640625,1.0,0.3125
2026-05-04T06:50,12,40,0.3125,40,46,0.0,5.458613910306791,0.9873655506741401,0.640625,1.0,0.3125
2026-05-04T07:20,12,40,0.3125,40,46,0.0,5.458627306523987,0.9873765276066561,0.640625,1.0,0.3125
2026-05-04T07:50,12,40,0.3125,40,46,0.0,5.458640487287733,0.9873874854819977,0.640625,1.0,0.3125
2026-05-04T08:20,12,40,0.3125,40,46,0.0,5.458647640712054,0.9873561169015233,0.640625,1.0,0.3125
2026-05-04T08:50,12,40,0.3125,40,46,0.0,5.458654603374626,0.9873670734726658,0.640625,1.0,0.3125
2026-05-04T09:20,12,40,0.3125,40,46,0.0,5.458661376325075,0.9873780110713908,0.640625,1.0,0.3125
2026-05-04T09:50,13,40,0.3125,40,46,0.0,5.45866796060658,0.9873889297469345,0.640625,1.0,0.3125
2026-05-04T10:20,13,40,0.3125,40,46,0.0,5.458674357255912,0.9873998295483633,0.640625,1.0,0.3125
2026-05-04T10:50,13,40,0.3125,40,46,0.0,5.458669297455561,0.9873685857509944,0.640625,1.0,0.3125
2026-05-04T11:20,14,40,0.3125,40,46,0.0,5.458664096743108,0.9873794842965069,0.640625,1.0,0.3125
2026-05-04T11:50,14,40,0.3125,40,46,0.0,5.458641162412591,0.9873483119067643,0.640625,1.0,0.3125
2026-05-04T12:20,14,40,0.3125,40,46,0.0,5.458618151419688,0.9873592091402641,0.640625,1.0,0.3125
2026-05-04T12:50,14,40,0.3125,40,46,0.0,5.4585950642596925,0.9873700876177682,0.640625,1.0,0.3125
2026-05-04T13:20,15,40,0.3125,40,46,0.0,5.458571901425001,0.9873809473876584,0.640625,1.0,0.3125
2026-05-04T13:50,15,40,0.3125,40,46,0.0,5.458548663405132,0.98739178849815,0.640625,1.0,0.3125
2026-05-04T14:20,15,40,0.3125,40,46,0.0,5.458525350686741,0.9874026109972933,0.640625,1.0,0.3125
2026-05-04T14:50,15,40,0.3125,40,46,0.0,5.458501963753646,0.9874134149329731,0.640625,1.0,0.3125
2026-05-04T15:20,15,40,0.3125,40,46,0.0,5.45847850308684,0.9874242003529106,0.640625,1.0,0.3125
2026-05-04T15:50,15,40,0.3125,40,46,0.0,5.458454969164519,0.9874349673046634,0.640625,1.0,0.3125
2026-05-04T16:20,15,40,0.3125,40,46,0.0,5.458431362462087,0.9874457158356261,0.640625,1.0,0.3125
2026-05-04T16:50,14,40,0.3125,40,46,0.0,5.458407683452184,0.9874564459930315,0.640625,1.0,0.3125
2026-05-04T17:20,14,40,0.3125,40,46,0.0,5.458390269015287,0.9874255007037078,0.640625,1.0,0.3125
2026-05-04T17:50,15,40,0.3125,40,46,0.0,5.45837276064089,0.9874362297986705,0.640625,1.0,0.3125
2026-05-04T18:20,15,40,0.3125,40,46,0.0,5.458355158894851,0.9874469406002061,0.640625,1.0,0.3125
2026-05-04T18:50,15,40,0.3125,40,46,0.0,5.458339767593456,0.9874160824840179,0.640625,1.0,0.3125
2026-05-04T19:20,15,40,0.3125,40,46,0.0,5.458324275704006,0.9874267922010528,0.640625,1.0,0.3125
2026-05-04T19:50,15,40,0.3125,40,46,0.0,5.458308683820776,0.9874374837042832,0.640625,1.0,0.3125
2026-05-04T20:20,14,40,0.3125,40,46,0.0,5.458292992534593,0.9874481570401333,0.640625,1.0,0.3125
2026-05-04T20:50,14,40,0.3125,40,46,0.0,5.458277202432867,0.9874588122548701,0.640625,1.0,0.3125
2026-05-04T21:20,13,40,0.3125,40,46,0.0,5.458271423628069,0.9874280749350569,0.640625,1.0,0.3125
2026-05-04T21:50,14,40,0.3125,40,46,0.0,5.458265508623819,0.9874387291088408,0.640625,1.0,0.3125
2026-05-04T22:20,13,40,0.3125,40,46,0.0,5.458259458186692,0.9874493652399934,0.640625,1.0,0.3125
2026-05-04T22:50,13,40,0.3125,40,46,0.0,5.458253273078702,0.9874599833743081,0.640625,1.0,0.3125
2026-05-04T23:20,13,40,0.3125,40,46,0.0,5.458267551546157,0.9874293489946131,0.640625,1.0,0.3125
2026-05-04T23:50,12,40,0.3125,40,46,0.0,5.458281627405492,0.9874399660985028,0.640625,1.0,0.3125
2026-05-05T00:20,12,40,0.3125,40,46,0.0,5.458295501701883,0.9874505652832298,0.640625,1.0,0.3125
2026-05-05T00:50,12,40,0.3125,40,46,0.0,5.4583091754744215,0.9874611465941209,0.640625,1.0,0.3125
2026-05-05T01:20,12,40,0.3125,40,46,0.0,5.45832264975615,0.9874717100763499,0.640625,1.0,0.3125
2026-05-05T01:50,11,40,0.3125,40,46,0.0,5.458335925574115,0.9874822557749389,0.640625,1.0,0.3125
2026-05-05T02:20,11,40,0.3125,40,46,0.0,5.45837043541939,0.9874517572521634,0.640625,1.0,0.3125
2026-05-05T02:50,11,40,0.3125,40,46,0.0,5.458404671828261,0.9874623019939683,0.640625,1.0,0.3125
2026-05-05T03:20,11,40,0.3125,40,46,0.0,5.458444714687934,0.987431871439981,0.640625,1.0,0.3125
2026-05-05T03:50,11,40,0.3125,40,46,0.0,5.458484463367988,0.9874424151719945,0.640625,1.0,0.3125
2026-05-05T04:20,11,40,0.3125,40,46,0.0,5.458523919335686,0.9874529412280113,0.640625,1.0,0.3125
2026-05-05T04:50,11,40,0.3125,40,46,0.0,5.4585630840496036,0.9874634496524434,0.640625,1.0,0.3125
2026-05-05T05:20,11,40,0.3125,40,46,0.0,5.458597906807978,0.9874331199976673,0.640625,1.0,0.3125
2026-05-05T05:50,11,40,0.3125,40,46,0.0,5.458632455226057,0.9874436274224183,0.640625,1.0,0.3125
2026-05-05T06:20,11,40,0.3125,40,46,0.0,5.458645522772793,0.9874133650036822,0.640625,1.0,0.3125
2026-05-05T06:50,11,40,0.3125,40,46,0.0,5.458658390368653,0.987423871376801,0.640625,1.0,0.3125
2026-05-05T07:20,11,40,0.3125,40,46,0.0,5.458671059061222,0.9874343602246936,0.640625,1.0,0.3125
2026-05-05T07:50,11,40,0.3125,40,46,0.0,5.458683529891841,0.9874448315911731,0.640625,1.0,0.3125
2026-05-05T08:20,12,40,0.3125,40,46,0.0,5.458690260737029,0.9874146689605353,0.640625,1.0,0.3125
2026-05-05T08:50,12,40,0.3125,40,46,0.0,5.458696816252522,0.9874251392858593,0.640625,1.0,0.3125
2026-05-05T09:20,12,40,0.3125,40,46,0.0,5.458703197364486,0.9874355922041587,0.640625,1.0,0.3125
2026-05-05T09:50,13,40,0.3125,40,46,0.0,5.458709404993628,0.9874460277588064,0.640625,1.0,0.3125
2026-05-05T10:20,13,40,0.3125,40,46,0.0,5.45871544005523,0.9874564459930315,0.640625,1.0,0.3125
2026-05-05T10:50,13,40,0.3125,40,46,0.0,5.458710664489486,0.9874263987842437,0.640625,1.0,0.3125
2026-05-05T11:20,14,40,0.3125,40,46,0.0,5.45870575863842,0.9874368160180595,0.640625,1.0,0.3125
2026-05-05T11:50,15,40,0.3125,40,46,0.0,5.458683865615631,0.9874068348062857,0.640625,1.0,0.3125
2026-05-05T12:20,15,40,0.3125,40,46,0.0,5.458661901402367,0.9874172509892416,0.640625,1.0,0.3125
2026-05-05T12:50,16,40,0.3125,40,46,0.0,5.458639866439438,0.9874276499553661,0.640625,1.0,0.3125
2026-05-05T13:20,16,40,0.3125,40,46,0.0,5.458617761165184,0.9874380317473105,0.640625,1.0,0.3125
2026-05-05T13:50,16,40,0.3125,40,46,0.0,5.458595586015475,0.987448396407585,0.640625,1.0,0.3125
2026-05-05T14:20,16,40,0.3125,40,46,0.0,5.458573341423745,0.9874587439785598,0.640625,1.0,0.3125
2026-05-05T14:50,16,40,0.3125,40,46,0.0,5.458551027820992,0.9874690745024655,0.640625,1.0,0.3125
2026-05-05T15:20,16,40,0.3125,40,46,0.0,5.458528645635801,0.9874793880213935,0.640625,1.0,0.3125
2026-05-05T15:50,16,40,0.3125,40,46,0.0,5.458506195294359,0.9874896845772969,0.640625,1.0,0.3125
2026-05-05T16:20,16,40,0.3125,40,46,0.0,5.458483677220468,0.9874999642119909,0.640625,1.0,0.3125
2026-05-05T16:50,15,40,0.3125,40,46,0.0,5.458461091835561,0.9875102269671535,0.640625,1.0,0.3125
2026-05-05T17:20,15,40,0.3125,40,46,0.0,5.458444499398827,0.9874804560772668,0.640625,1.0,0.3125
2026-05-05T17:50,15,40,0.3125,40,46,0.0,5.45842781975013,0.987490717998515,0.640625,1.0,0.3125
2026-05-05T18:20,15,40,0.3125,40,46,0.0,5.458411053393433,0.9875009631107192,0.640625,1.0,0.3125
2026-05-05T18:50,14,40,0.3125,40,46,0.0,5.458396327713571,0.9874712728890206,0.640625,1.0,0.3125
2026-05-05T19:20,14,40,0.3125,40,46,0.0,5.45838150892559,0.9874815171466746,0.640625,1.0,0.3125
2026-05-05T19:50,14,40,0.3125,40,46,0.0,5.458366597557657,0.9874917446653457,0.640625,1.0,0.3125
2026-05-05T20:20,13,40,0.3125,40,46,0.0,5.458351594134995,0.987501955486027,0.640625,1.0,0.3125
2026-05-05T20:50,13,40,0.3125,40,46,0.0,5.458336499179905,0.9875121496495785,0.640625,1.0,0.3125
2026-05-05T21:20,13,40,0.3125,40,46,0.0,5.45833082236284,0.9874825712979448,0.640625,1.0,0.3125
2026-05-05T21:50,12,40,0.3125,40,46,0.0,5.458325020219729,0.9874927646437934,0.640625,1.0,0.3125
2026-05-05T22:20,12,40,0.3125,40,46,0.0,5.458319093428475,0.9875029414016097,0.640625,1.0,0.3125
2026-05-05T22:50,11,40,0.3125,40,46,0.0,5.458313042663098,0.9875131016118522,0.640625,1.0,0.3125
2026-05-05T23:20,12,40,0.3125,40,46,0.0,5.458326617279662,0.9874836185985162,0.640625,1.0,0.3125
2026-05-05T23:50,11,40,0.3125,40,46,0.0,5.4583400052792985,0.9874937779990043,0.640625,1.0,0.3125
2026-05-06T00:20,11,40,0.3125,40,46,0.0,5.458353207587154,0.9875039209203351,0.640625,1.0,0.3125
2026-05-06T00:50,11,40,0.3125,40,46,0.0,5.4583662251232,0.9875140474025715,0.640625,1.0,0.3125
2026-05-06T01:20,10,40,0.3125,40,46,0.0,5.458379058802264,0.9875241574856464,0.640625,1.0,0.3125
2026-05-06T01:50,10,40,0.3125,40,46,0.0,5.458391709534074,0.9875342512093634,0.640625,1.0,0.3125
2026-05-06T02:20,10,40,0.3125,40,46,0.0,5.4584245765373804,0.987504894104259,0.640625,1.0,0.3125
2026-05-06T02:50,10,40,0.3125,40,46,0.0,5.458457192008918,0.9875149870815577,0.640625,1.0,0.3125
2026-05-06T03:20,10,40,0.3125,40,46,0.0,5.458495357108746,0.987485692912965,0.640625,1.0,0.3125
2026-05-06T03:50,10,40,0.3125,40,46,0.0,5.458533251559521,0.9874957850960997,0.640625,1.0,0.3125
2026-05-06T04:20,9,40,0.3125,40,46,0.0,5.458570876658619,0.9875058610146362,0.640625,1.0,0.3125
2026-05-06T04:50,9,40,0.3125,40,46,0.0,5.458608233696043,0.9875159207078612,0.640625,1.0,0.3125
2026-05-06T05:20,9,40,0.3125,40,46,0.0,5.458641429096717,0.9874867200574085,0.640625,1.0,0.3125
2026-05-06T05:50,9,40,0.3125,40,46,0.0,5.45867437195171,0.9874967789641147,0.640625,1.0,0.3125
2026-05-06T06:20,8,40,0.3125,40,46,0.0,5.458707063474923,0.9875068217119347,0.640625,1.0,0.3125
2026-05-06T06:50,8,40,0.3125,40,46,0.0,5.458719275518453,0.987477698670589,0.640625,1.0,0.3125
2026-05-06T07:20,8,40,0.3125,40,46,0.0,5.45873130423456,0.9874877406123127,0.640625,1.0,0.3125
2026-05-06T07:50,9,40,0.3125,40,46,0.0,5.458743150546064,0.987497766461181,0.640625,1.0,0.3125
2026-05-06T08:20,9,40,0.3125,40,46,0.0,5.4587495186229695,0.9874687206210961,0.640625,1.0,0.3125
2026-05-06T08:50,10,40,0.3125,40,46,0.0,5.4587557249375624,0.9874787456445993,0.640625,1.0,0.3125
2026-05-06T09:20,10,40,0.3125,40,46,0.0,5.458761770311425,0.9874887546408866,0.640625,1.0,0.3125
2026-05-06T09:50,11,40,0.3125,40,46,0.0,5.4587676555614895,0.9874987476483619,0.640625,1.0,0.3125
2026-05-06T10:20,11,40,0.3125,40,46,0.0,5.458773381500063,0.9875087247053065,0.640625,1.0,0.3125
2026-05-06T10:50,11,40,0.3125,40,46,0.0,5.458768878873459,0.9874797859393495,0.640625,1.0,0.3125
2026-05-06T11:20,11,40,0.3125,40,46,0.0,5.458764255367956,0.9874897622055333,0.640625,1.0,0.3125
2026-05-06T11:50,12,40,0.3125,40,46,0.0,5.458743331033289,0.9874608846179453,0.640625,1.0,0.3125
2026-05-06T12:20,12,40,0.3125,40,46,0.0,5.458722340355587,0.9874708600478436,0.640625,1.0,0.3125
2026-05-06T12:50,12,40,0.3125,40,46,0.0,5.458701283729115,0.9874808196185528,0.640625,1.0,0.3125
2026-05-06T13:50,12,40,0.3125,40,46,0.0,5.458680161546001,0.9874907633678629,0.640625,1.0,0.3125
2026-05-06T14:20,12,40,0.3125,40,46,0.0,5.458658974196262,0.987500691333444,0.640625,1.0,0.3125
2026-05-06T14:50,12,40,0.3125,40,46,0.0,5.458637722067804,0.9875106035528465,0.640625,1.0,0.3125
2026-05-06T15:20,12,40,0.3125,40,46,0.0,5.458616405546447,0.9875205000635019,0.640625,1.0,0.3125
2026-05-06T15:50,13,40,0.3125,40,46,0.0,5.45859502501593,0.9875303809027232,0.640625,1.0,0.3125
2026-05-06T16:20,13,40,0.3125,40,46,0.0,5.458573580857923,0.9875402461077052,0.640625,1.0,0.3125
2026-05-06T16:50,13,40,0.3125,40,46,0.0,5.45855207345205,0.9875500957155252,0.640625,1.0,0.3125
2026-05-06T17:20,13,40,0.3125,40,46,0.0,5.458536269739751,0.9875213985721442,0.640625,1.0,0.3125
2026-05-06T17:50,13,40,0.3125,40,46,0.0,5.458520384528718,0.9875312475077621,0.640625,1.0,0.3125
2026-05-06T18:20,12,40,0.3125,40,46,0.0,5.458504418271522,0.9875410809087812,0.640625,1.0,0.3125
2026-05-06T18:50,12,40,0.3125,40,46,0.0,5.458490294114267,0.9875124587112133,0.640625,1.0,0.3125
2026-05-06T19:50,12,40,0.3125,40,46,0.0,5.458476083365179,0.9875222914208895,0.640625,1.0,0.3125
2026-05-06T20:20,12,40,0.3125,40,46,0.0,5.458461786496912,0.9875321086581665,0.640625,1.0,0.3125
2026-05-06T20:50,12,40,0.3125,40,46,0.0,5.458447403979586,0.987541910459536,0.640625,1.0,0.3125
2026-05-06T21:20,11,40,0.3125,40,46,0.0,5.458441759982563,0.9875133775465239,0.640625,1.0,0.3125
2026-05-06T21:50,11,40,0.3125,40,46,0.0,5.45843600014783,0.9875231786630494,0.640625,1.0,0.3125
2026-05-06T22:20,11,40,0.3125,40,46,0.0,5.458430125079256,0.9875329644052744,0.640625,1.0,0.3125
2026-05-06T22:50,10,40,0.3125,40,46,0.0,5.4584241353773875,0.9875427348093455,0.640625,1.0,0.3125
2026-05-06T23:20,10,40,0.3125,40,46,0.0,5.458436935508392,0.9875142906256226,0.640625,1.0,0.3125
2026-05-06T23:50,10,40,0.3125,40,46,0.0,5.458449563172855,0.9875240603512676,0.640625,1.0,0.3125
2026-05-07T00:20,10,40,0.3125,40,46,0.0,5.458462019194916,0.9875338147997811,0.640625,1.0,0.3125
2026-05-07T00:50,10,40,0.3125,40,46,0.0,5.4584743043942785,0.9875435540069686,0.640625,1.0,0.3125
2026-05-07T01:20,10,40,0.3125,40,46,0.0,5.458486419586233,0.9875532780085244,0.640625,1.0,0.3125
2026-05-07T01:50,10,40,0.3125,40,46,0.0,5.4584983655816925,0.9875629868400311,0.640625,1.0,0.3125
2026-05-07T02:20,10,40,0.3125,40,46,0.0,5.458529561850723,0.9875346598917496,0.640625,1.0,0.3125
2026-05-07T02:50,10,40,0.3125,40,46,0.0,5.45856052599585,0.9875443681005567,0.640625,1.0,0.3125
2026-05-07T03:20,10,40,0.3125,40,46,0.0,5.458596761510955,0.9875160997302023,0.640625,1.0,0.3125
2026-05-07T03:50,10,40,0.3125,40,46,0.0,5.4586327473605545,0.9875258072731804,0.640625,1.0,0.3125
2026-05-07T04:20,10,40,0.3125,40,46,0.0,5.458668484698247,0.9875354997306216,0.640625,1.0,0.3125
2026-05-07T04:50,9,40,0.3125,40,46,0.0,5.458703974671306,0.987545177137663,0.640625,1.0,0.3125
2026-05-07T05:20,9,40,0.3125,40,46,0.0,5.458735457042884,0.9875169958615245,0.640625,1.0,0.3125
2026-05-07T05:50,9,40,0.3125,40,46,0.0,5.458766706394034,0.9875266726089187,0.640625,1.0,0.3125
2026-05-07T06:20,9,40,0.3125,40,46,0.0,5.458778358637806,0.9874985493243225,0.640625,1.0,0.3125
2026-05-07T06:50,9,40,0.3125,40,46,0.0,5.458789840554725,0.987508225369737,0.640625,1.0,0.3125
2026-05-07T07:20,10,40,0.3125,40,46,0.0,5.458801152972243,0.9875178864483374,0.640625,1.0,0.3125
2026-05-07T07:50,10,40,0.3125,40,46,0.0,5.458812296713255,0.9875275325948225,0.640625,1.0,0.3125
2026-05-07T08:20,10,40,0.3125,40,46,0.0,5.458818241741967,0.9874994955134327,0.640625,1.0,0.3125
2026-05-07T08:50,11,40,0.3125,40,46,0.0,5.458824036957965,0.9875091409644255,0.640625,1.0,0.3125
2026-05-07T09:20,12,40,0.3125,40,46,0.0,5.4588296830951,0.9875187715419395,0.640625,1.0,0.3125
2026-05-07T09:50,12,40,0.3125,40,46,0.0,5.458835180883216,0.9875283872803509,0.640625,1.0,0.3125
2026-05-07T10:20,12,40,0.3125,40,46,0.0,5.458840531048178,0.9875379882139302,0.640625,1.0,0.3125
2026-05-07T10:50,13,40,0.3125,40,46,0.0,5.458836257480144,0.9875100509246851,0.640625,1.0,0.3125
2026-05-07T11:20,13,40,0.3125,40,46,0.0,5.4588318711426735,0.9875196511929981,0.640625,1.0,0.3125
2026-05-07T11:50,13,40,0.3125,40,46,0.0,5.458811861009873,0.9874917709019092,0.640625,1.0,0.3125
2026-05-07T12:20,14,40,0.3125,40,46,0.0,5.45879178852122,0.987501370463765,0.640625,1.0,0.3125
2026-05-07T12:50,13,40,0.3125,40,46,0.0,5.458771654033176,0.9875109553023664,0.640625,1.0,0.3125
2026-05-07T13:20,14,40,0.3125,40,46,0.0,5.458751457900341,0.98752052545156,0.640625,1.0,0.3125
2026-05-07T13:50,14,40,0.3125,40,46,0.0,5.458731200475473,0.9875300809450887,0.640625,1.0,0.3125
2026-05-07T14:20,13,40,0.3125,40,46,0.0,5.458710882109489,0.987539621816592,0.640625,1.0,0.3125
2026-05-07T14:50,14,40,0.3125,40,46,0.0,5.458690503151486,0.9875491480996068,0.640625,1.0,0.3125
2026-05-07T15:20,14,40,0.3125,40,46,0.0,5.458670063948738,0.9875586598275674,0.640625,1.0,0.3125
2026-05-07T15:50,14,40,0.3125,40,46,0.0,5.45864956484673,0.987568157033806,0.640625,1.0,0.3125
2026-05-07T16:20,14,40,0.3125,40,46,0.0,5.458629006189136,0.9875776397515529,0.640625,1.0,0.3125
2026-05-07T16:50,14,40,0.3125,40,46,0.0,5.458608388317858,0.9875871080139373,0.640625,1.0,0.3125
2026-05-07T17:20,14,40,0.3125,40,46,0.0,5.45859330205734,0.9875594099211582,0.640625,1.0,0.3125
2026-05-07T17:50,13,40,0.3125,40,46,0.0,5.458578139492368,0.9875688776457235,0.640625,1.0,0.3125
2026-05-07T18:20,13,40,0.3125,40,46,0.0,5.458562901030838,0.9875783309707078,0.640625,1.0,0.3125
2026-05-07T18:50,13,40,0.3125,40,46,0.0,5.458549422911199,0.9875507026889634,0.640625,1.0,0.3125
2026-05-07T19:20,13,40,0.3125,40,46,0.0,5.45853586376978,0.987560155458372,0.640625,1.0,0.3125
2026-05-07T19:50,13,40,0.3125,40,46,0.0,5.458522224032462,0.9875695938836692,0.640625,1.0,0.3125
2026-05-07T20:20,12,40,0.3125,40,46,0.0,5.4585085041229275,0.9875790179974798,0.640625,1.0,0.3125
2026-05-07T20:50,12,40,0.3125,40,46,0.0,5.458494704462669,0.9875884278323303,0.640625,1.0,0.3125
2026-05-07T21:20,12,40,0.3125,40,46,0.0,5.4584891712099095,0.9875608964805989,0.640625,1.0,0.3125
2026-05-07T21:50,12,40,0.3125,40,46,0.0,5.458483530683498,0.9875703057873457,0.640625,1.0,0.3125
2026-05-07T22:20,12,40,0.3125,40,46,0.0,5.458477783422432,0.987579700869895,0.640625,1.0,0.3125
2026-05-07T22:50,12,40,0.3125,40,46,0.0,5.458471929962853,0.9875890817604767,0.640625,1.0,0.3125
2026-05-07T23:20,11,40,0.3125,40,46,0.0,5.4584841567540066,0.987561633028729,0.640625,1.0,0.3125
2026-05-07T23:50,11,40,0.3125,40,46,0.0,5.458496223691972,0.9875710133959774,0.640625,1.0,0.3125
2026-05-08T00:20,11,40,0.3125,40,46,0.0,5.458508131512951,0.9875803796255207,0.640625,1.0,0.3125
2026-05-08T00:50,10,40,0.3125,40,46,0.0,5.45851988094933,0.9875897317492969,0.640625,1.0,0.3125
2026-05-08T01:20,10,40,0.3125,40,46,0.0,5.4585314727297,0.9875990697991469,0.640625,1.0,0.3125
2026-05-08T01:50,9,40,0.3125,40,46,0.0,5.4585429075788765,0.9876083938068168,0.640625,1.0,0.3125
2026-05-08T02:20,9,40,0.3125,40,46,0.0,5.45857274688575,0.9875810543014735,0.640625,1.0,0.3125
2026-05-08T02:50,9,40,0.3125,40,46,0.0,5.458602371284041,0.9875903778342802,0.640625,1.0,0.3125
2026-05-08T03:20,9,40,0.3125,40,46,0.0,5.458637053379168,0.9875630928638082,0.640625,1.0,0.3125
2026-05-08T03:50,9,40,0.3125,40,46,0.0,5.458671504296984,0.9875724158826509,0.640625,1.0,0.3125
2026-05-08T04:20,8,40,0.3125,40,46,0.0,5.458705725067068,0.9875817249344242,0.640625,1.0,0.3125
2026-05-08T04:50,8,40,0.3125,40,46,0.0,5.458739716713569,0.9875910200504913,0.640625,1.0,0.3125
2026-05-08T05:20,8,40,0.3125,40,46,0.0,5.45876985478396,0.9875638162301058,0.640625,1.0,0.3125
2026-05-08T05:50,8,40,0.3125,40,46,0.0,5.458799776978048,0.9875731108368098,0.640625,1.0,0.3125
2026-05-08T06:20,9,40,0.3125,40,46,0.0,5.458810870207364,0.9875459610245307,0.640625,1.0,0.3125
2026-05-08T06:50,9,40,0.3125,40,46,0.0,5.458821805556778,0.9875552550834676,0.640625,1.0,0.3125
2026-05-08T07:20,10,40,0.3125,40,46,0.0,5.458832583765853,0.9875645352810192,0.640625,1.0,0.3125
2026-05-08T07:50,11,40,0.3125,40,46,0.0,5.458843205570222,0.9875738016481719,0.640625,1.0,0.3125
2026-05-08T08:20,12,40,0.3125,40,46,0.0,5.458848845786194,0.9875467321846924,0.640625,1.0,0.3125
2026-05-08T08:50,13,40,0.3125,40,46,0.0,5.458854347000376,0.9875559980089597,0.640625,1.0,0.3125
2026-05-08T09:20,14,40,0.3125,40,46,0.0,5.458859709869349,0.9875652500550497,0.640625,1.0,0.3125
2026-05-08T09:50,15,40,0.3125,40,46,0.0,5.458864935046237,0.9875744883536715,0.640625,1.0,0.3125
2026-05-08T10:20,16,40,0.3125,40,46,0.0,5.458860942473599,0.9875474987648382,0.640625,1.0,0.3125
2026-05-08T10:50,16,40,0.3125,40,46,0.0,5.458856844401609,0.9875567365253983,0.640625,1.0,0.3125
2026-05-08T11:20,16,40,0.3125,40,46,0.0,5.458852641337052,0.9875659605902424,0.640625,1.0,0.3125
2026-05-08T11:50,17,40,0.3125,40,46,0.0,5.458833397791128,0.9875390372951349,0.640625,1.0,0.3125
2026-05-08T12:20,17,40,0.3125,40,46,0.0,5.4588140960544225,0.9875482608056493,0.640625,1.0,0.3125
2026-05-08T12:50,17,40,0.3125,40,46,0.0,5.458794736447477,0.9875574706719172,0.640625,1.0,0.3125
2026-05-08T13:20,17,40,0.3125,40,46,0.0,5.458775319289228,0.9875666669241923,0.640625,1.0,0.3125
2026-05-08T13:50,17,40,0.3125,40,46,0.0,5.458755844897004,0.9875758495926382,0.640625,1.0,0.3125
2026-05-08T14:20,18,40,0.3125,40,46,0.0,5.458736313586543,0.98758501870733,0.640625,1.0,0.3125
2026-05-08T14:50,18,40,0.3125,40,46,0.0,5.458716725671999,0.9875941742982538,0.640625,1.0,0.3125
2026-05-08T15:20,18,40,0.3125,40,46,0.0,5.458697081465949,0.9876033163953074,0.640625,1.0,0.3125
2026-05-08T15:50,18,40,0.3125,40,46,0.0,5.458677381279406,0.9876124450283006,0.640625,1.0,0.3125
2026-05-08T16:20,18,40,0.3125,40,46,0.0,5.458657625421824,0.9876215602269552,0.640625,1.0,0.3125
2026-05-08T16:50,18,40,0.3125,40,46,0.0,5.458637814201111,0.987630662020906,0.640625,1.0,0.3125
2026-05-08T17:20,18,40,0.3125,40,46,0.0,5.45862332156044,0.9876039087881171,0.640625,1.0,0.3125
2026-05-08T17:50,18,40,0.3125,40,46,0.0,5.4586087576873785,0.987613010176672,0.640625,1.0,0.3125
2026-05-08T19:20,16,40,0.3125,40,46,0.0,5.458595791236356,0.987586309151007,0.640625,1.0,0.3125
2026-05-08T19:50,15,40,0.3125,40,46,0.0,5.458582749076791,0.9875954100973772,0.640625,1.0,0.3125
2026-05-08T20:20,15,40,0.3125,40,46,0.0,5.458569631592717,0.9876044977090275,0.640625,1.0,0.3125
2026-05-08T20:50,14,40,0.3125,40,46,0.0,5.458556439166258,0.9876135720152434,0.640625,1.0,0.3125
2026-05-08T21:20,13,40,0.3125,40,46,0.0,5.45855105452987,0.9875869487088642,0.640625,1.0,0.3125
2026-05-08T21:50,13,40,0.3125,40,46,0.0,5.458545569841999,0.9875960225767669,0.640625,1.0,0.3125
2026-05-08T22:20,13,40,0.3125,40,46,0.0,5.458539985588273,0.9876050831884713,0.640625,1.0,0.3125
2026-05-08T22:50,12,40,0.3125,40,46,0.0,5.4585343022518416,0.9876141305730053,0.640625,1.0,0.3125
2026-05-08T23:20,13,40,0.3125,40,46,0.0,5.458546012537895,0.9875875845348011,0.640625,1.0,0.3125
2026-05-08T23:50,12,40,0.3125,40,46,0.0,5.458557573855059,0.9875966314848487,0.640625,1.0,0.3125
2026-05-09T00:20,12,40,0.3125,40,46,0.0,5.458568986866267,0.9876056652565276,0.640625,1.0,0.3125
2026-05-09T00:50,10,40,0.3125,40,46,0.0,5.458580252231129,0.9876146858786116,0.640625,1.0,0.3125
2026-05-09T01:20,10,40,0.3125,40,46,0.0,5.458591370605956,0.9876236933797908,0.640625,1.0,0.3125
2026-05-09T01:50,10,40,0.3125,40,46,0.0,5.458602342643778,0.9876326877886717,0.640625,1.0,0.3125
2026-05-09T02:20,11,40,0.3125,40,46,0.0,5.458630967329606,0.9876062439429248,0.640625,1.0,0.3125
2026-05-09T02:50,11,40,0.3125,40,46,0.0,5.458659391916411,0.9876152379603829,0.640625,1.0,0.3125
2026-05-09T03:20,10,40,0.3125,40,46,0.0,5.458692594120657,0.9875888451208141,0.640625,1.0,0.3125
2026-05-09T03:50,10,40,0.3125,40,46,0.0,5.458725581352073,0.9875978387113064,0.640625,1.0,0.3125
2026-05-09T04:20,10,40,0.3125,40,46,0.0,5.458758354536025,0.9876068192770475,0.640625,1.0,0.3125
2026-05-09T04:50,10,40,0.3125,40,46,0.0,5.458790914593156,0.9876157868463117,0.640625,1.0,0.3125
2026-05-09T05:20,9,40,0.3125,40,46,0.0,5.458819715193767,0.9875894699449008,0.640625,1.0,0.3125
2026-05-09T05:50,10,40,0.3125,40,46,0.0,5.458848315100028,0.9875984370908945,0.640625,1.0,0.3125
2026-05-09T06:20,10,40,0.3125,40,46,0.0,5.458858823665873,0.9875721707191285,0.640625,1.0,0.3125
2026-05-09T06:50,11,40,0.3125,40,46,0.0,5.458869185329977,0.9875811374069213,0.640625,1.0,0.3125
2026-05-09T07:20,11,40,0.3125,40,46,0.0,5.458879400757811,0.9875900911650995,0.640625,1.0,0.3125
2026-05-09T07:50,12,40,0.3125,40,46,0.0,5.458889470611427,0.9875990320216088,0.640625,1.0,0.3125
2026-05-09T08:20,13,40,0.3125,40,46,0.0,5.458899395549482,0.9876079600043146,0.640625,1.0,0.3125
2026-05-09T08:50,14,40,0.3125,40,46,0.0,5.458904627571544,0.9875817812648836,0.640625,1.0,0.3125
2026-05-09T09:20,15,40,0.3125,40,46,0.0,5.458909730500907,0.9875907088125006,0.640625,1.0,0.3125
2026-05-09T09:50,16,40,0.3125,40,46,0.0,5.458914704926887,0.9875996235331812,0.640625,1.0,0.3125
2026-05-09T10:20,16,40,0.3125,40,46,0.0,5.458910870088946,0.9875735071574898,0.640625,1.0,0.3125
2026-05-09T10:50,17,40,0.3125,40,46,0.0,5.458906936477373,0.9875824214278216,0.640625,1.0,0.3125
2026-05-09T11:20,18,40,0.3125,40,46,0.0,5.458902904550918,0.9875913229178376,0.640625,1.0,0.3125
2026-05-09T11:50,18,40,0.3125,40,46,0.0,5.458884411976443,0.9875652686121623,0.640625,1.0,0.3125
2026-05-09T12:20,18,40,0.3125,40,46,0.0,5.458865864593123,0.9875741696367778,0.640625,1.0,0.3125
2026-05-09T12:50,19,40,0.3125,40,46,0.0,5.458847262692352,0.9875830579274525,0.640625,1.0,0.3125
2026-05-09T13:20,19,40,0.3125,40,46,0.0,5.458828606564112,0.9875919335114929,0.640625,1.0,0.3125
2026-05-09T13:50,19,40,0.3125,40,46,0.0,5.458809896496976,0.9876007964161275,0.640625,1.0,0.3125
2026-05-09T14:20,20,40,0.3125,40,46,0.0,5.458791132778113,0.9876096466685071,0.640625,1.0,0.3125
2026-05-09T14:50,20,40,0.3125,40,46,0.0,5.4587723156933,0.9876184842957051,0.640625,1.0,0.3125
2026-05-09T15:20,19,40,0.3125,40,46,0.0,5.458753445526927,0.9876273093247174,0.640625,1.0,0.3125
2026-05-09T15:50,20,40,0.3125,40,46,0.0,5.458734522562009,0.9876361217824633,0.640625,1.0,0.3125
2026-05-09T16:20,20,40,0.3125,40,46,0.0,5.458715547080188,0.9876449216957854,0.640625,1.0,0.3125
2026-05-09T16:50,19,40,0.3125,40,46,0.0,5.458696519361743,0.9876537090914499,0.640625,1.0,0.3125
2026-05-09T17:20,18,40,0.3125,40,46,0.0,5.458682707685897,0.9876278141398533,0.640625,1.0,0.3125
2026-05-09T17:50,18,40,0.3125,40,46,0.0,5.458668828696339,0.9876366012036744,0.640625,1.0,0.3125
2026-05-09T18:20,18,40,0.3125,40,46,0.0,5.45865488272787,0.9876453757947292,0.640625,1.0,0.3125
2026-05-09T18:50,17,40,0.3125,40,46,0.0,5.458642430983858,0.9876195418489139,0.640625,1.0,0.3125
2026-05-09T19:20,17,40,0.3125,40,46,0.0,5.458629908211648,0.9876283160928198,0.640625,1.0,0.3125
2026-05-09T19:50,16,40,0.3125,40,46,0.0,5.458617314759241,0.987637077908618,0.640625,1.0,0.3125
2026-05-09T20:20,15,40,0.3125,40,46,0.0,5.458604650972957,0.9876458273226955,0.640625,1.0,0.3125
2026-05-09T20:50,15,40,0.3125,40,46,0.0,5.458591917197447,0.987654564361364,0.640625,1.0,0.3125
2026-05-09T21:20,14,40,0.3125,40,46,0.0,5.45858664144618,0.9876288152078896,0.640625,1.0,0.3125
2026-05-09T21:50,14,40,0.3125,40,46,0.0,5.458581272538082,0.9876375519203134,0.640625,1.0,0.3125
2026-05-09T22:20,14,40,0.3125,40,46,0.0,5.45857581091005,0.9876462763014564,0.640625,1.0,0.3125
2026-05-09T22:50,13,40,0.3125,40,46,0.0,5.4585702569968175,0.9876549883774075,0.640625,1.0,0.3125
2026-05-09T23:20,13,40,0.3125,40,46,0.0,5.458581437944431,0.987629311509062,0.640625,1.0,0.3125
2026-05-09T23:50,13,40,0.3125,40,46,0.0,5.458592480243748,0.9876380232615204,0.640625,1.0,0.3125
2026-05-10T00:20,12,40,0.3125,40,46,0.0,5.458603384490908,0.9876467227525397,0.640625,1.0,0.3125
2026-05-10T00:50,12,40,0.3125,40,46,0.0,5.4586141512791615,0.9876554100079881,0.640625,1.0,0.3125
2026-05-10T01:20,11,40,0.3125,40,46,0.0,5.458624781198897,0.9876640850536605,0.640625,1.0,0.3125
2026-05-10T01:50,11,40,0.3125,40,46,0.0,5.458635274837649,0.98767274791528,0.640625,1.0,0.3125
2026-05-10T02:20,10,40,0.3125,40,46,0.0,5.458662759425592,0.9876471666972308,0.640625,1.0,0.3125
2026-05-10T02:50,10,40,0.3125,40,46,0.0,5.458690057703659,0.9876558292731794,0.640625,1.0,0.3125
2026-05-10T03:20,9,40,0.3125,40,46,0.0,5.4587219562990095,0.9876302957643651,0.640625,1.0,0.3125
2026-05-10T03:50,10,40,0.3125,40,46,0.0,5.458753654711043,0.9876389580222332,0.640625,1.0,0.3125
2026-05-10T04:20,10,40,0.3125,40,46,0.0,5.4587851537724825,0.9876476081565774,0.640625,1.0,0.3125
2026-05-10T04:50,10,40,0.3125,40,46,0.0,5.458816454311957,0.9876562461928315,0.640625,1.0,0.3125
2026-05-10T05:20,10,40,0.3125,40,46,0.0,5.458844130997735,0.9876307837651602,0.640625,1.0,0.3125
2026-05-10T05:50,10,40,0.3125,40,46,0.0,5.458871620706594,0.9876394214859946,0.640625,1.0,0.3125
2026-05-10T06:20,10,40,0.3125,40,46,0.0,5.458898924219007,0.9876480471513917,0.640625,1.0,0.3125
2026-05-10T06:50,10,40,0.3125,40,46,0.0,5.458908855663083,0.9876226437099996,0.640625,1.0,0.3125
2026-05-10T07:20,10,40,0.3125,40,46,0.0,5.45891865073009,0.9876312690453933,0.640625,1.0,0.3125
2026-05-10T07:50,10,40,0.3125,40,46,0.0,5.458928310016858,0.9876398823677851,0.640625,1.0,0.3125
2026-05-10T08:20,11,40,0.3125,40,46,0.0,5.458933490821593,0.9876145376425431,0.640625,1.0,0.3125
2026-05-10T08:50,11,40,0.3125,40,46,0.0,5.458938550441812,0.9876231506205386,0.640625,1.0,0.3125
2026-05-10T09:20,12,40,0.3125,40,46,0.0,5.45894348941252,0.9876317516277516,0.640625,1.0,0.3125
2026-05-10T09:50,12,40,0.3125,40,46,0.0,5.458948308266093,0.9876403406891212,0.640625,1.0,0.3125
2026-05-10T10:20,12,40,0.3125,40,46,0.0,5.458953007532292,0.9876489178295174,0.640625,1.0,0.3125
2026-05-10T10:50,12,40,0.3125,40,46,0.0,5.458949268364303,0.987623654718814,0.640625,1.0,0.3125
2026-05-10T11:20,12,40,0.3125,40,46,0.0,5.4589454370910415,0.9876322315346706,0.640625,1.0,0.3125
2026-05-10T11:50,12,40,0.3125,40,46,0.0,5.458927646544034,0.9876070149700311,0.640625,1.0,0.3125
2026-05-10T12:20,12,40,0.3125,40,46,0.0,5.45890980449084,0.9876155914302595,0.640625,1.0,0.3125
2026-05-10T12:50,12,40,0.3125,40,46,0.0,5.45889191119579,0.9876241560281638,0.640625,1.0,0.3125
2026-05-10T13:20,12,40,0.3125,40,46,0.0,5.458873966921972,0.9876327087883379,0.640625,1.0,0.3125
2026-05-10T13:50,12,40,0.3125,40,46,0.0,5.458855971931239,0.9876412497353071,0.640625,1.0,0.3125
2026-05-10T14:20,12,40,0.3125,40,46,0.0,5.458837926484215,0.9876497788935298,0.640625,1.0,0.3125
2026-05-10T14:50,12,40,0.3125,40,46,0.0,5.4588198308403,0.9876582962873963,0.640625,1.0,0.3125
2026-05-10T15:20,12,40,0.3125,40,46,0.0,5.458801685257678,0.9876668019412299,0.640625,1.0,0.3125
2026-05-10T15:50,12,40,0.3125,40,46,0.0,5.458783489993325,0.9876752958792869,0.640625,1.0,0.3125
2026-05-10T16:20,12,40,0.3125,40,46,0.0,5.458765245303014,0.9876837781257568,0.640625,1.0,0.3125
2026-05-10T16:50,12,40,0.3125,40,46,0.0,5.458746951441318,0.9876922487047625,0.640625,1.0,0.3125
2026-05-10T17:20,12,40,0.3125,40,46,0.0,5.458733684021541,0.9876671815319037,0.640625,1.0,0.3125
2026-05-10T17:50,13,40,0.3125,40,46,0.0,5.458720353368865,0.9876756518742583,0.640625,1.0,0.3125
2026-05-10T18:20,12,40,0.3125,40,46,0.0,5.458706959787094,0.9876841105895128,0.640625,1.0,0.3125
2026-05-10T18:50,12,40,0.3125,40,46,0.0,5.4586949638065025,0.9876591005768964,0.640625,1.0,0.3125
2026-05-10T19:20,12,40,0.3125,40,46,0.0,5.458682901234422,0.9876675590412028,0.640625,1.0,0.3125
2026-05-10T19:50,12,40,0.3125,40,46,0.0,5.458670772386195,0.987676005918572,0.640625,1.0,0.3125
2026-05-10T20:20,11,40,0.3125,40,46,0.0,5.4586585775756955,0.9876844412327961,0.640625,1.0,0.3125
2026-05-10T20:50,11,40,0.3125,40,46,0.0,5.4586463171153365,0.9876928650076026,0.640625,1.0,0.3125
2026-05-10T21:20,10,40,0.3125,40,46,0.0,5.458641108850175,0.9876679344861996,0.640625,1.0,0.3125
2026-05-10T21:50,9,40,0.3125,40,46,0.0,5.4586358137588,0.9876763580282173,0.640625,1.0,0.3125
2026-05-10T22:20,9,40,0.3125,40,46,0.0,5.458630432235096,0.9876847700705189,0.640625,1.0,0.3125
2026-05-10T22:50,8,40,0.3125,40,46,0.0,5.458624964671073,0.9876931706366372,0.640625,1.0,0.3125
2026-05-10T23:20,8,40,0.3125,40,46,0.0,5.458635643026676,0.9876683078837799,0.640625,1.0,0.3125
2026-05-10T23:50,7,40,0.3125,40,46,0.0,5.458646192049326,0.9876767082190089,0.640625,1.0,0.3125
2026-05-11T00:20,7,40,0.3125,40,46,0.0,5.458656612276936,0.9876850971174304,0.640625,1.0,0.3125
2026-05-11T00:50,7,40,0.3125,40,46,0.0,5.458666904244908,0.9876934746023844,0.640625,1.0,0.3125
2026-05-11T01:20,6,40,0.3125,40,46,0.0,5.458677068486136,0.9877018406971483,0.640625,1.0,0.3125
2026-05-11T01:50,6,40,0.3125,40,46,0.0,5.458687105531029,0.9877101954249355,0.640625,1.0,0.3125
2026-05-11T02:20,6,40,0.3125,40,46,0.0,5.458713467451865,0.9876854223881196,0.640625,1.0,0.3125
2026-05-11T02:50,6,40,0.3125,40,46,0.0,5.4587396556847345,0.9876937769183856,0.640625,1.0,0.3125
2026-05-11T03:20,5,40,0.3125,40,46,0.0,5.458770279694411,0.9876690486033189,0.640625,1.0,0.3125
2026-05-11T03:50,5,40,0.3125,40,46,0.0,5.458800717043873,0.9876774029064332,0.640625,1.0,0.3125
2026-05-11T04:20,5,40,0.3125,40,46,0.0,5.458830968484251,0.9876857458970179,0.640625,1.0,0.3125
2026-05-11T04:50,5,40,0.3125,40,46,0.0,5.458861034763104,0.9876940775980348,0.640625,1.0,0.3125
2026-05-11T05:20,5,40,0.3125,40,46,0.0,5.458887603565547,0.9876694159581411,0.640625,1.0,0.3125
2026-05-11T05:50,6,40,0.3125,40,46,0.0,5.458913997953785,0.987677747433845,0.640625,1.0,0.3125
2026-05-11T06:20,7,40,0.3125,40,46,0.0,5.45894021863218,0.9876860676584002,0.640625,1.0,0.3125
2026-05-11T06:50,8,40,0.3125,40,46,0.0,5.458949743879932,0.9876614613456719,0.640625,1.0,0.3125
2026-05-11T07:20,8,40,0.3125,40,46,0.0,5.45895914168333,0.9876697813312784,0.640625,1.0,0.3125
2026-05-11T07:50,9,40,0.3125,40,46,0.0,5.458968412582043,0.9876780901039661,0.640625,1.0,0.3125
2026-05-11T08:20,10,40,0.3125,40,46,0.0,5.458977557113153,0.9876863876863877,0.640625,1.0,0.3125
2026-05-11T08:50,10,40,0.3125,40,46,0.0,5.458982433860438,0.987661847393325,0.640625,1.0,0.3125
2026-05-11T09:20,10,40,0.3125,40,46,0.0,5.458987197675463,0.9876701447387229,0.640625,1.0,0.3125
2026-05-11T09:50,9,40,0.3125,40,46,0.0,5.458991849040367,0.9876784309317749,0.640625,1.0,0.3125
2026-05-11T10:20,9,40,0.3125,40,46,0.0,5.458996388434995,0.9876867059949502,0.640625,1.0,0.3125
2026-05-11T10:50,10,40,0.3125,40,46,0.0,5.45899286092711,0.987662231368239,0.640625,1.0,0.3125
2026-05-11T11:20,10,40,0.3125,40,46,0.0,5.458989246854317,0.9876705061962952,0.640625,1.0,0.3125
2026-05-11T11:50,10,40,0.3125,40,46,0.0,5.45897214126925,0.9876460752351682,0.640625,1.0,0.3125
2026-05-11T12:20,10,40,0.3125,40,46,0.0,5.458954987093748,0.9876543497996457,0.640625,1.0,0.3125
2026-05-11T12:50,9,40,0.3125,40,46,0.0,5.458937784568684,0.9876626132870623,0.640625,1.0,0.3125
2026-05-11T13:20,8,40,0.3125,40,46,0.0,5.458920533933833,0.9876708657196462,0.640625,1.0,0.3125
2026-05-11T13:50,9,40,0.3125,40,46,0.0,5.45890323542788,0.9876791071195664,0.640625,1.0,0.3125
2026-05-11T14:20,10,40,0.3125,40,46,0.0,5.458885889288429,0.987687337508932,0.640625,1.0,0.3125
2026-05-11T14:50,10,40,0.3125,40,46,0.0,5.458868495751999,0.9876955569097939,0.640625,1.0,0.3125
2026-05-11T15:20,10,40,0.3125,40,46,0.0,5.458851055054041,0.9877037653441436,0.640625,1.0,0.3125
2026-05-11T15:50,10,40,0.3125,40,46,0.0,5.458833567428938,0.9877119628339142,0.640625,1.0,0.3125
2026-05-11T16:20,11,40,0.3125,40,46,0.0,5.458816033110007,0.9877201494009802,0.640625,1.0,0.3125
2026-05-11T16:50,12,40,0.3125,40,46,0.0,5.45879845232951,0.987728325067158,0.640625,1.0,0.3125
2026-05-11T17:20,11,40,0.3125,40,46,0.0,5.458785721501702,0.9877040344398311,0.640625,1.0,0.3125
2026-05-11T17:50,11,40,0.3125,40,46,0.0,5.458772931067836,0.9877122099488472,0.640625,1.0,0.3125
2026-05-11T18:20,12,40,0.3125,40,46,0.0,5.458760081304771,0.9877203745933995,0.640625,1.0,0.3125
2026-05-11T18:50,12,40,0.3125,40,46,0.0,5.4587485064623245,0.9876961376329757,0.640625,1.0,0.3125
2026-05-11T19:20,11,40,0.3125,40,46,0.0,5.45873686906576,0.9877043021070082,0.640625,1.0,0.3125
2026-05-11T19:50,11,40,0.3125,40,46,0.0,5.458725169401726,0.9877124557528258,0.640625,1.0,0.3125
2026-05-11T20:20,10,40,0.3125,40,46,0.0,5.458713407755569,0.9877205985919558,0.640625,1.0,0.3125
2026-05-11T20:50,10,40,0.3125,40,46,0.0,5.45870158441136,0.9877287306458684,0.640625,1.0,0.3125
2026-05-11T21:20,9,40,0.3125,40,46,0.0,5.458696443495023,0.9877045683570194,0.640625,1.0,0.3125
2026-05-11T21:50,9,40,0.3125,40,46,0.0,5.458691221461823,0.9877127002562544,0.640625,1.0,0.3125
2026-05-11T22:20,9,40,0.3125,40,46,0.0,5.458685918668108,0.987720821406118,0.640625,1.0,0.3125
2026-05-11T22:50,8,40,0.3125,40,46,0.0,5.458680535468577,0.9877289318279106,0.640625,1.0,0.3125
2026-05-11T23:20,8,40,0.3125,40,46,0.0,5.458690706431739,0.98770483320109,0.640625,1.0,0.3125
2026-05-11T23:50,8,40,0.3125,40,46,0.0,5.458700756604581,0.9877129434694271,0.640625,1.0,0.3125
2026-05-12T00:20,7,40,0.3125,40,46,0.0,5.458710686473601,0.9877210430452548,0.640625,1.0,0.3125
2026-05-12T00:50,7,40,0.3125,40,46,0.0,5.458720496523093,0.9877291319497046,0.640625,1.0,0.3125
2026-05-12T01:20,7,40,0.3125,40,46,0.0,5.45873018723517,0.9877372102038522,0.640625,1.0,0.3125
2026-05-12T01:50,7,40,0.3125,40,46,0.0,5.458739759089755,0.9877452778287181,0.640625,1.0,0.3125
2026-05-12T02:20,5,40,0.3125,40,46,0.0,5.458765038977501,0.9877212635186369,0.640625,1.0,0.3125
2026-05-12T02:50,6,40,0.3125,40,46,0.0,5.458790156692,0.9877293310196101,0.640625,1.0,0.3125
2026-05-12T03:20,5,40,0.3125,40,46,0.0,5.458819557009644,0.9877053587157202,0.640625,1.0,0.3125
2026-05-12T03:50,5,40,0.3125,40,46,0.0,5.458848782997287,0.9877134260656443,0.640625,1.0,0.3125
2026-05-12T04:20,5,40,0.3125,40,46,0.0,5.458877835334271,0.9877214828354373,0.640625,1.0,0.3125
2026-05-12T04:50,5,40,0.3125,40,46,0.0,5.458906714696814,0.987729529045899,0.640625,1.0,0.3125
2026-05-12T05:20,5,40,0.3125,40,46,0.0,5.4589322145702965,0.9877056194081447,0.640625,1.0,0.3125
2026-05-12T05:50,5,40,0.3125,40,46,0.0,5.45895755149774,0.9877136654687415,0.640625,1.0,0.3125
2026-05-12T06:20,5,40,0.3125,40,46,0.0,5.458982726116477,0.9877217010047331,0.640625,1.0,0.3125
2026-05-12T06:50,6,40,0.3125,40,46,0.0,5.458991832390571,0.9876978433649883,0.640625,1.0,0.3125
2026-05-12T07:20,8,40,0.3125,40,46,0.0,5.4590008194313775,0.9877058787383619,0.640625,1.0,0.3125
2026-05-12T07:50,9,40,0.3125,40,46,0.0,5.459009687727986,0.987713903621692,0.640625,1.0,0.3125
2026-05-12T08:20,10,40,0.3125,40,46,0.0,5.459014469245536,0.987690097756443,0.640625,1.0,0.3125
2026-05-12T08:50,11,40,0.3125,40,46,0.0,5.459019144480963,0.9876981224645548,0.640625,1.0,0.3125
2026-05-12T09:20,12,40,0.3125,40,46,0.0,5.459023713873995,0.9877061367170209,0.640625,1.0,0.3125
2026-05-12T09:50,12,40,0.3125,40,46,0.0,5.459028177862339,0.9877141405342624,0.640625,1.0,0.3125
2026-05-12T10:20,13,40,0.3125,40,46,0.0,5.459032536881688,0.9877221339366474,0.640625,1.0,0.3125
2026-05-12T10:50,14,40,0.3125,40,46,0.0,5.459029171311893,0.9876984001123682,0.640625,1.0,0.3125
2026-05-12T11:20,14,40,0.3125,40,46,0.0,5.459025724322889,0.9877063933546604,0.640625,1.0,0.3125
2026-05-12T11:50,14,40,0.3125,40,46,0.0,5.459009223420857,0.9876827005746865,0.640625,1.0,0.3125
2026-05-12T12:20,15,40,0.3125,40,46,0.0,5.458992676695087,0.9876906936307704,0.640625,1.0,0.3125
2026-05-12T12:50,16,40,0.3125,40,46,0.0,5.458976084365364,0.9876986763197259,0.640625,1.0,0.3125
2026-05-12T13:20,15,40,0.3125,40,46,0.0,5.458959446650514,0.9877066486617091,0.640625,1.0,0.3125
2026-05-12T13:50,15,40,0.3125,40,46,0.0,5.45894276376839,0.9877146106768246,0.640625,1.0,0.3125
2026-05-12T14:20,15,40,0.3125,40,46,0.0,5.458926035935892,0.9877225623851243,0.640625,1.0,0.3125
2026-05-12T14:50,17,40,0.3125,40,46,0.0,5.458909263368962,0.9877305038066088,0.640625,1.0,0.3125
2026-05-12T15:20,16,40,0.3125,40,46,0.0,5.458892446282596,0.9877384349612264,0.640625,1.0,0.3125
2026-05-12T15:50,16,40,0.3125,40,46,0.0,5.4588755848908415,0.9877463558688742,0.640625,1.0,0.3125
2026-05-12T16:20,15,40,0.3125,40,46,0.0,5.458858679406809,0.9877542665493978,0.640625,1.0,0.3125
2026-05-12T16:50,16,40,0.3125,40,46,0.0,5.458841730042673,0.9877621670225918,0.640625,1.0,0.3125
2026-05-12T17:20,15,40,0.3125,40,46,0.0,5.458829466125621,0.9877386063167068,0.640625,1.0,0.3125
2026-05-12T17:50,15,40,0.3125,40,46,0.0,5.458817146013516,0.9877465066992348,0.640625,1.0,0.3125
2026-05-12T18:20,15,40,0.3125,40,46,0.0,5.458804769959058,0.987754396907413,0.640625,1.0,0.3125
2026-05-12T18:50,13,40,0.3125,40,46,0.0,5.458793591357925,0.9877308866855904,0.640625,1.0,0.3125
2026-05-12T19:20,13,40,0.3125,40,46,0.0,5.458782353879351,0.9877387767906157,0.640625,1.0,0.3125
2026-05-12T19:50,14,40,0.3125,40,46,0.0,5.458771057784668,0.987746656754118,0.640625,1.0,0.3125
2026-05-12T20:20,14,40,0.3125,40,46,0.0,5.458759703334072,0.9877545265956374,0.640625,1.0,0.3125
2026-05-12T20:50,14,40,0.3125,40,46,0.0,5.458748290786615,0.9877623863346646,0.640625,1.0,0.3125
2026-05-12T21:20,13,40,0.3125,40,46,0.0,5.458743222667541,0.9877389463897387,0.640625,1.0,0.3125
2026-05-12T21:50,13,40,0.3125,40,46,0.0,5.458738078590769,0.987746806039489,0.640625,1.0,0.3125
2026-05-12T22:20,13,40,0.3125,40,46,0.0,5.458732858879743,0.9877546556192202,0.640625,1.0,0.3125
2026-05-12T22:50,13,40,0.3125,40,46,0.0,5.45872756385646,0.9877624951482732,0.640625,1.0,0.3125
2026-05-12T23:20,13,40,0.3125,40,46,0.0,5.458737312399858,0.9877391151207919,0.640625,1.0,0.3125
2026-05-12T23:50,12,40,0.3125,40,46,0.0,5.458746947752023,0.9877469545612518,0.640625,1.0,0.3125
2026-05-13T00:20,12,40,0.3125,40,46,0.0,5.458756470354875,0.9877547839832574,0.640625,1.0,0.3125
2026-05-13T00:50,11,40,0.3125,40,46,0.0,5.458765880648386,0.9877626034060012,0.640625,1.0,0.3125
2026-05-13T01:20,11,40,0.3125,40,46,0.0,5.458775179070605,0.9877704128486265,0.640625,1.0,0.3125
2026-05-13T01:50,10,40,0.3125,40,46,0.0,5.4587843660576665,0.9877782123302282,0.640625,1.0,0.3125
2026-05-13T02:20,9,40,0.3125,40,46,0.0,5.458808688034569,0.9877549116927935,0.640625,1.0,0.3125
2026-05-13T02:50,9,40,0.3125,40,46,0.0,5.458832858124406,0.9877627111120975,0.640625,1.0,0.3125
2026-05-13T03:20,9,40,0.3125,40,46,0.0,5.458861167630566,0.9877394500052121,0.640625,1.0,0.3125
2026-05-13T03:50,10,40,0.3125,40,46,0.0,5.458889313835148,0.9877472493372699,0.640625,1.0,0.3125
2026-05-13T04:20,10,40,0.3125,40,46,0.0,5.4589172973550335,0.9877550387528214,0.640625,1.0,0.3125
2026-05-13T04:50,10,40,0.3125,40,46,0.0,5.458945118804353,0.9877628182707676,0.640625,1.0,0.3125
2026-05-13T05:20,10,40,0.3125,40,46,0.0,5.458969670922666,0.9877396161716719,0.640625,1.0,0.3125
2026-05-13T05:50,10,40,0.3125,40,46,0.0,5.458994070350574,0.9877473956030351,0.640625,1.0,0.3125
2026-05-13T06:20,10,40,0.3125,40,46,0.0,5.459002933293337,0.9877242327093079,0.640625,1.0,0.3125
2026-05-13T06:50,11,40,0.3125,40,46,0.0,5.459011683913124,0.9877320120295174,0.640625,1.0,0.3125
2026-05-13T07:20,10,40,0.3125,40,46,0.0,5.459020322656937,0.9877397814962499,0.640625,1.0,0.3125
2026-05-13T07:50,11,40,0.3125,40,46,0.0,5.459028849969759,0.9877475411282143,0.640625,1.0,0.3125
2026-05-13T08:20,11,40,0.3125,40,46,0.0,5.459033428215208,0.9877244367455874,0.640625,1.0,0.3125
2026-05-13T08:50,12,40,0.3125,40,46,0.0,5.459037906691618,0.98773219626724,0.640625,1.0,0.3125
2026-05-13T09:20,12,40,0.3125,40,46,0.0,5.459042285799259,0.9877399459853277,0.640625,1.0,0.3125
2026-05-13T09:50,12,40,0.3125,40,46,0.0,5.459046565936614,0.9877476859184176,0.640625,1.0,0.3125
2026-05-13T10:20,13,40,0.3125,40,46,0.0,5.4590507475003855,0.9877554160850306,0.640625,1.0,0.3125
2026-05-13T10:50,10,40,0.3125,40,46,0.0,5.459047520703609,0.9877323795756421,0.640625,1.0,0.3125
2026-05-13T11:20,9,40,0.3125,40,46,0.0,5.459044217219196,0.9877401096452227,0.640625,1.0,0.3125
2026-05-13T11:50,12,40,0.3125,40,46,0.0,5.45902827002121,0.9877171117878863,0.640625,1.0,0.3125
2026-05-13T12:20,12,40,0.3125,40,46,0.0,5.459012279568417,0.9877248417364151,0.640625,1.0,0.3125
2026-05-13T12:50,12,40,0.3125,40,46,0.0,5.458996246061823,0.9877325619617381,0.640625,1.0,0.3125
2026-05-13T13:20,11,40,0.3125,40,46,0.0,5.458980169701574,0.9877402724821895,0.640625,1.0,0.3125
2026-05-13T13:50,12,40,0.3125,40,46,0.0,5.45896405068696,0.9877479733160576,0.640625,1.0,0.3125
2026-05-13T14:20,12,40,0.3125,40,46,0.0,5.458947889216423,0.9877556644815841,0.640625,1.0,0.3125
2026-05-13T14:50,9,40,0.3125,40,46,0.0,5.458931685487555,0.9877633459969658,0.640625,1.0,0.3125
2026-05-13T15:20,11,40,0.3125,40,46,0.0,5.458915439697108,0.9877710178803534,0.640625,1.0,0.3125
2026-05-13T15:50,10,40,0.3125,40,46,0.0,5.458899152040995,0.9877786801498518,0.640625,1.0,0.3125
2026-05-13T16:20,10,40,0.3125,40,46,0.0,5.458882822714291,0.9877863328235214,0.640625,1.0,0.3125
2026-05-13T16:50,11,40,0.3125,40,46,0.0,5.4588664519112475,0.9877939759193765,0.640625,1.0,0.3125
2026-05-13T17:20,12,40,0.3125,40,46,0.0,5.45885461280475,0.987771102583714,0.640625,1.0,0.3125
2026-05-13T17:50,9,40,0.3125,40,46,0.0,5.458842720660221,0.9877787456445992,0.640625,1.0,0.3125
2026-05-13T18:20,10,40,0.3125,40,46,0.0,5.458830775708853,0.9877863791576257,0.640625,1.0,0.3125
2026-05-13T18:50,10,40,0.3125,40,46,0.0,5.458819957625469,0.9877635533979737,0.640625,1.0,0.3125
2026-05-13T19:20,10,40,0.3125,40,46,0.0,5.458809084056094,0.9877711868643505,0.640625,1.0,0.3125
2026-05-13T19:50,10,40,0.3125,40,46,0.0,5.458798155239563,0.9877788108126895,0.640625,1.0,0.3125
2026-05-13T20:20,10,40,0.3125,40,46,0.0,5.458787171413694,0.9877864252607812,0.640625,1.0,0.3125
2026-05-13T20:50,9,40,0.3125,40,46,0.0,5.458776132815301,0.9877940302263722,0.640625,1.0,0.3125
2026-05-13T21:20,9,40,0.3125,40,46,0.0,5.4587711683489,0.9877712707254195,0.640625,1.0,0.3125
2026-05-13T21:50,9,40,0.3125,40,46,0.0,5.458766132516779,0.9877788756565604,0.640625,1.0,0.3125
2026-05-13T22:20,9,40,0.3125,40,46,0.0,5.458761025613797,0.9877864711347104,0.640625,1.0,0.3125
2026-05-13T22:50,9,40,0.3125,40,46,0.0,5.458755847933532,0.9877940571774839,0.640625,1.0,0.3125
2026-05-13T23:20,9,40,0.3125,40,46,0.0,5.458765254992735,0.9877713541700461,0.640625,1.0,0.3125
2026-05-13T23:50,9,40,0.3125,40,46,0.0,5.458774555634808,0.9877789401786254,0.640625,1.0,0.3125
2026-05-14T00:20,8,40,0.3125,40,46,0.0,5.458783750262851,0.9877865167811185,0.640625,1.0,0.3125
2026-05-14T00:50,9,40,0.3125,40,46,0.0,5.458792839278248,0.9877940839950088,0.640625,1.0,0.3125
2026-05-14T01:20,8,40,0.3125,40,46,0.0,5.4588018230806785,0.9878016418377363,0.640625,1.0,0.3125
2026-05-14T01:50,8,40,0.3125,40,46,0.0,5.458810702068126,0.9878091903266981,0.640625,1.0,0.3125
2026-05-14T02:20,9,40,0.3125,40,46,0.0,5.458834182359186,0.9877865622016941,0.640625,1.0,0.3125
2026-05-14T02:50,9,40,0.3125,40,46,0.0,5.458857519974611,0.9877941106799378,0.640625,1.0,0.3125
2026-05-14T03:20,8,40,0.3125,40,46,0.0,5.4588848628630835,0.987771519822319,0.640625,1.0,0.3125
2026-05-14T03:50,8,40,0.3125,40,46,0.0,5.458912052338877,0.9877790682668732,0.640625,1.0,0.3125
2026-05-14T04:20,8,40,0.3125,40,46,0.0,5.458939088964304,0.987786607398109,0.640625,1.0,0.3125
2026-05-14T04:50,8,40,0.3125,40,46,0.0,5.458965973299242,0.9877941372332519,0.640625,1.0,0.3125
2026-05-14T05:20,8,40,0.3125,40,46,0.0,5.4589896913803635,0.9877716020360627,0.640625,1.0,0.3125
2026-05-14T05:50,8,40,0.3125,40,46,0.0,5.45901326596465,0.9877791318377647,0.640625,1.0,0.3125
2026-05-14T06:20,8,40,0.3125,40,46,0.0,5.45903669758012,0.9877866523720183,0.640625,1.0,0.3125
2026-05-14T06:50,8,40,0.3125,40,46,0.0,5.4590451284778245,0.9877641633559193,0.640625,1.0,0.3125
2026-05-14T07:20,8,40,0.3125,40,46,0.0,5.459053454166673,0.9877716838455592,0.640625,1.0,0.3125
2026-05-14T07:50,8,40,0.3125,40,46,0.0,5.459061675052779,0.9877791950962683,0.640625,1.0,0.3125
2026-05-14T08:20,8,40,0.3125,40,46,0.0,5.459066075652581,0.9877567520742293,0.640625,1.0,0.3125
2026-05-14T08:50,9,40,0.3125,40,46,0.0,5.45907038238603,0.9877642632692758,0.640625,1.0,0.3125
2026-05-14T09:20,9,40,0.3125,40,46,0.0,5.459074595618603,0.9877717652537827,0.640625,1.0,0.3125
2026-05-14T09:50,9,40,0.3125,40,46,0.0,5.459078715714192,0.9877792580446813,0.640625,1.0,0.3125
2026-05-14T10:20,9,40,0.3125,40,46,0.0,5.45908274303512,0.9877867416588609,0.640625,1.0,0.3125
2026-05-14T10:50,10,40,0.3125,40,46,0.0,5.45907965484417,0.9877643626934608,0.640625,1.0,0.3125
2026-05-14T11:20,10,40,0.3125,40,46,0.0,5.459076494267589,0.9877718462636789,0.640625,1.0,0.3125
2026-05-14T11:50,9,40,0.3125,40,46,0.0,5.459061075207794,0.9877495037611919,0.640625,1.0,0.3125
2026-05-14T12:20,8,40,0.3125,40,46,0.0,5.459045615223832,0.9877569872653085,0.640625,1.0,0.3125
2026-05-14T12:50,9,40,0.3125,40,46,0.0,5.459030114500081,0.9877644616320573,0.640625,1.0,0.3125
2026-05-14T13:20,9,40,0.3125,40,46,0.0,5.459014573220162,0.9877719268781635,0.640625,1.0,0.3125
2026-05-14T13:50,9,40,0.3125,40,46,0.0,5.458998991566929,0.987779383020311,0.640625,1.0,0.3125
2026-05-14T14:20,10,40,0.3125,40,46,0.0,5.458983369722483,0.9877868300751431,0.640625,1.0,0.3125
2026-05-14T14:50,12,40,0.3125,40,46,0.0,5.458967707868165,0.9877942680592631,0.640625,1.0,0.3125
2026-05-14T15:20,12,40,0.3125,40,46,0.0,5.458952006184573,0.987801696989233,0.640625,1.0,0.3125
2026-05-14T15:50,9,40,0.3125,40,46,0.0,5.458936264851549,0.9878091168815754,0.640625,1.0,0.3125
2026-05-14T16:20,9,40,0.3125,40,46,0.0,5.4589204840482,0.987816527752772,0.640625,1.0,0.3125
2026-05-14T16:50,11,40,0.3125,40,46,0.0,5.458904663952885,0.9878239296192649,0.640625,1.0,0.3125
2026-05-14T17:20,11,40,0.3125,40,46,0.0,5.458893231485121,0.9878017047149393,0.640625,1.0,0.3125
2026-05-14T17:50,11,40,0.3125,40,46,0.0,5.458881748850084,0.9878091065931464,0.640625,1.0,0.3125
2026-05-14T18:20,9,40,0.3125,40,46,0.0,5.458870216259907,0.9878164994939388,0.640625,1.0,0.3125
2026-05-14T18:50,10,40,0.3125,40,46,0.0,5.458859745986885,0.9877943195016365,0.640625,1.0,0.3125
2026-05-14T19:20,9,40,0.3125,40,46,0.0,5.4588492233067525,0.9878017124032104,0.640625,1.0,0.3125
2026-05-14T19:50,10,40,0.3125,40,46,0.0,5.458838648438433,0.9878090963545402,0.640625,1.0,0.3125
2026-05-14T20:20,9,40,0.3125,40,46,0.0,5.458828021599946,0.9878164713718695,0.640625,1.0,0.3125
2026-05-14T20:50,9,40,0.3125,40,46,0.0,5.4588173430084135,0.9878238374714028,0.640625,1.0,0.3125
2026-05-14T21:20,9,40,0.3125,40,46,0.0,5.4588124512447935,0.9878017200543175,0.640625,1.0,0.3125
2026-05-14T21:50,9,40,0.3125,40,46,0.0,5.458807492384298,0.9878090861653958,0.640625,1.0,0.3125
2026-05-14T22:20,9,40,0.3125,40,46,0.0,5.458802466696138,0.9878164433855736,0.640625,1.0,0.3125
2026-05-14T22:50,9,40,0.3125,40,46,0.0,5.458797374448388,0.9878237917309381,0.640625,1.0,0.3125
2026-05-14T23:20,9,40,0.3125,40,46,0.0,5.458806416893355,0.9878017276685296,0.640625,1.0,0.3125
2026-05-14T23:50,8,40,0.3125,40,46,0.0,5.4588153592224025,0.9878090760253558,0.640625,1.0,0.3125
2026-05-15T00:20,8,40,0.3125,40,46,0.0,5.45882420180381,0.9878164155340702,0.640625,1.0,0.3125
2026-05-15T00:50,8,40,0.3125,40,46,0.0,5.458832945004334,0.9878237462106442,0.640625,1.0,0.3125
2026-05-15T01:20,8,40,0.3125,40,46,0.0,5.458841589189221,0.9878310680710106,0.640625,1.0,0.3125
2026-05-15T02:20,8,40,0.3125,40,46,0.0,5.45886432412597,0.9878090659340659,0.640625,1.0,0.3125
2026-05-15T02:50,8,40,0.3125,40,46,0.0,5.458886924552539,0.9878163878163878,0.640625,1.0,0.3125
2026-05-15T03:20,8,40,0.3125,40,46,0.0,5.458913375809073,0.9877944209042503,0.640625,1.0,0.3125
2026-05-15T03:50,8,40,0.3125,40,46,0.0,5.4589396825108505,0.9878017427873311,0.640625,1.0,0.3125
2026-05-15T04:20,7,40,0.3125,40,46,0.0,5.458965845172703,0.9878090558911756,0.640625,1.0,0.3125
2026-05-15T04:50,7,40,0.3125,40,46,0.0,5.4589918643073005,0.9878163602315644,0.640625,1.0,0.3125
2026-05-15T05:20,7,40,0.3125,40,46,0.0,5.459014782452644,0.9877944459513031,0.640625,1.0,0.3125
2026-05-15T05:50,7,40,0.3125,40,46,0.0,5.459037565415163,0.9878017502924453,0.640625,1.0,0.3125
2026-05-15T06:20,7,40,0.3125,40,46,0.0,5.459060213678262,0.9878090458963373,0.640625,1.0,0.3125
2026-05-15T06:50,8,40,0.3125,40,46,0.0,5.459068326565835,0.9877871752844417,0.640625,1.0,0.3125
2026-05-15T07:20,8,40,0.3125,40,46,0.0,5.459076340281341,0.9877944708786566,0.640625,1.0,0.3125
2026-05-15T07:50,8,40,0.3125,40,46,0.0,5.459084255196868,0.9878017577617141,0.640625,1.0,0.3125
2026-05-15T08:20,9,40,0.3125,40,46,0.0,5.4590884342050146,0.9877799306462209,0.640625,1.0,0.3125
2026-05-15T08:50,9,40,0.3125,40,46,0.0,5.459092524793319,0.9877872175092822,0.640625,1.0,0.3125
2026-05-15T09:20,10,40,0.3125,40,46,0.0,5.459096527296448,0.987794495687167,0.640625,1.0,0.3125
2026-05-15T09:50,10,40,0.3125,40,46,0.0,5.459100442047655,0.9878017651953939,0.640625,1.0,0.3125
2026-05-15T10:20,10,40,0.3125,40,46,0.0,5.4591042693788,0.9878090260494442,0.640625,1.0,0.3125
2026-05-15T10:50,10,40,0.3125,40,46,0.0,5.459101249138966,0.9877872595331714,0.640625,1.0,0.3125
2026-05-15T11:20,10,40,0.3125,40,46,0.0,5.4590981605324815,0.987794520377682,0.640625,1.0,0.3125
2026-05-15T11:50,12,40,0.3125,40,46,0.0,5.459083189520888,0.9877727883466764,0.640625,1.0,0.3125
2026-05-15T12:20,11,40,0.3125,40,46,0.0,5.459068179783522,0.9877800491611973,0.640625,1.0,0.3125
2026-05-15T12:50,12,40,0.3125,40,46,0.0,5.459053131489927,0.9877873013575409,0.640625,1.0,0.3125
2026-05-15T13:20,12,40,0.3125,40,46,0.0,5.4590380448089695,0.9877945449510417,0.640625,1.0,0.3125
2026-05-15T13:50,13,40,0.3125,40,46,0.0,5.45902291990883,0.9878017799569984,0.640625,1.0,0.3125
2026-05-15T14:20,13,40,0.3125,40,46,0.0,5.459007756957012,0.9878090063906731,0.640625,1.0,0.3125
2026-05-15T14:50,13,40,0.3125,40,46,0.0,5.458992556120346,0.9878162242672921,0.640625,1.0,0.3125
2026-05-15T15:20,13,40,0.3125,40,46,0.0,5.4589773175649885,0.9878234336020452,0.640625,1.0,0.3125
2026-05-15T15:50,14,40,0.3125,40,46,0.0,5.4589620414564335,0.9878306344100866,0.640625,1.0,0.3125
2026-05-15T16:20,14,40,0.3125,40,46,0.0,5.458946727959504,0.9878378267065344,0.640625,1.0,0.3125
2026-05-15T17:20,14,40,0.3125,40,46,0.0,5.458935677342715,0.9878161974599241,0.640625,1.0,0.3125
2026-05-15T17:50,14,40,0.3125,40,46,0.0,5.4589245790512875,0.9878233897872795,0.640625,1.0,0.3125
2026-05-15T18:20,14,40,0.3125,40,46,0.0,5.458913433281148,0.987830573628113,0.640625,1.0,0.3125
2026-05-15T18:50,13,40,0.3125,40,46,0.0,5.458903293165211,0.9878089869173624,0.640625,1.0,0.3125
2026-05-15T19:20,13,40,0.3125,40,46,0.0,5.458893103312432,0.9878161707789315,0.640625,1.0,0.3125
2026-05-15T19:50,13,40,0.3125,40,46,0.0,5.458882863924824,0.9878233461789439,0.640625,1.0,0.3125
2026-05-15T20:20,13,40,0.3125,40,46,0.0,5.458872575203586,0.9878305131323406,0.640625,1.0,0.3125
2026-05-15T20:50,13,40,0.3125,40,46,0.0,5.458862237349113,0.9878376716540275,0.640625,1.0,0.3125
2026-05-15T21:20,12,40,0.3125,40,46,0.0,5.458857436012992,0.9878161442234226,0.640625,1.0,0.3125
2026-05-15T21:50,12,40,0.3125,40,46,0.0,5.458852571263289,0.9878233027755827,0.640625,1.0,0.3125
2026-05-15T22:20,12,40,0.3125,40,46,0.0,5.458847643347548,0.9878304529207527,0.640625,1.0,0.3125
2026-05-15T22:50,11,40,0.3125,40,46,0.0,5.458842652512298,0.9878375946737334,0.640625,1.0,0.3125
2026-05-15T23:20,11,40,0.3125,40,46,0.0,5.458851405166558,0.9878161177925143,0.640625,1.0,0.3125
2026-05-15T23:50,9,40,0.3125,40,46,0.0,5.4588600631392135,0.9878232595757543,0.640625,1.0,0.3125
2026-05-16T00:20,10,40,0.3125,40,46,0.0,5.458868626769145,0.9878303929913514,0.640625,1.0,0.3125
2026-05-16T00:50,9,40,0.3125,40,46,0.0,5.458877096393871,0.9878375180540029,0.640625,1.0,0.3125
2026-05-16T01:20,9,40,0.3125,40,46,0.0,5.458885472349558,0.9878446347783716,0.640625,1.0,0.3125
2026-05-16T01:50,9,40,0.3125,40,46,0.0,5.458893754971024,0.987851743179086,0.640625,1.0,0.3125
2026-05-16T02:20,9,40,0.3125,40,46,0.0,5.4589156515974455,0.9878303333421579,0.640625,1.0,0.3125
2026-05-16T02:50,9,40,0.3125,40,46,0.0,5.458937421545381,0.9878374417923085,0.640625,1.0,0.3125
2026-05-16T03:20,8,40,0.3125,40,46,0.0,5.458962928077875,0.9878160653010084,0.640625,1.0,0.3125
2026-05-16T03:50,8,40,0.3125,40,46,0.0,5.458988298439408,0.9878231737809962,0.640625,1.0,0.3125
2026-05-16T04:20,7,40,0.3125,40,46,0.0,5.459013533101627,0.9878302739712113,0.640625,1.0,0.3125
2026-05-16T04:50,7,40,0.3125,40,46,0.0,5.459038632534247,0.9878373658861465,0.640625,1.0,0.3125
2026-05-16T05:20,7,40,0.3125,40,46,0.0,5.4590607466567285,0.9878160392386851,0.640625,1.0,0.3125
2026-05-16T05:50,7,40,0.3125,40,46,0.0,5.459082733349675,0.9878231311832493,0.640625,1.0,0.3125
2026-05-16T06:20,7,40,0.3125,40,46,0.0,5.459104593056257,0.9878302148765691,0.640625,1.0,0.3125
2026-05-16T06:50,8,40,0.3125,40,46,0.0,5.459112406038571,0.9878089295843123,0.640625,1.0,0.3125
2026-05-16T07:20,9,40,0.3125,40,46,0.0,5.4591201253926265,0.9878160132975115,0.640625,1.0,0.3125
2026-05-16T07:50,9,40,0.3125,40,46,0.0,5.459127751460095,0.9878230887834014,0.640625,1.0,0.3125
2026-05-16T08:20,9,40,0.3125,40,46,0.0,5.459131782228776,0.9878018446878771,0.640625,1.0,0.3125
2026-05-16T08:50,10,40,0.3125,40,46,0.0,5.459135729421237,0.9878089201839979,0.640625,1.0,0.3125
2026-05-16T09:20,11,40,0.3125,40,46,0.0,5.459139593345128,0.9878159874766449,0.640625,1.0,0.3125
2026-05-16T09:50,12,40,0.3125,40,46,0.0,5.45914337430684,0.9878230465800767,0.640625,1.0,0.3125
2026-05-16T10:20,13,40,0.3125,40,46,0.0,5.459147072611514,0.987830097508519,0.640625,1.0,0.3125
2026-05-16T10:50,13,40,0.3125,40,46,0.0,5.459144199328931,0.9878089108272035,0.640625,1.0,0.3125
2026-05-16T11:20,13,40,0.3125,40,46,0.0,5.45914126116824,0.9878159617752502,0.640625,1.0,0.3125
2026-05-16T11:50,14,40,0.3125,40,46,0.0,5.459126794278227,0.9877948077581519,0.640625,1.0,0.3125
2026-05-16T12:20,14,40,0.3125,40,46,0.0,5.459112290484811,0.9878018587068762,0.640625,1.0,0.3125
2026-05-16T12:50,14,40,0.3125,40,46,0.0,5.459097749944864,0.9878089015136274,0.640625,1.0,0.3125
2026-05-16T13:20,15,40,0.3125,40,46,0.0,5.459083172814642,0.9878159361925001,0.640625,1.0,0.3125
2026-05-16T13:50,14,40,0.3125,40,46,0.0,5.459068559249791,0.9878229627575563,0.640625,1.0,0.3125
2026-05-16T14:20,14,40,0.3125,40,46,0.0,5.459053909405342,0.9878299812228257,0.640625,1.0,0.3125
2026-05-16T14:50,14,40,0.3125,40,46,0.0,5.459039223435726,0.9878369916023056,0.640625,1.0,0.3125
2026-05-16T15:20,14,40,0.3125,40,46,0.0,5.459024501494761,0.9878439939099612,0.640625,1.0,0.3125
2026-05-16T15:50,14,40,0.3125,40,46,0.0,5.459009743735671,0.9878509881597254,0.640625,1.0,0.3125
2026-05-16T16:20,14,40,0.3125,40,46,0.0,5.4589949503110775,0.9878579743654989,0.640625,1.0,0.3125
2026-05-16T16:50,14,40,0.3125,40,46,0.0,5.458980121373003,0.9878649525411509,0.640625,1.0,0.3125
2026-05-16T17:20,14,40,0.3125,40,46,0.0,5.458969427522391,0.9878439040400907,0.640625,1.0,0.3125
2026-05-16T17:50,14,40,0.3125,40,46,0.0,5.4589586884494885,0.9878508822811698,0.640625,1.0,0.3125
2026-05-16T18:20,13,40,0.3125,40,46,0.0,5.458947904334892,0.9878578525150877,0.640625,1.0,0.3125
2026-05-16T18:50,13,40,0.3125,40,46,0.0,5.458938071322633,0.9878368442924272,0.640625,1.0,0.3125
2026-05-16T19:20,12,40,0.3125,40,46,0.0,5.4589281911920065,0.9878438145822309,0.640625,1.0,0.3125
2026-05-16T19:50,12,40,0.3125,40,46,0.0,5.458918264129045,0.9878507768877394,0.640625,1.0,0.3125
2026-05-16T20:20,12,40,0.3125,40,46,0.0,5.458908290319059,0.9878577312226634,0.640625,1.0,0.3125
2026-05-16T20:50,12,40,0.3125,40,46,0.0,5.458898269946636,0.9878646776006825,0.640625,1.0,0.3125
2026-05-16T21:20,12,40,0.3125,40,46,0.0,5.458893540349341,0.9878437255335553,0.640625,1.0,0.3125
2026-05-16T21:50,12,40,0.3125,40,46,0.0,5.458888750922004,0.9878506719761075,0.640625,1.0,0.3125
2026-05-16T22:20,12,40,0.3125,40,46,0.0,5.458883901891793,0.9878576104844021,0.640625,1.0,0.3125
2026-05-16T22:50,12,40,0.3125,40,46,0.0,5.458878993484975,0.9878645410720253,0.640625,1.0,0.3125
2026-05-16T23:20,12,40,0.3125,40,46,0.0,5.458887428062864,0.9878436368912626,0.640625,1.0,0.3125
2026-05-16T23:50,12,40,0.3125,40,46,0.0,5.4588957732596075,0.987850567542978,0.640625,1.0,0.3125
2026-05-17T00:20,11,40,0.3125,40,46,0.0,5.458904029386373,0.9878574902965147,0.640625,1.0,0.3125
2026-05-17T00:50,12,40,0.3125,40,46,0.0,5.4589121967531105,0.9878644051653663,0.640625,1.0,0.3125
2026-05-17T01:20,12,40,0.3125,40,46,0.0,5.458920275668564,0.9878713121629956,0.640625,1.0,0.3125
2026-05-17T01:50,12,40,0.3125,40,46,0.0,5.4589282664402745,0.9878782113028347,0.640625,1.0,0.3125
2026-05-17T02:20,12,40,0.3125,40,46,0.0,5.458949435850473,0.9878573706552465,0.640625,1.0,0.3125
2026-05-17T02:50,11,40,0.3125,40,46,0.0,5.458970485723066,0.9878642698764649,0.640625,1.0,0.3125
2026-05-17T03:20,11,40,0.3125,40,46,0.0,5.458995162312568,0.9878434608147493,0.640625,1.0,0.3125
2026-05-17T03:50,11,40,0.3125,40,46,0.0,5.459019710387638,0.9878503600991904,0.640625,1.0,0.3125
2026-05-17T04:20,11,40,0.3125,40,46,0.0,5.459044130381252,0.9878572515568766,0.640625,1.0,0.3125
2026-05-17T04:50,11,40,0.3125,40,46,0.0,5.459068422724664,0.9878641352011187,0.640625,1.0,0.3125
2026-05-17T05:20,11,40,0.3125,40,46,0.0,5.459089816027685,0.9878433733750529,0.640625,1.0,0.3125
2026-05-17T05:50,11,40,0.3125,40,46,0.0,5.459111089033209,0.9878502570820885,0.640625,1.0,0.3125
2026-05-17T06:20,11,40,0.3125,40,46,0.0,5.459118724395339,0.9878295266096002,0.640625,1.0,0.3125
2026-05-17T06:50,11,40,0.3125,40,46,0.0,5.459126270959997,0.9878364103615178,0.640625,1.0,0.3125
2026-05-17T07:20,11,40,0.3125,40,46,0.0,5.459133729042599,0.9878432863307878,0.640625,1.0,0.3125
2026-05-17T07:50,11,40,0.3125,40,46,0.0,5.459141098957292,0.9878501545306009,0.640625,1.0,0.3125
2026-05-17T08:20,12,40,0.3125,40,46,0.0,5.459144980789283,0.9878294709380908,0.640625,1.0,0.3125
2026-04-27T07:20,9,40,0.3125,40,46,0.0,5.459152207767768,0.9878088106904932,0.640625,1.0,0.3125
2026-04-27T07:50,10,40,0.3125,40,46,0.0,5.459159347430895,0.9878156867137924,0.640625,1.0,0.3125
2026-04-27T08:20,11,40,0.3125,40,46,0.0,5.459163040762389,0.9877950575286072,0.640625,1.0,0.3125
2026-04-27T08:50,12,40,0.3125,40,46,0.0,5.45916665580884,0.9878019335525347,0.640625,1.0,0.3125
2026-04-27T09:50,14,40,0.3125,40,46,0.0,5.459170192850233,0.9878088018331921,0.640625,1.0,0.3125
2026-04-27T10:50,16,40,0.3125,40,46,0.0,5.459167431319242,0.9877882113494341,0.640625,1.0,0.3125
2026-04-27T11:50,18,40,0.3125,40,46,0.0,5.459153462253934,0.9877676440270751,0.640625,1.0,0.3125
2026-04-27T12:50,18,40,0.3125,40,46,0.0,5.459139457978676,0.9877745200000784,0.640625,1.0,0.3125
2026-04-27T13:20,19,40,0.3125,40,46,0.0,5.459125418638812,0.9877813882472694,0.640625,1.0,0.3125
2026-04-27T13:50,19,40,0.3125,40,46,0.0,5.45911134437913,0.9877882487816616,0.640625,1.0,0.3125
2026-04-27T14:50,20,40,0.3125,40,46,0.0,5.4590972353438705,0.9877951016162398,0.640625,1.0,0.3125
2026-04-27T15:50,21,40,0.3125,40,46,0.0,5.459083091676718,0.9878019467639593,0.640625,1.0,0.3125
2026-04-27T16:50,20,40,0.3125,40,46,0.0,5.459068913520812,0.9878087842377463,0.640625,1.0,0.3125
2026-04-27T17:50,19,40,0.3125,40,46,0.0,5.459058669107702,0.9877882860461258,0.640625,1.0,0.3125
2026-04-27T18:50,18,40,0.3125,40,46,0.0,5.459049126905884,0.9877678108088073,0.640625,1.0,0.3125
2026-04-27T19:50,17,40,0.3125,40,46,0.0,5.459039539595522,0.9877746559062841,0.640625,1.0,0.3125
2026-04-27T20:50,16,40,0.3125,40,46,0.0,5.459029907350349,0.9877814933470525,0.640625,1.0,0.3125
2026-04-27T21:50,14,40,0.3125,40,46,0.0,5.459025171459398,0.9877610562418807,0.640625,1.0,0.3125
2026-04-27T22:50,14,40,0.3125,40,46,0.0,5.4590203786333396,0.9877678936406283,0.640625,1.0,0.3125
2026-04-27T23:50,12,40,0.3125,40,46,0.0,5.459028419812228,0.9877474869508207,0.640625,1.0,0.3125
2026-04-28T00:50,10,40,0.3125,40,46,0.0,5.459036375862298,0.9877543242906919,0.640625,1.0,0.3125
2026-04-28T01:50,11,40,0.3125,40,46,0.0,5.4590442470736,0.9877611540038593,0.640625,1.0,0.3125
2026-04-28T02:50,10,40,0.3125,40,46,0.0,5.459064712992755,0.9877407851957163,0.640625,1.0,0.3125
2026-04-28T03:50,10,40,0.3125,40,46,0.0,5.4590884632829955,0.9877204390826241,0.640625,1.0,0.3125
2026-04-28T04:50,9,40,0.3125,40,46,0.0,5.459112091055525,0.9877272762546271,0.640625,1.0,0.3125
2026-04-28T05:50,9,40,0.3125,40,46,0.0,5.459132709047049,0.9877069603035643,0.640625,1.0,0.3125
2026-04-28T06:50,10,40,0.3125,40,46,0.0,5.459139823345281,0.98768666695089,0.640625,1.0,0.3125
2026-04-28T07:50,10,40,0.3125,40,46,0.0,5.4591468528498766,0.9876935114939969,0.640625,1.0,0.3125
2026-04-28T08:50,10,40,0.3125,40,46,0.0,5.459150452380387,0.9876732481610531,0.640625,1.0,0.3125
2026-04-28T09:50,10,40,0.3125,40,46,0.0,5.459153975967086,0.9876800925540785,0.640625,1.0,0.3125
2026-04-28T10:50,10,40,0.3125,40,46,0.0,5.459151261679232,0.987659859157653,0.640625,1.0,0.3125
2026-04-28T11:50,12,40,0.3125,40,46,0.0,5.459137457648547,0.9876396482053721,0.640625,1.0,0.3125
2026-04-28T12:50,14,40,0.3125,40,46,0.0,5.459123619446823,0.9876464998416218,0.640625,1.0,0.3125
2026-04-28T13:50,14,40,0.3125,40,46,0.0,5.459109747213252,0.9876533438860309,0.640625,1.0,0.3125
2026-04-28T14:50,16,40,0.3125,40,46,0.0,5.459095841086501,0.9876601803512103,0.640625,1.0,0.3125
2026-04-28T15:50,16,40,0.3125,40,46,0.0,5.459081901204718,0.987667009249743,0.640625,1.0,0.3125
2026-04-28T16:50,16,40,0.3125,40,46,0.0,5.459067927705527,0.9876738305941846,0.640625,1.0,0.3125
2026-04-28T17:50,15,40,0.3125,40,46,0.0,5.459057832467755,0.9876536789532786,0.640625,1.0,0.3125
2026-04-28T18:50,15,40,0.3125,40,46,0.0,5.459048395914341,0.9876335495793791,0.640625,1.0,0.3125
2026-04-28T19:50,13,40,0.3125,40,46,0.0,5.459038915488147,0.9876403780997659,0.640625,1.0,0.3125
2026-04-28T20:50,12,40,0.3125,40,46,0.0,5.459029391355951,0.9876471990831546,0.640625,1.0,0.3125
2026-04-28T21:50,10,40,0.3125,40,46,0.0,5.4590246874175135,0.9876271065917656,0.640625,1.0,0.3125
2026-04-28T22:50,9,40,0.3125,40,46,0.0,5.459019928115176,0.9876339273709323,0.640625,1.0,0.3125
2026-04-28T23:50,9,40,0.3125,40,46,0.0,5.45902783283615,0.9876138643322679,0.640625,1.0,0.3125
2026-04-29T00:50,9,40,0.3125,40,46,0.0,5.459035654736939,0.9876206848915563,0.640625,1.0,0.3125
2026-04-29T01:50,9,40,0.3125,40,46,0.0,5.459043394096021,0.9876274979433496,0.640625,1.0,0.3125
2026-04-29T02:50,9,40,0.3125,40,46,0.0,5.459063562522171,0.9876074715485484,0.640625,1.0,0.3125
2026-04-29T03:50,9,40,0.3125,40,46,0.0,5.459086987226991,0.9875874671728732,0.640625,1.0,0.3125
2026-04-29T04:50,10,40,0.3125,40,46,0.0,5.459110292651637,0.9875942872458551,0.640625,1.0,0.3125
2026-04-29T05:50,10,40,0.3125,40,46,0.0,5.4591306447686705,0.9875743120810826,0.640625,1.0,0.3125
2026-04-29T06:50,11,40,0.3125,40,46,0.0,5.459137680922489,0.9875543588429455,0.640625,1.0,0.3125
2026-04-29T07:50,12,40,0.3125,40,46,0.0,5.459144634459519,0.9875611858540025,0.640625,1.0,0.3125
2026-04-29T08:50,13,40,0.3125,40,46,0.0,5.459148219713172,0.9875412616908124,0.640625,1.0,0.3125
2026-04-29T09:50,14,40,0.3125,40,46,0.0,5.459151730925426,0.9875480883967352,0.640625,1.0,0.3125
2026-04-29T10:50,14,40,0.3125,40,46,0.0,5.459149084393356,0.9875281932290454,0.640625,1.0,0.3125
2026-04-29T11:50,15,40,0.3125,40,46,0.0,5.459135475021716,0.9875083198404115,0.640625,1.0,0.3125
2026-04-29T12:50,15,40,0.3125,40,46,0.0,5.459121832338848,0.9875151533634748,0.640625,1.0,0.3125
2026-04-29T13:50,15,40,0.3125,40,46,0.0,5.459108156478634,0.9875219794141236,0.640625,1.0,0.3125
2026-04-29T14:50,15,40,0.3125,40,46,0.0,5.459094447574454,0.9875287980046076,0.640625,1.0,0.3125
2026-04-29T15:50,15,40,0.3125,40,46,0.0,5.459080705759194,0.9875356091471501,0.640625,1.0,0.3125
2026-04-29T16:50,15,40,0.3125,40,46,0.0,5.459066931165248,0.9875424128539475,0.640625,1.0,0.3125
2026-04-29T17:50,15,40,0.3125,40,46,0.0,5.459056980889798,0.987522596759753,0.640625,1.0,0.3125
2026-04-29T18:50,14,40,0.3125,40,46,0.0,5.459047647791993,0.9875028022752576,0.640625,1.0,0.3125
2026-04-29T19:50,14,40,0.3125,40,46,0.0,5.459038272007084,0.9875096127372328,0.640625,1.0,0.3125
2026-04-29T20:50,13,40,0.3125,40,46,0.0,5.459028853695257,0.9875164157804043,0.640625,1.0,0.3125
2026-04-29T21:50,13,40,0.3125,40,46,0.0,5.459024181705344,0.9874966569869446,0.640625,1.0,0.3125
2026-04-29T22:50,12,40,0.3125,40,46,0.0,5.459019455858638,0.9875034596762879,0.640625,1.0,0.3125
2026-04-29T23:50,12,40,0.3125,40,46,0.0,5.4590272284955885,0.9874837294166462,0.640625,1.0,0.3125
2026-04-30T00:50,12,40,0.3125,40,46,0.0,5.459034920528342,0.9874905317376154,0.640625,1.0,0.3125
2026-04-30T01:50,12,40,0.3125,40,46,0.0,5.459042532224403,0.9874973266687737,0.640625,1.0,0.3125
2026-04-30T02:50,12,40,0.3125,40,46,0.0,5.459062411645307,0.9874776318726425,0.640625,1.0,0.3125
2026-04-30T03:50,12,40,0.3125,40,46,0.0,5.4590855196012935,0.9874579584490519,0.640625,1.0,0.3125
2026-04-30T04:50,11,40,0.3125,40,46,0.0,5.459108511387877,0.9874647599900231,0.640625,1.0,0.3125
2026-04-30T05:50,11,40,0.3125,40,46,0.0,5.459128604429559,0.9874451148692671,0.640625,1.0,0.3125
2026-04-30T06:50,12,40,0.3125,40,46,0.0,5.459135564099586,0.9874254910324989,0.640625,1.0,0.3125
2026-04-30T07:20,13,40,0.3125,40,46,0.0,5.459142443246871,0.98743229910449,0.640625,1.0,0.3125
2026-04-30T07:50,13,40,0.3125,40,46,0.0,5.459149242145384,0.9874390998084378,0.640625,1.0,0.3125
2026-04-30T08:20,14,40,0.3125,40,46,0.0,5.459152762507646,0.9874195110644609,0.640625,1.0,0.3125
2026-04-30T08:50,15,40,0.3125,40,46,0.0,5.459156210855533,0.9874263113287504,0.640625,1.0,0.3125
2026-04-30T09:20,15,40,0.3125,40,46,0.0,5.459159587436203,0.9874331042453744,0.640625,1.0,0.3125
2026-04-30T09:50,14,40,0.3125,40,46,0.0,5.459162892495874,0.9874398898262355,0.640625,1.0,0.3125
2026-04-30T10:20,15,40,0.3125,40,46,0.0,5.459160222602909,0.9874203429413834,0.640625,1.0,0.3125
2026-04-30T10:50,15,40,0.3125,40,46,0.0,5.459157496234145,0.9874271280854279,0.640625,1.0,0.3125
2026-04-30T11:20,15,40,0.3125,40,46,0.0,5.459154713586607,0.9874339059139533,0.640625,1.0,0.3125
2026-04-30T11:50,17,40,0.3125,40,46,0.0,5.4591412689171985,0.987414393848372,0.640625,1.0,0.3125
2026-04-30T12:20,16,40,0.3125,40,46,0.0,5.459127792073397,0.9874211712345603,0.640625,1.0,0.3125
2026-04-30T12:50,16,40,0.3125,40,46,0.0,5.459114283182613,0.9874279413253921,0.640625,1.0,0.3125
2026-04-30T13:20,17,40,0.3125,40,46,0.0,5.4591007423717945,0.9874347041326405,0.640625,1.0,0.3125
2026-04-30T13:50,18,40,0.3125,40,46,0.0,5.459087169767421,0.987441459668053,0.640625,1.0,0.3125
2026-04-30T14:20,18,40,0.3125,40,46,0.0,5.459073565495511,0.9874482079433522,0.640625,1.0,0.3125
2026-04-30T14:50,18,40,0.3125,40,46,0.0,5.459059929681626,0.9874549489702356,0.640625,1.0,0.3125
2026-04-30T15:20,18,40,0.3125,40,46,0.0,5.459046262450862,0.9874616827603749,0.640625,1.0,0.3125
2026-04-30T15:50,18,40,0.3125,40,46,0.0,5.459032563927868,0.9874684093254177,0.640625,1.0,0.3125
2026-04-30T16:20,18,40,0.3125,40,46,0.0,5.459018834236829,0.9874751286769858,0.640625,1.0,0.3125
2026-04-30T16:50,19,40,0.3125,40,46,0.0,5.459005073501483,0.9874818408266766,0.640625,1.0,0.3125
2026-04-30T17:20,18,40,0.3125,40,46,0.0,5.458995269822244,0.9874624180475489,0.640625,1.0,0.3125
2026-04-30T17:50,18,40,0.3125,40,46,0.0,5.458985426415076,0.9874691298151893,0.640625,1.0,0.3125
2026-04-30T18:20,17,40,0.3125,40,46,0.0,5.458975543427617,0.987475834400628,0.640625,1.0,0.3125
2026-04-30T18:50,17,40,0.3125,40,46,0.0,5.458966488855768,0.9874564459930315,0.640625,1.0,0.3125
2026-04-30T19:20,16,40,0.3125,40,46,0.0,5.458957393015827,0.9874631501907905,0.640625,1.0,0.3125
2026-04-30T19:50,16,40,0.3125,40,46,0.0,5.458948256059562,0.9874698472259449,0.640625,1.0,0.3125
2026-04-30T20:20,15,40,0.3125,40,46,0.0,5.45893907813819,0.9874765371099674,0.640625,1.0,0.3125
2026-04-30T20:50,14,40,0.3125,40,46,0.0,5.458929859402376,0.9874832198543056,0.640625,1.0,0.3125
2026-04-30T21:20,14,40,0.3125,40,46,0.0,5.458925527463245,0.9874638792102208,0.640625,1.0,0.3125
2026-04-30T21:50,14,40,0.3125,40,46,0.0,5.458921143259231,0.9874705615773796,0.640625,1.0,0.3125
2026-04-30T22:20,13,40,0.3125,40,46,0.0,5.4589167069753515,0.9874772368242749,0.640625,1.0,0.3125
2026-04-30T22:50,13,40,0.3125,40,46,0.0,5.458912218795936,0.9874839049622811,0.640625,1.0,0.3125
2026-04-30T23:20,13,40,0.3125,40,46,0.0,5.458920166876646,0.9874646051257898,0.640625,1.0,0.3125
2026-04-30T23:50,12,40,0.3125,40,46,0.0,5.458928036974478,0.9874712728890207,0.640625,1.0,0.3125
2026-05-01T00:20,11,40,0.3125,40,46,0.0,5.458935829342634,0.9874779335626576,0.640625,1.0,0.3125
2026-05-01T00:50,12,40,0.3125,40,46,0.0,5.458943544233396,0.9874845871580016,0.640625,1.0,0.3125
2026-05-01T01:20,11,40,0.3125,40,46,0.0,5.458951181898122,0.9874912336863297,0.640625,1.0,0.3125
2026-05-01T01:50,11,40,0.3125,40,46,0.0,5.4589587425872645,0.9874978731588954,0.640625,1.0,0.3125
2026-05-01T02:20,11,40,0.3125,40,46,0.0,5.4589784288795,0.9874786273440606,0.640625,1.0,0.3125
2026-05-01T02:50,12,40,0.3125,40,46,0.0,5.458998011249408,0.9874852664599969,0.640625,1.0,0.3125
2026-05-01T03:20,12,40,0.3125,40,46,0.0,5.4590208598985,0.9874660477242975,0.640625,1.0,0.3125
2026-05-01T03:50,10,40,0.3125,40,46,0.0,5.4590435970628235,0.987472686470206,0.640625,1.0,0.3125
2026-05-01T04:20,10,40,0.3125,40,46,0.0,5.45906622309283,0.9874793181872679,0.640625,1.0,0.3125
2026-05-01T04:50,10,40,0.3125,40,46,0.0,5.459088738337669,0.9874859428866397,0.640625,1.0,0.3125
2026-05-01T05:20,10,40,0.3125,40,46,0.0,5.459108472316689,0.9874667644462952,0.640625,1.0,0.3125
2026-05-01T05:50,10,40,0.3125,40,46,0.0,5.459128102044396,0.9874733887779832,0.640625,1.0,0.3125
2026-05-01T06:20,11,40,0.3125,40,46,0.0,5.459134956396103,0.9874542372319807,0.640625,1.0,0.3125
2026-05-01T06:50,11,40,0.3125,40,46,0.0,5.4591417340045165,0.9874608611827558,0.640625,1.0,0.3125
2026-05-01T07:20,12,40,0.3125,40,46,0.0,5.459148435124262,0.9874674781425538,0.640625,1.0,0.3125
2026-05-01T07:50,13,40,0.3125,40,46,0.0,5.459155060009008,0.9874740881224364,0.640625,1.0,0.3125
2026-05-01T08:20,14,40,0.3125,40,46,0.0,5.459158495971242,0.9874549765905822,0.640625,1.0,0.3125
2026-05-01T08:50,15,40,0.3125,40,46,0.0,5.459161863498459,0.9874615861919571,0.640625,1.0,0.3125
2026-05-01T10:20,17,40,0.3125,40,46,0.0,5.459159335130643,0.987442501371527,0.640625,1.0,0.3125
2026-05-01T10:50,18,40,0.3125,40,46,0.0,5.459156752809775,0.9874491105813314,0.640625,1.0,0.3125
2026-05-01T11:20,20,40,0.3125,40,46,0.0,5.459154116719463,0.9874557128377326,0.640625,1.0,0.3125
2026-05-01T11:50,20,40,0.3125,40,46,0.0,5.459141027330621,0.9874366612075315,0.640625,1.0,0.3125
2026-05-01T12:20,21,40,0.3125,40,46,0.0,5.459127907238283,0.9874432630671176,0.640625,1.0,0.3125
2026-05-01T12:50,22,40,0.3125,40,46,0.0,5.45911475656103,0.9874498579919774,0.640625,1.0,0.3125
2026-05-01T13:20,24,40,0.3125,40,46,0.0,5.459101575417013,0.9874564459930314,0.640625,1.0,0.3125
2026-05-01T13:50,24,40,0.3125,40,46,0.0,5.459088363923964,0.9874630270811778,0.640625,1.0,0.3125
2026-05-01T14:20,24,40,0.3125,40,46,0.0,5.459075122199195,0.9874696012672916,0.640625,1.0,0.3125
2026-05-01T14:50,24,40,0.3125,40,46,0.0,5.459061850359601,0.9874761685622248,0.640625,1.0,0.3125
2026-05-01T15:20,24,40,0.3125,40,46,0.0,5.459048548521659,0.9874827289768072,0.640625,1.0,0.3125
2026-05-01T15:50,24,40,0.3125,40,46,0.0,5.459035216801431,0.9874892825218455,0.640625,1.0,0.3125
2026-05-01T16:20,24,40,0.3125,40,46,0.0,5.459021855314569,0.987495829208124,0.640625,1.0,0.3125
2026-05-01T16:50,24,40,0.3125,40,46,0.0,5.459008464176309,0.9875023690464042,0.640625,1.0,0.3125
2026-05-01T17:20,23,40,0.3125,40,46,0.0,5.458995043501479,0.9875089020474255,0.640625,1.0,0.3125
2026-05-01T17:50,23,40,0.3125,40,46,0.0,5.458985452734496,0.987489942073626,0.640625,1.0,0.3125
2026-05-01T18:20,22,40,0.3125,40,46,0.0,5.458975824229354,0.9874964747409505,0.640625,1.0,0.3125
2026-05-01T18:50,22,40,0.3125,40,46,0.0,5.458966940310618,0.9874775410444234,0.640625,1.0,0.3125
2026-05-01T19:20,21,40,0.3125,40,46,0.0,5.458958017183691,0.987484073365214,0.640625,1.0,0.3125
2026-05-01T19:50,20,40,0.3125,40,46,0.0,5.458949054989389,0.9874905988744084,0.640625,1.0,0.3125
2026-05-01T20:20,20,40,0.3125,40,46,0.0,5.458940053868029,0.9874971175826551,0.640625,1.0,0.3125
2026-05-01T20:50,19,40,0.3125,40,46,0.0,5.458931013959429,0.9875036295005809,0.640625,1.0,0.3125
2026-05-01T21:20,19,40,0.3125,40,46,0.0,5.458921935402913,0.9875101346387898,0.640625,1.0,0.3125
2026-05-01T21:50,18,40,0.3125,40,46,0.0,5.458917619893366,0.9874912529413684,0.640625,1.0,0.3125
2026-05-01T22:20,18,40,0.3125,40,46,0.0,5.458913254853307,0.9874977577500313,0.640625,1.0,0.3125
2026-05-01T22:50,18,40,0.3125,40,46,0.0,5.45890884045389,0.9875042557969388,0.640625,1.0,0.3125
2026-05-01T23:20,17,40,0.3125,40,46,0.0,5.458904376865645,0.9875107470926286,0.640625,1.0,0.3125
2026-05-01T23:50,16,40,0.3125,40,46,0.0,5.458912026949341,0.9874919042915395,0.640625,1.0,0.3125
2026-05-02T00:20,16,40,0.3125,40,46,0.0,5.458919603050855,0.9874983952597328,0.640625,1.0,0.3125
2026-05-02T00:50,15,40,0.3125,40,46,0.0,5.458927105404592,0.9875048794945566,0.640625,1.0,0.3125
2026-05-02T01:20,14,40,0.3125,40,46,0.0,5.458934534244123,0.9875113570064827,0.640625,1.0,0.3125
2026-05-02T01:50,13,40,0.3125,40,46,0.0,5.458953831088215,0.9874925529418136,0.640625,1.0,0.3125
2026-05-02T02:20,13,40,0.3125,40,46,0.0,5.458973028640309,0.9874990301282757,0.640625,1.0,0.3125
2026-05-02T02:50,12,40,0.3125,40,46,0.0,5.4589921272055495,0.9875055006095758,0.640625,1.0,0.3125
2026-05-02T03:20,12,40,0.3125,40,46,0.0,5.459014442281998,0.9874867287583525,0.640625,1.0,0.3125
2026-05-02T03:50,12,40,0.3125,40,46,0.0,5.459036651083998,0.9874931989089428,0.640625,1.0,0.3125
2026-05-02T04:20,12,40,0.3125,40,46,0.0,5.45905875393771,0.987499662372039,0.640625,1.0,0.3125
2026-05-02T04:50,11,40,0.3125,40,46,0.0,5.4590807511681225,0.9875061191580038,0.640625,1.0,0.3125
2026-05-02T05:20,11,40,0.3125,40,46,0.0,5.45910005784025,0.9874873857522409,0.640625,1.0,0.3125
2026-05-02T05:50,11,40,0.3125,40,46,0.0,5.459119265052286,0.9874938422095411,0.640625,1.0,0.3125
2026-05-02T06:20,11,40,0.3125,40,46,0.0,5.459126003066833,0.9874751344581154,0.640625,1.0,0.3125
2026-05-02T06:50,11,40,0.3125,40,46,0.0,5.45913266781862,0.9874815905743741,0.640625,1.0,0.3125
2026-05-02T07:20,11,40,0.3125,40,46,0.0,5.459139259544976,0.987488040038272,0.640625,1.0,0.3125
2026-05-02T07:50,11,40,0.3125,40,46,0.0,5.459145778482366,0.9874944828600853,0.640625,1.0,0.3125
2026-05-02T08:20,12,40,0.3125,40,46,0.0,5.459149207718782,0.9874758132920644,0.640625,1.0,0.3125
2026-05-02T08:50,13,40,0.3125,40,46,0.0,5.45915257154416,0.9874822557749388,0.640625,1.0,0.3125
2026-05-02T09:20,14,40,0.3125,40,46,0.0,5.459155870172131,0.9874886916331521,0.640625,1.0,0.3125
2026-05-02T09:50,15,40,0.3125,40,46,0.0,5.459159103815547,0.9874951208769172,0.640625,1.0,0.3125
2026-05-02T10:20,16,40,0.3125,40,46,0.0,5.459156590869333,0.9874764893367621,0.640625,1.0,0.3125
2026-05-02T10:50,17,40,0.3125,40,46,0.0,5.4591540266886005,0.9874829182436734,0.640625,1.0,0.3125
2026-05-02T11:20,17,40,0.3125,40,46,0.0,5.45915141144349,0.987489340553451,0.640625,1.0,0.3125
2026-05-02T11:50,19,40,0.3125,40,46,0.0,5.459138623384574,0.9874707406414723,0.640625,1.0,0.3125
2026-05-02T12:20,19,40,0.3125,40,46,0.0,5.459125806158997,0.987477162609365,0.640625,1.0,0.3125
2026-05-02T12:50,21,40,0.3125,40,46,0.0,5.459112959876683,0.9874835779973725,0.640625,1.0,0.3125
2026-05-02T13:20,21,40,0.3125,40,46,0.0,5.45910008464717,0.9874899868156022,0.640625,1.0,0.3125
2026-05-02T13:50,22,40,0.3125,40,46,0.0,5.459087180579614,0.9874963890741407,0.640625,1.0,0.3125
2026-05-02T14:20,22,40,0.3125,40,46,0.0,5.459074247782794,0.9875027847830542,0.640625,1.0,0.3125
2026-05-02T14:50,22,40,0.3125,40,46,0.0,5.459061286365109,0.987509173952388,0.640625,1.0,0.3125
2026-05-02T15:20,22,40,0.3125,40,46,0.0,5.459048296434584,0.9875155565921672,0.640625,1.0,0.3125
2026-05-02T15:50,23,40,0.3125,40,46,0.0,5.459035278098863,0.9875219327123959,0.640625,1.0,0.3125
2026-05-02T16:20,22,40,0.3125,40,46,0.0,5.459022231465223,0.9875283023230582,0.640625,1.0,0.3125
2026-05-02T16:50,21,40,0.3125,40,46,0.0,5.459009156640563,0.9875346654341178,0.640625,1.0,0.3125
2026-05-02T17:20,20,40,0.3125,40,46,0.0,5.458999833154975,0.9875161467430219,0.640625,1.0,0.3125
2026-05-02T17:50,20,40,0.3125,40,46,0.0,5.4589904736323,0.9875225095632344,0.640625,1.0,0.3125
2026-05-02T18:20,17,40,0.3125,40,46,0.0,5.458981078200031,0.9875288659006959,0.640625,1.0,0.3125
2026-05-02T18:50,17,40,0.3125,40,46,0.0,5.458972391492297,0.9875103784497257,0.640625,1.0,0.3125
2026-05-02T19:20,16,40,0.3125,40,46,0.0,5.458963667509761,0.987516734491227,0.640625,1.0,0.3125
2026-05-02T19:50,17,40,0.3125,40,46,0.0,5.458954906383057,0.9875230840667656,0.640625,1.0,0.3125
2026-05-02T20:20,16,40,0.3125,40,46,0.0,5.458946108242367,0.987529427186203,0.640625,1.0,0.3125
2026-05-02T20:50,16,40,0.3125,40,46,0.0,5.458937273217425,0.9875357638593807,0.640625,1.0,0.3125
2026-05-02T21:20,16,40,0.3125,40,46,0.0,5.458933089248,0.9875173198514252,0.640625,1.0,0.3125
2026-05-02T21:50,16,40,0.3125,40,46,0.0,5.458928858018854,0.9875236562372874,0.640625,1.0,0.3125
2026-05-02T22:20,15,40,0.3125,40,46,0.0,5.4589245796893495,0.9875299861935344,0.640625,1.0,0.3125
2026-05-02T22:50,15,40,0.3125,40,46,0.0,5.4589202544182855,0.9875363097299474,0.640625,1.0,0.3125
2026-05-02T23:20,15,40,0.3125,40,46,0.0,5.458927774282432,0.9875179028381407,0.640625,1.0,0.3125
2026-05-02T23:50,15,40,0.3125,40,46,0.0,5.458935223531267,0.9875242260889825,0.640625,1.0,0.3125
2026-05-03T00:20,15,40,0.3125,40,46,0.0,5.458942602383155,0.9875305429365324,0.640625,1.0,0.3125
2026-05-03T00:50,15,40,0.3125,40,46,0.0,5.458949911055704,0.9875368533905119,0.640625,1.0,0.3125
2026-05-03T01:20,15,40,0.3125,40,46,0.0,5.458957149765769,0.9875431574606229,0.640625,1.0,0.3125
2026-05-03T01:50,15,40,0.3125,40,46,0.0,5.458964318729453,0.9875494551565478,0.640625,1.0,0.3125
2026-05-03T02:20,15,40,0.3125,40,46,0.0,5.458983016389966,0.9875310974289271,0.640625,1.0,0.3125
2026-05-03T02:50,14,40,0.3125,40,46,0.0,5.459001619878402,0.987537394854468,0.640625,1.0,0.3125
2026-05-03T03:20,14,40,0.3125,40,46,0.0,5.459023357651721,0.9875190617486329,0.640625,1.0,0.3125
2026-05-03T03:50,14,40,0.3125,40,46,0.0,5.4590449943152635,0.9875253588920494,0.640625,1.0,0.3125
2026-05-03T04:20,14,40,0.3125,40,46,0.0,5.459066530171837,0.9875316496843378,0.640625,1.0,0.3125
2026-05-03T04:50,14,40,0.3125,40,46,0.0,5.459087965523181,0.9875379341351017,0.640625,1.0,0.3125
2026-05-03T05:20,14,40,0.3125,40,46,0.0,5.459106780257254,0.987519637700875,0.640625,1.0,0.3125
2026-05-03T05:50,14,40,0.3125,40,46,0.0,5.459125500334904,0.987525921871217,0.640625,1.0,0.3125
2026-05-03T06:20,14,40,0.3125,40,46,0.0,5.459132067794795,0.9875076498985567,0.640625,1.0,0.3125
2026-05-03T06:50,14,40,0.3125,40,46,0.0,5.459138565498984,0.9875139337768774,0.640625,1.0,0.3125
2026-05-03T07:20,14,40,0.3125,40,46,0.0,5.459144993668,0.9875202113365672,0.640625,1.0,0.3125
2026-05-03T07:50,14,40,0.3125,40,46,0.0,5.459151352521584,0.9875264825871518,0.640625,1.0,0.3125
2026-05-03T08:20,15,40,0.3125,40,46,0.0,5.4591547015066375,0.9875082470420027,0.640625,1.0,0.3125
2026-05-03T08:50,15,40,0.3125,40,46,0.0,5.4591579881846295,0.9875145180023229,0.640625,1.0,0.3125
2026-05-03T09:20,15,40,0.3125,40,46,0.0,5.459161212754152,0.9875207826696575,0.640625,1.0,0.3125
2026-05-03T09:50,16,40,0.3125,40,46,0.0,5.459164375413099,0.9875270410534741,0.640625,1.0,0.3125
2026-05-03T10:20,16,40,0.3125,40,46,0.0,5.459161926134863,0.9875088417908884,0.640625,1.0,0.3125
2026-05-03T10:50,17,40,0.3125,40,46,0.0,5.459159428044682,0.9875150998861835,0.640625,1.0,0.3125
2026-05-03T11:20,17,40,0.3125,40,46,0.0,5.459156881300759,0.9875213517139821,0.640625,1.0,0.3125
2026-05-03T11:50,17,40,0.3125,40,46,0.0,5.459144412939357,0.9875031826251338,0.640625,1.0,0.3125
2026-05-03T12:20,17,40,0.3125,40,46,0.0,5.459131916767084,0.9875094341595885,0.640625,1.0,0.3125
2026-05-03T12:50,19,40,0.3125,40,46,0.0,5.459119392886207,0.9875156794425087,0.640625,1.0,0.3125
2026-05-03T13:20,18,40,0.3125,40,46,0.0,5.459106841398647,0.9875219184832671,0.640625,1.0,0.3125
2026-05-03T13:50,19,40,0.3125,40,46,0.0,5.459094262405977,0.9875281512912175,0.640625,1.0,0.3125
2026-05-03T14:20,19,40,0.3125,40,46,0.0,5.4590816560094275,0.9875343778756952,0.640625,1.0,0.3125
2026-05-03T14:50,19,40,0.3125,40,46,0.0,5.459069022309883,0.9875405982460167,0.640625,1.0,0.3125
2026-05-03T15:20,19,40,0.3125,40,46,0.0,5.459056361407885,0.98754681241148,0.640625,1.0,0.3125
2026-05-03T15:50,20,40,0.3125,40,46,0.0,5.459043673403638,0.9875530203813646,0.640625,1.0,0.3125
2026-05-03T16:20,19,40,0.3125,40,46,0.0,5.459030958397003,0.9875592221649314,0.640625,1.0,0.3125
2026-05-03T16:50,19,40,0.3125,40,46,0.0,5.459018216487506,0.987565417771423,0.640625,1.0,0.3125
2026-05-03T17:20,20,40,0.3125,40,46,0.0,5.459009126999845,0.9875473262305687,0.640625,1.0,0.3125
2026-05-03T17:50,19,40,0.3125,40,46,0.0,5.459000003149151,0.987553521590653,0.640625,1.0,0.3125
2026-05-03T18:20,19,40,0.3125,40,46,0.0,5.458990845054072,0.9875597107892653,0.640625,1.0,0.3125
2026-05-03T18:50,19,40,0.3125,40,46,0.0,5.458982362318056,0.9875416490603418,0.640625,1.0,0.3125
2026-05-03T19:20,19,40,0.3125,40,46,0.0,5.458973844067711,0.9875478380076541,0.640625,1.0,0.3125
2026-05-03T19:50,18,40,0.3125,40,46,0.0,5.458965290424536,0.9875540208090406,0.640625,1.0,0.3125
2026-05-03T20:20,18,40,0.3125,40,46,0.0,5.458956701509624,0.9875601974736515,0.640625,1.0,0.3125
2026-05-03T20:50,18,40,0.3125,40,46,0.0,5.458948077443652,0.9875663680106188,0.640625,1.0,0.3125
2026-05-03T21:20,18,40,0.3125,40,46,0.0,5.458943970582782,0.9875483477548849,0.640625,1.0,0.3125
2026-05-03T21:50,17,40,0.3125,40,46,0.0,5.458939818733501,0.987554518048366,0.640625,1.0,0.3125
2026-05-03T22:20,17,40,0.3125,40,46,0.0,5.458935622043914,0.98756068222962,0.640625,1.0,0.3125
2026-05-03T22:50,16,40,0.3125,40,46,0.0,5.458931380661615,0.9875668403077241,0.640625,1.0,0.3125
2026-05-03T23:20,16,40,0.3125,40,46,0.0,5.45893869802035,0.9875488554843136,0.640625,1.0,0.3125
2026-05-03T23:50,15,40,0.3125,40,46,0.0,5.458945948129538,0.9875550133203748,0.640625,1.0,0.3125
2026-05-04T00:20,15,40,0.3125,40,46,0.0,5.458953131192201,0.9875611650686099,0.640625,1.0,0.3125
2026-05-04T00:50,15,40,0.3125,40,46,0.0,5.45896024741067,0.9875673107380424,0.640625,1.0,0.3125
2026-05-04T01:20,14,40,0.3125,40,46,0.0,5.458967296986596,0.987573450337678,0.640625,1.0,0.3125
2026-05-04T01:50,14,40,0.3125,40,46,0.0,5.458985577746464,0.9875555066367192,0.640625,1.0,0.3125
2026-05-04T02:20,15,40,0.3125,40,46,0.0,5.459003768614429,0.9875616460019699,0.640625,1.0,0.3125
2026-05-04T02:50,14,40,0.3125,40,46,0.0,5.459021869853663,0.9875677793126199,0.640625,1.0,0.3125
2026-05-04T03:20,13,40,0.3125,40,46,0.0,5.459043027308418,0.9875498649375003,0.640625,1.0,0.3125
2026-05-04T03:50,13,40,0.3125,40,46,0.0,5.459064088521602,0.9875559980089597,0.640625,1.0,0.3125
2026-05-04T04:20,13,40,0.3125,40,46,0.0,5.459085053774617,0.9875621250409592,0.640625,1.0,0.3125
2026-05-04T04:50,13,40,0.3125,40,46,0.0,5.459105923347901,0.9875682460424153,0.640625,1.0,0.3125
2026-05-04T05:20,13,40,0.3125,40,46,0.0,5.459124238784824,0.9875503666848908,0.640625,1.0,0.3125
2026-05-04T05:50,13,40,0.3125,40,46,0.0,5.459142464099366,0.987556487448566,0.640625,1.0,0.3125
2026-05-04T06:20,13,40,0.3125,40,46,0.0,5.459148837790284,0.9875386314410705,0.640625,1.0,0.3125
2026-05-04T06:50,12,40,0.3125,40,46,0.0,5.459155145056369,0.9875447519560797,0.640625,1.0,0.3125
2026-05-04T07:20,12,40,0.3125,40,46,0.0,5.459161386102677,0.9875508664617468,0.640625,1.0,0.3125
2026-05-04T07:50,12,40,0.3125,40,46,0.0,5.459167561133557,0.9875569749669177,0.640625,1.0,0.3125
2026-05-04T08:20,12,40,0.3125,40,46,0.0,5.459170802194213,0.9875391537492758,0.640625,1.0,0.3125
2026-05-04T08:50,12,40,0.3125,40,46,0.0,5.459173983904834,0.9875452620072418,0.640625,1.0,0.3125
2026-05-04T09:20,12,40,0.3125,40,46,0.0,5.459177106450151,0.9875513642796537,0.640625,1.0,0.3125
2026-05-04T09:50,13,40,0.3125,40,46,0.0,5.459180170014253,0.9875574605753052,0.640625,1.0,0.3125
2026-05-04T10:20,13,40,0.3125,40,46,0.0,5.45917777599901,0.9875396740122214,0.640625,1.0,0.3125
2026-05-04T10:50,13,40,0.3125,40,46,0.0,5.459175335431693,0.9875457700621176,0.640625,1.0,0.3125
2026-05-04T11:20,14,40,0.3125,40,46,0.0,5.459172848459655,0.9875518601501068,0.640625,1.0,0.3125
2026-05-04T11:50,14,40,0.3125,40,46,0.0,5.45916069296163,0.9875341024042833,0.640625,1.0,0.3125
2026-05-04T12:20,14,40,0.3125,40,46,0.0,5.459148510896547,0.9875401922418972,0.640625,1.0,0.3125
2026-05-04T12:50,14,40,0.3125,40,46,0.0,5.459136302359759,0.9875462761324041,0.640625,1.0,0.3125
2026-05-04T13:20,15,40,0.3125,40,46,0.0,5.459124067446307,0.9875523540845113,0.640625,1.0,0.3125
2026-05-04T13:50,15,40,0.3125,40,46,0.0,5.4591118062509105,0.987558426106909,0.640625,1.0,0.3125
2026-05-04T14:20,15,40,0.3125,40,46,0.0,5.459099518867981,0.9875644922082709,0.640625,1.0,0.3125
2026-05-04T14:50,15,40,0.3125,40,46,0.0,5.459087205391611,0.9875705523972532,0.640625,1.0,0.3125
2026-05-04T15:20,15,40,0.3125,40,46,0.0,5.459074865915586,0.9875766066824957,0.640625,1.0,0.3125
2026-05-04T15:50,15,40,0.3125,40,46,0.0,5.4590625005333795,0.987582655072621,0.640625,1.0,0.3125
2026-05-04T16:20,15,40,0.3125,40,46,0.0,5.459050109338154,0.9875886975762354,0.640625,1.0,0.3125
2026-05-04T16:50,14,40,0.3125,40,46,0.0,5.4590376924227675,0.9875947342019278,0.640625,1.0,0.3125
2026-05-04T17:20,14,40,0.3125,40,46,0.0,5.459028834032917,0.9875770505743114,0.640625,1.0,0.3125
2026-05-04T17:50,15,40,0.3125,40,46,0.0,5.459019942820975,0.9875830869928857,0.640625,1.0,0.3125
2026-05-04T18:20,15,40,0.3125,40,46,0.0,5.459011018897587,0.987589117548013,0.640625,1.0,0.3125
2026-05-04T18:50,15,40,0.3125,40,46,0.0,5.459002739250737,0.9875714623997834,0.640625,1.0,0.3125
2026-05-04T19:20,15,40,0.3125,40,46,0.0,5.45899442570919,0.987577492743112,0.640625,1.0,0.3125
2026-05-04T19:50,15,40,0.3125,40,46,0.0,5.458986078386189,0.987583517237417,0.640625,1.0,0.3125
2026-05-04T20:20,14,40,0.3125,40,46,0.0,5.458977697394605,0.987589535891204,0.640625,1.0,0.3125
2026-05-04T20:50,14,40,0.3125,40,46,0.0,5.458969282846933,0.9875955487129622,0.640625,1.0,0.3125
2026-05-04T21:20,13,40,0.3125,40,46,0.0,5.458965258932977,0.98757793319891,0.640625,1.0,0.3125
2026-05-04T21:50,14,40,0.3125,40,46,0.0,5.458961192123237,0.9875839458159482,0.640625,1.0,0.3125
2026-05-04T22:20,13,40,0.3125,40,46,0.0,5.4589570825556395,0.9875899526152632,0.640625,1.0,0.3125
2026-05-04T22:50,13,40,0.3125,40,46,0.0,5.4589529303676505,0.9875959536052945,0.640625,1.0,0.3125
2026-05-04T23:20,13,40,0.3125,40,46,0.0,5.4589600640252955,0.9875783719516406,0.640625,1.0,0.3125
2026-05-04T23:50,12,40,0.3125,40,46,0.0,5.45896713354551,0.9875843727381373,0.640625,1.0,0.3125
2026-05-05T00:20,12,40,0.3125,40,46,0.0,5.458974139117419,0.9875903677295723,0.640625,1.0,0.3125
2026-05-05T00:50,12,40,0.3125,40,46,0.0,5.458981080929518,0.987596356934336,0.640625,1.0,0.3125
2026-05-05T01:20,12,40,0.3125,40,46,0.0,5.458987959169685,0.9876023403608029,0.640625,1.0,0.3125
2026-05-05T01:50,11,40,0.3125,40,46,0.0,5.458994774025171,0.9876083180173308,0.640625,1.0,0.3125
2026-05-05T02:20,11,40,0.3125,40,46,0.0,5.459012515207938,0.9875907812434407,0.640625,1.0,0.3125
2026-05-05T02:50,11,40,0.3125,40,46,0.0,5.459030170917793,0.987596758709123,0.640625,1.0,0.3125
2026-05-05T03:20,11,40,0.3125,40,46,0.0,5.459050808487057,0.9875792443872579,0.640625,1.0,0.3125
2026-05-05T03:50,11,40,0.3125,40,46,0.0,5.459071354273578,0.9875852216517491,0.640625,1.0,0.3125
2026-05-05T04:20,11,40,0.3125,40,46,0.0,5.459091808539533,0.9875911931661061,0.640625,1.0,0.3125
2026-05-05T04:50,11,40,0.3125,40,46,0.0,5.459112171546214,0.9875971589386224,0.640625,1.0,0.3125
2026-05-05T05:20,11,40,0.3125,40,46,0.0,5.459130043551654,0.9875796780896346,0.640625,1.0,0.3125
2026-05-05T05:50,11,40,0.3125,40,46,0.0,5.459147829585323,0.987585643662118,0.640625,1.0,0.3125
2026-05-05T06:20,11,40,0.3125,40,46,0.0,5.459154050391144,0.987568185125648,0.640625,1.0,0.3125
2026-05-05T06:50,11,40,0.3125,40,46,0.0,5.45916020780507,0.9875741504878718,0.640625,1.0,0.3125
2026-05-05T07:20,11,40,0.3125,40,46,0.0,5.4591663020183026,0.9875801101279256,0.640625,1.0,0.3125
2026-05-05T07:50,11,40,0.3125,40,46,0.0,5.459172333221393,0.9875860640540388,0.640625,1.0,0.3125
2026-05-05T08:20,12,40,0.3125,40,46,0.0,5.459175502568197,0.987568638777633,0.640625,1.0,0.3125
2026-05-05T08:50,12,40,0.3125,40,46,0.0,5.459178615252205,0.9875745924946935,0.640625,1.0,0.3125
2026-05-05T09:20,12,40,0.3125,40,46,0.0,5.459181671445735,0.9875805405116899,0.640625,1.0,0.3125
2026-05-05T09:50,13,40,0.3125,40,46,0.0,5.459184671320518,0.9875864828368038,0.640625,1.0,0.3125
2026-05-05T10:20,13,40,0.3125,40,46,0.0,5.459182335187986,0.9875690906939815,0.640625,1.0,0.3125
2026-05-05T10:50,13,40,0.3125,40,46,0.0,5.459179954605037,0.9875750328112406,0.640625,1.0,0.3125
2026-05-05T11:20,14,40,0.3125,40,46,0.0,5.459177529709142,0.9875809692504134,0.640625,1.0,0.3125
2026-05-05T11:50,15,40,0.3125,40,46,0.0,5.459165663519867,0.9875636046577412,0.640625,1.0,0.3125
2026-05-05T12:20,15,40,0.3125,40,46,0.0,5.459153771944074,0.9875695408846348,0.640625,1.0,0.3125
2026-05-05T12:50,16,40,0.3125,40,46,0.0,5.45914185507077,0.98757547144719,0.640625,1.0,0.3125
2026-05-05T13:20,16,40,0.3125,40,46,0.0,5.4591299129886774,0.9875813963535099,0.640625,1.0,0.3125
2026-05-05T13:50,16,40,0.3125,40,46,0.0,5.459117945786225,0.9875873156116828,0.640625,1.0,0.3125
2026-05-05T14:20,16,40,0.3125,40,46,0.0,5.459105953551561,0.987593229229781,0.640625,1.0,0.3125
2026-05-05T14:50,16,40,0.3125,40,46,0.0,5.459093936372544,0.9875991372158621,0.640625,1.0,0.3125
2026-05-05T15:20,16,40,0.3125,40,46,0.0,5.45908189433675,0.9876050395779679,0.640625,1.0,0.3125
2026-05-05T15:50,16,40,0.3125,40,46,0.0,5.45906982753147,0.9876109363241249,0.640625,1.0,0.3125
2026-05-05T16:20,16,40,0.3125,40,46,0.0,5.459057736043715,0.9876168274623445,0.640625,1.0,0.3125
2026-05-05T16:50,15,40,0.3125,40,46,0.0,5.4590456199602135,0.9876227130006228,0.640625,1.0,0.3125
2026-05-05T17:20,15,40,0.3125,40,46,0.0,5.459036973193308,0.98760541931853,0.640625,1.0,0.3125
2026-05-05T17:50,15,40,0.3125,40,46,0.0,5.459028295061718,0.9876113046844756,0.640625,1.0,0.3125
2026-05-05T18:20,15,40,0.3125,40,46,0.0,5.4590195856687505,0.9876171844639324,0.640625,1.0,0.3125
2026-05-05T18:50,14,40,0.3125,40,46,0.0,5.459011491585007,0.987599918015987,0.640625,1.0,0.3125
2026-05-05T19:20,14,40,0.3125,40,46,0.0,5.459003365135532,0.9876057976186348,0.640625,1.0,0.3125
2026-05-05T19:50,14,40,0.3125,40,46,0.0,5.4589952064260014,0.9876116716481994,0.640625,1.0,0.3125
2026-05-05T20:20,13,40,0.3125,40,46,0.0,5.458987015561752,0.9876175401126011,0.640625,1.0,0.3125
2026-05-05T20:50,13,40,0.3125,40,46,0.0,5.45897879264778,0.9876234030197447,0.640625,1.0,0.3125
2026-05-05T21:20,13,40,0.3125,40,46,0.0,5.458974840543451,0.9876061744864628,0.640625,1.0,0.3125
2026-05-05T21:50,12,40,0.3125,40,46,0.0,5.458970847510665,0.9876120372232242,0.640625,1.0,0.3125
2026-05-05T22:20,12,40,0.3125,40,46,0.0,5.458966813678049,0.9876178944160264,0.640625,1.0,0.3125
2026-05-05T22:50,11,40,0.3125,40,46,0.0,5.458962739173802,0.9876237460727296,0.640625,1.0,0.3125
2026-05-05T23:20,12,40,0.3125,40,46,0.0,5.458969690222373,0.9876065499301327,0.640625,1.0,0.3125
2026-05-05T23:50,11,40,0.3125,40,46,0.0,5.458976580051726,0.9876124014174179,0.640625,1.0,0.3125
2026-05-06T00:20,11,40,0.3125,40,46,0.0,5.458983408838283,0.9876182473818268,0.640625,1.0,0.3125
2026-05-06T00:50,11,40,0.3125,40,46,0.0,5.458990176757905,0.9876240878311751,0.640625,1.0,0.3125
2026-05-06T01:20,10,40,0.3125,40,46,0.0,5.458996883985881,0.9876299227732631,0.640625,1.0,0.3125
2026-05-06T01:50,10,40,0.3125,40,46,0.0,5.459014249616545,0.9876127642385891,0.640625,1.0,0.3125
2026-05-06T02:20,10,40,0.3125,40,46,0.0,5.45903153348111,0.987618599017563,0.640625,1.0,0.3125
2026-05-06T02:50,10,40,0.3125,40,46,0.0,5.459048735808137,0.9876244283023946,0.640625,1.0,0.3125
2026-05-06T03:20,10,40,0.3125,40,46,0.0,5.459068849221753,0.9876072965771675,0.640625,1.0,0.3125
2026-05-06T03:50,10,40,0.3125,40,46,0.0,5.459088875070288,0.9876131256944878,0.640625,1.0,0.3125
2026-05-06T04:20,9,40,0.3125,40,46,0.0,5.45910881359822,0.9876189493307386,0.640625,1.0,0.3125
2026-05-06T04:50,9,40,0.3125,40,46,0.0,5.459128665049221,0.987624767493647,0.640625,1.0,0.3125
2026-05-06T05:20,9,40,0.3125,40,46,0.0,5.459146085660099,0.9876076677964658,0.640625,1.0,0.3125
2026-05-06T05:50,9,40,0.3125,40,46,0.0,5.459163424230465,0.9876134857928055,0.640625,1.0,0.3125
2026-05-06T06:20,8,40,0.3125,40,46,0.0,5.459180680990473,0.9876192983288014,0.640625,1.0,0.3125
2026-05-06T06:50,8,40,0.3125,40,46,0.0,5.4591866727848775,0.9876022252583821,0.640625,1.0,0.3125
2026-05-06T07:20,8,40,0.3125,40,46,0.0,5.459192604243106,0.9876080376234744,0.640625,1.0,0.3125
2026-05-06T07:50,9,40,0.3125,40,46,0.0,5.459198475542979,0.9876138445411766,0.640625,1.0,0.3125
2026-05-06T08:20,9,40,0.3125,40,46,0.0,5.459201553702185,0.9875967980154876,0.640625,1.0,0.3125
2026-05-06T08:50,10,40,0.3125,40,46,0.0,5.459204577754216,0.9876026047579897,0.640625,1.0,0.3125
2026-05-06T09:20,10,40,0.3125,40,46,0.0,5.459207547859913,0.9876084060660112,0.640625,1.0,0.3125
2026-05-06T09:50,11,40,0.3125,40,46,0.0,5.459210464179591,0.9876142019471778,0.640625,1.0,0.3125
2026-05-06T10:20,11,40,0.3125,40,46,0.0,5.4592081843239635,0.9875971871319594,0.640625,1.0,0.3125
2026-05-06T10:50,11,40,0.3125,40,46,0.0,5.459205861971963,0.9876029828389071,0.640625,1.0,0.3125
2026-05-06T11:20,11,40,0.3125,40,46,0.0,5.459203497252074,0.9876087731318361,0.640625,1.0,0.3125
2026-05-06T11:50,12,40,0.3125,40,46,0.0,5.459191920815845,0.9875917846813521,0.640625,1.0,0.3125
2026-05-06T12:20,12,40,0.3125,40,46,0.0,5.459180320066699,0.9875975747958265,0.640625,1.0,0.3125
2026-05-06T12:50,12,40,0.3125,40,46,0.0,5.459168695087918,0.9876033595090747,0.640625,1.0,0.3125
2026-05-06T13:50,12,40,0.3125,40,46,0.0,5.459157045962513,0.987609138828651,0.640625,1.0,0.3125
2026-05-06T14:20,12,40,0.3125,40,46,0.0,5.45914537277324,0.9876149127620952,0.640625,1.0,0.3125
2026-05-06T14:50,12,40,0.3125,40,46,0.0,5.459133675602586,0.9876206813169336,0.640625,1.0,0.3125
2026-05-06T15:20,12,40,0.3125,40,46,0.0,5.459121954532782,0.9876264445006779,0.640625,1.0,0.3125
2026-05-06T15:50,13,40,0.3125,40,46,0.0,5.459110209645797,0.9876322023208266,0.640625,1.0,0.3125
2026-05-06T16:20,13,40,0.3125,40,46,0.0,5.459098441023339,0.9876379547848634,0.640625,1.0,0.3125
2026-05-06T16:50,13,40,0.3125,40,46,0.0,5.459086648746859,0.9876437019002586,0.640625,1.0,0.3125
2026-05-06T17:20,13,40,0.3125,40,46,0.0,5.459078227025267,0.987626776161548,0.640625,1.0,0.3125
2026-05-06T17:50,13,40,0.3125,40,46,0.0,5.459069775215261,0.9876325231303537,0.640625,1.0,0.3125
2026-05-06T18:20,12,40,0.3125,40,46,0.0,5.459061293413716,0.9876382647630694,0.640625,1.0,0.3125
2026-05-06T18:50,12,40,0.3125,40,46,0.0,5.459053382712172,0.9876213651099056,0.640625,1.0,0.3125
2026-05-06T19:50,12,40,0.3125,40,46,0.0,5.459045441020534,0.9876271065917656,0.640625,1.0,0.3125
2026-05-06T20:20,12,40,0.3125,40,46,0.0,5.459037468437753,0.9876328427500448,0.640625,1.0,0.3125
2026-05-06T20:50,12,40,0.3125,40,46,0.0,5.459029465062472,0.9876385735921439,0.640625,1.0,0.3125
2026-05-06T21:20,11,40,0.3125,40,46,0.0,5.459025567488682,0.987621705106087,0.640625,1.0,0.3125
2026-05-06T21:50,11,40,0.3125,40,46,0.0,5.459021630773395,0.9876274357981675,0.640625,1.0,0.3125
2026-05-06T22:20,11,40,0.3125,40,46,0.0,5.459017655036978,0.9876331611865071,0.640625,1.0,0.3125
2026-05-06T22:50,10,40,0.3125,40,46,0.0,5.459013640399414,0.9876388812784652,0.640625,1.0,0.3125
2026-05-06T23:20,10,40,0.3125,40,46,0.0,5.459020380128827,0.9876220438447697,0.640625,1.0,0.3125
2026-05-06T23:50,10,40,0.3125,40,46,0.0,5.459027061339033,0.9876277637875402,0.640625,1.0,0.3125
2026-05-07T00:20,10,40,0.3125,40,46,0.0,5.459033684195079,0.9876334784462988,0.640625,1.0,0.3125
2026-05-07T00:50,10,40,0.3125,40,46,0.0,5.459040248861497,0.9876391878283642,0.640625,1.0,0.3125
2026-05-07T01:20,10,40,0.3125,40,46,0.0,5.459046755502294,0.9876448919410415,0.640625,1.0,0.3125
2026-05-07T01:50,10,40,0.3125,40,46,0.0,5.459053204280966,0.9876505907916222,0.640625,1.0,0.3125
2026-05-07T02:20,10,40,0.3125,40,46,0.0,5.459070021001822,0.98763379453593,0.640625,1.0,0.3125
2026-05-07T02:50,10,40,0.3125,40,46,0.0,5.459086759804341,0.9876394932481254,0.640625,1.0,0.3125
2026-05-07T03:20,10,40,0.3125,40,46,0.0,5.459106326581981,0.9876227175774424,0.640625,1.0,0.3125
2026-05-07T03:50,10,40,0.3125,40,46,0.0,5.459125809706857,0.9876284161420936,0.640625,1.0,0.3125
2026-05-07T04:20,10,40,0.3125,40,46,0.0,5.459145209407568,0.9876341094618626,0.640625,1.0,0.3125
2026-05-07T04:50,9,40,0.3125,40,46,0.0,5.459164525911979,0.9876397975439868,0.640625,1.0,0.3125
2026-05-07T05:20,9,40,0.3125,40,46,0.0,5.45918146452672,0.9876230525852058,0.640625,1.0,0.3125
2026-05-07T05:50,9,40,0.3125,40,46,0.0,5.4591983247608935,0.9876287405205986,0.640625,1.0,0.3125
2026-05-07T06:20,9,40,0.3125,40,46,0.0,5.459204196291304,0.9876120160243536,0.640625,1.0,0.3125
2026-05-07T06:50,9,40,0.3125,40,46,0.0,5.459210009941613,0.9876177038039566,0.640625,1.0,0.3125
2026-05-07T07:20,10,40,0.3125,40,46,0.0,5.459215765878875,0.9876233863630186,0.640625,1.0,0.3125
2026-05-07T07:50,10,40,0.3125,40,46,0.0,5.4592214642696035,0.9876290637087237,0.640625,1.0,0.3125
2026-05-07T08:20,10,40,0.3125,40,46,0.0,5.4592244496730125,0.9876123697373741,0.640625,1.0,0.3125
2026-05-07T08:50,11,40,0.3125,40,46,0.0,5.4592273832795,0.9876180469281451,0.640625,1.0,0.3125
2026-05-07T09:20,12,40,0.3125,40,46,0.0,5.459230265239797,0.9876237189176421,0.640625,1.0,0.3125
2026-05-07T09:50,12,40,0.3125,40,46,0.0,5.45923309570415,0.9876293857130095,0.640625,1.0,0.3125
2026-05-07T10:20,12,40,0.3125,40,46,0.0,5.4592308688404785,0.9876127221553355,0.640625,1.0,0.3125
2026-05-07T10:50,13,40,0.3125,40,46,0.0,5.459228601234866,0.9876183887966185,0.640625,1.0,0.3125
2026-05-07T11:20,13,40,0.3125,40,46,0.0,5.459226293007888,0.9876240502557878,0.640625,1.0,0.3125
2026-05-07T11:50,13,40,0.3125,40,46,0.0,5.459214995834686,0.9876074119842794,0.640625,1.0,0.3125
2026-05-07T12:20,14,40,0.3125,40,46,0.0,5.459203675285652,0.9876130732853372,0.640625,1.0,0.3125
2026-05-07T12:50,13,40,0.3125,40,46,0.0,5.459192331439104,0.9876187294162572,0.640625,1.0,0.3125
2026-05-07T13:20,14,40,0.3125,40,46,0.0,5.4591809643731155,0.9876243803841183,0.640625,1.0,0.3125
2026-05-07T13:50,14,40,0.3125,40,46,0.0,5.459169574165515,0.9876300261959868,0.640625,1.0,0.3125
2026-05-07T14:20,13,40,0.3125,40,46,0.0,5.459158160893894,0.9876356668589161,0.640625,1.0,0.3125
2026-05-07T14:50,14,40,0.3125,40,46,0.0,5.4591467246356,0.9876413023799467,0.640625,1.0,0.3125
2026-05-07T15:20,14,40,0.3125,40,46,0.0,5.459135265467744,0.9876469327661063,0.640625,1.0,0.3125
2026-05-07T15:50,14,40,0.3125,40,46,0.0,5.459123783467195,0.9876525580244094,0.640625,1.0,0.3125
2026-05-07T16:20,14,40,0.3125,40,46,0.0,5.459112278710587,0.9876581781618585,0.640625,1.0,0.3125
2026-05-07T16:50,14,40,0.3125,40,46,0.0,5.459100751274315,0.9876637931854427,0.640625,1.0,0.3125
2026-05-07T17:20,14,40,0.3125,40,46,0.0,5.459092533633378,0.9876472200699401,0.640625,1.0,0.3125
2026-05-07T17:50,13,40,0.3125,40,46,0.0,5.4590842871259895,0.9876528349699083,0.640625,1.0,0.3125
2026-05-07T18:20,13,40,0.3125,40,46,0.0,5.459076011843067,0.9876584447677411,0.640625,1.0,0.3125
2026-05-07T18:50,13,40,0.3125,40,46,0.0,5.459068300512682,0.9876418966603059,0.640625,1.0,0.3125
2026-05-07T19:20,13,40,0.3125,40,46,0.0,5.459060559437893,0.9876475063304555,0.640625,1.0,0.3125
2026-05-07T19:50,13,40,0.3125,40,46,0.0,5.459052788711609,0.9876531109101604,0.640625,1.0,0.3125
2026-05-07T20:20,12,40,0.3125,40,46,0.0,5.459044988426448,0.9876587104063462,0.640625,1.0,0.3125
2026-05-07T20:50,12,40,0.3125,40,46,0.0,5.459037158674745,0.9876643048259264,0.640625,1.0,0.3125
2026-05-07T21:20,12,40,0.3125,40,46,0.0,5.459033329079216,0.9876477915533249,0.640625,1.0,0.3125
2026-05-07T21:50,12,40,0.3125,40,46,0.0,5.45902946205945,0.9876533858506287,0.640625,1.0,0.3125
2026-05-07T22:20,12,40,0.3125,40,46,0.0,5.459025557728041,0.9876589750829281,0.640625,1.0,0.3125
2026-05-07T22:50,12,40,0.3125,40,46,0.0,5.459021616197228,0.9876645592570987,0.640625,1.0,0.3125
2026-05-07T23:20,11,40,0.3125,40,46,0.0,5.459028192396581,0.9876480757441807,0.640625,1.0,0.3125
2026-05-07T23:50,11,40,0.3125,40,46,0.0,5.459034712623783,0.9876536597967375,0.640625,1.0,0.3125
2026-05-08T00:20,11,40,0.3125,40,46,0.0,5.459041177033269,0.9876592388027038,0.640625,1.0,0.3125
2026-05-08T00:50,10,40,0.3125,40,46,0.0,5.459047585779009,0.9876648127689175,0.640625,1.0,0.3125
2026-05-08T01:20,10,40,0.3125,40,46,0.0,5.4590539390144865,0.9876703817022047,0.640625,1.0,0.3125
2026-05-08T01:50,9,40,0.3125,40,46,0.0,5.4590602368927215,0.9876759456093785,0.640625,1.0,0.3125
2026-05-08T02:20,9,40,0.3125,40,46,0.0,5.459076668219972,0.9876595015708516,0.640625,1.0,0.3125
2026-05-08T02:50,9,40,0.3125,40,46,0.0,5.459093025005452,0.9876650653663562,0.640625,1.0,0.3125
2026-05-08T03:20,9,40,0.3125,40,46,0.0,5.459112145920023,0.9876486410521736,0.640625,1.0,0.3125
2026-05-08T03:50,9,40,0.3125,40,46,0.0,5.45913118680372,0.9876542047273753,0.640625,1.0,0.3125
2026-05-08T04:20,8,40,0.3125,40,46,0.0,5.459150147870523,0.9876597633925138,0.640625,1.0,0.3125
2026-05-08T04:50,8,40,0.3125,40,46,0.0,5.459169029333741,0.9876653170543533,0.640625,1.0,0.3125
2026-05-08T05:20,8,40,0.3125,40,46,0.0,5.459185587740159,0.9876489221803727,0.640625,1.0,0.3125
2026-05-08T05:50,8,40,0.3125,40,46,0.0,5.459202071140397,0.9876544757225579,0.640625,1.0,0.3125
2026-05-08T06:20,9,40,0.3125,40,46,0.0,5.459207812591893,0.987638100458051,0.640625,1.0,0.3125
2026-05-08T06:50,9,40,0.3125,40,46,0.0,5.45921349863591,0.9876436538720411,0.640625,1.0,0.3125
2026-05-08T07:20,10,40,0.3125,40,46,0.0,5.459219129428928,0.9876492022986815,0.640625,1.0,0.3125
2026-05-08T07:50,11,40,0.3125,40,46,0.0,5.459224705126929,0.9876547457446874,0.640625,1.0,0.3125
2026-05-08T08:20,12,40,0.3125,40,46,0.0,5.459227629692055,0.9876383997448895,0.640625,1.0,0.3125
2026-05-08T08:50,13,40,0.3125,40,46,0.0,5.4592305046560945,0.9876439430633895,0.640625,1.0,0.3125
2026-05-08T09:20,14,40,0.3125,40,46,0.0,5.4592333301602896,0.987649481412532,0.640625,1.0,0.3125
2026-05-08T09:50,15,40,0.3125,40,46,0.0,5.459236106345432,0.9876550147989959,0.640625,1.0,0.3125
2026-05-08T10:20,16,40,0.3125,40,46,0.0,5.45923392970477,0.9876386979594957,0.640625,1.0,0.3125
2026-05-08T10:50,16,40,0.3125,40,46,0.0,5.459231714046681,0.9876442312191378,0.640625,1.0,0.3125
2026-05-08T11:20,16,40,0.3125,40,46,0.0,5.4592294594841615,0.9876497595273172,0.640625,1.0,0.3125
2026-05-08T11:50,17,40,0.3125,40,46,0.0,5.4592184127795225,0.9876334669301203,0.640625,1.0,0.3125
2026-05-08T12:20,17,40,0.3125,40,46,0.0,5.459207343675518,0.9876389951076214,0.640625,1.0,0.3125
2026-05-08T12:50,17,40,0.3125,40,46,0.0,5.459196252245565,0.9876445183448387,0.640625,1.0,0.3125
2026-05-08T13:20,17,40,0.3125,40,46,0.0,5.459185138562867,0.9876500366483917,0.640625,1.0,0.3125
2026-05-08T13:50,17,40,0.3125,40,46,0.0,5.459174002700394,0.987655550024888,0.640625,1.0,0.3125
2026-05-08T14:20,18,40,0.3125,40,46,0.0,5.459162844730903,0.9876610584809232,0.640625,1.0,0.3125
2026-05-08T14:50,18,40,0.3125,40,46,0.0,5.459151664726928,0.9876665620230817,0.640625,1.0,0.3125
2026-05-08T15:20,18,40,0.3125,40,46,0.0,5.459140462760781,0.9876720606579353,0.640625,1.0,0.3125
2026-05-08T15:50,18,40,0.3125,40,46,0.0,5.459129238904558,0.9876775543920451,0.640625,1.0,0.3125
2026-05-08T16:20,18,40,0.3125,40,46,0.0,5.4591179932301355,0.9876830432319595,0.640625,1.0,0.3125
2026-05-08T16:50,18,40,0.3125,40,46,0.0,5.45910672580917,0.987688527184216,0.640625,1.0,0.3125
2026-05-08T17:20,18,40,0.3125,40,46,0.0,5.459098690800566,0.9876722970929881,0.640625,1.0,0.3125
2026-05-08T17:50,18,40,0.3125,40,46,0.0,5.459090628130072,0.9876777809465944,0.640625,1.0,0.3125
2026-05-08T19:20,16,40,0.3125,40,46,0.0,5.459083089854615,0.9876615700667583,0.640625,1.0,0.3125
2026-05-08T19:50,15,40,0.3125,40,46,0.0,5.459075523038841,0.9876670538133953,0.640625,1.0,0.3125
2026-05-08T20:20,15,40,0.3125,40,46,0.0,5.459067927770021,0.9876725326877562,0.640625,1.0,0.3125
2026-05-08T20:50,14,40,0.3125,40,46,0.0,5.459060304135154,0.9876780066963319,0.640625,1.0,0.3125
2026-05-08T21:20,13,40,0.3125,40,46,0.0,5.459056552671168,0.9876618244972635,0.640625,1.0,0.3125
2026-05-08T21:50,13,40,0.3125,40,46,0.0,5.459052765296041,0.9876672983994386,0.640625,1.0,0.3125
2026-05-08T22:20,13,40,0.3125,40,46,0.0,5.45904894211559,0.9876727674467115,0.640625,1.0,0.3125
2026-05-08T22:50,12,40,0.3125,40,46,0.0,5.459045083235302,0.9876782316455384,0.640625,1.0,0.3125
2026-05-08T23:20,13,40,0.3125,40,46,0.0,5.459051504729846,0.9876620780259325,0.640625,1.0,0.3125
2026-05-08T23:50,12,40,0.3125,40,46,0.0,5.459057872550244,0.9876675421189237,0.640625,1.0,0.3125
2026-05-09T00:20,12,40,0.3125,40,46,0.0,5.4590641868415695,0.9876730013742938,0.640625,1.0,0.3125
2026-05-09T00:50,10,40,0.3125,40,46,0.0,5.459070447748452,0.9876784557984645,0.640625,1.0,0.3125
2026-05-09T01:20,10,40,0.3125,40,46,0.0,5.459076655415086,0.987683905397846,0.640625,1.0,0.3125
2026-05-09T01:50,10,40,0.3125,40,46,0.0,5.459082809985231,0.9876893501788372,0.640625,1.0,0.3125
2026-05-09T02:20,11,40,0.3125,40,46,0.0,5.459098859826373,0.9876732344749116,0.640625,1.0,0.3125
2026-05-09T02:50,11,40,0.3125,40,46,0.0,5.45911483821535,0.9876786791593308,0.640625,1.0,0.3125
2026-05-09T03:20,10,40,0.3125,40,46,0.0,5.45913348851522,0.9876625823968742,0.640625,1.0,0.3125
2026-05-09T03:50,10,40,0.3125,40,46,0.0,5.459152062162237,0.9876680269765755,0.640625,1.0,0.3125
2026-05-09T04:20,10,40,0.3125,40,46,0.0,5.459170559357184,0.9876734667529422,0.640625,1.0,0.3125
2026-05-09T04:50,10,40,0.3125,40,46,0.0,5.459188980300221,0.9876789017323281,0.640625,1.0,0.3125
2026-05-09T05:20,9,40,0.3125,40,46,0.0,5.459205112576071,0.9876628332486185,0.640625,1.0,0.3125
2026-05-09T05:50,10,40,0.3125,40,46,0.0,5.459221173029462,0.9876682681238393,0.640625,1.0,0.3125
2026-05-09T06:20,10,40,0.3125,40,46,0.0,5.459226738135009,0.9876522184734964,0.640625,1.0,0.3125
2026-05-09T06:50,11,40,0.3125,40,46,0.0,5.459232250167863,0.9876576532364922,0.640625,1.0,0.3125
2026-05-09T07:20,11,40,0.3125,40,46,0.0,5.459237709274893,0.9876630832174704,0.640625,1.0,0.3125
2026-05-09T07:50,12,40,0.3125,40,46,0.0,5.459243115602514,0.9876685084227398,0.640625,1.0,0.3125
2026-05-09T08:20,13,40,0.3125,40,46,0.0,5.459248469296681,0.987673928858598,0.640625,1.0,0.3125
2026-05-09T08:50,14,40,0.3125,40,46,0.0,5.459251264255538,0.9876579119795719,0.640625,1.0,0.3125
2026-05-09T09:20,15,40,0.3125,40,46,0.0,5.459254011771029,0.9876633323080832,0.640625,1.0,0.3125
2026-05-09T09:50,16,40,0.3125,40,46,0.0,5.459256711975481,0.9876687478777461,0.640625,1.0,0.3125
2026-05-09T10:20,16,40,0.3125,40,46,0.0,5.45925458590743,0.9876527543561653,0.640625,1.0,0.3125
2026-05-09T10:50,17,40,0.3125,40,46,0.0,5.459252422361908,0.987658169814781,0.640625,1.0,0.3125
2026-05-09T11:20,18,40,0.3125,40,46,0.0,5.459250221445256,0.9876635805250771,0.640625,1.0,0.3125
2026-05-09T11:50,18,40,0.3125,40,46,0.0,5.459239431741993,0.9876476102935565,0.640625,1.0,0.3125
2026-05-09T12:20,18,40,0.3125,40,46,0.0,5.459228620463859,0.9876530208891353,0.640625,1.0,0.3125
2026-05-09T12:50,19,40,0.3125,40,46,0.0,5.459217787680086,0.9876584267468896,0.640625,1.0,0.3125
2026-05-09T13:20,19,40,0.3125,40,46,0.0,5.459206933459703,0.9876638278730397,0.640625,1.0,0.3125
2026-05-09T13:50,19,40,0.3125,40,46,0.0,5.459196057871534,0.9876692242737952,0.640625,1.0,0.3125
2026-05-09T14:20,20,40,0.3125,40,46,0.0,5.459185160984197,0.9876746159553546,0.640625,1.0,0.3125
2026-05-09T14:50,20,40,0.3125,40,46,0.0,5.4591742428661085,0.9876800029239056,0.640625,1.0,0.3125
2026-05-09T15:20,19,40,0.3125,40,46,0.0,5.459163303585478,0.9876853851856251,0.640625,1.0,0.3125
2026-05-09T15:50,20,40,0.3125,40,46,0.0,5.459152343210317,0.9876907627466794,0.640625,1.0,0.3125
2026-05-09T16:20,20,40,0.3125,40,46,0.0,5.459141361808431,0.9876961356132239,0.640625,1.0,0.3125
2026-05-09T16:50,19,40,0.3125,40,46,0.0,5.459130359447426,0.9877015037914031,0.640625,1.0,0.3125
2026-05-09T17:20,18,40,0.3125,40,46,0.0,5.459122551461603,0.9876855936337074,0.640625,1.0,0.3125
2026-05-09T17:50,18,40,0.3125,40,46,0.0,5.4591147167846374,0.9876909617271539,0.640625,1.0,0.3125
2026-05-09T18:20,18,40,0.3125,40,46,0.0,5.459106855497057,0.9876963251425234,0.640625,1.0,0.3125
2026-05-09T18:50,17,40,0.3125,40,46,0.0,5.459099497621557,0.9876804380288703,0.640625,1.0,0.3125
2026-05-09T19:20,17,40,0.3125,40,46,0.0,5.459092112309216,0.987685801355806,0.640625,1.0,0.3125
2026-05-09T19:50,16,40,0.3125,40,46,0.0,5.459084699642179,0.9876911600149201,0.640625,1.0,0.3125
2026-05-09T20:20,15,40,0.3125,40,46,0.0,5.459077259702344,0.9876965140123037,0.640625,1.0,0.3125
2026-05-09T20:50,15,40,0.3125,40,46,0.0,5.459069792571367,0.9877018633540375,0.640625,1.0,0.3125
2026-05-09T21:20,14,40,0.3125,40,46,0.0,5.459066103107062,0.9876860083557069,0.640625,1.0,0.3125
2026-05-09T21:50,14,40,0.3125,40,46,0.0,5.459062379243782,0.9876913576135888,0.640625,1.0,0.3125
2026-05-09T22:20,14,40,0.3125,40,46,0.0,5.459058621080782,0.9876967022260015,0.640625,1.0,0.3125
2026-05-09T22:50,13,40,0.3125,40,46,0.0,5.459054828717017,0.9877020421989935,0.640625,1.0,0.3125
2026-05-09T23:20,13,40,0.3125,40,46,0.0,5.459061082020634,0.9876862146371697,0.640625,1.0,0.3125
2026-05-09T23:50,13,40,0.3125,40,46,0.0,5.4590672839286265,0.987691554526746,0.640625,1.0,0.3125
2026-05-10T00:20,12,40,0.3125,40,46,0.0,5.45907343457702,0.9876968897870291,0.640625,1.0,0.3125
2026-05-10T00:50,12,40,0.3125,40,46,0.0,5.459079534101432,0.9877022204240364,0.640625,1.0,0.3125
2026-05-10T01:20,11,40,0.3125,40,46,0.0,5.459085582637086,0.9877075464437749,0.640625,1.0,0.3125
2026-05-10T01:50,11,40,0.3125,40,46,0.0,5.459091580318797,0.9877128678522408,0.640625,1.0,0.3125
2026-05-10T02:20,10,40,0.3125,40,46,0.0,5.459107259404977,0.9876970766987758,0.640625,1.0,0.3125
2026-05-10T02:50,10,40,0.3125,40,46,0.0,5.459122870045729,0.9877023980323836,0.640625,1.0,0.3125
2026-05-10T03:20,9,40,0.3125,40,46,0.0,5.459141095508666,0.9876866250596913,0.640625,1.0,0.3125
2026-05-10T03:50,10,40,0.3125,40,46,0.0,5.459159247537513,0.9876919463107459,0.640625,1.0,0.3125
2026-05-10T04:20,10,40,0.3125,40,46,0.0,5.459177326320636,0.9876972629646074,0.640625,1.0,0.3125
2026-05-10T04:50,10,40,0.3125,40,46,0.0,5.459195332045831,0.9877025750272306,0.640625,1.0,0.3125
2026-05-10T05:20,10,40,0.3125,40,46,0.0,5.459211099947669,0.9876868292081403,0.640625,1.0,0.3125
2026-05-10T05:50,10,40,0.3125,40,46,0.0,5.4592267990280225,0.9876921411886372,0.640625,1.0,0.3125
2026-05-10T06:20,10,40,0.3125,40,46,0.0,5.45924242946432,0.987697448587866,0.640625,1.0,0.3125
2026-05-10T06:50,10,40,0.3125,40,46,0.0,5.459247812847167,0.9876817253394208,0.640625,1.0,0.3125
2026-05-10T07:20,10,40,0.3125,40,46,0.0,5.459253145495763,0.9876870326529325,0.640625,1.0,0.3125
2026-05-10T07:50,10,40,0.3125,40,46,0.0,5.459258427547562,0.9876923353951147,0.640625,1.0,0.3125
2026-05-10T08:20,11,40,0.3125,40,46,0.0,5.459261220016083,0.9876766346533153,0.640625,1.0,0.3125
2026-05-10T08:50,11,40,0.3125,40,46,0.0,5.459263966833874,0.9876819373062183,0.640625,1.0,0.3125
2026-05-10T09:20,12,40,0.3125,40,46,0.0,5.459266668125672,0.9876872353976995,0.640625,1.0,0.3125
2026-05-10T09:50,12,40,0.3125,40,46,0.0,5.459269324015827,0.9876925289336421,0.640625,1.0,0.3125
2026-05-10T10:20,12,40,0.3125,40,46,0.0,5.4592672488472935,0.9876768550974846,0.640625,1.0,0.3125
2026-05-10T10:50,12,40,0.3125,40,46,0.0,5.459265137714653,0.9876821485446077,0.640625,1.0,0.3125
2026-05-10T11:20,12,40,0.3125,40,46,0.0,5.459262990717842,0.9876874374460484,0.640625,1.0,0.3125
2026-05-10T11:50,12,40,0.3125,40,46,0.0,5.4592524348020035,0.9876717859759836,0.640625,1.0,0.3125
2026-05-10T12:20,12,40,0.3125,40,46,0.0,5.45924185816821,0.9876770747850887,0.640625,1.0,0.3125
2026-05-10T12:50,12,40,0.3125,40,46,0.0,5.459231260881555,0.987682359058337,0.640625,1.0,0.3125
2026-05-10T13:20,12,40,0.3125,40,46,0.0,5.459220643006945,0.987687638801561,0.640625,1.0,0.3125
2026-05-10T13:50,12,40,0.3125,40,46,0.0,5.4592100046090914,0.9876929140205835,0.640625,1.0,0.3125
2026-05-10T14:20,12,40,0.3125,40,46,0.0,5.459199345752524,0.9876981847212171,0.640625,1.0,0.3125
2026-05-10T14:50,12,40,0.3125,40,46,0.0,5.459188666501583,0.9877034509092645,0.640625,1.0,0.3125
2026-05-10T15:20,12,40,0.3125,40,46,0.0,5.459177966920419,0.9877087125905185,0.640625,1.0,0.3125
2026-05-10T15:50,12,40,0.3125,40,46,0.0,5.459167247072996,0.9877139697707621,0.640625,1.0,0.3125
2026-05-10T16:20,12,40,0.3125,40,46,0.0,5.459156507023094,0.9877192224557682,0.640625,1.0,0.3125
2026-05-10T16:50,12,40,0.3125,40,46,0.0,5.4591457468343085,0.9877244706512999,0.640625,1.0,0.3125
2026-05-10T17:20,12,40,0.3125,40,46,0.0,5.4591381089542885,0.9877088769056971,0.640625,1.0,0.3125
2026-05-10T17:50,13,40,0.3125,40,46,0.0,5.459130445445656,0.987714125036822,0.640625,1.0,0.3125
2026-05-10T18:20,12,40,0.3125,40,46,0.0,5.459122756384136,0.987719368688108,0.640625,1.0,0.3125
2026-05-10T18:50,12,40,0.3125,40,46,0.0,5.45911555033932,0.9877037970769762,0.640625,1.0,0.3125
2026-05-10T19:20,12,40,0.3125,40,46,0.0,5.459108317965097,0.9877090406603122,0.640625,1.0,0.3125
2026-05-10T19:50,12,40,0.3125,40,46,0.0,5.45910105933868,0.9877142797734152,0.640625,1.0,0.3125
2026-05-10T20:20,11,40,0.3125,40,46,0.0,5.45909377453705,0.9877195144219992,0.640625,1.0,0.3125
2026-05-10T20:50,11,40,0.3125,40,46,0.0,5.459086463636967,0.9877247446117684,0.640625,1.0,0.3125
2026-05-10T21:20,10,40,0.3125,40,46,0.0,5.45908282221189,0.9877092038572275,0.640625,1.0,0.3125
2026-05-10T21:50,9,40,0.3125,40,46,0.0,5.459079147832508,0.9877144339832457,0.640625,1.0,0.3125
2026-05-10T22:20,9,40,0.3125,40,46,0.0,5.459075440591971,0.9877196596599861,0.640625,1.0,0.3125
2026-05-10T22:50,8,40,0.3125,40,46,0.0,5.459081557960196,0.9877041408898055,0.640625,1.0,0.3125
2026-05-10T23:20,8,40,0.3125,40,46,0.0,5.459087625983884,0.9877093664992871,0.640625,1.0,0.3125
2026-05-10T23:50,7,40,0.3125,40,46,0.0,5.45909364479102,0.9877145876689986,0.640625,1.0,0.3125
2026-05-11T00:20,7,40,0.3125,40,46,0.0,5.4590996145092126,0.9877198044045955,0.640625,1.0,0.3125
2026-05-11T00:50,7,40,0.3125,40,46,0.0,5.4591055352657,0.9877250167117243,0.640625,1.0,0.3125
2026-05-11T01:20,6,40,0.3125,40,46,0.0,5.459111407187356,0.9877302245960214,0.640625,1.0,0.3125
2026-05-11T01:50,6,40,0.3125,40,46,0.0,5.459117230400682,0.9877354280631139,0.640625,1.0,0.3125
2026-05-11T02:20,6,40,0.3125,40,46,0.0,5.459132530224346,0.9877199486583372,0.640625,1.0,0.3125
2026-05-11T02:50,6,40,0.3125,40,46,0.0,5.45914776446546,0.9877251520699227,0.640625,1.0,0.3125
2026-05-11T03:20,5,40,0.3125,40,46,0.0,5.4591655588658865,0.9877096901301198,0.640625,1.0,0.3125
2026-05-11T03:50,5,40,0.3125,40,46,0.0,5.459183282894233,0.9877148934789216,0.640625,1.0,0.3125
2026-05-11T04:20,5,40,0.3125,40,46,0.0,5.459200936727347,0.9877200924237041,0.640625,1.0,0.3125
2026-05-11T04:50,5,40,0.3125,40,46,0.0,5.459218520541558,0.9877252869700562,0.640625,1.0,0.3125
2026-05-11T05:20,5,40,0.3125,40,46,0.0,5.459233915214993,0.9877098511244854,0.640625,1.0,0.3125
2026-05-11T05:50,6,40,0.3125,40,46,0.0,5.459249243925077,0.987715045608372,0.640625,1.0,0.3125
2026-05-11T06:20,7,40,0.3125,40,46,0.0,5.459264506838431,0.9877202357031719,0.640625,1.0,0.3125
2026-05-11T06:50,8,40,0.3125,40,46,0.0,5.45926977356241,0.9877048215462851,0.640625,1.0,0.3125
2026-05-11T07:20,8,40,0.3125,40,46,0.0,5.459274991599615,0.9877100115751807,0.640625,1.0,0.3125
2026-05-11T07:50,9,40,0.3125,40,46,0.0,5.459280161079276,0.9877151972243051,0.640625,1.0,0.3125
2026-05-11T08:20,10,40,0.3125,40,46,0.0,5.459285282130239,0.9877203784992,0.640625,1.0,0.3125
2026-05-11T08:50,10,40,0.3125,40,46,0.0,5.4592880010277725,0.9877049902756316,0.640625,1.0,0.3125
2026-05-11T09:20,10,40,0.3125,40,46,0.0,5.459290676167733,0.987710171484955,0.640625,1.0,0.3125
2026-05-11T09:50,9,40,0.3125,40,46,0.0,5.459293307667206,0.9877153483293168,0.640625,1.0,0.3125
2026-05-11T10:20,9,40,0.3125,40,46,0.0,5.459291299611132,0.987699981661471,0.640625,1.0,0.3125
2026-05-11T10:50,10,40,0.3125,40,46,0.0,5.459289256979668,0.9877051584368659,0.640625,1.0,0.3125
2026-05-11T11:20,10,40,0.3125,40,46,0.0,5.459287179866924,0.9877103308565391,0.640625,1.0,0.3125
2026-05-11T11:50,10,40,0.3125,40,46,0.0,5.459276866292614,0.9876949856846883,0.640625,1.0,0.3125
2026-05-11T12:20,10,40,0.3125,40,46,0.0,5.459266532772659,0.9877001580320255,0.640625,1.0,0.3125
2026-05-11T12:50,9,40,0.3125,40,46,0.0,5.4592561793684125,0.9877053260328523,0.640625,1.0,0.3125
2026-05-11T13:20,8,40,0.3125,40,46,0.0,5.459245806141053,0.9877104896926454,0.640625,1.0,0.3125
2026-05-11T13:50,9,40,0.3125,40,46,0.0,5.459235413151584,0.9877156490168718,0.640625,1.0,0.3125
2026-05-11T14:20,10,40,0.3125,40,46,0.0,5.459225000460831,0.9877208040109898,0.640625,1.0,0.3125
2026-05-11T14:50,10,40,0.3125,40,46,0.0,5.459214568129455,0.9877259546804481,0.640625,1.0,0.3125
2026-05-11T15:20,10,40,0.3125,40,46,0.0,5.4592041162179346,0.9877311010306868,0.640625,1.0,0.3125
2026-05-11T15:50,10,40,0.3125,40,46,0.0,5.459193644786583,0.9877362430671367,0.640625,1.0,0.3125
2026-05-11T16:20,11,40,0.3125,40,46,0.0,5.459183153895538,0.9877413807952192,0.640625,1.0,0.3125
2026-05-11T16:50,12,40,0.3125,40,46,0.0,5.459172643604767,0.9877465142203468,0.640625,1.0,0.3125
2026-05-11T17:20,11,40,0.3125,40,46,0.0,5.4591651866774855,0.9877312245585531,0.640625,1.0,0.3125
2026-05-11T17:50,11,40,0.3125,40,46,0.0,5.459157705088171,0.9877363579373989,0.640625,1.0,0.3125
2026-05-11T18:20,12,40,0.3125,40,46,0.0,5.459150198908189,0.9877414870223268,0.640625,1.0,0.3125
2026-05-11T18:50,12,40,0.3125,40,46,0.0,5.459143142391891,0.9877262186382015,0.640625,1.0,0.3125
2026-05-11T19:20,11,40,0.3125,40,46,0.0,5.459136060579417,0.9877313476734552,0.640625,1.0,0.3125
2026-05-11T19:50,11,40,0.3125,40,46,0.0,5.459128953543441,0.9877364724238004,0.640625,1.0,0.3125
2026-05-11T20:20,10,40,0.3125,40,46,0.0,5.459121821356437,0.9877415928946046,0.640625,1.0,0.3125
2026-05-11T20:50,10,40,0.3125,40,46,0.0,5.459114664090669,0.9877467090912262,0.640625,1.0,0.3125
2026-05-11T21:20,9,40,0.3125,40,46,0.0,5.459111073705838,0.9877314703774607,0.640625,1.0,0.3125
2026-05-11T21:50,9,40,0.3125,40,46,0.0,5.45910745171378,0.9877365865282624,0.640625,1.0,0.3125
2026-05-11T22:20,9,40,0.3125,40,46,0.0,5.459103798202041,0.987741698413828,0.640625,1.0,0.3125
2026-05-11T22:50,8,40,0.3125,40,46,0.0,5.459100113257923,0.9877468060394888,0.640625,1.0,0.3125
2026-05-11T23:20,8,40,0.3125,40,46,0.0,5.45910600870801,0.9877315926726232,0.640625,1.0,0.3125
2026-05-11T23:50,8,40,0.3125,40,46,0.0,5.459111856982507,0.9877367002526929,0.640625,1.0,0.3125
2026-05-12T00:20,7,40,0.3125,40,46,0.0,5.459117658201296,0.9877418035817597,0.640625,1.0,0.3125
2026-05-12T00:50,7,40,0.3125,40,46,0.0,5.459123412483914,0.9877469026651283,0.640625,1.0,0.3125
2026-05-12T01:20,7,40,0.3125,40,46,0.0,5.459129119949558,0.987751997508095,0.640625,1.0,0.3125
2026-05-12T01:50,7,40,0.3125,40,46,0.0,5.459134780717091,0.987757088115947,0.640625,1.0,0.3125
2026-05-12T02:20,5,40,0.3125,40,46,0.0,5.459149721764529,0.9877419084001511,0.640625,1.0,0.3125
2026-05-12T02:50,6,40,0.3125,40,46,0.0,5.459164599913946,0.9877469989697523,0.640625,1.0,0.3125
2026-05-12T03:20,5,40,0.3125,40,46,0.0,5.459181985790259,0.9877318360445657,0.640625,1.0,0.3125
2026-05-12T03:50,5,40,0.3125,40,46,0.0,5.459199304166494,0.9877369265690286,0.640625,1.0,0.3125
2026-05-12T04:20,5,40,0.3125,40,46,0.0,5.459216555208904,0.9877420128707419,0.640625,1.0,0.3125
2026-05-12T04:50,5,40,0.3125,40,46,0.0,5.459233739083271,0.987747094954958,0.640625,1.0,0.3125
2026-05-12T05:20,5,40,0.3125,40,46,0.0,5.459248780429022,0.987731957125385,0.640625,1.0,0.3125
2026-05-12T05:50,5,40,0.3125,40,46,0.0,5.459263758492724,0.9877370391646868,0.640625,1.0,0.3125
2026-05-12T06:20,5,40,0.3125,40,46,0.0,5.45927867343105,0.9877421169952604,0.640625,1.0,0.3125
2026-05-12T06:50,6,40,0.3125,40,46,0.0,5.459283822579189,0.9877270000230749,0.640625,1.0,0.3125
2026-05-12T07:20,8,40,0.3125,40,46,0.0,5.459288924976498,0.9877320778054403,0.640625,1.0,0.3125
2026-05-12T07:50,9,40,0.3125,40,46,0.0,5.459293980744612,0.9877371513878201,0.640625,1.0,0.3125
2026-05-12T08:20,10,40,0.3125,40,46,0.0,5.459298990004805,0.9877422207754234,0.640625,1.0,0.3125
2026-05-12T08:50,11,40,0.3125,40,46,0.0,5.459301676178936,0.9877271287470843,0.640625,1.0,0.3125
2026-05-12T09:20,12,40,0.3125,40,46,0.0,5.459304320272008,0.987732198086718,0.640625,1.0,0.3125
2026-05-12T09:50,12,40,0.3125,40,46,0.0,5.459306922394381,0.9877372632402742,0.640625,1.0,0.3125
2026-05-12T10:20,13,40,0.3125,40,46,0.0,5.459304973009996,0.9877221919439287,0.640625,1.0,0.3125
2026-05-12T10:50,14,40,0.3125,40,46,0.0,5.4593029903691415,0.9877272570462622,0.640625,1.0,0.3125
2026-05-12T11:20,14,40,0.3125,40,46,0.0,5.45930097456053,0.9877323179711915,0.640625,1.0,0.3125
2026-05-12T11:50,14,40,0.3125,40,46,0.0,5.459290887829699,0.9877172673505089,0.640625,1.0,0.3125
2026-05-12T12:20,15,40,0.3125,40,46,0.0,5.4592807818923115,0.9877223282209866,0.640625,1.0,0.3125
2026-05-12T12:50,16,40,0.3125,40,46,0.0,5.45927065680624,0.9877273849227078,0.640625,1.0,0.3125
2026-05-12T13:20,15,40,0.3125,40,46,0.0,5.459260512629201,0.9877324374608212,0.640625,1.0,0.3125
2026-05-12T13:50,15,40,0.3125,40,46,0.0,5.459250349418748,0.9877374858404669,0.640625,1.0,0.3125
2026-05-12T14:20,15,40,0.3125,40,46,0.0,5.459240167232272,0.9877425300667769,0.640625,1.0,0.3125
2026-05-12T14:50,17,40,0.3125,40,46,0.0,5.459229966127003,0.9877475701448745,0.640625,1.0,0.3125
2026-05-12T15:20,16,40,0.3125,40,46,0.0,5.459219746160015,0.9877526060798745,0.640625,1.0,0.3125
2026-05-12T15:50,16,40,0.3125,40,46,0.0,5.459209507388216,0.9877576378768835,0.640625,1.0,0.3125
2026-05-12T16:20,15,40,0.3125,40,46,0.0,5.459199249868363,0.9877626655409998,0.640625,1.0,0.3125
2026-05-12T16:50,16,40,0.3125,40,46,0.0,5.459188973657051,0.987767689077313,0.640625,1.0,0.3125
2026-05-12T17:20,15,40,0.3125,40,46,0.0,5.459181684830171,0.9877526918771152,0.640625,1.0,0.3125
2026-05-12T17:50,15,40,0.3125,40,46,0.0,5.459174372263082,0.9877577153833181,0.640625,1.0,0.3125
2026-05-12T18:20,15,40,0.3125,40,46,0.0,5.459167036023101,0.9877627347702049,0.640625,1.0,0.3125
2026-05-12T18:50,13,40,0.3125,40,46,0.0,5.459160118305738,0.9877477580396413,0.640625,1.0,0.3125
2026-05-12T19:20,13,40,0.3125,40,46,0.0,5.45915317627455,0.9877527773931687,0.640625,1.0,0.3125
2026-05-12T19:50,14,40,0.3125,40,46,0.0,5.459146209998016,0.9877577926358415,0.640625,1.0,0.3125
2026-05-12T20:20,14,40,0.3125,40,46,0.0,5.459139219544425,0.9877628037727076,0.640625,1.0,0.3125
2026-05-12T20:50,14,40,0.3125,40,46,0.0,5.4591322049818745,0.9877678108088073,0.640625,1.0,0.3125
2026-05-12T21:20,13,40,0.3125,40,46,0.0,5.459128659914831,0.9877528626294152,0.640625,1.0,0.3125
2026-05-12T21:50,13,40,0.3125,40,46,0.0,5.459125084515293,0.9877578696356991,0.640625,1.0,0.3125
2026-05-12T22:20,13,40,0.3125,40,46,0.0,5.459121478865635,0.9877628725496199,0.640625,1.0,0.3125
2026-05-12T22:50,13,40,0.3125,40,46,0.0,5.459117843048,0.9877678713761928,0.640625,1.0,0.3125
2026-05-12T23:20,13,40,0.3125,40,46,0.0,5.4591235747704685,0.9877529475872255,0.640625,1.0,0.3125
2026-05-12T23:50,12,40,0.3125,40,46,0.0,5.459129261233944,0.9877579463841286,0.640625,1.0,0.3125
2026-05-13T00:20,12,40,0.3125,40,46,0.0,5.459134902551186,0.9877629411020462,0.640625,1.0,0.3125
2026-05-13T00:50,11,40,0.3125,40,46,0.0,5.459140498834646,0.9877679317459687,0.640625,1.0,0.3125
2026-05-13T01:20,11,40,0.3125,40,46,0.0,5.459146050196453,0.9877729183208787,0.640625,1.0,0.3125
2026-05-13T01:50,10,40,0.3125,40,46,0.0,5.459151556748431,0.9877779008317503,0.640625,1.0,0.3125
2026-05-13T02:20,9,40,0.3125,40,46,0.0,5.45916615520292,0.9877630094310835,0.640625,1.0,0.3125
2026-05-13T02:50,9,40,0.3125,40,46,0.0,5.459180693282384,0.9877679919191001,0.640625,1.0,0.3125
2026-05-13T03:20,9,40,0.3125,40,46,0.0,5.459197688755715,0.9877531166729773,0.640625,1.0,0.3125
2026-05-13T03:50,10,40,0.3125,40,46,0.0,5.459214619428655,0.9877580991316132,0.640625,1.0,0.3125
2026-05-13T04:20,10,40,0.3125,40,46,0.0,5.459231485457702,0.9877630775378223,0.640625,1.0,0.3125
2026-05-13T04:50,10,40,0.3125,40,46,0.0,5.459248286998911,0.9877680518965468,0.640625,1.0,0.3125
2026-05-13T05:20,10,40,0.3125,40,46,0.0,5.459262990684675,0.9877532008036165,0.640625,1.0,0.3125
2026-05-13T05:50,10,40,0.3125,40,46,0.0,5.459277633609435,0.9877581751331033,0.640625,1.0,0.3125
2026-05-13T06:20,10,40,0.3125,40,46,0.0,5.459282710745848,0.9877433401095798,0.640625,1.0,0.3125
2026-05-13T06:50,11,40,0.3125,40,46,0.0,5.4592877428477715,0.9877483144033665,0.640625,1.0,0.3125
2026-05-13T07:20,10,40,0.3125,40,46,0.0,5.459292730030137,0.987753284661215,0.640625,1.0,0.3125
2026-05-13T07:50,11,40,0.3125,40,46,0.0,5.459297672407546,0.9877582508880353,0.640625,1.0,0.3125
2026-05-13T08:20,11,40,0.3125,40,46,0.0,5.459300349833796,0.987743439887349,0.640625,1.0,0.3125
2026-05-13T08:50,12,40,0.3125,40,46,0.0,5.4593029866876535,0.9877484060786427,0.640625,1.0,0.3125
2026-05-13T09:20,12,40,0.3125,40,46,0.0,5.45930558307348,0.9877533682471001,0.640625,1.0,0.3125
2026-05-13T09:50,12,40,0.3125,40,46,0.0,5.459308139095345,0.9877583263976073,0.640625,1.0,0.3125
2026-05-13T10:20,13,40,0.3125,40,46,0.0,5.459306228418125,0.9877435393420823,0.640625,1.0,0.3125
2026-05-13T10:50,10,40,0.3125,40,46,0.0,5.459304285760147,0.9877484974572351,0.640625,1.0,0.3125
2026-05-13T11:20,9,40,0.3125,40,46,0.0,5.45930231120507,0.9877534515625901,0.640625,1.0,0.3125
2026-05-13T11:50,12,40,0.3125,40,46,0.0,5.45929242477855,0.9877386844084399,0.640625,1.0,0.3125
2026-05-13T12:20,12,40,0.3125,40,46,0.0,5.459282519874941,0.9877436384753456,0.640625,1.0,0.3125
2026-05-13T12:50,12,40,0.3125,40,46,0.0,5.459272596548838,0.9877485885405818,0.640625,1.0,0.3125
2026-05-13T13:20,11,40,0.3125,40,46,0.0,5.4592626548546805,0.987753534608995,0.640625,1.0,0.3125
2026-05-13T13:50,12,40,0.3125,40,46,0.0,5.459252694846762,0.9877584766854239,0.640625,1.0,0.3125
2026-05-13T14:20,12,40,0.3125,40,46,0.0,5.459242716579228,0.9877634147746996,0.640625,1.0,0.3125
2026-05-13T14:50,9,40,0.3125,40,46,0.0,5.4592327201060735,0.9877683488816453,0.640625,1.0,0.3125
2026-05-13T15:20,11,40,0.3125,40,46,0.0,5.459222705481146,0.9877732790110764,0.640625,1.0,0.3125
2026-05-13T15:50,10,40,0.3125,40,46,0.0,5.459212672758145,0.9877782051678003,0.640625,1.0,0.3125
2026-05-13T16:20,10,40,0.3125,40,46,0.0,5.459202621990626,0.9877831273566172,0.640625,1.0,0.3125
2026-05-13T16:50,11,40,0.3125,40,46,0.0,5.459192553231992,0.987788045582319,0.640625,1.0,0.3125
2026-05-13T17:20,12,40,0.3125,40,46,0.0,5.459185408679932,0.9877733298747186,0.640625,1.0,0.3125
2026-05-13T17:50,9,40,0.3125,40,46,0.0,5.459178241288711,0.9877782480847448,0.640625,1.0,0.3125
2026-05-13T18:20,10,40,0.3125,40,46,0.0,5.459171051121839,0.9877831623396364,0.640625,1.0,0.3125
2026-05-13T18:50,10,40,0.3125,40,46,0.0,5.459164263493469,0.9877684663387745,0.640625,1.0,0.3125
2026-05-13T19:20,10,40,0.3125,40,46,0.0,5.459157452484878,0.9877733805748778,0.640625,1.0,0.3125
2026-05-13T19:50,10,40,0.3125,40,46,0.0,5.459150618160647,0.9877782908638035,0.640625,1.0,0.3125
2026-05-13T20:20,10,40,0.3125,40,46,0.0,5.459143760585187,0.9877831972103054,0.640625,1.0,0.3125
2026-05-13T20:50,9,40,0.3125,40,46,0.0,5.459136879822722,0.9877880996191295,0.640625,1.0,0.3125
2026-05-13T21:20,9,40,0.3125,40,46,0.0,5.459133391986613,0.987773431112341,0.640625,1.0,0.3125
2026-05-13T21:50,9,40,0.3125,40,46,0.0,5.459129874993981,0.9877783335056399,0.640625,1.0,0.3125
2026-05-13T22:20,9,40,0.3125,40,46,0.0,5.45912632892249,0.9877832319691647,0.640625,1.0,0.3125
2026-05-13T22:50,9,40,0.3125,40,46,0.0,5.459122753849587,0.9877881265076386,0.640625,1.0,0.3125
2026-05-13T23:20,9,40,0.3125,40,46,0.0,5.459128366238021,0.9877734814878899,0.640625,1.0,0.3125
2026-05-13T23:50,9,40,0.3125,40,46,0.0,5.459133935106626,0.9877783760109132,0.640625,1.0,0.3125
2026-05-14T00:20,8,40,0.3125,40,46,0.0,5.459139460561749,0.9877832666167512,0.640625,1.0,0.3125
2026-05-14T00:50,9,40,0.3125,40,46,0.0,5.459144942709441,0.9877881533101045,0.640625,1.0,0.3125
2026-05-14T01:20,8,40,0.3125,40,46,0.0,5.459150381655469,0.9877930360956662,0.640625,1.0,0.3125
2026-05-14T01:50,8,40,0.3125,40,46,0.0,5.4591557775053055,0.987797914978122,0.640625,1.0,0.3125
2026-05-14T02:20,9,40,0.3125,40,46,0.0,5.459170084298313,0.9877833011535982,0.640625,1.0,0.3125
2026-05-14T02:50,9,40,0.3125,40,46,0.0,5.459184333028385,0.9877881800269395,0.640625,1.0,0.3125
2026-05-14T03:20,8,40,0.3125,40,46,0.0,5.459200990733416,0.9877735817563479,0.640625,1.0,0.3125
2026-05-14T03:50,8,40,0.3125,40,46,0.0,5.459217586117164,0.9877784606143861,0.640625,1.0,0.3125
2026-05-14T04:20,8,40,0.3125,40,46,0.0,5.459234119327262,0.9877833355802359,0.640625,1.0,0.3125
2026-05-14T04:50,8,40,0.3125,40,46,0.0,5.459250590510931,0.9877882066585533,0.640625,1.0,0.3125
2026-05-14T05:20,8,40,0.3125,40,46,0.0,5.459265006630275,0.9877736316507958,0.640625,1.0,0.3125
2026-05-14T05:50,8,40,0.3125,40,46,0.0,5.459279364300719,0.9877785027138831,0.640625,1.0,0.3125
2026-05-14T06:20,8,40,0.3125,40,46,0.0,5.459293663661446,0.9877833698971911,0.640625,1.0,0.3125
2026-05-14T06:50,8,40,0.3125,40,46,0.0,5.459298604284139,0.9877688142213542,0.640625,1.0,0.3125
2026-05-14T07:20,8,40,0.3125,40,46,0.0,5.459303501676184,0.9877736813864074,0.640625,1.0,0.3125
2026-05-14T07:50,8,40,0.3125,40,46,0.0,5.459308355945766,0.9877785446794121,0.640625,1.0,0.3125
2026-05-14T08:20,8,40,0.3125,40,46,0.0,5.459313167200764,0.9877834041049868,0.640625,1.0,0.3125
2026-05-14T08:50,9,40,0.3125,40,46,0.0,5.459315772975187,0.987768871556533,0.640625,1.0,0.3125
2026-05-14T09:20,9,40,0.3125,40,46,0.0,5.459318339774283,0.98777373096394,0.640625,1.0,0.3125
2026-05-14T09:50,9,40,0.3125,40,46,0.0,5.459320867696359,0.9877785865116112,0.640625,1.0,0.3125
2026-05-14T10:20,9,40,0.3125,40,46,0.0,5.4593190106009875,0.9877640731831807,0.640625,1.0,0.3125
2026-05-14T10:50,10,40,0.3125,40,46,0.0,5.459317122699405,0.9877689287096953,0.640625,1.0,0.3125
2026-05-14T11:20,10,40,0.3125,40,46,0.0,5.4593152040706485,0.987773780384146,0.640625,1.0,0.3125
2026-05-14T11:50,9,40,0.3125,40,46,0.0,5.459305526447002,0.9877592862254668,0.640625,1.0,0.3125
2026-05-14T12:20,8,40,0.3125,40,46,0.0,5.459295831005992,0.9877641378757936,0.640625,1.0,0.3125
2026-05-14T12:50,9,40,0.3125,40,46,0.0,5.45928611779923,0.9877689856817066,0.640625,1.0,0.3125
2026-05-14T13:20,9,40,0.3125,40,46,0.0,5.459276386878189,0.9877738296477732,0.640625,1.0,0.3125
2026-05-14T13:50,9,40,0.3125,40,46,0.0,5.459266638294205,0.987778669778554,0.640625,1.0,0.3125
2026-05-14T14:20,10,40,0.3125,40,46,0.0,5.459256872098474,0.987783506078602,0.640625,1.0,0.3125
2026-05-14T14:50,12,40,0.3125,40,46,0.0,5.459247088342055,0.9877883385524633,0.640625,1.0,0.3125
2026-05-14T15:20,12,40,0.3125,40,46,0.0,5.459237287075871,0.9877931672046767,0.640625,1.0,0.3125
2026-05-14T15:50,9,40,0.3125,40,46,0.0,5.459227468350705,0.9877979920397737,0.640625,1.0,0.3125
2026-05-14T16:20,9,40,0.3125,40,46,0.0,5.459217632217206,0.9878028130622787,0.640625,1.0,0.3125
2026-05-14T16:50,11,40,0.3125,40,46,0.0,5.459207778725887,0.987807630276709,0.640625,1.0,0.3125
2026-05-14T17:20,11,40,0.3125,40,46,0.0,5.459200788832808,0.9877931856979165,0.640625,1.0,0.3125
2026-05-14T17:50,11,40,0.3125,40,46,0.0,5.4591937769229615,0.987798002909559,0.640625,1.0,0.3125
2026-05-14T18:20,9,40,0.3125,40,46,0.0,5.459187127289187,0.9877835735246618,0.640625,1.0,0.3125
2026-05-14T18:50,10,40,0.3125,40,46,0.0,5.4591804551100696,0.9877883907275307,0.640625,1.0,0.3125
2026-05-14T19:20,9,40,0.3125,40,46,0.0,5.4591737604467125,0.987793204132841,0.640625,1.0,0.3125
2026-05-14T19:50,10,40,0.3125,40,46,0.0,5.459167043360062,0.9877980137450818,0.640625,1.0,0.3125
2026-05-14T20:20,9,40,0.3125,40,46,0.0,5.459160303910895,0.9878028195687348,0.640625,1.0,0.3125
2026-05-14T20:50,9,40,0.3125,40,46,0.0,5.459153542159829,0.9878076216082746,0.640625,1.0,0.3125
2026-05-14T21:20,9,40,0.3125,40,46,0.0,5.459150084669185,0.9877932225097257,0.640625,1.0,0.3125
2026-05-14T21:50,9,40,0.3125,40,46,0.0,5.459146599174592,0.9877980245465039,0.640625,1.0,0.3125
2026-05-14T22:20,9,40,0.3125,40,46,0.0,5.459143085749254,0.9878028228066114,0.640625,1.0,0.3125
2026-05-14T22:50,9,40,0.3125,40,46,0.0,5.4591395444661694,0.987807617294502,0.640625,1.0,0.3125
2026-05-14T23:20,9,40,0.3125,40,46,0.0,5.459144994630717,0.987793240828844,0.640625,1.0,0.3125
2026-05-14T23:50,8,40,0.3125,40,46,0.0,5.4591504029974125,0.9877980353139858,0.640625,1.0,0.3125
2026-05-15T00:20,8,40,0.3125,40,46,0.0,5.459155769666474,0.987802826034318,0.640625,1.0,0.3125
2026-05-15T00:50,8,40,0.3125,40,46,0.0,5.4591610947378575,0.9878076129942731,0.640625,1.0,0.3125
2026-05-15T01:20,8,40,0.3125,40,46,0.0,5.459166378311243,0.987812396198277,0.640625,1.0,0.3125
2026-05-15T02:20,8,40,0.3125,40,46,0.0,5.459180393353724,0.9877980460476875,0.640625,1.0,0.3125
2026-05-15T02:50,8,40,0.3125,40,46,0.0,5.459194352500562,0.9878028292519024,0.640625,1.0,0.3125
2026-05-15T03:20,8,40,0.3125,40,46,0.0,5.45921066176509,0.987788494096316,0.640625,1.0,0.3125
2026-05-15T03:50,8,40,0.3125,40,46,0.0,5.45922691105385,0.9877932772948681,0.640625,1.0,0.3125
2026-05-15T04:20,7,40,0.3125,40,46,0.0,5.459243100506305,0.9877980567477675,0.640625,1.0,0.3125
2026-05-15T04:50,7,40,0.3125,40,46,0.0,5.459259230261534,0.9878028324594123,0.640625,1.0,0.3125
2026-05-15T05:20,7,40,0.3125,40,46,0.0,5.459273345280426,0.987788519736304,0.640625,1.0,0.3125
2026-05-15T05:50,7,40,0.3125,40,46,0.0,5.459287404041003,0.9877932954423125,0.640625,1.0,0.3125
2026-05-15T06:20,7,40,0.3125,40,46,0.0,5.45930140667477,0.9877980674143835,0.640625,1.0,0.3125
2026-05-15T06:50,8,40,0.3125,40,46,0.0,5.459306234551072,0.9877837733326253,0.640625,1.0,0.3125
2026-05-15T07:20,8,40,0.3125,40,46,0.0,5.45931102080578,0.9877885452961672,0.640625,1.0,0.3125
2026-05-15T07:50,8,40,0.3125,40,46,0.0,5.459315765541154,0.9877933135330684,0.640625,1.0,0.3125
2026-05-15T08:20,9,40,0.3125,40,46,0.0,5.459320468859161,0.9877980780476925,0.640625,1.0,0.3125
2026-05-15T08:50,9,40,0.3125,40,46,0.0,5.459323032058158,0.9877838062701455,0.640625,1.0,0.3125
2026-05-15T09:20,10,40,0.3125,40,46,0.0,5.459325557687744,0.9877885707762804,0.640625,1.0,0.3125
2026-05-15T09:50,10,40,0.3125,40,46,0.0,5.459328045840934,0.9877933315674008,0.640625,1.0,0.3125
2026-05-15T10:20,10,40,0.3125,40,46,0.0,5.459326226062337,0.9877790783252448,0.640625,1.0,0.3125
2026-05-15T10:50,10,40,0.3125,40,46,0.0,5.4593243765872455,0.9877838391050168,0.640625,1.0,0.3125
2026-05-15T11:20,10,40,0.3125,40,46,0.0,5.459322497490462,0.9877885961770164,0.640625,1.0,0.3125
2026-05-15T11:50,12,40,0.3125,40,46,0.0,5.459313012452824,0.9877743614226443,0.640625,1.0,0.3125
2026-05-15T12:20,11,40,0.3125,40,46,0.0,5.459303510216189,0.9877791184804565,0.640625,1.0,0.3125
2026-05-15T12:50,12,40,0.3125,40,46,0.0,5.459293990829447,0.9877838718377181,0.640625,1.0,0.3125
2026-05-15T13:20,12,40,0.3125,40,46,0.0,5.459284454341359,0.9877886214987455,0.640625,1.0,0.3125
2026-05-15T13:50,13,40,0.3125,40,46,0.0,5.4592749008005566,0.9877933674678482,0.640625,1.0,0.3125
2026-05-15T14:20,13,40,0.3125,40,46,0.0,5.459265330255546,0.9877981097493291,0.640625,1.0,0.3125
2026-05-15T14:50,13,40,0.3125,40,46,0.0,5.459255742754701,0.9878028483474848,0.640625,1.0,0.3125
2026-05-15T15:20,13,40,0.3125,40,46,0.0,5.45924613834627,0.9878075832666046,0.640625,1.0,0.3125
2026-05-15T15:50,14,40,0.3125,40,46,0.0,5.4592365170783745,0.9878123145109714,0.640625,1.0,0.3125
2026-05-15T16:20,14,40,0.3125,40,46,0.0,5.459226878999007,0.9878170420848617,0.640625,1.0,0.3125
2026-05-15T17:20,14,40,0.3125,40,46,0.0,5.4592200508857776,0.9878028514955287,0.640625,1.0,0.3125
2026-05-15T17:50,14,40,0.3125,40,46,0.0,5.459213201469555,0.9878075790724684,0.640625,1.0,0.3125
2026-05-15T18:20,14,40,0.3125,40,46,0.0,5.459206330807355,0.9878123029860397,0.640625,1.0,0.3125
2026-05-15T18:50,13,40,0.3125,40,46,0.0,5.45919978481565,0.9877981307200479,0.640625,1.0,0.3125
2026-05-15T19:20,13,40,0.3125,40,46,0.0,5.459193217118287,0.9878028546338226,0.640625,1.0,0.3125
2026-05-15T19:50,13,40,0.3125,40,46,0.0,5.4591866277730405,0.9878075748913172,0.640625,1.0,0.3125
2026-05-15T20:20,13,40,0.3125,40,46,0.0,5.459180016837532,0.9878122914967751,0.640625,1.0,0.3125
2026-05-15T20:50,13,40,0.3125,40,46,0.0,5.459173384369235,0.987817004454433,0.640625,1.0,0.3125
2026-05-15T21:20,12,40,0.3125,40,46,0.0,5.459169977227325,0.9878028577624116,0.640625,1.0,0.3125
2026-05-15T21:50,12,40,0.3125,40,46,0.0,5.459166543086782,0.9878075707230907,0.640625,1.0,0.3125
2026-05-15T22:20,12,40,0.3125,40,46,0.0,5.459163082016918,0.9878122800430122,0.640625,1.0,0.3125
2026-05-15T22:50,11,40,0.3125,40,46,0.0,5.4591595940868665,0.9878169857263933,0.640625,1.0,0.3125
2026-05-15T23:20,11,40,0.3125,40,46,0.0,5.459164923163952,0.9878028608813407,0.640625,1.0,0.3125
2026-05-15T23:50,9,40,0.3125,40,46,0.0,5.459170211954235,0.9878075665677292,0.640625,1.0,0.3125
2026-05-16T00:20,10,40,0.3125,40,46,0.0,5.459175460552599,0.9878122686245869,0.640625,1.0,0.3125
2026-05-16T00:50,9,40,0.3125,40,46,0.0,5.4591806690536755,0.9878169670561118,0.640625,1.0,0.3125
2026-05-16T01:20,9,40,0.3125,40,46,0.0,5.459185837551846,0.9878216618664948,0.640625,1.0,0.3125
2026-05-16T01:50,9,40,0.3125,40,46,0.0,5.459190966141247,0.9878263530599206,0.640625,1.0,0.3125
2026-05-16T02:20,9,40,0.3125,40,46,0.0,5.459204653838331,0.9878122572413358,0.640625,1.0,0.3125
2026-05-16T02:50,9,40,0.3125,40,46,0.0,5.45921828776595,0.9878169484433215,0.640625,1.0,0.3125
2026-05-16T03:20,8,40,0.3125,40,46,0.0,5.459234228445118,0.9878028670903979,0.640625,1.0,0.3125
2026-05-16T03:50,8,40,0.3125,40,46,0.0,5.4592501114202285,0.9878075582953632,0.640625,1.0,0.3125
2026-05-16T04:20,7,40,0.3125,40,46,0.0,5.459265936823037,0.9878122458930966,0.640625,1.0,0.3125
2026-05-16T04:50,7,40,0.3125,40,46,0.0,5.459281704784948,0.9878169298877572,0.640625,1.0,0.3125
2026-05-16T05:20,7,40,0.3125,40,46,0.0,5.459295507450034,0.9878028701806144,0.640625,1.0,0.3125
2026-05-16T05:50,7,40,0.3125,40,46,0.0,5.459309255965897,0.987807554178241,0.640625,1.0,0.3125
2026-05-16T06:20,7,40,0.3125,40,46,0.0,5.459322950456828,0.987812234579708,0.640625,1.0,0.3125
2026-05-16T06:50,8,40,0.3125,40,46,0.0,5.459327669102962,0.9877981928596833,0.640625,1.0,0.3125
2026-05-16T07:20,9,40,0.3125,40,46,0.0,5.459332347651504,0.9878028732613481,0.640625,1.0,0.3125
2026-05-16T07:50,9,40,0.3125,40,46,0.0,5.459336986199188,0.9878075500737479,0.640625,1.0,0.3125
2026-05-16T08:20,9,40,0.3125,40,46,0.0,5.459341584842481,0.9878122233010098,0.640625,1.0,0.3125
2026-05-16T08:50,10,40,0.3125,40,46,0.0,5.459344119504793,0.9877982031051838,0.640625,1.0,0.3125
2026-05-16T09:20,11,40,0.3125,40,46,0.0,5.459346617907013,0.9878028763326425,0.640625,1.0,0.3125
2026-05-16T09:50,12,40,0.3125,40,46,0.0,5.459349080137284,0.9878075459818261,0.640625,1.0,0.3125
2026-05-16T10:20,13,40,0.3125,40,46,0.0,5.4593473204485115,0.9877935436726846,0.640625,1.0,0.3125
2026-05-16T10:50,13,40,0.3125,40,46,0.0,5.45934553207369,0.9877982133193286,0.640625,1.0,0.3125
2026-05-16T11:20,13,40,0.3125,40,46,0.0,5.459343715083751,0.987802879394541,0.640625,1.0,0.3125
2026-05-16T11:50,14,40,0.3125,40,46,0.0,5.459334439278187,0.9877888949269572,0.640625,1.0,0.3125
2026-05-16T12:20,14,40,0.3125,40,46,0.0,5.459325146820262,0.9877935609969125,0.640625,1.0,0.3125
2026-05-16T12:50,14,40,0.3125,40,46,0.0,5.459315837756414,0.9877982235022613,0.640625,1.0,0.3125
2026-05-16T13:20,15,40,0.3125,40,46,0.0,5.459306512132952,0.9878028824470867,0.640625,1.0,0.3125
2026-05-16T13:50,14,40,0.3125,40,46,0.0,5.459297169996074,0.9878075378354657,0.640625,1.0,0.3125
2026-05-16T14:20,14,40,0.3125,40,46,0.0,5.459287811391853,0.9878121896714689,0.640625,1.0,0.3125
2026-05-16T14:50,14,40,0.3125,40,46,0.0,5.459278436366244,0.987816837959161,0.640625,1.0,0.3125
2026-05-16T15:20,14,40,0.3125,40,46,0.0,5.459269044965086,0.9878214827026001,0.640625,1.0,0.3125
2026-05-16T15:50,14,40,0.3125,40,46,0.0,5.459259637234092,0.9878261239058385,0.640625,1.0,0.3125
2026-05-16T16:20,14,40,0.3125,40,46,0.0,5.459250213218863,0.9878307615729219,0.640625,1.0,0.3125
2026-05-16T16:50,14,40,0.3125,40,46,0.0,5.459240772964877,0.9878353957078904,0.640625,1.0,0.3125
2026-05-16T17:20,14,40,0.3125,40,46,0.0,5.45923408664326,0.9878214574195338,0.640625,1.0,0.3125
2026-05-16T17:50,14,40,0.3125,40,46,0.0,5.459227379760188,0.9878260915681565,0.640625,1.0,0.3125
2026-05-16T18:20,13,40,0.3125,40,46,0.0,5.459220652369675,0.9878307221913714,0.640625,1.0,0.3125
2026-05-16T18:50,13,40,0.3125,40,46,0.0,5.459214226115259,0.9878168015792055,0.640625,1.0,0.3125
2026-05-16T19:20,12,40,0.3125,40,46,0.0,5.459207778937558,0.9878214322133448,0.640625,1.0,0.3125
2026-05-16T19:50,12,40,0.3125,40,46,0.0,5.459201310891247,0.9878260593287653,0.640625,1.0,0.3125
2026-05-16T20:20,12,40,0.3125,40,46,0.0,5.45919482203086,0.9878306829294761,0.640625,1.0,0.3125
2026-05-16T20:50,12,40,0.3125,40,46,0.0,5.459188312410788,0.9878353030194801,0.640625,1.0,0.3125
2026-05-16T21:20,12,40,0.3125,40,46,0.0,5.459184947350687,0.9878214070836832,0.640625,1.0,0.3125
2026-05-16T21:50,12,40,0.3125,40,46,0.0,5.459181556300434,0.9878260271872175,0.640625,1.0,0.3125
2026-05-16T22:20,12,40,0.3125,40,46,0.0,5.4591781393255445,0.9878306437866914,0.640625,1.0,0.3125
2026-05-16T22:50,12,40,0.3125,40,46,0.0,5.459174696491363,0.9878352568860899,0.640625,1.0,0.3125
2026-05-16T23:20,12,40,0.3125,40,46,0.0,5.459179889813744,0.987821382030201,0.640625,1.0,0.3125
2026-05-16T23:50,12,40,0.3125,40,46,0.0,5.459185044365361,0.9878259951430682,0.640625,1.0,0.3125
2026-05-17T00:20,11,40,0.3125,40,46,0.0,5.459190160235866,0.9878306047624764,0.640625,1.0,0.3125
2026-05-17T00:50,12,40,0.3125,40,46,0.0,5.4591952375146855,0.9878352108923922,0.640625,1.0,0.3125
2026-05-17T01:20,12,40,0.3125,40,46,0.0,5.459200276291011,0.9878398135367765,0.640625,1.0,0.3125
2026-05-17T01:50,12,40,0.3125,40,46,0.0,5.459205276653804,0.9878444126995841,0.640625,1.0,0.3125
2026-05-17T02:20,12,40,0.3125,40,46,0.0,5.459218675562328,0.987830565856293,0.640625,1.0,0.3125
2026-05-17T02:50,11,40,0.3125,40,46,0.0,5.459232022700163,0.9878351650377533,0.640625,1.0,0.3125
2026-05-17T03:20,11,40,0.3125,40,46,0.0,5.459247633907987,0.9878213321503929,0.640625,1.0,0.3125
2026-05-17T03:50,11,40,0.3125,40,46,0.0,5.459263189550552,0.9878259313452002,0.640625,1.0,0.3125
2026-05-17T04:20,11,40,0.3125,40,46,0.0,5.459278689752434,0.9878305270676067,0.640625,1.0,0.3125
2026-05-17T04:50,11,40,0.3125,40,46,0.0,5.459294134637884,0.9878351193215434,0.640625,1.0,0.3125
2026-05-17T05:20,11,40,0.3125,40,46,0.0,5.459307651916192,0.9878213073233819,0.640625,1.0,0.3125
2026-05-17T05:50,11,40,0.3125,40,46,0.0,5.459321117045258,0.9878258995906053,0.640625,1.0,0.3125
2026-05-17T06:20,11,40,0.3125,40,46,0.0,5.459325775704898,0.9878121014800153,0.640625,1.0,0.3125
2026-05-17T06:50,11,40,0.3125,40,46,0.0,5.459330395632915,0.9878166937552677,0.640625,1.0,0.3125
2026-05-17T07:20,11,40,0.3125,40,46,0.0,5.459334976921091,0.9878212825711791,0.640625,1.0,0.3125
2026-05-17T07:50,11,40,0.3125,40,46,0.0,5.459339519660964,0.9878258679316568,0.640625,1.0,0.3125
2026-05-17T08:20,12,40,0.3125,40,46,0.0,5.45934402394383,0.9878304498406024,0.640625,1.0,0.3125
2026-04-27T07:20,9,40,0.3125,40,46,0.0,5.459348489860738,0.9878350283019114,0.640625,1.0,0.3125
2026-04-27T07:50,10,40,0.3125,40,46,0.0,5.459352917502499,0.9878396033194736,0.640625,1.0,0.3125
2026-04-27T08:20,11,40,0.3125,40,46,0.0,5.459357306959676,0.9878441748971731,0.640625,1.0,0.3125
2026-04-27T08:50,12,40,0.3125,40,46,0.0,5.459359736446824,0.987830411401231,0.640625,1.0,0.3125
2026-04-27T09:50,14,40,0.3125,40,46,0.0,5.459362131144064,0.9878349829972486,0.640625,1.0,0.3125
2026-04-27T10:50,16,40,0.3125,40,46,0.0,5.459360410449525,0.98782123328985,0.640625,1.0,0.3125
2026-04-27T11:50,18,40,0.3125,40,46,0.0,5.4593513668982885,0.9878074939050548,0.640625,1.0,0.3125
2026-04-27T12:50,18,40,0.3125,40,46,0.0,5.4593423071799725,0.9878120689542461,0.640625,1.0,0.3125
2026-04-27T13:20,19,40,0.3125,40,46,0.0,5.459333231338772,0.9878166405712926,0.640625,1.0,0.3125
2026-04-27T13:50,19,40,0.3125,40,46,0.0,5.45932413941877,0.9878212087600547,0.640625,1.0,0.3125
2026-04-27T14:50,20,40,0.3125,40,46,0.0,5.459315031463939,0.9878257735243876,0.640625,1.0,0.3125
2026-04-27T15:50,21,40,0.3125,40,46,0.0,5.459305907518137,0.9878303348681401,0.640625,1.0,0.3125
2026-04-27T16:50,20,40,0.3125,40,46,0.0,5.459296767625109,0.9878348927951558,0.640625,1.0,0.3125
2026-04-27T17:50,19,40,0.3125,40,46,0.0,5.459290291670762,0.9878211843037293,0.640625,1.0,0.3125
2026-04-27T18:50,18,40,0.3125,40,46,0.0,5.459283992220026,0.9878074860731498,0.640625,1.0,0.3125
2026-04-27T19:50,17,40,0.3125,40,46,0.0,5.459277672446561,0.9878120474326436,0.640625,1.0,0.3125
2026-04-27T20:50,16,40,0.3125,40,46,0.0,5.459271332402603,0.9878166053804998,0.640625,1.0,0.3125
2026-04-27T21:50,14,40,0.3125,40,46,0.0,5.459267972801054,0.9878029242241688,0.640625,1.0,0.3125
2026-04-27T22:50,14,40,0.3125,40,46,0.0,5.459264588045614,0.9878074821747577,0.640625,1.0,0.3125
2026-04-27T23:50,12,40,0.3125,40,46,0.0,5.459269593129339,0.9877938146476827,0.640625,1.0,0.3125
2026-04-28T00:50,10,40,0.3125,40,46,0.0,5.459274560716108,0.9877983725959099,0.640625,1.0,0.3125
2026-04-28T01:50,11,40,0.3125,40,46,0.0,5.459279490891401,0.9878029271414135,0.640625,1.0,0.3125
2026-04-28T02:50,10,40,0.3125,40,46,0.0,5.459292568752991,0.9877892766134484,0.640625,1.0,0.3125
2026-04-28T03:50,10,40,0.3125,40,46,0.0,5.459307761091075,0.9877756362686447,0.640625,1.0,0.3125
2026-04-28T04:50,9,40,0.3125,40,46,0.0,5.459322899642272,0.9877801941969562,0.640625,1.0,0.3125
2026-04-28T05:50,9,40,0.3125,40,46,0.0,5.459336060781875,0.9877665674053044,0.640625,1.0,0.3125
2026-04-28T06:50,10,40,0.3125,40,46,0.0,5.45934046906387,0.9877529507677447,0.640625,1.0,0.3125
2026-04-28T07:50,10,40,0.3125,40,46,0.0,5.459344839831616,0.9877575120523749,0.640625,1.0,0.3125
2026-04-28T08:50,10,40,0.3125,40,46,0.0,5.459347262000922,0.9877439089251013,0.640625,1.0,0.3125
2026-04-28T09:50,10,40,0.3125,40,46,0.0,5.459349649998613,0.9877484701796881,0.640625,1.0,0.3125
2026-04-28T10:50,10,40,0.3125,40,46,0.0,5.459347948141265,0.987734880537581,0.640625,1.0,0.3125
2026-04-28T11:50,12,40,0.3125,40,46,0.0,5.459338973100635,0.9877213010030541,0.640625,1.0,0.3125
2026-04-28T12:50,14,40,0.3125,40,46,0.0,5.459329982217557,0.9877258655751718,0.640625,1.0,0.3125
2026-04-28T13:50,14,40,0.3125,40,46,0.0,5.45932097553496,0.9877304267548169,0.640625,1.0,0.3125
2026-04-28T14:50,16,40,0.3125,40,46,0.0,5.459311953095661,0.9877349845457698,0.640625,1.0,0.3125
2026-04-28T15:50,16,40,0.3125,40,46,0.0,5.459302914942369,0.9877395389518056,0.640625,1.0,0.3125
2026-04-28T16:50,16,40,0.3125,40,46,0.0,5.459293861117689,0.9877440899766935,0.640625,1.0,0.3125
2026-04-28T17:50,15,40,0.3125,40,46,0.0,5.459287445723342,0.9877305372576651,0.640625,1.0,0.3125
2026-04-28T18:50,15,40,0.3125,40,46,0.0,5.459281192339306,0.9877169945925826,0.640625,1.0,0.3125
2026-04-28T19:50,13,40,0.3125,40,46,0.0,5.4592749190085055,0.9877215489142019,0.640625,1.0,0.3125
2026-04-28T20:50,12,40,0.3125,40,46,0.0,5.45926862578176,0.9877260998597489,0.640625,1.0,0.3125
2026-04-28T21:50,10,40,0.3125,40,46,0.0,5.459265284053145,0.9877125738917368,0.640625,1.0,0.3125
2026-04-28T22:50,9,40,0.3125,40,46,0.0,5.459261917635321,0.9877171247902955,0.640625,1.0,0.3125
2026-04-28T23:50,9,40,0.3125,40,46,0.0,5.4592668681004834,0.9877036121606787,0.640625,1.0,0.3125
2026-04-29T00:50,9,40,0.3125,40,46,0.0,5.45927178174841,0.9877081630073994,0.640625,1.0,0.3125
2026-04-29T01:50,9,40,0.3125,40,46,0.0,5.459276658662291,0.9877127104868638,0.640625,1.0,0.3125
2026-04-29T02:50,9,40,0.3125,40,46,0.0,5.45928961372426,0.9876992144815785,0.640625,1.0,0.3125
2026-04-29T03:50,9,40,0.3125,40,46,0.0,5.45930467209671,0.9876857284548552,0.640625,1.0,0.3125
2026-04-29T04:50,10,40,0.3125,40,46,0.0,5.459319677630269,0.9876902791834381,0.640625,1.0,0.3125
2026-04-29T05:50,10,40,0.3125,40,46,0.0,5.459332730524356,0.9876768064213441,0.640625,1.0,0.3125
2026-04-29T06:50,11,40,0.3125,40,46,0.0,5.4593371099519645,0.9876633436095915,0.640625,1.0,0.3125
2026-04-29T07:50,12,40,0.3125,40,46,0.0,5.459341452509786,0.9876678975617474,0.640625,1.0,0.3125
2026-04-29T08:50,13,40,0.3125,40,46,0.0,5.459343868262412,0.9876544479730512,0.640625,1.0,0.3125
2026-04-29T09:50,14,40,0.3125,40,46,0.0,5.4593462504210315,0.9876590018469085,0.640625,1.0,0.3125
2026-04-29T10:50,14,40,0.3125,40,46,0.0,5.459344577287795,0.9876455654569187,0.640625,1.0,0.3125
2026-04-29T11:50,15,40,0.3125,40,46,0.0,5.4593356853675985,0.987632138972119,0.640625,1.0,0.3125
2026-04-29T12:50,15,40,0.3125,40,46,0.0,5.45932677787813,0.9876366960321882,0.640625,1.0,0.3125
2026-04-29T13:50,15,40,0.3125,40,46,0.0,5.4593178548612,0.9876412497353071,0.640625,1.0,0.3125
2026-04-29T14:50,15,40,0.3125,40,46,0.0,5.4593089163585145,0.9876458000851837,0.640625,1.0,0.3125
2026-04-29T15:50,15,40,0.3125,40,46,0.0,5.459299962411676,0.9876503470855204,0.640625,1.0,0.3125
2026-04-29T16:50,15,40,0.3125,40,46,0.0,5.459290993062183,0.9876548907400142,0.640625,1.0,0.3125
2026-04-29T17:50,15,40,0.3125,40,46,0.0,5.459284637116247,0.9876414904536792,0.640625,1.0,0.3125
2026-04-29T18:50,14,40,0.3125,40,46,0.0,5.459278429169569,0.987628100020496,0.640625,1.0,0.3125
2026-04-29T19:50,14,40,0.3125,40,46,0.0,5.459272201641755,0.9876326468415101,0.640625,1.0,0.3125
2026-04-29T20:50,13,40,0.3125,40,46,0.0,5.4592659545822695,0.98763719032173,0.640625,1.0,0.3125
2026-04-29T21:50,13,40,0.3125,40,46,0.0,5.459262630629852,0.9876238162203247,0.640625,1.0,0.3125
2026-04-29T22:50,12,40,0.3125,40,46,0.0,5.459259282440164,0.9876283596064406,0.640625,1.0,0.3125
2026-04-29T23:50,12,40,0.3125,40,46,0.0,5.459264179434262,0.987614998561519,0.640625,1.0,0.3125
2026-04-30T00:50,12,40,0.3125,40,46,0.0,5.459269040272529,0.987619541848914,0.640625,1.0,0.3125
2026-04-30T01:50,12,40,0.3125,40,46,0.0,5.459273865035943,0.9876240818042316,0.640625,1.0,0.3125
2026-04-30T02:50,12,40,0.3125,40,46,0.0,5.459286699583736,0.9876107370206505,0.640625,1.0,0.3125
2026-04-30T03:50,12,40,0.3125,40,46,0.0,5.459301626343451,0.9875974020170502,0.640625,1.0,0.3125
2026-04-30T04:50,11,40,0.3125,40,46,0.0,5.4593165011874065,0.9876019450932343,0.640625,1.0,0.3125
2026-04-30T05:50,11,40,0.3125,40,46,0.0,5.459329447599905,0.9875886230745972,0.640625,1.0,0.3125
2026-04-30T06:50,12,40,0.3125,40,46,0.0,5.4593337985104355,0.9875753108085359,0.640625,1.0,0.3125
2026-04-30T07:20,13,40,0.3125,40,46,0.0,5.459338113179178,0.9875798569809441,0.640625,1.0,0.3125
2026-04-30T07:50,13,40,0.3125,40,46,0.0,5.459342391689576,0.9875843998276957,0.640625,1.0,0.3125
2026-04-30T08:20,14,40,0.3125,40,46,0.0,5.459346634124855,0.9875889393524387,0.640625,1.0,0.3125
2026-04-30T08:50,15,40,0.3125,40,46,0.0,5.459348997999656,0.987575646433156,0.640625,1.0,0.3125
2026-04-30T09:20,15,40,0.3125,40,46,0.0,5.45935132896319,0.9875801858389166,0.640625,1.0,0.3125
2026-04-30T09:50,14,40,0.3125,40,46,0.0,5.459353627091789,0.9875847219288221,0.640625,1.0,0.3125
2026-04-30T10:20,15,40,0.3125,40,46,0.0,5.45935195135351,0.987571445108912,0.640625,1.0,0.3125
2026-04-30T10:50,15,40,0.3125,40,46,0.0,5.459350249495198,0.9875759810778504,0.640625,1.0,0.3125
2026-04-30T11:20,15,40,0.3125,40,46,0.0,5.459348521578478,0.9875805137370703,0.640625,1.0,0.3125
2026-04-30T11:50,17,40,0.3125,40,46,0.0,5.459339709021632,0.9875672529779377,0.640625,1.0,0.3125
2026-04-30T12:20,16,40,0.3125,40,46,0.0,5.459330881243746,0.9875717855142199,0.640625,1.0,0.3125
2026-04-30T12:50,16,40,0.3125,40,46,0.0,5.459322038285283,0.9875763147469042,0.640625,1.0,0.3125
2026-04-30T13:20,17,40,0.3125,40,46,0.0,5.4593131801866,0.9875808406796012,0.640625,1.0,0.3125
2026-04-30T13:50,18,40,0.3125,40,46,0.0,5.45930430698796,0.987585363315916,0.640625,1.0,0.3125
2026-04-30T14:20,18,40,0.3125,40,46,0.0,5.459295418729521,0.9875898826594486,0.640625,1.0,0.3125
2026-04-30T14:50,18,40,0.3125,40,46,0.0,5.45928651545135,0.9875943987137937,0.640625,1.0,0.3125
2026-04-30T15:20,18,40,0.3125,40,46,0.0,5.459277597193402,0.987598911482541,0.640625,1.0,0.3125
2026-04-30T15:50,18,40,0.3125,40,46,0.0,5.459268663995546,0.9876034209692746,0.640625,1.0,0.3125
2026-04-30T16:20,18,40,0.3125,40,46,0.0,5.459259715897543,0.9876079271775736,0.640625,1.0,0.3125
2026-04-30T16:50,19,40,0.3125,40,46,0.0,5.459250752939062,0.9876124301110121,0.640625,1.0,0.3125
2026-04-30T17:20,18,40,0.3125,40,46,0.0,5.459244463834835,0.9875992107438069,0.640625,1.0,0.3125
2026-04-30T17:50,18,40,0.3125,40,46,0.0,5.459238155861091,0.9876037135721497,0.640625,1.0,0.3125
2026-04-30T18:20,17,40,0.3125,40,46,0.0,5.45923182906506,0.9876082131316516,0.640625,1.0,0.3125
2026-04-30T18:50,17,40,0.3125,40,46,0.0,5.4592257443838,0.9875950096842872,0.640625,1.0,0.3125
2026-04-30T19:20,16,40,0.3125,40,46,0.0,5.459219640568636,0.9875995091367049,0.640625,1.0,0.3125
2026-04-30T19:50,16,40,0.3125,40,46,0.0,5.459213517667248,0.9876040053262856,0.640625,1.0,0.3125
2026-04-30T20:20,15,40,0.3125,40,46,0.0,5.459207375727194,0.9876084982565768,0.640625,1.0,0.3125
2026-04-30T20:50,14,40,0.3125,40,46,0.0,5.459201214795921,0.9876129879311215,0.640625,1.0,0.3125
2026-04-30T21:20,14,40,0.3125,40,46,0.0,5.45919804844372,0.9875998066650091,0.640625,1.0,0.3125
2026-04-30T21:50,14,40,0.3125,40,46,0.0,5.459194858340486,0.9876042962353694,0.640625,1.0,0.3125
2026-04-30T22:20,13,40,0.3125,40,46,0.0,5.459191644543342,0.9876087825559501,0.640625,1.0,0.3125
2026-04-30T22:50,13,40,0.3125,40,46,0.0,5.459188407109262,0.9876132656302786,0.640625,1.0,0.3125
2026-04-30T23:20,13,40,0.3125,40,46,0.0,5.459193379192211,0.9876001033324721,0.640625,1.0,0.3125
2026-04-30T23:50,12,40,0.3125,40,46,0.0,5.459198315934771,0.9876045863030677,0.640625,1.0,0.3125
2026-05-01T00:20,11,40,0.3125,40,46,0.0,5.459203217414928,0.9876090660333521,0.640625,1.0,0.3125
2026-05-01T00:50,12,40,0.3125,40,46,0.0,5.4592080837104735,0.9876135425268373,0.640625,1.0,0.3125
2026-05-01T01:20,11,40,0.3125,40,46,0.0,5.45921291489901,0.9876180157870299,0.640625,1.0,0.3125
2026-05-01T01:50,11,40,0.3125,40,46,0.0,5.459217711057946,0.9876224858174317,0.640625,1.0,0.3125
2026-05-01T02:20,11,40,0.3125,40,46,0.0,5.459230460430383,0.9876093486923423,0.640625,1.0,0.3125
2026-05-01T02:50,12,40,0.3125,40,46,0.0,5.459243162702913,0.9876138186242714,0.640625,1.0,0.3125
2026-05-01T03:20,12,40,0.3125,40,46,0.0,5.459257977744629,0.9876006940997748,0.640625,1.0,0.3125
2026-05-01T03:50,10,40,0.3125,40,46,0.0,5.459272742302343,0.9876051639288665,0.640625,1.0,0.3125
2026-05-01T04:20,10,40,0.3125,40,46,0.0,5.459287456484082,0.9876096305364597,0.640625,1.0,0.3125
2026-05-01T04:50,10,40,0.3125,40,46,0.0,5.4593021203976,0.9876140939260359,0.640625,1.0,0.3125
2026-05-01T05:20,10,40,0.3125,40,46,0.0,5.459314909119899,0.9876009882070115,0.640625,1.0,0.3125
2026-05-01T05:50,10,40,0.3125,40,46,0.0,5.459327650504713,0.987605451494194,0.640625,1.0,0.3125
2026-05-01T06:20,11,40,0.3125,40,46,0.0,5.459331951771485,0.9875923583170443,0.640625,1.0,0.3125
2026-05-01T06:50,11,40,0.3125,40,46,0.0,5.459336217971483,0.9875968214975057,0.640625,1.0,0.3125
2026-05-01T07:20,12,40,0.3125,40,46,0.0,5.459340449184075,0.9876012814682007,0.640625,1.0,0.3125
2026-05-01T07:50,13,40,0.3125,40,46,0.0,5.459344645488432,0.9876057382325902,0.640625,1.0,0.3125
2026-05-01T08:20,14,40,0.3125,40,46,0.0,5.459348806963521,0.9876101917941308,0.640625,1.0,0.3125
2026-05-01T08:50,15,40,0.3125,40,46,0.0,5.4593511425872405,0.9875971204293323,0.640625,1.0,0.3125
2026-05-01T10:20,17,40,0.3125,40,46,0.0,5.459349538504667,0.9875840584515103,0.640625,1.0,0.3125
2026-05-01T10:50,18,40,0.3125,40,46,0.0,5.459347909088467,0.987588514999087,0.640625,1.0,0.3125
2026-05-01T11:20,20,40,0.3125,40,46,0.0,5.459346254397403,0.987592968348567,0.640625,1.0,0.3125
2026-05-01T11:50,20,40,0.3125,40,46,0.0,5.459337606890921,0.9875799219152265,0.640625,1.0,0.3125
2026-05-01T12:20,21,40,0.3125,40,46,0.0,5.459328944631663,0.9875843751522594,0.640625,1.0,0.3125
2026-05-01T12:50,22,40,0.3125,40,46,0.0,5.459320267658176,0.9875888251970077,0.640625,1.0,0.3125
2026-05-01T13:20,24,40,0.3125,40,46,0.0,5.4593115760089175,0.9875932720529027,0.640625,1.0,0.3125
2026-05-01T13:50,24,40,0.3125,40,46,0.0,5.459302869722247,0.9875977157233709,0.640625,1.0,0.3125
2026-05-01T14:20,24,40,0.3125,40,46,0.0,5.459294148836435,0.9876021562118337,0.640625,1.0,0.3125
2026-05-01T14:50,24,40,0.3125,40,46,0.0,5.4592854133896545,0.9876065935217078,0.640625,1.0,0.3125
2026-05-01T15:20,24,40,0.3125,40,46,0.0,5.459276663419988,0.9876110276564048,0.640625,1.0,0.3125
2026-05-01T15:50,24,40,0.3125,40,46,0.0,5.459267898965428,0.9876154586193318,0.640625,1.0,0.3125
2026-05-01T16:20,24,40,0.3125,40,46,0.0,5.459259120063867,0.9876198864138904,0.640625,1.0,0.3125
2026-05-01T16:50,24,40,0.3125,40,46,0.0,5.459250326753114,0.987624311043478,0.640625,1.0,0.3125
2026-05-01T17:20,23,40,0.3125,40,46,0.0,5.45924151907088,0.9876287325114868,0.640625,1.0,0.3125
2026-05-01T17:50,23,40,0.3125,40,46,0.0,5.459235326480883,0.9876157292185167,0.640625,1.0,0.3125
2026-05-01T18:20,22,40,0.3125,40,46,0.0,5.459229115663587,0.9876201505933048,0.640625,1.0,0.3125
2026-05-01T18:50,22,40,0.3125,40,46,0.0,5.459223107614353,0.9876071596445546,0.640625,1.0,0.3125
2026-05-01T19:20,21,40,0.3125,40,46,0.0,5.459217081089384,0.9876115809218844,0.640625,1.0,0.3125
2026-05-01T19:50,20,40,0.3125,40,46,0.0,5.459211036133983,0.987615999045664,0.640625,1.0,0.3125
2026-05-01T20:20,20,40,0.3125,40,46,0.0,5.459204972793342,0.9876204140192663,0.640625,1.0,0.3125
2026-05-01T20:50,19,40,0.3125,40,46,0.0,5.4591988911125435,0.987624825846059,0.640625,1.0,0.3125
2026-05-01T21:20,19,40,0.3125,40,46,0.0,5.459192791136561,0.9876292345294057,0.640625,1.0,0.3125
2026-05-01T21:50,18,40,0.3125,40,46,0.0,5.459189639274555,0.987616268104073,0.640625,1.0,0.3125
2026-05-01T22:20,18,40,0.3125,40,46,0.0,5.459186464511052,0.9876206766949935,0.640625,1.0,0.3125
2026-05-01T22:50,18,40,0.3125,40,46,0.0,5.459183266900232,0.987625082148127,0.640625,1.0,0.3125
2026-05-01T23:20,17,40,0.3125,40,46,0.0,5.459180046496139,0.9876294844668221,0.640625,1.0,0.3125
2026-05-01T23:50,16,40,0.3125,40,46,0.0,5.4591848813266415,0.9876165363970243,0.640625,1.0,0.3125
2026-05-02T00:20,16,40,0.3125,40,46,0.0,5.459189682074488,0.9876209386236873,0.640625,1.0,0.3125
2026-05-02T00:50,15,40,0.3125,40,46,0.0,5.459194448813646,0.9876253377215466,0.640625,1.0,0.3125
2026-05-02T01:20,14,40,0.3125,40,46,0.0,5.4591991816179,0.9876297336939368,0.640625,1.0,0.3125
2026-05-02T01:50,13,40,0.3125,40,46,0.0,5.459211756887638,0.9876168039277796,0.640625,1.0,0.3125
2026-05-02T02:20,13,40,0.3125,40,46,0.0,5.459224286505441,0.9876211998085294,0.640625,1.0,0.3125
2026-05-02T02:50,12,40,0.3125,40,46,0.0,5.459236770567483,0.9876255925694206,0.640625,1.0,0.3125
2026-05-02T03:20,12,40,0.3125,40,46,0.0,5.45925134774489,0.987612678032218,0.640625,1.0,0.3125
2026-05-02T03:50,12,40,0.3125,40,46,0.0,5.459265876064305,0.9876170706995825,0.640625,1.0,0.3125
2026-05-02T04:20,12,40,0.3125,40,46,0.0,5.459280355628581,0.9876214602526844,0.640625,1.0,0.3125
2026-05-02T04:50,11,40,0.3125,40,46,0.0,5.459294786540314,0.9876258466948343,0.640625,1.0,0.3125
2026-05-02T05:20,11,40,0.3125,40,46,0.0,5.459307384124536,0.9876129503666375,0.640625,1.0,0.3125
2026-05-02T05:50,11,40,0.3125,40,46,0.0,5.459319935873075,0.9876173367156578,0.640625,1.0,0.3125
2026-05-02T06:20,11,40,0.3125,40,46,0.0,5.459324182170147,0.9876044525299869,0.640625,1.0,0.3125
2026-05-02T06:50,11,40,0.3125,40,46,0.0,5.459328394506892,0.9876088387817455,0.640625,1.0,0.3125
2026-05-02T07:20,11,40,0.3125,40,46,0.0,5.459332572958931,0.9876132219303901,0.640625,1.0,0.3125
2026-05-02T07:50,11,40,0.3125,40,46,0.0,5.459336717601696,0.9876176019792124,0.640625,1.0,0.3125
2026-05-02T08:20,12,40,0.3125,40,46,0.0,5.459340828510426,0.9876219789314997,0.640625,1.0,0.3125
2026-05-02T08:50,13,40,0.3125,40,46,0.0,5.459343171307612,0.9876091158690486,0.640625,1.0,0.3125
2026-05-02T09:20,14,40,0.3125,40,46,0.0,5.459345483250074,0.9876134927267424,0.640625,1.0,0.3125
2026-05-02T09:50,15,40,0.3125,40,46,0.0,5.4593477644069885,0.987617866493435,0.640625,1.0,0.3125
2026-05-02T10:20,16,40,0.3125,40,46,0.0,5.45934617304285,0.9876050185039192,0.640625,1.0,0.3125
2026-05-02T10:50,17,40,0.3125,40,46,0.0,5.4593445572147346,0.9876093921741719,0.640625,1.0,0.3125
2026-05-02T11:20,17,40,0.3125,40,46,0.0,5.459342916978443,0.9876137627589429,0.640625,1.0,0.3125
2026-05-02T11:50,19,40,0.3125,40,46,0.0,5.45933441101608,0.987600929807404,0.640625,1.0,0.3125
2026-05-02T12:20,19,40,0.3125,40,46,0.0,5.459325890802663,0.9876053002939013,0.640625,1.0,0.3125
2026-05-02T12:50,21,40,0.3125,40,46,0.0,5.459317356374807,0.9876096677004221,0.640625,1.0,0.3125
2026-05-02T13:20,21,40,0.3125,40,46,0.0,5.4593088077690375,0.9876140320302211,0.640625,1.0,0.3125
2026-05-02T13:50,22,40,0.3125,40,46,0.0,5.459300245021797,0.9876183932865487,0.640625,1.0,0.3125
2026-05-02T14:20,22,40,0.3125,40,46,0.0,5.459291668169436,0.9876227514726499,0.640625,1.0,0.3125
2026-05-02T14:50,22,40,0.3125,40,46,0.0,5.459283077248219,0.9876271065917658,0.640625,1.0,0.3125
2026-05-02T15:20,22,40,0.3125,40,46,0.0,5.459274472294326,0.9876314586471328,0.640625,1.0,0.3125
2026-05-02T15:50,23,40,0.3125,40,46,0.0,5.459265853343849,0.9876358076419826,0.640625,1.0,0.3125
2026-05-02T16:20,22,40,0.3125,40,46,0.0,5.459257220432795,0.9876401535795425,0.640625,1.0,0.3125
2026-05-02T16:50,21,40,0.3125,40,46,0.0,5.459248573597082,0.9876444964630352,0.640625,1.0,0.3125
2026-05-02T17:20,20,40,0.3125,40,46,0.0,5.459242505014352,0.9876317022992601,0.640625,1.0,0.3125
2026-05-02T17:50,20,40,0.3125,40,46,0.0,5.459236418766994,0.9876360451004187,0.640625,1.0,0.3125
2026-05-02T18:20,17,40,0.3125,40,46,0.0,5.4592303148977575,0.9876403848529283,0.640625,1.0,0.3125
2026-05-02T18:50,17,40,0.3125,40,46,0.0,5.459224396924219,0.9876276055993641,0.640625,1.0,0.3125
2026-05-02T19:20,16,40,0.3125,40,46,0.0,5.459218461107845,0.9876319452676913,0.640625,1.0,0.3125
2026-05-02T19:50,17,40,0.3125,40,46,0.0,5.459212507491658,0.9876362818927727,0.640625,1.0,0.3125
2026-05-02T20:20,16,40,0.3125,40,46,0.0,5.459206536118579,0.9876406154778086,0.640625,1.0,0.3125
2026-05-02T20:50,16,40,0.3125,40,46,0.0,5.459200547031427,0.9876449460259943,0.640625,1.0,0.3125
2026-05-02T21:20,16,40,0.3125,40,46,0.0,5.459197463424731,0.9876321875553005,0.640625,1.0,0.3125
2026-05-02T21:50,16,40,0.3125,40,46,0.0,5.459194357638089,0.9876365180218427,0.640625,1.0,0.3125
2026-05-02T22:20,15,40,0.3125,40,46,0.0,5.4591912297231,0.9876408454569069,0.640625,1.0,0.3125
2026-05-02T22:50,15,40,0.3125,40,46,0.0,5.459188079731237,0.9876451698636749,0.640625,1.0,0.3125
2026-05-02T23:20,15,40,0.3125,40,46,0.0,5.4591928541991726,0.9876324291649451,0.640625,1.0,0.3125
2026-05-02T23:50,15,40,0.3125,40,46,0.0,5.459197595667205,0.9876367534904119,0.640625,1.0,0.3125
2026-05-03T00:20,15,40,0.3125,40,46,0.0,5.459202304205765,0.9876410747929318,0.640625,1.0,0.3125
2026-05-03T00:50,15,40,0.3125,40,46,0.0,5.459206979885115,0.9876453930756737,0.640625,1.0,0.3125
2026-05-03T01:20,15,40,0.3125,40,46,0.0,5.45921162277535,0.9876497083418017,0.640625,1.0,0.3125
2026-05-03T01:50,15,40,0.3125,40,46,0.0,5.459216232946398,0.9876540205944756,0.640625,1.0,0.3125
2026-05-03T02:20,15,40,0.3125,40,46,0.0,5.459228534645253,0.987641303488577,0.640625,1.0,0.3125
2026-05-03T02:50,14,40,0.3125,40,46,0.0,5.4592407923288855,0.9876456156646103,0.640625,1.0,0.3125
2026-05-03T03:20,14,40,0.3125,40,46,0.0,5.45925510788261,0.9876329103616911,0.640625,1.0,0.3125
2026-05-03T03:50,14,40,0.3125,40,46,0.0,5.4592693762268825,0.987637222457102,0.640625,1.0,0.3125
2026-05-03T04:20,14,40,0.3125,40,46,0.0,5.45928359745942,0.9876415315465209,0.640625,1.0,0.3125
2026-05-03T04:50,14,40,0.3125,40,46,0.0,5.459296007402782,0.9876288409474437,0.640625,1.0,0.3125
2026-05-03T05:20,14,40,0.3125,40,46,0.0,5.459308372969416,0.9876331499544283,0.640625,1.0,0.3125
2026-05-03T05:50,14,40,0.3125,40,46,0.0,5.459320694251728,0.9876374559607115,0.640625,1.0,0.3125
2026-05-03T06:20,14,40,0.3125,40,46,0.0,5.4593248519527755,0.9876247800317991,0.640625,1.0,0.3125
2026-05-03T06:50,14,40,0.3125,40,46,0.0,5.459328976843811,0.9876290859538479,0.640625,1.0,0.3125
2026-05-03T07:20,14,40,0.3125,40,46,0.0,5.459333068996684,0.9876333888804726,0.640625,1.0,0.3125
2026-05-03T07:50,14,40,0.3125,40,46,0.0,5.459337128483064,0.9876376888147979,0.640625,1.0,0.3125
2026-05-03T08:20,15,40,0.3125,40,46,0.0,5.459341155374446,0.987641985759944,0.640625,1.0,0.3125
2026-05-03T08:50,15,40,0.3125,40,46,0.0,5.4593434618946,0.9876293302792056,0.640625,1.0,0.3125
2026-05-03T09:20,15,40,0.3125,40,46,0.0,5.459345738574034,0.9876336271426029,0.640625,1.0,0.3125
2026-05-03T09:50,16,40,0.3125,40,46,0.0,5.459347985478536,0.9876379210220674,0.640625,1.0,0.3125
2026-05-03T10:20,16,40,0.3125,40,46,0.0,5.459346421401765,0.9876252801304232,0.640625,1.0,0.3125
2026-05-03T10:50,17,40,0.3125,40,46,0.0,5.459344833666261,0.9876295739263529,0.640625,1.0,0.3125
2026-05-03T11:20,17,40,0.3125,40,46,0.0,5.4593432223250895,0.9876338647435827,0.640625,1.0,0.3125
2026-05-03T11:50,17,40,0.3125,40,46,0.0,5.459334860717859,0.9876212384077476,0.640625,1.0,0.3125
2026-05-03T12:20,17,40,0.3125,40,46,0.0,5.459326485324772,0.9876255291396687,0.640625,1.0,0.3125
2026-05-03T12:50,19,40,0.3125,40,46,0.0,5.459318096180657,0.9876298168981096,0.640625,1.0,0.3125
2026-05-03T13:20,18,40,0.3125,40,46,0.0,5.459309693320262,0.9876341016861601,0.640625,1.0,0.3125
2026-05-03T13:50,19,40,0.3125,40,46,0.0,5.459301276778251,0.9876383835069059,0.640625,1.0,0.3125
2026-05-03T14:20,19,40,0.3125,40,46,0.0,5.459292846589206,0.9876426623634282,0.640625,1.0,0.3125
2026-05-03T14:50,19,40,0.3125,40,46,0.0,5.459284402787633,0.9876469382588042,0.640625,1.0,0.3125
2026-05-03T15:20,19,40,0.3125,40,46,0.0,5.45927594540795,0.9876512111961067,0.640625,1.0,0.3125
2026-05-03T15:50,20,40,0.3125,40,46,0.0,5.4592674744845,0.987655481178404,0.640625,1.0,0.3125
2026-05-03T16:20,19,40,0.3125,40,46,0.0,5.459258990051539,0.9876597482087606,0.640625,1.0,0.3125
2026-05-03T16:50,19,40,0.3125,40,46,0.0,5.459250492143247,0.9876640122902365,0.640625,1.0,0.3125
2026-05-03T17:20,20,40,0.3125,40,46,0.0,5.459244533853007,0.9876514235164557,0.640625,1.0,0.3125
2026-05-03T17:50,19,40,0.3125,40,46,0.0,5.459238558464242,0.9876556875276724,0.640625,1.0,0.3125
2026-05-03T18:20,19,40,0.3125,40,46,0.0,5.459232566017632,0.9876599485951465,0.640625,1.0,0.3125
2026-05-03T18:50,19,40,0.3125,40,46,0.0,5.459226753492058,0.987647374255464,0.640625,1.0,0.3125
2026-05-03T19:20,19,40,0.3125,40,46,0.0,5.4592209236982026,0.9876516352508915,0.640625,1.0,0.3125
2026-05-03T19:50,18,40,0.3125,40,46,0.0,5.4592150766770065,0.9876558933077015,0.640625,1.0,0.3125
2026-05-03T20:20,18,40,0.3125,40,46,0.0,5.459209212469318,0.987660148428933,0.640625,1.0,0.3125
2026-05-03T20:50,18,40,0.3125,40,46,0.0,5.459203331115888,0.9876644006176205,0.640625,1.0,0.3125
2026-05-03T21:20,18,40,0.3125,40,46,0.0,5.459200301085191,0.9876518464018359,0.640625,1.0,0.3125
2026-05-03T21:50,17,40,0.3125,40,46,0.0,5.459197249598296,0.9876560985208436,0.640625,1.0,0.3125
2026-05-03T22:20,17,40,0.3125,40,46,0.0,5.459194176704294,0.9876603477124026,0.640625,1.0,0.3125
2026-05-03T22:50,16,40,0.3125,40,46,0.0,5.45919108245215,0.9876645939795353,0.640625,1.0,0.3125
2026-05-03T23:20,16,40,0.3125,40,46,0.0,5.459195772082632,0.9876520569716976,0.640625,1.0,0.3125
2026-05-03T23:50,15,40,0.3125,40,46,0.0,5.459200429804199,0.9876563031694378,0.640625,1.0,0.3125
2026-05-04T00:20,15,40,0.3125,40,46,0.0,5.459205055683831,0.9876605464478256,0.640625,1.0,0.3125
2026-05-04T00:50,15,40,0.3125,40,46,0.0,5.45920964978834,0.9876647868098711,0.640625,1.0,0.3125
2026-05-04T01:20,14,40,0.3125,40,46,0.0,5.459214212184392,0.9876690242585795,0.640625,1.0,0.3125
2026-05-04T01:50,14,40,0.3125,40,46,0.0,5.459226331711109,0.9876565072558104,0.640625,1.0,0.3125
2026-05-04T02:20,15,40,0.3125,40,46,0.0,5.459238408608333,0.9876607446374597,0.640625,1.0,0.3125
2026-05-04T02:50,14,40,0.3125,40,46,0.0,5.459250442962909,0.9876649791108167,0.640625,1.0,0.3125
2026-05-04T03:20,13,40,0.3125,40,46,0.0,5.459264501117616,0.9876524763777411,0.640625,1.0,0.3125
2026-05-04T03:50,13,40,0.3125,40,46,0.0,5.459278513638189,0.9876567107822755,0.640625,1.0,0.3125
2026-05-04T04:20,13,40,0.3125,40,46,0.0,5.459292480617525,0.98766094228355,0.640625,1.0,0.3125
2026-05-04T04:50,13,40,0.3125,40,46,0.0,5.459304650165149,0.9876484537879747,0.640625,1.0,0.3125
2026-05-04T05:20,13,40,0.3125,40,46,0.0,5.45931677683792,0.9876526852186743,0.640625,1.0,0.3125
2026-05-04T05:50,13,40,0.3125,40,46,0.0,5.459328860723645,0.9876569137511337,0.640625,1.0,0.3125
2026-05-04T06:20,13,40,0.3125,40,46,0.0,5.459332918156592,0.9876444394609741,0.640625,1.0,0.3125
2026-05-04T06:50,12,40,0.3125,40,46,0.0,5.459336943895637,0.9876486679211176,0.640625,1.0,0.3125
2026-05-04T07:20,12,40,0.3125,40,46,0.0,5.459340938009053,0.9876528934880279,0.640625,1.0,0.3125
2026-05-04T07:50,12,40,0.3125,40,46,0.0,5.459344900564947,0.9876571161646736,0.640625,1.0,0.3125
2026-05-04T08:20,12,40,0.3125,40,46,0.0,5.459348831631262,0.987661335954019,0.640625,1.0,0.3125
2026-05-04T08:50,12,40,0.3125,40,46,0.0,5.45935108793486,0.9876488814687973,0.640625,1.0,0.3125
2026-05-04T09:20,12,40,0.3125,40,46,0.0,5.459353315385556,0.9876531011881451,0.640625,1.0,0.3125
2026-05-04T09:50,13,40,0.3125,40,46,0.0,5.4593555140459245,0.987657318025171,0.640625,1.0,0.3125
2026-05-04T10:20,13,40,0.3125,40,46,0.0,5.4593539738512815,0.9876448776681106,0.640625,1.0,0.3125
2026-05-04T10:50,13,40,0.3125,40,46,0.0,5.4593524107657165,0.9876490944334115,0.640625,1.0,0.3125
2026-05-04T11:20,14,40,0.3125,40,46,0.0,5.459350824839736,0.9876533083213564,0.640625,1.0,0.3125
2026-05-04T11:50,14,40,0.3125,40,46,0.0,5.459342607160909,0.9876408820607405,0.640625,1.0,0.3125
2026-05-04T12:20,14,40,0.3125,40,46,0.0,5.459334376132172,0.9876450958752442,0.640625,1.0,0.3125
2026-05-04T12:50,14,40,0.3125,40,46,0.0,5.459326131786692,0.9876493068173453,0.640625,1.0,0.3125
2026-05-04T13:20,15,40,0.3125,40,46,0.0,5.459317874157561,0.9876535148899799,0.640625,1.0,0.3125
2026-05-04T13:50,15,40,0.3125,40,46,0.0,5.459309603277792,0.9876577200960798,0.640625,1.0,0.3125
2026-05-04T14:20,15,40,0.3125,40,46,0.0,5.459301319180329,0.9876619224385734,0.640625,1.0,0.3125
2026-05-04T14:50,15,40,0.3125,40,46,0.0,5.459293021898032,0.9876661219203847,0.640625,1.0,0.3125
2026-05-04T15:20,15,40,0.3125,40,46,0.0,5.459284711463687,0.9876703185444335,0.640625,1.0,0.3125
2026-05-04T15:50,15,40,0.3125,40,46,0.0,5.4592763879100055,0.9876745123136361,0.640625,1.0,0.3125
2026-05-04T16:20,15,40,0.3125,40,46,0.0,5.459268051269623,0.9876787032309045,0.640625,1.0,0.3125
2026-05-04T16:50,14,40,0.3125,40,46,0.0,5.459259701575098,0.9876828912991469,0.640625,1.0,0.3125
2026-05-04T17:20,14,40,0.3125,40,46,0.0,5.459253853983336,0.9876705014319692,0.640625,1.0,0.3125
2026-05-04T17:50,15,40,0.3125,40,46,0.0,5.459247989825663,0.9876746894409937,0.640625,1.0,0.3125
2026-05-04T18:20,15,40,0.3125,40,46,0.0,5.459242109140842,0.9876788746058693,0.640625,1.0,0.3125
2026-05-04T18:50,15,40,0.3125,40,46,0.0,5.459236402679246,0.9876664987191041,0.640625,1.0,0.3125
2026-05-04T19:20,15,40,0.3125,40,46,0.0,5.459230679489943,0.9876706838230338,0.640625,1.0,0.3125
2026-05-04T19:50,15,40,0.3125,40,46,0.0,5.459224939611938,0.98767486608768,0.640625,1.0,0.3125
2026-05-04T20:20,14,40,0.3125,40,46,0.0,5.459219183084149,0.987679045515931,0.640625,1.0,0.3125
2026-05-04T20:50,14,40,0.3125,40,46,0.0,5.4592134099453995,0.9876832221106714,0.640625,1.0,0.3125
2026-05-04T21:20,13,40,0.3125,40,46,0.0,5.459210435925595,0.9876708657196461,0.640625,1.0,0.3125
2026-05-04T21:50,14,40,0.3125,40,46,0.0,5.459207441131859,0.987675042255649,0.640625,1.0,0.3125
2026-05-04T22:20,13,40,0.3125,40,46,0.0,5.459204425610939,0.9876792159629786,0.640625,1.0,0.3125
2026-05-04T22:50,13,40,0.3125,40,46,0.0,5.459201389409469,0.9876833868445076,0.640625,1.0,0.3125
2026-05-04T23:20,13,40,0.3125,40,46,0.0,5.459206001393129,0.9876710471238141,0.640625,1.0,0.3125
2026-05-04T23:50,12,40,0.3125,40,46,0.0,5.4592105824990425,0.987675217946844,0.640625,1.0,0.3125
2026-05-05T00:20,12,40,0.3125,40,46,0.0,5.459215132790962,0.987679385948891,0.640625,1.0,0.3125
2026-05-05T00:50,12,40,0.3125,40,46,0.0,5.459219652332493,0.9876835511328164,0.640625,1.0,0.3125
2026-05-05T01:20,12,40,0.3125,40,46,0.0,5.4592241411870965,0.9876877135014771,0.640625,1.0,0.3125
2026-05-05T01:50,11,40,0.3125,40,46,0.0,5.459228599418085,0.9876918730577267,0.640625,1.0,0.3125
2026-05-05T02:20,11,40,0.3125,40,46,0.0,5.459240474404743,0.9876795554755373,0.640625,1.0,0.3125
2026-05-05T02:50,11,40,0.3125,40,46,0.0,5.4592523082260955,0.9876837149774025,0.640625,1.0,0.3125
2026-05-05T03:20,11,40,0.3125,40,46,0.0,5.45926613286378,0.9876714084627949,0.640625,1.0,0.3125
2026-05-05T03:50,11,40,0.3125,40,46,0.0,5.4592799133426375,0.9876755679066334,0.640625,1.0,0.3125
2026-05-05T04:20,11,40,0.3125,40,46,0.0,5.459293649751109,0.9876797245447761,0.640625,1.0,0.3125
2026-05-05T04:50,11,40,0.3125,40,46,0.0,5.459307342177421,0.9876838783800611,0.640625,1.0,0.3125
2026-05-05T05:20,11,40,0.3125,40,46,0.0,5.4593192611275985,0.9876715884015693,0.640625,1.0,0.3125
2026-05-05T05:50,11,40,0.3125,40,46,0.0,5.45933113868061,0.9876757421790621,0.640625,1.0,0.3125
2026-05-05T06:20,11,40,0.3125,40,46,0.0,5.459335122345423,0.987663463219822,0.640625,1.0,0.3125
2026-05-05T06:50,11,40,0.3125,40,46,0.0,5.45933907534386,0.9876676169359095,0.640625,1.0,0.3125
2026-05-05T07:20,11,40,0.3125,40,46,0.0,5.459342997740911,0.9876717678558234,0.640625,1.0,0.3125
2026-05-05T07:50,11,40,0.3125,40,46,0.0,5.459346889601419,0.9876759159823861,0.640625,1.0,0.3125
2026-05-05T08:20,12,40,0.3125,40,46,0.0,5.459350750990071,0.9876800613184162,0.640625,1.0,0.3125
2026-05-05T08:50,12,40,0.3125,40,46,0.0,5.459352981167416,0.9876678015507218,0.640625,1.0,0.3125
2026-05-05T09:20,12,40,0.3125,40,46,0.0,5.459355183399082,0.9876719468275115,0.640625,1.0,0.3125
2026-05-05T09:50,13,40,0.3125,40,46,0.0,5.459357357744699,0.9876760893184968,0.640625,1.0,0.3125
2026-05-05T10:20,13,40,0.3125,40,46,0.0,5.4593558506127815,0.987663843239517,0.640625,1.0,0.3125
2026-05-05T10:50,13,40,0.3125,40,46,0.0,5.4593543213089575,0.9876679856695909,0.640625,1.0,0.3125
2026-05-05T11:20,14,40,0.3125,40,46,0.0,5.459352769881359,0.9876721253185773,0.640625,1.0,0.3125
2026-05-05T11:50,15,40,0.3125,40,46,0.0,5.459344694481664,0.9876598928980661,0.640625,1.0,0.3125
2026-05-05T12:20,15,40,0.3125,40,46,0.0,5.459336606143815,0.9876640324844808,0.640625,1.0,0.3125
2026-05-05T12:50,16,40,0.3125,40,46,0.0,5.459328504899429,0.9876681692945127,0.640625,1.0,0.3125
2026-05-05T13:20,16,40,0.3125,40,46,0.0,5.459320390780057,0.9876723033309543,0.640625,1.0,0.3125
2026-05-05T13:50,16,40,0.3125,40,46,0.0,5.4593122638171705,0.9876764345965942,0.640625,1.0,0.3125
2026-05-05T14:20,16,40,0.3125,40,46,0.0,5.459304124042176,0.9876805630942167,0.640625,1.0,0.3125
2026-05-05T14:50,16,40,0.3125,40,46,0.0,5.459295971486405,0.9876846888266031,0.640625,1.0,0.3125
2026-05-05T15:20,16,40,0.3125,40,46,0.0,5.459287806181117,0.9876888117965307,0.640625,1.0,0.3125
2026-05-05T15:50,16,40,0.3125,40,46,0.0,5.459279628157504,0.9876929320067728,0.640625,1.0,0.3125
2026-05-05T16:20,16,40,0.3125,40,46,0.0,5.459271437446682,0.9876970494600994,0.640625,1.0,0.3125
2026-05-05T16:50,15,40,0.3125,40,46,0.0,5.459263234079701,0.9877011641592766,0.640625,1.0,0.3125
2026-05-05T17:20,15,40,0.3125,40,46,0.0,5.459257488429286,0.9876889670171957,0.640625,1.0,0.3125
2026-05-05T17:50,15,40,0.3125,40,46,0.0,5.459251726727881,0.9876930816672568,0.640625,1.0,0.3125
2026-05-05T18:20,15,40,0.3125,40,46,0.0,5.459245949012432,0.9876971935678023,0.640625,1.0,0.3125
2026-05-05T18:50,14,40,0.3125,40,46,0.0,5.459240330789224,0.9876850099734894,0.640625,1.0,0.3125
2026-05-05T19:20,14,40,0.3125,40,46,0.0,5.459234696374061,0.9876891218232479,0.640625,1.0,0.3125
2026-05-05T19:50,14,40,0.3125,40,46,0.0,5.459229045804101,0.9876932309281132,0.640625,1.0,0.3125
2026-05-05T20:20,13,40,0.3125,40,46,0.0,5.459223379116409,0.9876973372908333,0.640625,1.0,0.3125
2026-05-05T20:50,13,40,0.3125,40,46,0.0,5.459217696347974,0.9877014409141519,0.640625,1.0,0.3125
2026-05-05T21:20,13,40,0.3125,40,46,0.0,5.459214762372218,0.9876892762163463,0.640625,1.0,0.3125
2026-05-05T21:50,12,40,0.3125,40,46,0.0,5.459211808292733,0.9876933797909409,0.640625,1.0,0.3125
2026-05-05T22:20,12,40,0.3125,40,46,0.0,5.459208834154037,0.9876974806307306,0.640625,1.0,0.3125
2026-05-05T22:50,11,40,0.3125,40,46,0.0,5.459205840000542,0.9877015787384485,0.640625,1.0,0.3125
2026-05-05T23:20,12,40,0.3125,40,46,0.0,5.459210362991664,0.987689430198141,0.640625,1.0,0.3125
2026-05-05T23:50,11,40,0.3125,40,46,0.0,5.459214856106822,0.9876935282573295,0.640625,1.0,0.3125
2026-05-06T00:20,11,40,0.3125,40,46,0.0,5.459219319406715,0.9876976235890241,0.640625,1.0,0.3125
2026-05-06T00:50,11,40,0.3125,40,46,0.0,5.459223752951908,0.9877017161959474,0.640625,1.0,0.3125
2026-05-06T01:20,10,40,0.3125,40,46,0.0,5.459228156802823,0.9877058060808173,0.640625,1.0,0.3125
2026-05-06T01:50,10,40,0.3125,40,46,0.0,5.459239852314765,0.9876936763288606,0.640625,1.0,0.3125
2026-05-06T02:20,10,40,0.3125,40,46,0.0,5.4592515079291015,0.9876977661672359,0.640625,1.0,0.3125
2026-05-06T02:50,10,40,0.3125,40,46,0.0,5.45926312372452,0.9877018532881106,0.640625,1.0,0.3125
2026-05-06T03:20,10,40,0.3125,40,46,0.0,5.459276698444886,0.9876897369343766,0.640625,1.0,0.3125
2026-05-06T03:50,10,40,0.3125,40,46,0.0,5.459290230446059,0.9876938240071076,0.640625,1.0,0.3125
2026-05-06T04:20,9,40,0.3125,40,46,0.0,5.45930371981223,0.9876979083668795,0.640625,1.0,0.3125
2026-05-06T04:50,9,40,0.3125,40,46,0.0,5.459317166627394,0.9877019900163928,0.640625,1.0,0.3125
2026-05-06T05:20,9,40,0.3125,40,46,0.0,5.459328870591917,0.9876898896920738,0.640625,1.0,0.3125
2026-05-06T05:50,9,40,0.3125,40,46,0.0,5.459340534503679,0.9876939712936349,0.640625,1.0,0.3125
2026-05-06T06:20,8,40,0.3125,40,46,0.0,5.459352158442073,0.9876980501894607,0.640625,1.0,0.3125
2026-05-06T06:50,8,40,0.3125,40,46,0.0,5.459356030142932,0.9876859631987401,0.640625,1.0,0.3125
2026-05-06T07:20,8,40,0.3125,40,46,0.0,5.4593598722340495,0.9876900420449811,0.640625,1.0,0.3125
2026-05-06T07:50,9,40,0.3125,40,46,0.0,5.459363684777164,0.9876941181899993,0.640625,1.0,0.3125
2026-05-06T08:20,9,40,0.3125,40,46,0.0,5.459367467833874,0.9876981916364773,0.640625,1.0,0.3125
2026-05-06T08:50,10,40,0.3125,40,46,0.0,5.459369661347703,0.9876861205976151,0.640625,1.0,0.3125
2026-05-06T09:20,10,40,0.3125,40,46,0.0,5.459371827797175,0.9876901939947048,0.640625,1.0,0.3125
2026-05-06T09:50,11,40,0.3125,40,46,0.0,5.459373967239114,0.987694264697749,0.640625,1.0,0.3125
2026-05-06T10:20,11,40,0.3125,40,46,0.0,5.459372492564238,0.9876822069283266,0.640625,1.0,0.3125
2026-05-06T10:50,11,40,0.3125,40,46,0.0,5.459370996400036,0.9876862775803662,0.640625,1.0,0.3125
2026-05-06T11:20,11,40,0.3125,40,46,0.0,5.459369478792415,0.9876903455428439,0.640625,1.0,0.3125
2026-05-06T11:50,12,40,0.3125,40,46,0.0,5.459361547990765,0.987678301013997,0.640625,1.0,0.3125
2026-05-06T12:20,12,40,0.3125,40,46,0.0,5.459353604633156,0.9876823689238636,0.640625,1.0,0.3125
2026-05-06T12:50,12,40,0.3125,40,46,0.0,5.459345648749773,0.9876864341486412,0.640625,1.0,0.3125
2026-05-06T13:50,12,40,0.3125,40,46,0.0,5.459337680370728,0.9876904966909874,0.640625,1.0,0.3125
2026-05-06T14:20,12,40,0.3125,40,46,0.0,5.4593296995260685,0.9876945565535565,0.640625,1.0,0.3125
2026-05-06T14:50,12,40,0.3125,40,46,0.0,5.459321706245773,0.9876986137389988,0.640625,1.0,0.3125
2026-05-06T15:20,12,40,0.3125,40,46,0.0,5.459313700559754,0.9877026682499616,0.640625,1.0,0.3125
2026-05-06T15:50,13,40,0.3125,40,46,0.0,5.459305682497857,0.9877067200890884,0.640625,1.0,0.3125
2026-05-06T16:20,13,40,0.3125,40,46,0.0,5.45929765208986,0.9877107692590196,0.640625,1.0,0.3125
2026-05-06T16:50,13,40,0.3125,40,46,0.0,5.4592896093654755,0.9877148157623916,0.640625,1.0,0.3125
2026-05-06T17:20,13,40,0.3125,40,46,0.0,5.459283974557138,0.9877028028250753,0.640625,1.0,0.3125
2026-05-06T17:50,13,40,0.3125,40,46,0.0,5.459278324157395,0.9877068492867978,0.640625,1.0,0.3125
2026-05-06T18:20,12,40,0.3125,40,46,0.0,5.459272658201559,0.9877108930863744,0.640625,1.0,0.3125
2026-05-06T18:50,12,40,0.3125,40,46,0.0,5.459267128962588,0.9876988932899616,0.640625,1.0,0.3125
2026-05-06T19:50,12,40,0.3125,40,46,0.0,5.459261584023001,0.9877029370462765,0.640625,1.0,0.3125
2026-05-06T20:20,12,40,0.3125,40,46,0.0,5.459256023418264,0.9877069781448482,0.640625,1.0,0.3125
2026-05-06T20:50,12,40,0.3125,40,46,0.0,5.45925044718376,0.9877110165882961,0.640625,1.0,0.3125
2026-05-06T21:20,11,40,0.3125,40,46,0.0,5.459247545331347,0.9876990325146038,0.640625,1.0,0.3125
2026-05-06T21:50,11,40,0.3125,40,46,0.0,5.459244623995465,0.9877030709149601,0.640625,1.0,0.3125
2026-05-06T22:20,11,40,0.3125,40,46,0.0,5.4592416832186,0.9877071066645777,0.640625,1.0,0.3125
2026-05-06T22:50,10,40,0.3125,40,46,0.0,5.459238723043145,0.9877111397660657,0.640625,1.0,0.3125
2026-05-06T23:20,10,40,0.3125,40,46,0.0,5.459243141760411,0.9876991713739467,0.640625,1.0,0.3125
2026-05-06T23:50,10,40,0.3125,40,46,0.0,5.459247531546656,0.9877032044325127,0.640625,1.0,0.3125
2026-05-07T00:20,10,40,0.3125,40,46,0.0,5.459251892459771,0.9877072348473168,0.640625,1.0,0.3125
2026-05-07T00:50,10,40,0.3125,40,46,0.0,5.459256224557522,0.9877112626209579,0.640625,1.0,0.3125
2026-05-07T01:20,10,40,0.3125,40,46,0.0,5.459260527897544,0.9877152877560313,0.640625,1.0,0.3125
2026-05-07T01:50,10,40,0.3125,40,46,0.0,5.459264802537342,0.9877193102551288,0.640625,1.0,0.3125
2026-05-07T02:20,10,40,0.3125,40,46,0.0,5.459276230097149,0.9877073626943891,0.640625,1.0,0.3125
2026-05-07T02:50,10,40,0.3125,40,46,0.0,5.459287619101749,0.9877113851542404,0.640625,1.0,0.3125
2026-05-07T03:20,10,40,0.3125,40,46,0.0,5.459300928162187,0.987699448002471,0.640625,1.0,0.3125
2026-05-07T03:50,10,40,0.3125,40,46,0.0,5.459314195866797,0.9877034704197364,0.640625,1.0,0.3125
2026-05-07T04:20,10,40,0.3125,40,46,0.0,5.459327422295853,0.9877074902071115,0.640625,1.0,0.3125
2026-05-07T04:50,9,40,0.3125,40,46,0.0,5.459340607529455,0.9877115073671745,0.640625,1.0,0.3125
2026-05-07T05:20,9,40,0.3125,40,46,0.0,5.459352077236183,0.9876995857745015,0.640625,1.0,0.3125
2026-05-07T05:50,9,40,0.3125,40,46,0.0,5.459363508167948,0.9877036028921453,0.640625,1.0,0.3125
2026-05-07T06:20,9,40,0.3125,40,46,0.0,5.459367319488679,0.9876916916643631,0.640625,1.0,0.3125
2026-05-07T06:50,9,40,0.3125,40,46,0.0,5.459371102067209,0.9876957087362742,0.640625,1.0,0.3125
2026-05-07T07:20,10,40,0.3125,40,46,0.0,5.459374855962591,0.9876997231869312,0.640625,1.0,0.3125
2026-05-07T07:50,10,40,0.3125,40,46,0.0,5.459378581233742,0.987703735018899,0.640625,1.0,0.3125
2026-05-07T08:20,10,40,0.3125,40,46,0.0,5.459382277939443,0.987707744234739,0.640625,1.0,0.3125
2026-05-07T08:50,11,40,0.3125,40,46,0.0,5.459384432790433,0.9876958510691458,0.640625,1.0,0.3125
2026-05-07T09:20,12,40,0.3125,40,46,0.0,5.459386561389745,0.9876998602411663,0.640625,1.0,0.3125
2026-05-07T09:50,12,40,0.3125,40,46,0.0,5.459388663791666,0.9877038668013484,0.640625,1.0,0.3125
2026-05-07T10:20,12,40,0.3125,40,46,0.0,5.45938722018745,0.9876919865165531,0.640625,1.0,0.3125
2026-05-07T10:50,13,40,0.3125,40,46,0.0,5.459385755718437,0.9876959930313589,0.640625,1.0,0.3125
2026-05-07T11:20,13,40,0.3125,40,46,0.0,5.459384270428524,0.9876999969386054,0.640625,1.0,0.3125
2026-05-07T11:50,13,40,0.3125,40,46,0.0,5.459376481189166,0.9876881295070038,0.640625,1.0,0.3125
2026-05-07T12:20,14,40,0.3125,40,46,0.0,5.459368679733424,0.9876921333673268,0.640625,1.0,0.3125
2026-05-07T12:50,13,40,0.3125,40,46,0.0,5.459360866090204,0.9876961346243595,0.640625,1.0,0.3125
2026-05-07T13:20,14,40,0.3125,40,46,0.0,5.459353040288349,0.9877001332806401,0.640625,1.0,0.3125
2026-05-07T13:50,14,40,0.3125,40,46,0.0,5.459345202356635,0.9877041293387037,0.640625,1.0,0.3125
2026-05-07T14:20,13,40,0.3125,40,46,0.0,5.459337352323776,0.9877081228010814,0.640625,1.0,0.3125
2026-05-07T14:50,14,40,0.3125,40,46,0.0,5.459329490218423,0.9877121136703019,0.640625,1.0,0.3125
2026-05-07T15:20,14,40,0.3125,40,46,0.0,5.459321616069163,0.9877161019488899,0.640625,1.0,0.3125
2026-05-07T15:50,14,40,0.3125,40,46,0.0,5.45931372990452,0.9877200876393673,0.640625,1.0,0.3125
2026-05-07T16:20,14,40,0.3125,40,46,0.0,5.459305831752956,0.9877240707442523,0.640625,1.0,0.3125
2026-05-07T16:50,14,40,0.3125,40,46,0.0,5.459297921642869,0.9877280512660602,0.640625,1.0,0.3125
2026-05-07T17:20,14,40,0.3125,40,46,0.0,5.459292388195096,0.9877162170556645,0.640625,1.0,0.3125
2026-05-07T17:50,13,40,0.3125,40,46,0.0,5.45928683960461,0.9877201975426847,0.640625,1.0,0.3125
2026-05-07T18:20,13,40,0.3125,40,46,0.0,5.459281275905182,0.9877241754508341,0.640625,1.0,0.3125
2026-05-07T18:50,13,40,0.3125,40,46,0.0,5.459275844820845,0.9877123539925258,0.640625,1.0,0.3125
2026-05-07T19:20,13,40,0.3125,40,46,0.0,5.459270398489507,0.9877163318643314,0.640625,1.0,0.3125
2026-05-07T19:50,13,40,0.3125,40,46,0.0,5.459264936945076,0.9877203071614626,0.640625,1.0,0.3125
2026-05-07T20:20,12,40,0.3125,40,46,0.0,5.459259460221382,0.9877242798864185,0.640625,1.0,0.3125
2026-05-07T20:50,12,40,0.3125,40,46,0.0,5.459253968352183,0.9877282500416946,0.640625,1.0,0.3125
2026-05-07T21:20,12,40,0.3125,40,46,0.0,5.45925110476387,0.9877164463760473,0.640625,1.0,0.3125
2026-05-07T21:50,12,40,0.3125,40,46,0.0,5.459248222301262,0.9877204164968049,0.640625,1.0,0.3125
2026-05-07T22:20,12,40,0.3125,40,46,0.0,5.459245321004886,0.9877243840520563,0.640625,1.0,0.3125
2026-05-07T22:50,12,40,0.3125,40,46,0.0,5.459242400915168,0.9877283490442877,0.640625,1.0,0.3125
2026-05-07T23:20,11,40,0.3125,40,46,0.0,5.459246737616846,0.9877165605919632,0.640625,1.0,0.3125
2026-05-07T23:50,11,40,0.3125,40,46,0.0,5.459251046296757,0.9877205255498095,0.640625,1.0,0.3125
2026-05-08T00:20,11,40,0.3125,40,46,0.0,5.459255327010106,0.9877244879487932,0.640625,1.0,0.3125
2026-05-08T00:50,10,40,0.3125,40,46,0.0,5.459259579811977,0.9877284477913904,0.640625,1.0,0.3125
2026-05-08T01:20,10,40,0.3125,40,46,0.0,5.459263804757336,0.9877324050800742,0.640625,1.0,0.3125
2026-05-08T01:50,9,40,0.3125,40,46,0.0,5.459268001901025,0.9877363598173147,0.640625,1.0,0.3125
2026-05-08T02:20,9,40,0.3125,40,46,0.0,5.459279239346571,0.9877245915776682,0.640625,1.0,0.3125
2026-05-08T02:50,9,40,0.3125,40,46,0.0,5.459290439438816,0.9877285462839899,0.640625,1.0,0.3125
2026-05-08T03:20,9,40,0.3125,40,46,0.0,5.459303529882527,0.9877167881409661,0.640625,1.0,0.3125
2026-05-08T03:50,9,40,0.3125,40,46,0.0,5.459316580256844,0.987720742813168,0.640625,1.0,0.3125
2026-05-08T04:20,8,40,0.3125,40,46,0.0,5.459329590638344,0.9877246949397167,0.640625,1.0,0.3125
2026-05-08T04:50,8,40,0.3125,40,46,0.0,5.459342561103437,0.9877286445230694,0.640625,1.0,0.3125
2026-05-08T05:20,8,40,0.3125,40,46,0.0,5.459353844701193,0.9877169014763252,0.640625,1.0,0.3125
2026-05-08T05:50,8,40,0.3125,40,46,0.0,5.4593650907244395,0.9877208510256897,0.640625,1.0,0.3125
2026-05-08T06:20,9,40,0.3125,40,46,0.0,5.45936883671367,0.9877091180334587,0.640625,1.0,0.3125
2026-05-08T06:50,9,40,0.3125,40,46,0.0,5.459372554849103,0.9877130675456588,0.640625,1.0,0.3125
2026-05-08T07:20,10,40,0.3125,40,46,0.0,5.459376245187083,0.9877170145204273,0.640625,1.0,0.3125
2026-05-08T07:50,11,40,0.3125,40,46,0.0,5.459379907783829,0.9877209589602088,0.640625,1.0,0.3125
2026-05-08T08:20,12,40,0.3125,40,46,0.0,5.459383542695435,0.9877249008674447,0.640625,1.0,0.3125
2026-05-08T08:50,13,40,0.3125,40,46,0.0,5.459385673710756,0.9877131854025306,0.640625,1.0,0.3125
2026-05-08T09:20,14,40,0.3125,40,46,0.0,5.459387779262576,0.9877171272743938,0.640625,1.0,0.3125
2026-05-08T09:50,15,40,0.3125,40,46,0.0,5.45938985940274,0.9877210666177951,0.640625,1.0,0.3125
2026-05-08T10:20,16,40,0.3125,40,46,0.0,5.459388445160355,0.9877093636506831,0.640625,1.0,0.3125
2026-05-08T10:50,16,40,0.3125,40,46,0.0,5.459387010679533,0.9877133029572053,0.640625,1.0,0.3125
2026-05-08T11:20,16,40,0.3125,40,46,0.0,5.4593855560021955,0.9877172397393401,0.640625,1.0,0.3125
2026-05-08T11:50,17,40,0.3125,40,46,0.0,5.4593778948515075,0.9877055492436501,0.640625,1.0,0.3125
2026-05-08T12:20,17,40,0.3125,40,46,0.0,5.4593702218453,0.9877094859874082,0.640625,1.0,0.3125
2026-05-08T12:50,17,40,0.3125,40,46,0.0,5.459362537011184,0.9877134202108436,0.640625,1.0,0.3125
2026-05-08T13:20,17,40,0.3125,40,46,0.0,5.459354840376713,0.9877173519163762,0.640625,1.0,0.3125
2026-05-08T13:50,17,40,0.3125,40,46,0.0,5.459347131969383,0.9877212811064221,0.640625,1.0,0.3125
2026-05-08T14:20,18,40,0.3125,40,46,0.0,5.459339411816626,0.9877252077833948,0.640625,1.0,0.3125
2026-05-08T14:50,18,40,0.3125,40,46,0.0,5.459331679945815,0.9877291319497045,0.640625,1.0,0.3125
2026-05-08T15:20,18,40,0.3125,40,46,0.0,5.4593239363842665,0.9877330536077583,0.640625,1.0,0.3125
2026-05-08T15:50,18,40,0.3125,40,46,0.0,5.4593161811592354,0.9877369727599603,0.640625,1.0,0.3125
2026-05-08T16:20,18,40,0.3125,40,46,0.0,5.459308414297917,0.9877408894087115,0.640625,1.0,0.3125
2026-05-08T16:50,18,40,0.3125,40,46,0.0,5.459300635827448,0.9877448035564098,0.640625,1.0,0.3125
2026-05-08T17:20,18,40,0.3125,40,46,0.0,5.459295193905401,0.9877331453082895,0.640625,1.0,0.3125
2026-05-08T17:50,18,40,0.3125,40,46,0.0,5.45928973729112,0.9877370594291228,0.640625,1.0,0.3125
2026-05-08T19:20,16,40,0.3125,40,46,0.0,5.459284392496254,0.9877254110886973,0.640625,1.0,0.3125
2026-05-08T19:50,15,40,0.3125,40,46,0.0,5.459279032900329,0.9877293251795491,0.640625,1.0,0.3125
2026-05-08T20:20,15,40,0.3125,40,46,0.0,5.459273658535763,0.9877332367749653,0.640625,1.0,0.3125
2026-05-08T20:50,14,40,0.3125,40,46,0.0,5.459268269434903,0.9877371458773314,0.640625,1.0,0.3125
2026-05-08T21:20,13,40,0.3125,40,46,0.0,5.459265449717121,0.9877255123527433,0.640625,1.0,0.3125
2026-05-08T21:50,13,40,0.3125,40,46,0.0,5.459262611671265,0.9877294214252424,0.640625,1.0,0.3125
2026-05-08T22:20,13,40,0.3125,40,46,0.0,5.459259755336105,0.9877333280086791,0.640625,1.0,0.3125
2026-05-08T22:50,12,40,0.3125,40,46,0.0,5.459256880750325,0.9877372321054301,0.640625,1.0,0.3125
2026-05-08T23:20,13,40,0.3125,40,46,0.0,5.459261139009939,0.987725613359038,0.640625,1.0,0.3125
2026-05-08T23:50,12,40,0.3125,40,46,0.0,5.459265370082963,0.9877295174260358,0.640625,1.0,0.3125
2026-05-09T00:20,12,40,0.3125,40,46,0.0,5.459269574022168,0.98773341901032,0.640625,1.0,0.3125
2026-05-09T00:50,10,40,0.3125,40,46,0.0,5.459273750880222,0.9877373181142582,0.640625,1.0,0.3125
2026-05-09T01:20,10,40,0.3125,40,46,0.0,5.459277900709664,0.9877412147402149,0.640625,1.0,0.3125
2026-05-09T01:50,10,40,0.3125,40,46,0.0,5.459282023562933,0.9877451088905516,0.640625,1.0,0.3125
2026-05-09T02:20,11,40,0.3125,40,46,0.0,5.459293070113236,0.9877335097807721,0.640625,1.0,0.3125
2026-05-09T02:50,11,40,0.3125,40,46,0.0,5.459304080430397,0.9877374039046513,0.640625,1.0,0.3125
2026-05-09T03:20,10,40,0.3125,40,46,0.0,5.459316936053795,0.9877258146022998,0.640625,1.0,0.3125
2026-05-09T03:50,10,40,0.3125,40,46,0.0,5.459329752830676,0.9877297086966519,0.640625,1.0,0.3125
2026-05-09T04:20,10,40,0.3125,40,46,0.0,5.459342530834203,0.9877336003209155,0.640625,1.0,0.3125
2026-05-09T04:50,10,40,0.3125,40,46,0.0,5.459355270137369,0.9877374894774403,0.640625,1.0,0.3125
2026-05-09T05:20,9,40,0.3125,40,46,0.0,5.459366340965183,0.9877259148412177,0.640625,1.0,0.3125
2026-05-09T05:50,10,40,0.3125,40,46,0.0,5.459377375373075,0.9877298039683275,0.640625,1.0,0.3125
2026-05-09T06:20,10,40,0.3125,40,46,0.0,5.459381031266854,0.9877182390992199,0.640625,1.0,0.3125
2026-05-09T06:50,11,40,0.3125,40,46,0.0,5.459384660161445,0.9877221281938686,0.640625,1.0,0.3125
2026-05-09T07:20,11,40,0.3125,40,46,0.0,5.459388262110679,0.9877260148262859,0.640625,1.0,0.3125
2026-05-09T07:50,12,40,0.3125,40,46,0.0,5.459391837168262,0.9877298989988091,0.640625,1.0,0.3125
2026-05-09T08:20,13,40,0.3125,40,46,0.0,5.459395385387787,0.9877337807137732,0.640625,1.0,0.3125
2026-05-09T08:50,14,40,0.3125,40,46,0.0,5.459397473501016,0.987722232874267,0.640625,1.0,0.3125
2026-05-09T09:20,15,40,0.3125,40,46,0.0,5.4593995369014054,0.9877261145584674,0.640625,1.0,0.3125
2026-05-09T09:50,16,40,0.3125,40,46,0.0,5.459401575638542,0.9877299937890114,0.640625,1.0,0.3125
2026-05-09T10:20,16,40,0.3125,40,46,0.0,5.459400183794261,0.9877184580918253,0.640625,1.0,0.3125
2026-05-09T10:50,17,40,0.3125,40,46,0.0,5.459398772291197,0.9877223372901539,0.640625,1.0,0.3125
2026-05-09T11:20,18,40,0.3125,40,46,0.0,5.459397341169479,0.9877262140387203,0.640625,1.0,0.3125
2026-05-09T11:50,18,40,0.3125,40,46,0.0,5.459389806009679,0.987714690458593,0.640625,1.0,0.3125
2026-05-09T12:20,18,40,0.3125,40,46,0.0,5.459382259314684,0.9877185671735003,0.640625,1.0,0.3125
2026-05-09T12:50,19,40,0.3125,40,46,0.0,5.45937470111096,0.9877224414425307,0.640625,1.0,0.3125
2026-05-09T13:20,19,40,0.3125,40,46,0.0,5.459367131424913,0.9877263132679983,0.640625,1.0,0.3125
2026-05-09T13:50,19,40,0.3125,40,46,0.0,5.4593595502828975,0.9877301826522139,0.640625,1.0,0.3125
2026-05-09T14:20,20,40,0.3125,40,46,0.0,5.459351957711206,0.9877340495974858,0.640625,1.0,0.3125
2026-05-09T14:50,20,40,0.3125,40,46,0.0,5.459344353736079,0.9877379141061192,0.640625,1.0,0.3125
2026-05-09T15:20,19,40,0.3125,40,46,0.0,5.459336738383698,0.9877417761804166,0.640625,1.0,0.3125
2026-05-09T15:50,20,40,0.3125,40,46,0.0,5.459329111680192,0.9877456358226772,0.640625,1.0,0.3125
2026-05-09T16:20,20,40,0.3125,40,46,0.0,5.4593214736516265,0.9877494930351975,0.640625,1.0,0.3125
2026-05-09T16:50,19,40,0.3125,40,46,0.0,5.459313824324021,0.9877533478202714,0.640625,1.0,0.3125
2026-05-09T17:20,18,40,0.3125,40,46,0.0,5.459308491449568,0.9877418555788039,0.640625,1.0,0.3125
2026-05-09T17:50,18,40,0.3125,40,46,0.0,5.459303144262678,0.9877457103412005,0.640625,1.0,0.3125
2026-05-09T18:20,18,40,0.3125,40,46,0.0,5.4592977827942955,0.9877495626799804,0.640625,1.0,0.3125
2026-05-09T18:50,17,40,0.3125,40,46,0.0,5.459292529886328,0.9877380824629833,0.640625,1.0,0.3125
2026-05-09T19:20,17,40,0.3125,40,46,0.0,5.45928726259278,0.9877419347776352,0.640625,1.0,0.3125
2026-05-09T19:50,16,40,0.3125,40,46,0.0,5.459281980944685,0.9877457846724913,0.640625,1.0,0.3125
2026-05-09T20:20,15,40,0.3125,40,46,0.0,5.459276684973013,0.9877496321498312,0.640625,1.0,0.3125
2026-05-09T20:50,15,40,0.3125,40,46,0.0,5.459271374708664,0.9877534772119311,0.640625,1.0,0.3125
2026-05-09T21:20,14,40,0.3125,40,46,0.0,5.459268591174437,0.9877420137776616,0.640625,1.0,0.3125
2026-05-09T21:50,14,40,0.3125,40,46,0.0,5.4592657898683115,0.9877458588172545,0.640625,1.0,0.3125
2026-05-09T22:20,14,40,0.3125,40,46,0.0,5.459262970827314,0.9877497014454084,0.640625,1.0,0.3125
2026-05-09T22:50,13,40,0.3125,40,46,0.0,5.459260134088394,0.9877535416643911,0.640625,1.0,0.3125
2026-05-09T23:20,13,40,0.3125,40,46,0.0,5.459264316003975,0.9877420925796311,0.640625,1.0,0.3125
2026-05-09T23:50,13,40,0.3125,40,46,0.0,5.459268471561814,0.9877459327761913,0.640625,1.0,0.3125
2026-05-10T00:20,12,40,0.3125,40,46,0.0,5.459272600812311,0.9877497705673669,0.640625,1.0,0.3125
2026-05-10T00:50,12,40,0.3125,40,46,0.0,5.459276703805756,0.9877536059554173,0.640625,1.0,0.3125
2026-05-10T01:20,11,40,0.3125,40,46,0.0,5.459280780592333,0.9877574389425986,0.640625,1.0,0.3125
2026-05-10T01:50,11,40,0.3125,40,46,0.0,5.459284831222115,0.9877612695311648,0.640625,1.0,0.3125
2026-05-10T02:20,10,40,0.3125,40,46,0.0,5.459295699968774,0.9877498395163584,0.640625,1.0,0.3125
2026-05-10T02:50,10,40,0.3125,40,46,0.0,5.459306533578043,0.9877536700856153,0.640625,1.0,0.3125
2026-05-10T03:20,9,40,0.3125,40,46,0.0,5.459319185041334,0.9877422495923704,0.640625,1.0,0.3125
2026-05-10T03:50,10,40,0.3125,40,46,0.0,5.459331798830106,0.9877460801393728,0.640625,1.0,0.3125
2026-05-10T04:20,10,40,0.3125,40,46,0.0,5.459344375014242,0.9877499082930312,0.640625,1.0,0.3125
2026-05-10T04:50,10,40,0.3125,40,46,0.0,5.459356913663481,0.9877537340555881,0.640625,1.0,0.3125
2026-05-10T05:20,10,40,0.3125,40,46,0.0,5.4593678109467145,0.987742327804617,0.640625,1.0,0.3125
2026-05-10T05:50,10,40,0.3125,40,46,0.0,5.459378672903574,0.9877461535450025,0.640625,1.0,0.3125
2026-05-10T06:20,10,40,0.3125,40,46,0.0,5.459389499599981,0.9877499768980307,0.640625,1.0,0.3125
2026-05-10T06:50,10,40,0.3125,40,46,0.0,5.459393071773365,0.9877385824923216,0.640625,1.0,0.3125
2026-05-10T07:20,10,40,0.3125,40,46,0.0,5.459396617804487,0.9877424058217595,0.640625,1.0,0.3125
2026-05-10T07:50,10,40,0.3125,40,46,0.0,5.4594001377446695,0.9877462267675757,0.640625,1.0,0.3125
2026-05-10T08:20,11,40,0.3125,40,46,0.0,5.4594036316451335,0.9877500453319984,0.640625,1.0,0.3125
2026-05-10T08:50,11,40,0.3125,40,46,0.0,5.459405700124872,0.9877386651036069,0.640625,1.0,0.3125
2026-05-10T09:20,12,40,0.3125,40,46,0.0,5.459407744608241,0.9877424836445275,0.640625,1.0,0.3125
2026-05-10T09:50,12,40,0.3125,40,46,0.0,5.459409765142671,0.9877462998077765,0.640625,1.0,0.3125
2026-05-10T10:20,12,40,0.3125,40,46,0.0,5.459408403415976,0.9877349313709223,0.640625,1.0,0.3125
2026-05-10T10:50,12,40,0.3125,40,46,0.0,5.459407022599838,0.9877387475092636,0.640625,1.0,0.3125
2026-05-10T11:20,12,40,0.3125,40,46,0.0,5.459405622732639,0.9877425612736465,0.640625,1.0,0.3125
2026-05-10T11:50,12,40,0.3125,40,46,0.0,5.459398210263894,0.9877312046041569,0.640625,1.0,0.3125
2026-05-10T12:20,12,40,0.3125,40,46,0.0,5.459390786587428,0.9877350183422345,0.640625,1.0,0.3125
2026-05-10T12:50,12,40,0.3125,40,46,0.0,5.459383351728563,0.9877388297100586,0.640625,1.0,0.3125
2026-05-10T13:20,12,40,0.3125,40,46,0.0,5.459375905712565,0.9877426387098379,0.640625,1.0,0.3125
2026-05-10T13:50,12,40,0.3125,40,46,0.0,5.45936844856465,0.987746445343779,0.640625,1.0,0.3125
2026-05-10T14:20,12,40,0.3125,40,46,0.0,5.4593609803099765,0.9877502496140852,0.640625,1.0,0.3125
2026-05-10T14:50,12,40,0.3125,40,46,0.0,5.459353500973656,0.9877540515229573,0.640625,1.0,0.3125
2026-05-10T15:20,12,40,0.3125,40,46,0.0,5.4593460105807425,0.9877578510725934,0.640625,1.0,0.3125
2026-05-10T15:50,12,40,0.3125,40,46,0.0,5.459338509156236,0.9877616482651888,0.640625,1.0,0.3125
2026-05-10T16:20,12,40,0.3125,40,46,0.0,5.459330996725088,0.9877654431029359,0.640625,1.0,0.3125
2026-05-10T16:50,12,40,0.3125,40,46,0.0,5.459323473312194,0.9877692355880249,0.640625,1.0,0.3125
2026-05-10T17:20,12,40,0.3125,40,46,0.0,5.45931822825651,0.9877579093644758,0.640625,1.0,0.3125
2026-05-10T17:50,13,40,0.3125,40,46,0.0,5.459312969298802,0.9877617018336938,0.640625,1.0,0.3125
2026-05-10T18:20,12,40,0.3125,40,46,0.0,5.459307696468679,0.9877654919539064,0.640625,1.0,0.3125
2026-05-10T18:50,12,40,0.3125,40,46,0.0,5.459302521068097,0.9877541774090894,0.640625,1.0,0.3125
2026-05-10T19:20,12,40,0.3125,40,46,0.0,5.459297331706129,0.9877579675120268,0.640625,1.0,0.3125
2026-05-10T19:50,12,40,0.3125,40,46,0.0,5.459292128412441,0.9877617552696035,0.640625,1.0,0.3125
2026-05-10T20:20,11,40,0.3125,40,46,0.0,5.459286911216647,0.9877655406839959,0.640625,1.0,0.3125
2026-05-10T20:50,11,40,0.3125,40,46,0.0,5.4592816801482895,0.9877693237573775,0.640625,1.0,0.3125
2026-05-10T21:20,10,40,0.3125,40,46,0.0,5.459278925138288,0.9877580255157817,0.640625,1.0,0.3125
2026-05-10T21:50,9,40,0.3125,40,46,0.0,5.45927615289759,0.9877618085734098,0.640625,1.0,0.3125
2026-05-10T22:20,9,40,0.3125,40,46,0.0,5.459273363461563,0.9877655892936528,0.640625,1.0,0.3125
2026-05-10T22:50,8,40,0.3125,40,46,0.0,5.459270556865503,0.9877693676786763,0.640625,1.0,0.3125
2026-05-10T23:20,8,40,0.3125,40,46,0.0,5.459274653468042,0.9877580833762732,0.640625,1.0,0.3125
2026-05-10T23:50,7,40,0.3125,40,46,0.0,5.459278724519367,0.9877618617456015,0.640625,1.0,0.3125
2026-05-11T00:20,7,40,0.3125,40,46,0.0,5.4592827700676105,0.9877656377833227,0.640625,1.0,0.3125
2026-05-11T00:50,7,40,0.3125,40,46,0.0,5.459286790160808,0.9877694114915944,0.640625,1.0,0.3125
2026-05-11T01:20,6,40,0.3125,40,46,0.0,5.459290784846891,0.9877731828725714,0.640625,1.0,0.3125
2026-05-11T01:50,6,40,0.3125,40,46,0.0,5.459294754173689,0.987776951928406,0.640625,1.0,0.3125
2026-05-11T02:20,6,40,0.3125,40,46,0.0,5.459305439222075,0.9877656861534497,0.640625,1.0,0.3125
2026-05-11T02:50,6,40,0.3125,40,46,0.0,5.459316090194709,0.9877694551965325,0.640625,1.0,0.3125
2026-05-11T03:20,5,40,0.3125,40,46,0.0,5.459328532388294,0.987758198669584,0.640625,1.0,0.3125
2026-05-11T03:50,5,40,0.3125,40,46,0.0,5.4593409380418905,0.9877619676970872,0.640625,1.0,0.3125
2026-05-11T04:20,5,40,0.3125,40,46,0.0,5.459353307222288,0.987765734404475,0.640625,1.0,0.3125
2026-05-11T04:50,5,40,0.3125,40,46,0.0,5.459365639996123,0.9877694987938891,0.640625,1.0,0.3125
2026-05-11T05:20,5,40,0.3125,40,46,0.0,5.459376357665934,0.9877582561034557,0.640625,1.0,0.3125
2026-05-11T05:50,6,40,0.3125,40,46,0.0,5.459387041069081,0.9877620204773476,0.640625,1.0,0.3125
2026-05-11T06:20,7,40,0.3125,40,46,0.0,5.459397690268567,0.9877657825368382,0.640625,1.0,0.3125
2026-05-11T06:50,8,40,0.3125,40,46,0.0,5.459401207476855,0.9877545513535739,0.640625,1.0,0.3125
2026-05-11T07:20,8,40,0.3125,40,46,0.0,5.45940469931058,0.9877583133961689,0.640625,1.0,0.3125
2026-05-11T07:50,9,40,0.3125,40,46,0.0,5.459408165818831,0.9877620731279269,0.640625,1.0,0.3125
2026-05-11T08:20,10,40,0.3125,40,46,0.0,5.459411607050586,0.9877658305509763,0.640625,1.0,0.3125
2026-05-11T08:50,10,40,0.3125,40,46,0.0,5.459413656152898,0.9877546131420273,0.640625,1.0,0.3125
2026-05-11T09:20,10,40,0.3125,40,46,0.0,5.459415681944601,0.9877583705482433,0.640625,1.0,0.3125
2026-05-11T09:50,9,40,0.3125,40,46,0.0,5.45941768447109,0.9877621256493021,0.640625,1.0,0.3125
2026-05-11T10:20,9,40,0.3125,40,46,0.0,5.459416351719524,0.987750919696081,0.640625,1.0,0.3125
2026-05-11T10:50,10,40,0.3125,40,46,0.0,5.459415000423474,0.9877546747789454,0.640625,1.0,0.3125
2026-05-11T11:20,10,40,0.3125,40,46,0.0,5.459413630619671,0.9877584275601962,0.640625,1.0,0.3125
2026-05-11T11:50,10,40,0.3125,40,46,0.0,5.459406336952353,0.9877472330395574,0.640625,1.0,0.3125
2026-05-11T12:20,10,40,0.3125,40,46,0.0,5.459399032391047,0.9877509858012604,0.640625,1.0,0.3125
2026-05-11T12:50,9,40,0.3125,40,46,0.0,5.459391716959994,0.9877547362648853,0.640625,1.0,0.3125
2026-05-11T13:20,8,40,0.3125,40,46,0.0,5.459384390683386,0.9877584844325421,0.640625,1.0,0.3125
2026-05-11T13:50,9,40,0.3125,40,46,0.0,5.459377053585367,0.9877622303063388,0.640625,1.0,0.3125
2026-05-11T14:20,10,40,0.3125,40,46,0.0,5.459369705690024,0.9877659738883803,0.640625,1.0,0.3125
2026-05-11T14:50,10,40,0.3125,40,46,0.0,5.459362347021403,0.9877697151807692,0.640625,1.0,0.3125
2026-05-11T15:20,10,40,0.3125,40,46,0.0,5.459354977603493,0.9877734541856054,0.640625,1.0,0.3125
2026-05-11T15:50,10,40,0.3125,40,46,0.0,5.459347597460234,0.9877771909049863,0.640625,1.0,0.3125
2026-05-11T16:20,11,40,0.3125,40,46,0.0,5.45934020661552,0.9877809253410068,0.640625,1.0,0.3125
2026-05-11T16:50,12,40,0.3125,40,46,0.0,5.459332805093193,0.987784657495759,0.640625,1.0,0.3125
2026-05-11T17:20,11,40,0.3125,40,46,0.0,5.45932764505415,0.9877734925658963,0.640625,1.0,0.3125
2026-05-11T17:50,11,40,0.3125,40,46,0.0,5.459322471506092,0.9877772247110227,0.640625,1.0,0.3125
2026-05-11T18:20,12,40,0.3125,40,46,0.0,5.459317284477363,0.9877809545783676,0.640625,1.0,0.3125
2026-05-11T18:50,12,40,0.3125,40,46,0.0,5.459312184343308,0.9877698009961884,0.640625,1.0,0.3125
2026-05-11T19:20,11,40,0.3125,40,46,0.0,5.459307070653556,0.9877735308525482,0.640625,1.0,0.3125
2026-05-11T19:50,11,40,0.3125,40,46,0.0,5.459301943436496,0.9877772584346052,0.640625,1.0,0.3125
2026-05-11T20:20,10,40,0.3125,40,46,0.0,5.459296802720455,0.9877809837444392,0.640625,1.0,0.3125
2026-05-11T20:50,10,40,0.3125,40,46,0.0,5.459291648533702,0.9877847067841271,0.640625,1.0,0.3125
2026-05-11T21:20,9,40,0.3125,40,46,0.0,5.459288921609927,0.9877735690459032,0.640625,1.0,0.3125
2026-05-11T21:50,9,40,0.3125,40,46,0.0,5.459286177972289,0.9877772920760354,0.640625,1.0,0.3125
2026-05-11T22:20,9,40,0.3125,40,46,0.0,5.459283417654595,0.9877810128394826,0.640625,1.0,0.3125
2026-05-11T22:50,8,40,0.3125,40,46,0.0,5.459280640690585,0.9877847313383141,0.640625,1.0,0.3125
2026-05-11T23:20,8,40,0.3125,40,46,0.0,5.459284655172848,0.9877736071463021,0.640625,1.0,0.3125
2026-05-11T23:50,8,40,0.3125,40,46,0.0,5.4592886448739675,0.9877773256356128,0.640625,1.0,0.3125
2026-05-12T00:20,7,40,0.3125,40,46,0.0,5.459292609839948,0.9877810418637565,0.640625,1.0,0.3125
2026-05-12T00:50,7,40,0.3125,40,46,0.0,5.459296550116698,0.9877847558327948,0.640625,1.0,0.3125
2026-05-12T01:20,7,40,0.3125,40,46,0.0,5.459300465750032,0.9877884675447873,0.640625,1.0,0.3125
2026-05-12T01:50,7,40,0.3125,40,46,0.0,5.459304356785666,0.9877921770017907,0.640625,1.0,0.3125
2026-05-12T02:20,5,40,0.3125,40,46,0.0,5.459314864175697,0.987781070817519,0.640625,1.0,0.3125
2026-05-12T02:50,6,40,0.3125,40,46,0.0,5.459325338504207,0.9877847802677869,0.640625,1.0,0.3125
2026-05-12T03:20,5,40,0.3125,40,46,0.0,5.459337578188792,0.9877736830695858,0.640625,1.0,0.3125
2026-05-12T03:50,5,40,0.3125,40,46,0.0,5.459349782417433,0.9877773925104021,0.640625,1.0,0.3125
2026-05-12T04:20,5,40,0.3125,40,46,0.0,5.459361951253989,0.9877810997010268,0.640625,1.0,0.3125
2026-05-12T04:50,5,40,0.3125,40,46,0.0,5.459374084762185,0.9877848046435068,0.640625,1.0,0.3125
2026-05-12T05:20,5,40,0.3125,40,46,0.0,5.459384628605254,0.9877737208931435,0.640625,1.0,0.3125
2026-05-12T05:50,5,40,0.3125,40,46,0.0,5.4593951391943785,0.9877774258262062,0.640625,1.0,0.3125
2026-05-12T06:20,5,40,0.3125,40,46,0.0,5.459405616589809,0.9877811285145351,0.640625,1.0,0.3125
2026-05-12T06:50,6,40,0.3125,40,46,0.0,5.459409080508402,0.9877700559475093,0.640625,1.0,0.3125
2026-05-12T07:20,8,40,0.3125,40,46,0.0,5.459412519786797,0.987773758625091,0.640625,1.0,0.3125
2026-05-12T07:50,9,40,0.3125,40,46,0.0,5.459415934471966,0.9877774590613425,0.640625,1.0,0.3125
2026-05-12T08:20,10,40,0.3125,40,46,0.0,5.459419324610781,0.9877811572582982,0.640625,1.0,0.3125
2026-05-12T08:50,11,40,0.3125,40,46,0.0,5.459421354593825,0.9877700980795132,0.640625,1.0,0.3125
2026-05-12T09:20,12,40,0.3125,40,46,0.0,5.45942336192304,0.9877737962657608,0.640625,1.0,0.3125
2026-05-12T09:50,12,40,0.3125,40,46,0.0,5.459425346641898,0.9877774922161037,0.640625,1.0,0.3125
2026-05-12T10:20,13,40,0.3125,40,46,0.0,5.459424041783077,0.9877664441713708,0.640625,1.0,0.3125
2026-05-12T10:50,14,40,0.3125,40,46,0.0,5.4594227189017195,0.9877701401096876,0.640625,1.0,0.3125
2026-05-12T11:20,14,40,0.3125,40,46,0.0,5.459421378033004,0.9877738338154836,0.640625,1.0,0.3125
2026-05-12T11:50,14,40,0.3125,40,46,0.0,5.459414199457999,0.9877627968826271,0.640625,1.0,0.3125
2026-05-12T12:20,15,40,0.3125,40,46,0.0,5.4594070102897545,0.9877664905750864,0.640625,1.0,0.3125
2026-05-12T12:50,16,40,0.3125,40,46,0.0,5.459399810551493,0.9877701820384011,0.640625,1.0,0.3125
2026-05-12T13:20,15,40,0.3125,40,46,0.0,5.459392600266392,0.9877738712745886,0.640625,1.0,0.3125
2026-05-12T13:50,15,40,0.3125,40,46,0.0,5.459385379457579,0.9877775582856638,0.640625,1.0,0.3125
2026-05-12T14:20,15,40,0.3125,40,46,0.0,5.459378148148138,0.9877812430736391,0.640625,1.0,0.3125
2026-05-12T14:50,17,40,0.3125,40,46,0.0,5.459370906361101,0.9877849256405248,0.640625,1.0,0.3125
2026-05-12T15:20,16,40,0.3125,40,46,0.0,5.459363654119455,0.9877886059883282,0.640625,1.0,0.3125
2026-05-12T15:50,16,40,0.3125,40,46,0.0,5.459356391446141,0.9877922841190546,0.640625,1.0,0.3125
2026-05-12T16:20,15,40,0.3125,40,46,0.0,5.45934911836405,0.9877959600347067,0.640625,1.0,0.3125
2026-05-12T16:50,16,40,0.3125,40,46,0.0,5.459341834896032,0.9877996337372851,0.640625,1.0,0.3125
2026-05-12T17:20,15,40,0.3125,40,46,0.0,5.4593367572019345,0.987788625575521,0.640625,1.0,0.3125
2026-05-12T17:50,15,40,0.3125,40,46,0.0,5.459331666375394,0.9877922992742046,0.640625,1.0,0.3125
2026-05-12T18:20,15,40,0.3125,40,46,0.0,5.459326562443559,0.9877959707631447,0.640625,1.0,0.3125
2026-05-12T18:50,13,40,0.3125,40,46,0.0,5.459321535430398,0.9877849736318856,0.640625,1.0,0.3125
2026-05-12T19:20,13,40,0.3125,40,46,0.0,5.459316495249793,0.9877886451156151,0.640625,1.0,0.3125
2026-05-12T19:50,14,40,0.3125,40,46,0.0,5.459311441928923,0.9877923143929241,0.640625,1.0,0.3125
2026-05-12T20:20,14,40,0.3125,40,46,0.0,5.459306375494906,0.9877959814658009,0.640625,1.0,0.3125
2026-05-12T20:50,14,40,0.3125,40,46,0.0,5.459301295974807,0.9877996463362316,0.640625,1.0,0.3125
2026-05-12T21:20,13,40,0.3125,40,46,0.0,5.45929859670011,0.9877886646087801,0.640625,1.0,0.3125
2026-05-12T21:50,13,40,0.3125,40,46,0.0,5.459295881205456,0.9877923294753441,0.640625,1.0,0.3125
2026-05-12T22:20,13,40,0.3125,40,46,0.0,5.459293149523183,0.9877959921427683,0.640625,1.0,0.3125
2026-05-12T22:50,13,40,0.3125,40,46,0.0,5.459290401685565,0.9877996526130314,0.640625,1.0,0.3125
2026-05-12T23:20,13,40,0.3125,40,46,0.0,5.459294337071349,0.9877886840551849,0.640625,1.0,0.3125
2026-05-12T23:50,12,40,0.3125,40,46,0.0,5.459298248411772,0.9877923445215953,0.640625,1.0,0.3125
2026-05-13T00:20,12,40,0.3125,40,46,0.0,5.459302135750828,0.987796002794139,0.640625,1.0,0.3125
2026-05-13T00:50,11,40,0.3125,40,46,0.0,5.459305999132424,0.9877996588747878,0.640625,1.0,0.3125
2026-05-13T01:20,11,40,0.3125,40,46,0.0,5.459309838600382,0.9878033127655111,0.640625,1.0,0.3125
2026-05-13T01:50,10,40,0.3125,40,46,0.0,5.459313654198429,0.987806964468276,0.640625,1.0,0.3125
2026-05-13T02:20,9,40,0.3125,40,46,0.0,5.45932398967949,0.9877960134200051,0.640625,1.0,0.3125
2026-05-13T02:50,9,40,0.3125,40,46,0.0,5.459334293068644,0.987799665121555,0.640625,1.0,0.3125
2026-05-13T03:20,9,40,0.3125,40,46,0.0,5.4593463366844714,0.9877887228083854,0.640625,1.0,0.3125
2026-05-13T03:50,10,40,0.3125,40,46,0.0,5.45935834588085,0.9877923745061101,0.640625,1.0,0.3125
2026-05-13T04:20,10,40,0.3125,40,46,0.0,5.459370320718889,0.9877960240204581,0.640625,1.0,0.3125
2026-05-13T04:50,10,40,0.3125,40,46,0.0,5.459382261259562,0.9877996713533868,0.640625,1.0,0.3125
2026-05-13T05:20,10,40,0.3125,40,46,0.0,5.45939263678886,0.9877887421155146,0.640625,1.0,0.3125
2026-05-13T05:50,10,40,0.3125,40,46,0.0,5.459402980032677,0.9877923894446318,0.640625,1.0,0.3125
2026-05-13T06:20,10,40,0.3125,40,46,0.0,5.459406413720099,0.9877814689079792,0.640625,1.0,0.3125
2026-05-13T06:50,11,40,0.3125,40,46,0.0,5.45940982342862,0.9877851162306933,0.640625,1.0,0.3125
2026-05-13T07:20,10,40,0.3125,40,46,0.0,5.459413209203312,0.987788761376551,0.640625,1.0,0.3125
2026-05-13T07:50,11,40,0.3125,40,46,0.0,5.45941657108915,0.9877924043475007,0.640625,1.0,0.3125
2026-05-13T08:20,11,40,0.3125,40,46,0.0,5.459419909131016,0.9877960451454884,0.640625,1.0,0.3125
2026-05-13T08:50,12,40,0.3125,40,46,0.0,5.459421917747991,0.987785139798753,0.640625,1.0,0.3125
2026-05-13T09:20,12,40,0.3125,40,46,0.0,5.459423904343974,0.9877887805916595,0.640625,1.0,0.3125
2026-05-13T09:50,12,40,0.3125,40,46,0.0,5.459425868960614,0.9877924192148444,0.640625,1.0,0.3125
2026-05-13T10:20,13,40,0.3125,40,46,0.0,5.459424588472285,0.9877815246938376,0.640625,1.0,0.3125
2026-05-13T10:50,10,40,0.3125,40,46,0.0,5.459423290465049,0.9877851633106649,0.640625,1.0,0.3125
2026-05-13T11:20,9,40,0.3125,40,46,0.0,5.4594219749726065,0.9877887997610041,0.640625,1.0,0.3125
2026-05-13T11:50,12,40,0.3125,40,46,0.0,5.4594149054646595,0.9877779160444666,0.640625,1.0,0.3125
2026-05-13T12:20,12,40,0.3125,40,46,0.0,5.459407825655339,0.9877815524871788,0.640625,1.0,0.3125
2026-05-13T12:50,12,40,0.3125,40,46,0.0,5.459400735566906,0.9877851867666294,0.640625,1.0,0.3125
2026-05-13T13:20,11,40,0.3125,40,46,0.0,5.459393635221569,0.9877888188847481,0.640625,1.0,0.3125
2026-05-13T13:50,12,40,0.3125,40,46,0.0,5.459386524641498,0.9877924488434625,0.640625,1.0,0.3125
2026-05-13T14:20,12,40,0.3125,40,46,0.0,5.459379403848814,0.9877960766446978,0.640625,1.0,0.3125
2026-05-13T14:50,9,40,0.3125,40,46,0.0,5.459372272865596,0.9877997022903767,0.640625,1.0,0.3125
2026-05-13T15:20,11,40,0.3125,40,46,0.0,5.459365131713877,0.9878033257824199,0.640625,1.0,0.3125
2026-05-13T15:50,10,40,0.3125,40,46,0.0,5.459357980415645,0.9878069471227459,0.640625,1.0,0.3125
2026-05-13T16:20,10,40,0.3125,40,46,0.0,5.459350818992847,0.9878105663132704,0.640625,1.0,0.3125
2026-05-13T16:50,11,40,0.3125,40,46,0.0,5.459343647467381,0.9878141833559074,0.640625,1.0,0.3125
2026-05-13T17:20,12,40,0.3125,40,46,0.0,5.459338647120453,0.9878033276243261,0.640625,1.0,0.3125
2026-05-13T17:50,9,40,0.3125,40,46,0.0,5.459333634005465,0.9878069446683283,0.640625,1.0,0.3125
2026-05-13T18:20,10,40,0.3125,40,46,0.0,5.4593286081484385,0.9878105595676262,0.640625,1.0,0.3125
2026-05-13T18:50,10,40,0.3125,40,46,0.0,5.459323649761889,0.9877997145624772,0.640625,1.0,0.3125
2026-05-13T19:20,10,40,0.3125,40,46,0.0,5.459318678583031,0.987803329461866,0.640625,1.0,0.3125
2026-05-13T19:50,10,40,0.3125,40,46,0.0,5.459313694637893,0.9878069422197269,0.640625,1.0,0.3125
2026-05-13T20:20,10,40,0.3125,40,46,0.0,5.459308697952451,0.987810552837962,0.640625,1.0,0.3125
2026-05-13T20:50,9,40,0.3125,40,46,0.0,5.459303688552624,0.9878141613184719,0.640625,1.0,0.3125
2026-05-13T21:20,9,40,0.3125,40,46,0.0,5.459301022654501,0.9878033312950556,0.640625,1.0,0.3125
2026-05-13T21:50,9,40,0.3125,40,46,0.0,5.459298341000071,0.987806939776921,0.640625,1.0,0.3125
2026-05-13T22:20,9,40,0.3125,40,46,0.0,5.459295643620307,0.9878105461242216,0.640625,1.0,0.3125
2026-05-13T22:50,9,40,0.3125,40,46,0.0,5.4592929305461135,0.9878141503388507,0.640625,1.0,0.3125
2026-05-13T23:20,9,40,0.3125,40,46,0.0,5.4592968002949585,0.9878033331239102,0.640625,1.0,0.3125
2026-05-13T23:50,9,40,0.3125,40,46,0.0,5.459300646688828,0.98780693733989,0.640625,1.0,0.3125
2026-05-14T00:20,8,40,0.3125,40,46,0.0,5.459304469769851,0.9878105394263479,0.640625,1.0,0.3125
2026-05-14T00:50,9,40,0.3125,40,46,0.0,5.459308269580072,0.9878141393851706,0.640625,1.0,0.3125
2026-05-14T01:20,8,40,0.3125,40,46,0.0,5.45931204616145,0.9878177372182426,0.640625,1.0,0.3125
2026-05-14T01:50,8,40,0.3125,40,46,0.0,5.4593157995558625,0.9878213329274462,0.640625,1.0,0.3125
2026-05-14T02:20,9,40,0.3125,40,46,0.0,5.459325979120036,0.9878105327442853,0.640625,1.0,0.3125
2026-05-14T02:50,9,40,0.3125,40,46,0.0,5.459336127506899,0.9878141284573401,0.640625,1.0,0.3125
2026-05-14T03:20,8,40,0.3125,40,46,0.0,5.459347991682666,0.9878033367686754,0.640625,1.0,0.3125
2026-05-14T03:50,8,40,0.3125,40,46,0.0,5.459359822417756,0.9878069324830715,0.640625,1.0,0.3125
2026-05-14T04:20,8,40,0.3125,40,46,0.0,5.459371619770695,0.9878105260779777,0.640625,1.0,0.3125
2026-05-14T04:50,8,40,0.3125,40,46,0.0,5.459383383799894,0.9878141175552677,0.640625,1.0,0.3125
2026-05-14T05:20,8,40,0.3125,40,46,0.0,5.4593936067091136,0.9878033385846166,0.640625,1.0,0.3125
2026-05-14T05:50,8,40,0.3125,40,46,0.0,5.459403798246771,0.987806930063243,0.640625,1.0,0.3125
2026-05-14T06:20,8,40,0.3125,40,46,0.0,5.459413958468103,0.9878105194273692,0.640625,1.0,0.3125
2026-05-14T06:50,8,40,0.3125,40,46,0.0,5.459417318080231,0.9877997510320684,0.640625,1.0,0.3125
2026-05-14T07:20,8,40,0.3125,40,46,0.0,5.459420654431649,0.9878033403962837,0.640625,1.0,0.3125
2026-05-14T07:50,8,40,0.3125,40,46,0.0,5.459423967565451,0.9878069276491084,0.640625,1.0,0.3125
2026-05-14T08:20,8,40,0.3125,40,46,0.0,5.459427257524641,0.9878105127924047,0.640625,1.0,0.3125
2026-05-14T08:50,9,40,0.3125,40,46,0.0,5.459429247606575,0.9877997570603068,0.640625,1.0,0.3125
2026-05-14T09:20,9,40,0.3125,40,46,0.0,5.459431216270917,0.9878033422036919,0.640625,1.0,0.3125
2026-05-14T09:50,9,40,0.3125,40,46,0.0,5.459433163557603,0.9878069252406474,0.640625,1.0,0.3125
2026-05-14T10:20,9,40,0.3125,40,46,0.0,5.459431909026285,0.9877961800385782,0.640625,1.0,0.3125
2026-05-14T10:50,10,40,0.3125,40,46,0.0,5.459430637455594,0.987799763074386,0.640625,1.0,0.3125
2026-05-14T11:20,10,40,0.3125,40,46,0.0,5.459429348877847,0.9878033440068561,0.640625,1.0,0.3125
2026-05-14T11:50,9,40,0.3125,40,46,0.0,5.459422387606678,0.9877926093144231,0.640625,1.0,0.3125
2026-05-14T12:20,8,40,0.3125,40,46,0.0,5.459415416310854,0.9877961902445157,0.640625,1.0,0.3125
2026-05-14T12:50,9,40,0.3125,40,46,0.0,5.459408435011722,0.987799769074356,0.640625,1.0,0.3125
2026-05-14T13:20,9,40,0.3125,40,46,0.0,5.4594014437305844,0.9878033458057912,0.640625,1.0,0.3125
2026-05-14T13:50,9,40,0.3125,40,46,0.0,5.459394442488708,0.9878069204406664,0.640625,1.0,0.3125
2026-05-14T14:20,10,40,0.3125,40,46,0.0,5.45938743130731,0.9878104929808245,0.640625,1.0,0.3125
2026-05-14T14:50,12,40,0.3125,40,46,0.0,5.459380410207571,0.987814063428106,0.640625,1.0,0.3125
2026-05-14T15:20,12,40,0.3125,40,46,0.0,5.459373379210627,0.9878176317843496,0.640625,1.0,0.3125
2026-05-14T15:50,9,40,0.3125,40,46,0.0,5.459366338337571,0.9878211980513917,0.640625,1.0,0.3125
2026-05-14T16:20,9,40,0.3125,40,46,0.0,5.459359287609454,0.9878247622310664,0.640625,1.0,0.3125
2026-05-14T16:50,11,40,0.3125,40,46,0.0,5.459352227047288,0.987828324325206,0.640625,1.0,0.3125
2026-05-14T17:20,11,40,0.3125,40,46,0.0,5.459347304124745,0.9878176168633369,0.640625,1.0,0.3125
2026-05-14T17:50,11,40,0.3125,40,46,0.0,5.459342368780356,0.9878211789636693,0.640625,1.0,0.3125
2026-05-14T18:20,9,40,0.3125,40,46,0.0,5.459337484874181,0.9878104798503199,0.640625,1.0,0.3125
2026-05-14T18:50,10,40,0.3125,40,46,0.0,5.459332588515803,0.9878140419543964,0.640625,1.0,0.3125
2026-05-14T19:20,9,40,0.3125,40,46,0.0,5.459327679730206,0.9878176019771967,0.640625,1.0,0.3125
2026-05-14T19:50,10,40,0.3125,40,46,0.0,5.4593227585423225,0.9878211599205444,0.640625,1.0,0.3125
2026-05-14T20:20,9,40,0.3125,40,46,0.0,5.459317824977036,0.9878247157862611,0.640625,1.0,0.3125
2026-05-14T20:50,9,40,0.3125,40,46,0.0,5.459312879059181,0.9878282695761659,0.640625,1.0,0.3125
2026-05-14T21:20,9,40,0.3125,40,46,0.0,5.459310232672347,0.9878175871258067,0.640625,1.0,0.3125
2026-05-14T21:50,9,40,0.3125,40,46,0.0,5.459307570990444,0.987821140921861,0.640625,1.0,0.3125
2026-05-14T22:20,9,40,0.3125,40,46,0.0,5.459304894043122,0.9878246926451267,0.640625,1.0,0.3125
2026-05-14T22:50,9,40,0.3125,40,46,0.0,5.459302201859969,0.9878282422974167,0.640625,1.0,0.3125
2026-05-14T23:20,9,40,0.3125,40,46,0.0,5.459305990742185,0.9878175723090453,0.640625,1.0,0.3125
2026-05-14T23:50,8,40,0.3125,40,46,0.0,5.459309756951887,0.9878211219674634,0.640625,1.0,0.3125
2026-05-15T00:20,8,40,0.3125,40,46,0.0,5.459313500529407,0.9878246695579186,0.640625,1.0,0.3125
2026-05-15T00:50,8,40,0.3125,40,46,0.0,5.4593172215149925,0.9878282150822174,0.640625,1.0,0.3125
2026-05-15T01:20,8,40,0.3125,40,46,0.0,5.459320919948814,0.9878317585421643,0.640625,1.0,0.3125
2026-05-15T02:20,8,40,0.3125,40,46,0.0,5.45933095033473,0.9878211030571973,0.640625,1.0,0.3125
2026-05-15T02:50,8,40,0.3125,40,46,0.0,5.459340950402538,0.9878246465244486,0.640625,1.0,0.3125
2026-05-15T03:20,8,40,0.3125,40,46,0.0,5.459352635658134,0.9878139993067845,0.640625,1.0,0.3125
2026-05-15T03:50,8,40,0.3125,40,46,0.0,5.459364288402308,0.9878175427789255,0.640625,1.0,0.3125
2026-05-15T04:20,7,40,0.3125,40,46,0.0,5.459375908691184,0.9878210841909083,0.640625,1.0,0.3125
2026-05-15T04:50,7,40,0.3125,40,46,0.0,5.459387496580775,0.987824623544529,0.640625,1.0,0.3125
2026-05-15T05:20,7,40,0.3125,40,46,0.0,5.459397566087166,0.9878139887068331,0.640625,1.0,0.3125
2026-05-15T05:50,7,40,0.3125,40,46,0.0,5.459407605090182,0.9878175280653266,0.640625,1.0,0.3125
2026-05-15T06:20,7,40,0.3125,40,46,0.0,5.4594176136428025,0.9878210653684436,0.640625,1.0,0.3125
2026-05-15T06:50,8,40,0.3125,40,46,0.0,5.459420919388047,0.9878104408247067,0.640625,1.0,0.3125
2026-05-15T07:20,8,40,0.3125,40,46,0.0,5.4594242025125554,0.9878139781314901,0.640625,1.0,0.3125
2026-05-15T07:50,8,40,0.3125,40,46,0.0,5.4594274630576685,0.9878175133858761,0.640625,1.0,0.3125
2026-05-15T08:20,9,40,0.3125,40,46,0.0,5.459430701064639,0.9878210465896504,0.640625,1.0,0.3125
2026-05-15T08:50,9,40,0.3125,40,46,0.0,5.4594326663669515,0.9878104343732415,0.640625,1.0,0.3125
2026-05-15T09:20,10,40,0.3125,40,46,0.0,5.45943461082803,0.9878139675806695,0.640625,1.0,0.3125
2026-05-15T09:50,10,40,0.3125,40,46,0.0,5.459436534486201,0.9878174987404549,0.640625,1.0,0.3125
2026-05-15T10:20,10,40,0.3125,40,46,0.0,5.459435297565922,0.9878068967744801,0.640625,1.0,0.3125
2026-05-15T10:50,10,40,0.3125,40,46,0.0,5.459434044065578,0.9878104279367231,0.640625,1.0,0.3125
2026-05-15T11:20,10,40,0.3125,40,46,0.0,5.459432774016188,0.9878139570542863,0.640625,1.0,0.3125
2026-05-15T11:50,12,40,0.3125,40,46,0.0,5.459425913677151,0.9878033653191607,0.640625,1.0,0.3125
2026-05-15T12:20,11,40,0.3125,40,46,0.0,5.459419043576066,0.987806894437992,0.640625,1.0,0.3125
2026-05-15T12:50,12,40,0.3125,40,46,0.0,5.459412163733435,0.9878104215150999,0.640625,1.0,0.3125
2026-05-15T13:20,12,40,0.3125,40,46,0.0,5.45940527416972,0.9878139465522557,0.640625,1.0,0.3125
2026-05-15T13:50,13,40,0.3125,40,46,0.0,5.459398374905341,0.9878174695512287,0.640625,1.0,0.3125
2026-05-15T14:20,13,40,0.3125,40,46,0.0,5.459391465960679,0.9878209905137862,0.640625,1.0,0.3125
2026-05-15T14:50,13,40,0.3125,40,46,0.0,5.459384547356077,0.9878245094416932,0.640625,1.0,0.3125
2026-05-15T15:20,13,40,0.3125,40,46,0.0,5.459377619111834,0.987828026336713,0.640625,1.0,0.3125
2026-05-15T15:50,14,40,0.3125,40,46,0.0,5.459370681248212,0.9878315412006065,0.640625,1.0,0.3125
2026-05-15T16:20,14,40,0.3125,40,46,0.0,5.459363733785434,0.9878350540351328,0.640625,1.0,0.3125
2026-05-15T17:20,14,40,0.3125,40,46,0.0,5.459358893970219,0.9878244867791907,0.640625,1.0,0.3125
2026-05-15T17:50,14,40,0.3125,40,46,0.0,5.4593540420377735,0.9878279996220125,0.640625,1.0,0.3125
2026-05-15T18:20,14,40,0.3125,40,46,0.0,5.45934917801211,0.9878315104383892,0.640625,1.0,0.3125
2026-05-15T18:50,13,40,0.3125,40,46,0.0,5.459344350243551,0.9878209533454702,0.640625,1.0,0.3125
2026-05-15T19:20,13,40,0.3125,40,46,0.0,5.459339510369739,0.9878244641689509,0.640625,1.0,0.3125
2026-05-15T19:50,13,40,0.3125,40,46,0.0,5.459334658414636,0.9878279729689022,0.640625,1.0,0.3125
2026-05-15T20:20,13,40,0.3125,40,46,0.0,5.459329794402152,0.9878314797470731,0.640625,1.0,0.3125
2026-05-15T20:50,13,40,0.3125,40,46,0.0,5.459324918356162,0.9878349845052105,0.640625,1.0,0.3125
2026-05-15T21:20,12,40,0.3125,40,46,0.0,5.4593223022725486,0.9878244416107935,0.640625,1.0,0.3125
2026-05-15T21:50,12,40,0.3125,40,46,0.0,5.459319671302185,0.9878279463771692,0.640625,1.0,0.3125
2026-05-15T22:20,12,40,0.3125,40,46,0.0,5.459317025473543,0.9878314491264132,0.640625,1.0,0.3125
2026-05-15T22:50,11,40,0.3125,40,46,0.0,5.4593143648150395,0.9878349498602663,0.640625,1.0,0.3125
2026-05-15T23:20,11,40,0.3125,40,46,0.0,5.459318093793208,0.9878244191045387,0.640625,1.0,0.3125
2026-05-15T23:50,9,40,0.3125,40,46,0.0,5.4593218007066255,0.9878279198466018,0.640625,1.0,0.3125
2026-05-16T00:20,10,40,0.3125,40,46,0.0,5.4593254855940225,0.9878314185761659,0.640625,1.0,0.3125
2026-05-16T00:50,9,40,0.3125,40,46,0.0,5.459329148494051,0.9878349152949658,0.640625,1.0,0.3125
2026-05-16T01:20,9,40,0.3125,40,46,0.0,5.459332789445287,0.9878384100047345,0.640625,1.0,0.3125
2026-05-16T01:50,9,40,0.3125,40,46,0.0,5.459336408486233,0.9878419027072031,0.640625,1.0,0.3125
2026-05-16T02:20,9,40,0.3125,40,46,0.0,5.45934626800371,0.9878313880960885,0.640625,1.0,0.3125
2026-05-16T02:50,9,40,0.3125,40,46,0.0,5.459356098059175,0.9878348808090345,0.640625,1.0,0.3125
2026-05-16T03:20,8,40,0.3125,40,46,0.0,5.459367590878213,0.9878243742470217,0.640625,1.0,0.3125
2026-05-16T03:50,8,40,0.3125,40,46,0.0,5.459379052099712,0.9878278669681213,0.640625,1.0,0.3125
2026-05-16T04:20,7,40,0.3125,40,46,0.0,5.45939048177749,0.9878313576859394,0.640625,1.0,0.3125
2026-05-16T04:50,7,40,0.3125,40,46,0.0,5.459401879965251,0.9878348464021992,0.640625,1.0,0.3125
2026-05-16T05:20,7,40,0.3125,40,46,0.0,5.459411787759186,0.9878243518954044,0.640625,1.0,0.3125
2026-05-16T05:50,7,40,0.3125,40,46,0.0,5.459421665898343,0.9878278406197897,0.640625,1.0,0.3125
2026-05-16T06:20,7,40,0.3125,40,46,0.0,5.459431514433529,0.9878313273454786,0.640625,1.0,0.3125
2026-05-16T06:50,8,40,0.3125,40,46,0.0,5.459434767375171,0.9878208428623314,0.640625,1.0,0.3125
2026-05-16T07:20,9,40,0.3125,40,46,0.0,5.459437998311065,0.9878243295949789,0.640625,1.0,0.3125
2026-05-16T07:50,9,40,0.3125,40,46,0.0,5.459441207280882,0.9878278143317862,0.640625,1.0,0.3125
2026-05-16T08:20,9,40,0.3125,40,46,0.0,5.459444394324218,0.9878312970744667,0.640625,1.0,0.3125
2026-05-16T08:50,10,40,0.3125,40,46,0.0,5.459446342553865,0.9878208245959543,0.640625,1.0,0.3125
2026-05-16T09:20,11,40,0.3125,40,46,0.0,5.459448270486578,0.9878243073455695,0.640625,1.0,0.3125
2026-05-16T09:50,12,40,0.3125,40,46,0.0,5.459450178159179,0.987827788103904,0.640625,1.0,0.3125
2026-05-16T10:20,13,40,0.3125,40,46,0.0,5.459448971908606,0.9878173256072168,0.640625,1.0,0.3125
2026-05-16T10:50,13,40,0.3125,40,46,0.0,5.4594477495021385,0.987820806371329,0.640625,1.0,0.3125
2026-05-16T11:20,13,40,0.3125,40,46,0.0,5.4594465109695856,0.9878242851470013,0.640625,1.0,0.3125
2026-05-16T11:50,14,40,0.3125,40,46,0.0,5.459439762184443,0.98781383261332,0.640625,1.0,0.3125
2026-05-16T12:20,14,40,0.3125,40,46,0.0,5.459433003872942,0.9878173113936188,0.640625,1.0,0.3125
2026-05-16T12:50,14,40,0.3125,40,46,0.0,5.459426236054807,0.9878207881883124,0.640625,1.0,0.3125
2026-05-16T13:20,15,40,0.3125,40,46,0.0,5.459419458749724,0.9878242629991003,0.640625,1.0,0.3125
2026-05-16T13:50,14,40,0.3125,40,46,0.0,5.459412671977342,0.9878277358276801,0.640625,1.0,0.3125
2026-05-16T14:20,14,40,0.3125,40,46,0.0,5.459405875757269,0.9878312066757475,0.640625,1.0,0.3125
2026-05-16T14:50,14,40,0.3125,40,46,0.0,5.459399070109079,0.9878346755449962,0.640625,1.0,0.3125
2026-05-16T15:20,14,40,0.3125,40,46,0.0,5.459392255052307,0.9878381424371179,0.640625,1.0,0.3125
2026-05-16T15:50,14,40,0.3125,40,46,0.0,5.459385430606444,0.9878416073538024,0.640625,1.0,0.3125
2026-05-16T16:20,14,40,0.3125,40,46,0.0,5.459378596790954,0.9878450702967378,0.640625,1.0,0.3125
2026-05-16T16:50,14,40,0.3125,40,46,0.0,5.459371753625255,0.9878485312676101,0.640625,1.0,0.3125
2026-05-16T17:20,14,40,0.3125,40,46,0.0,5.459366986475998,0.9878381045613555,0.640625,1.0,0.3125
2026-05-16T17:50,14,40,0.3125,40,46,0.0,5.459362207529764,0.9878415655446904,0.640625,1.0,0.3125
2026-05-16T18:20,13,40,0.3125,40,46,0.0,5.459357416809603,0.9878450245587601,0.640625,1.0,0.3125
2026-05-16T18:50,13,40,0.3125,40,46,0.0,5.459352654647073,0.98783460774637,0.640625,1.0,0.3125
2026-05-16T19:20,12,40,0.3125,40,46,0.0,5.459347880707292,0.9878380667717478,0.640625,1.0,0.3125
2026-05-16T19:50,12,40,0.3125,40,46,0.0,5.45934309501325,0.9878415238306529,0.640625,1.0,0.3125
2026-05-16T20:20,12,40,0.3125,40,46,0.0,5.4593382975879,0.9878449789247619,0.640625,1.0,0.3125
2026-05-16T20:50,12,40,0.3125,40,46,0.0,5.4593334884541465,0.9878484320557491,0.640625,1.0,0.3125
2026-05-16T21:20,12,40,0.3125,40,46,0.0,5.459330898195892,0.9878380290680012,0.640625,1.0,0.3125
2026-05-16T21:50,12,40,0.3125,40,46,0.0,5.459328293466545,0.9878414822113664,0.640625,1.0,0.3125
2026-05-16T22:20,12,40,0.3125,40,46,0.0,5.459325674293408,0.987844933394389,0.640625,1.0,0.3125
2026-05-16T22:50,12,40,0.3125,40,46,0.0,5.459323040703731,0.9878483826187379,0.640625,1.0,0.3125
2026-05-16T23:20,12,40,0.3125,40,46,0.0,5.459326700786767,0.9878379914498233,0.640625,1.0,0.3125
2026-05-16T23:50,12,40,0.3125,40,46,0.0,5.4593303394240245,0.987841440686508,0.640625,1.0,0.3125
2026-05-17T00:20,11,40,0.3125,40,46,0.0,5.459333956652637,0.9878448879672888,0.640625,1.0,0.3125
2026-05-17T00:50,12,40,0.3125,40,46,0.0,5.459337552509663,0.9878483332938286,0.640625,1.0,0.3125
2026-05-17T01:20,12,40,0.3125,40,46,0.0,5.45934112703209,0.987851776667789,0.640625,1.0,0.3125
2026-05-17T01:50,12,40,0.3125,40,46,0.0,5.459344680256836,0.9878552180908293,0.640625,1.0,0.3125
2026-05-17T02:20,12,40,0.3125,40,46,0.0,5.459354388055462,0.9878448426431103,0.640625,1.0,0.3125
2026-05-17T02:50,11,40,0.3125,40,46,0.0,5.459364067208745,0.9878482840806405,0.640625,1.0,0.3125
2026-05-17T03:20,11,40,0.3125,40,46,0.0,5.459375386813013,0.9878379164690115,0.640625,1.0,0.3125
2026-05-17T03:50,11,40,0.3125,40,46,0.0,5.459386675692822,0.9878413579187939,0.640625,1.0,0.3125
2026-05-17T04:20,11,40,0.3125,40,46,0.0,5.4593979338997904,0.9878447974215043,0.640625,1.0,0.3125
2026-05-17T04:50,11,40,0.3125,40,46,0.0,5.459407716365997,0.9878344395919718,0.640625,1.0,0.3125
2026-05-17T05:20,11,40,0.3125,40,46,0.0,5.459417469951376,0.9878378791057993,0.640625,1.0,0.3125
2026-05-17T05:50,11,40,0.3125,40,46,0.0,5.459427194704754,0.9878413166753003,0.640625,1.0,0.3125
2026-05-17T06:20,11,40,0.3125,40,46,0.0,5.459430415896566,0.9878309686096094,0.640625,1.0,0.3125
2026-05-17T06:50,11,40,0.3125,40,46,0.0,5.459433615647553,0.9878344061890981,0.640625,1.0,0.3125
2026-05-17T07:20,11,40,0.3125,40,46,0.0,5.459436793995855,0.9878378418270002,0.640625,1.0,0.3125
2026-05-17T07:50,11,40,0.3125,40,46,0.0,5.459439950979541,0.9878412755249598,0.640625,1.0,0.3125
2026-05-17T08:20,12,40,0.3125,40,46,0.0,5.4594430866365995,0.9878447072846197,0.640625,1.0,0.3125
2026-04-27T07:20,9,40,0.3125,40,46,0.0,5.459446201004945,0.9878481371076206,0.640625,1.0,0.3125
2026-04-27T07:50,10,40,0.3125,40,46,0.0,5.459449294122417,0.9878515649956016,0.640625,1.0,0.3125
2026-04-27T08:20,11,40,0.3125,40,46,0.0,5.459452366026779,0.9878549909501996,0.640625,1.0,0.3125
2026-04-27T08:50,12,40,0.3125,40,46,0.0,5.459454248876538,0.9878446623686503,0.640625,1.0,0.3125
2026-04-27T09:50,14,40,0.3125,40,46,0.0,5.459456112055006,0.987848088337543,0.640625,1.0,0.3125
2026-04-27T10:50,16,40,0.3125,40,46,0.0,5.459454919950853,0.9878377675214984,0.640625,1.0,0.3125
2026-04-27T11:50,18,40,0.3125,40,46,0.0,5.45944829219058,0.9878274525199979,0.640625,1.0,0.3125
2026-04-27T12:50,18,40,0.3125,40,46,0.0,5.4594416551218306,0.9878308804410004,0.640625,1.0,0.3125
2026-04-27T13:20,19,40,0.3125,40,46,0.0,5.4594350087636005,0.9878343064318674,0.640625,1.0,0.3125
2026-04-27T13:50,19,40,0.3125,40,46,0.0,5.459428353134848,0.9878377304942283,0.640625,1.0,0.3125
2026-04-27T14:50,20,40,0.3125,40,46,0.0,5.459421688254497,0.9878411526297111,0.640625,1.0,0.3125
2026-04-27T15:50,21,40,0.3125,40,46,0.0,5.459415014141432,0.9878445728399418,0.640625,1.0,0.3125
2026-04-27T16:50,20,40,0.3125,40,46,0.0,5.459408330814502,0.9878479911265448,0.640625,1.0,0.3125
2026-04-27T17:50,19,40,0.3125,40,46,0.0,5.4594036781222695,0.9878376935502357,0.640625,1.0,0.3125
2026-04-27T18:50,18,40,0.3125,40,46,0.0,5.459398994136728,0.9878274017623337,0.640625,1.0,0.3125
2026-04-27T19:50,17,40,0.3125,40,46,0.0,5.459394298620256,0.9878308219922404,0.640625,1.0,0.3125
2026-04-27T20:50,16,40,0.3125,40,46,0.0,5.459389591595089,0.9878342403006695,0.640625,1.0,0.3125
2026-04-27T21:50,14,40,0.3125,40,46,0.0,5.459387014179104,0.9878239581529286,0.640625,1.0,0.3125
2026-04-27T22:50,14,40,0.3125,40,46,0.0,5.459384422632418,0.9878273764690001,0.640625,1.0,0.3125
2026-04-27T23:50,12,40,0.3125,40,46,0.0,5.4593879904190254,0.9878171020193021,0.640625,1.0,0.3125
2026-04-28T00:50,10,40,0.3125,40,46,0.0,5.459391537277739,0.9878205203408454,0.640625,1.0,0.3125
2026-04-28T01:50,11,40,0.3125,40,46,0.0,5.4593950632444095,0.987823936744677,0.640625,1.0,0.3125
2026-04-28T02:50,10,40,0.3125,40,46,0.0,5.459404605090096,0.9878136719032441,0.640625,1.0,0.3125
2026-04-28T03:50,10,40,0.3125,40,46,0.0,5.459415703941538,0.9878034128172593,0.640625,1.0,0.3125
2026-04-28T04:50,9,40,0.3125,40,46,0.0,5.459426772797459,0.9878068311432633,0.640625,1.0,0.3125
2026-04-28T05:50,9,40,0.3125,40,46,0.0,5.45943633309787,0.9877965797229921,0.640625,1.0,0.3125
2026-04-28T06:50,10,40,0.3125,40,46,0.0,5.459439418397933,0.9877863340458134,0.640625,1.0,0.3125
2026-04-28T07:50,10,40,0.3125,40,46,0.0,5.459442482763227,0.987789754282709,0.640625,1.0,0.3125
2026-04-28T08:50,10,40,0.3125,40,46,0.0,5.4594443605957865,0.9877795162530093,0.640625,1.0,0.3125
2026-04-28T09:50,10,40,0.3125,40,46,0.0,5.4594462190209585,0.987782936483557,0.640625,1.0,0.3125
2026-04-28T10:50,10,40,0.3125,40,46,0.0,5.459445036120831,0.9877727060906392,0.640625,1.0,0.3125
2026-04-28T11:50,12,40,0.3125,40,46,0.0,5.45943844472972,0.987762481421018,0.640625,1.0,0.3125
2026-04-28T12:50,14,40,0.3125,40,46,0.0,5.459431844172154,0.9877659035459003,0.640625,1.0,0.3125
2026-04-28T13:50,14,40,0.3125,40,46,0.0,5.45942523446672,0.9877693237573775,0.640625,1.0,0.3125
2026-04-28T14:50,16,40,0.3125,40,46,0.0,5.459418615631961,0.987772742057054,0.640625,1.0,0.3125
2026-04-28T15:50,16,40,0.3125,40,46,0.0,5.459411987686389,0.9877761584465324,0.640625,1.0,0.3125
2026-04-28T16:50,16,40,0.3125,40,46,0.0,5.459405350648481,0.9877795729274133,0.640625,1.0,0.3125
2026-04-28T17:50,15,40,0.3125,40,46,0.0,5.459400729426324,0.9877693634717494,0.640625,1.0,0.3125
2026-04-28T18:50,15,40,0.3125,40,46,0.0,5.459396070845782,0.9877591597165075,0.640625,1.0,0.3125
2026-04-28T19:50,13,40,0.3125,40,46,0.0,5.459391400895488,0.9877625760827602,0.640625,1.0,0.3125
2026-04-28T20:50,12,40,0.3125,40,46,0.0,5.459386719597224,0.9877659905425585,0.640625,1.0,0.3125
2026-04-28T21:50,10,40,0.3125,40,46,0.0,5.459384153006247,0.9877557962668688,0.640625,1.0,0.3125
2026-04-28T22:50,9,40,0.3125,40,46,0.0,5.459381572480947,0.987759210712974,0.640625,1.0,0.3125
2026-04-28T23:50,9,40,0.3125,40,46,0.0,5.459385111924327,0.9877490240114079,0.640625,1.0,0.3125
2026-04-29T00:50,9,40,0.3125,40,46,0.0,5.459388630724328,0.987752438441728,0.640625,1.0,0.3125
2026-04-29T01:50,9,40,0.3125,40,46,0.0,5.459392128916071,0.9877558509693285,0.640625,1.0,0.3125
2026-04-29T02:50,9,40,0.3125,40,46,0.0,5.4594016050628325,0.987745673716188,0.640625,1.0,0.3125
2026-04-29T03:50,9,40,0.3125,40,46,0.0,5.459412632323198,0.9877355021312477,0.640625,1.0,0.3125
2026-04-29T04:50,10,40,0.3125,40,46,0.0,5.459423629984154,0.9877389165237501,0.640625,1.0,0.3125
2026-04-29T05:50,10,40,0.3125,40,46,0.0,5.459433133422217,0.9877287524813542,0.640625,1.0,0.3125
2026-04-29T06:50,11,40,0.3125,40,46,0.0,5.459436205420818,0.9877185940950752,0.640625,1.0,0.3125
2026-04-29T07:50,12,40,0.3125,40,46,0.0,5.4594392567540755,0.9877220103415022,0.640625,1.0,0.3125
2026-04-29T08:50,13,40,0.3125,40,46,0.0,5.459441130257965,0.9877118594799487,0.640625,1.0,0.3125
2026-04-29T09:50,14,40,0.3125,40,46,0.0,5.4594429846024655,0.9877152756991647,0.640625,1.0,0.3125
2026-04-29T10:50,14,40,0.3125,40,46,0.0,5.459441816759299,0.9877051323518873,0.640625,1.0,0.3125
2026-04-29T11:50,15,40,0.3125,40,46,0.0,5.459435270424601,0.9876949946413687,0.640625,1.0,0.3125
2026-04-29T12:50,15,40,0.3125,40,46,0.0,5.45942871504405,0.9876984126984127,0.640625,1.0,0.3125
2026-04-29T13:50,15,40,0.3125,40,46,0.0,5.4594221506358585,0.9877018288570635,0.640625,1.0,0.3125
2026-04-29T14:50,15,40,0.3125,40,46,0.0,5.459415577218207,0.9877052431189022,0.640625,1.0,0.3125
2026-04-29T15:50,15,40,0.3125,40,46,0.0,5.4594089948092455,0.9877086554855081,0.640625,1.0,0.3125
2026-04-29T16:50,15,40,0.3125,40,46,0.0,5.459402403427081,0.9877120659584588,0.640625,1.0,0.3125
2026-04-29T17:50,15,40,0.3125,40,46,0.0,5.459397813255012,0.9877019431973595,0.640625,1.0,0.3125
2026-04-29T18:50,14,40,0.3125,40,46,0.0,5.459393179823939,0.987691826050659,0.640625,1.0,0.3125
2026-04-29T19:50,14,40,0.3125,40,46,0.0,5.459388535180942,0.9876952383528351,0.640625,1.0,0.3125
2026-04-29T20:50,13,40,0.3125,40,46,0.0,5.459383879347357,0.9876986487634911,0.640625,1.0,0.3125
2026-04-29T21:50,13,40,0.3125,40,46,0.0,5.459381323525872,0.9876885409395598,0.640625,1.0,0.3125
2026-04-29T22:50,12,40,0.3125,40,46,0.0,5.459378753962377,0.9876919513160308,0.640625,1.0,0.3125
2026-04-29T23:50,12,40,0.3125,40,46,0.0,5.459382265501896,0.9876818509451858,0.640625,1.0,0.3125
2026-04-30T00:50,12,40,0.3125,40,46,0.0,5.45938575667678,0.9876852612854558,0.640625,1.0,0.3125
2026-04-30T01:50,12,40,0.3125,40,46,0.0,5.459389227521456,0.9876886697379093,0.640625,1.0,0.3125
2026-04-30T02:50,12,40,0.3125,40,46,0.0,5.459398638870278,0.9876785786594524,0.640625,1.0,0.3125
2026-04-30T03:50,12,40,0.3125,40,46,0.0,5.45940959546086,0.9876684931638884,0.640625,1.0,0.3125
2026-04-30T04:50,11,40,0.3125,40,46,0.0,5.459419065137474,0.987658413246585,0.640625,1.0,0.3125
2026-04-30T05:50,11,40,0.3125,40,46,0.0,5.459428507316781,0.9876618253524058,0.640625,1.0,0.3125
2026-04-30T06:50,12,40,0.3125,40,46,0.0,5.459431561041226,0.987651752850151,0.640625,1.0,0.3125
2026-04-30T07:20,13,40,0.3125,40,46,0.0,5.45943459437037,0.9876551649107065,0.640625,1.0,0.3125
2026-04-30T07:50,13,40,0.3125,40,46,0.0,5.459437607339715,0.9876585750861455,0.640625,1.0,0.3125
2026-04-30T08:20,14,40,0.3125,40,46,0.0,5.459440599984701,0.98766198337803,0.640625,1.0,0.3125
2026-04-30T08:50,15,40,0.3125,40,46,0.0,5.459442438397579,0.9876519219558371,0.640625,1.0,0.3125
2026-04-30T09:20,15,40,0.3125,40,46,0.0,5.45944425795148,0.9876553302026061,0.640625,1.0,0.3125
2026-04-30T09:50,14,40,0.3125,40,46,0.0,5.459446058679438,0.9876587365684442,0.640625,1.0,0.3125
2026-04-30T10:20,15,40,0.3125,40,46,0.0,5.459444883077662,0.9876486843686171,0.640625,1.0,0.3125
2026-04-30T10:50,15,40,0.3125,40,46,0.0,5.459443692433918,0.9876520906884272,0.640625,1.0,0.3125
2026-04-30T11:20,15,40,0.3125,40,46,0.0,5.459442486775003,0.9876554951299247,0.640625,1.0,0.3125
2026-04-30T11:50,17,40,0.3125,40,46,0.0,5.4594359781918165,0.9876454521357311,0.640625,1.0,0.3125
2026-04-30T12:20,16,40,0.3125,40,46,0.0,5.459429460722932,0.9876488565302927,0.640625,1.0,0.3125
2026-04-30T12:50,16,40,0.3125,40,46,0.0,5.459422934386111,0.9876522590491549,0.640625,1.0,0.3125
2026-04-30T13:20,17,40,0.3125,40,46,0.0,5.459416399199076,0.9876556596938673,0.640625,1.0,0.3125
2026-04-30T13:50,18,40,0.3125,40,46,0.0,5.459409855179523,0.987659058465978,0.640625,1.0,0.3125
2026-04-30T14:20,18,40,0.3125,40,46,0.0,5.45940330234511,0.9876624553670333,0.640625,1.0,0.3125
2026-04-30T14:50,18,40,0.3125,40,46,0.0,5.459396740713464,0.9876658503985779,0.640625,1.0,0.3125
2026-04-30T15:20,18,40,0.3125,40,46,0.0,5.459390170302178,0.9876692435621547,0.640625,1.0,0.3125
2026-04-30T15:50,18,40,0.3125,40,46,0.0,5.459383591128812,0.9876726348593048,0.640625,1.0,0.3125
2026-04-30T16:20,18,40,0.3125,40,46,0.0,5.459377003210896,0.9876760242915679,0.640625,1.0,0.3125
2026-04-30T16:50,19,40,0.3125,40,46,0.0,5.459370406565922,0.9876794118604816,0.640625,1.0,0.3125
2026-04-30T17:20,18,40,0.3125,40,46,0.0,5.459365850584959,0.9876693926519998,0.640625,1.0,0.3125
2026-04-30T17:50,18,40,0.3125,40,46,0.0,5.459361283554207,0.9876727801814911,0.640625,1.0,0.3125
2026-04-30T18:20,17,40,0.3125,40,46,0.0,5.4593567054944945,0.9876761658502134,0.640625,1.0,0.3125
2026-04-30T18:50,17,40,0.3125,40,46,0.0,5.459352147796909,0.9876661557860578,0.640625,1.0,0.3125
2026-04-30T19:20,16,40,0.3125,40,46,0.0,5.459347579074816,0.9876695414144449,0.640625,1.0,0.3125
2026-04-30T19:50,16,40,0.3125,40,46,0.0,5.459342999348976,0.9876729251846385,0.640625,1.0,0.3125
2026-04-30T20:20,15,40,0.3125,40,46,0.0,5.4593384086401135,0.987676307098168,0.640625,1.0,0.3125
2026-04-30T20:50,14,40,0.3125,40,46,0.0,5.459333806968917,0.9876796871565613,0.640625,1.0,0.3125
2026-04-30T21:20,14,40,0.3125,40,46,0.0,5.459331348164097,0.9876696898505669,0.640625,1.0,0.3125
2026-04-30T21:50,14,40,0.3125,40,46,0.0,5.4593288758185325,0.9876730698697965,0.640625,1.0,0.3125
2026-04-30T22:20,13,40,0.3125,40,46,0.0,5.459326389956878,0.9876764480364532,0.640625,1.0,0.3125
2026-04-30T22:50,13,40,0.3125,40,46,0.0,5.459323890603739,0.9876798243520596,0.640625,1.0,0.3125
2026-04-30T23:20,13,40,0.3125,40,46,0.0,5.45932745483246,0.9876698379614387,0.640625,1.0,0.3125
2026-04-30T23:50,12,40,0.3125,40,46,0.0,5.459330999035114,0.9876732142380101,0.640625,1.0,0.3125
2026-05-01T00:20,11,40,0.3125,40,46,0.0,5.459334523245169,0.9876765886660862,0.640625,1.0,0.3125
2026-05-01T00:50,12,40,0.3125,40,46,0.0,5.459338027496032,0.9876799612471847,0.640625,1.0,0.3125
2026-05-01T01:20,11,40,0.3125,40,46,0.0,5.45934151182105,0.9876833319828215,0.640625,1.0,0.3125
2026-05-01T01:50,11,40,0.3125,40,46,0.0,5.459344976253502,0.9876867008745112,0.640625,1.0,0.3125
2026-05-01T02:20,11,40,0.3125,40,46,0.0,5.459354351384968,0.9876767289880798,0.640625,1.0,0.3125
2026-05-01T02:50,12,40,0.3125,40,46,0.0,5.459363699812319,0.9876800978429218,0.640625,1.0,0.3125
2026-05-01T03:20,12,40,0.3125,40,46,0.0,5.459374606178117,0.9876701332116979,0.640625,1.0,0.3125
2026-05-01T03:50,10,40,0.3125,40,46,0.0,5.4593854839319365,0.9876735020277603,0.640625,1.0,0.3125
2026-05-01T04:20,10,40,0.3125,40,46,0.0,5.459396333120185,0.9876768690034424,0.640625,1.0,0.3125
2026-05-01T04:50,10,40,0.3125,40,46,0.0,5.459407153789179,0.987680234140252,0.640625,1.0,0.3125
2026-05-01T05:20,10,40,0.3125,40,46,0.0,5.459416513938783,0.9876702803532071,0.640625,1.0,0.3125
2026-05-01T05:50,10,40,0.3125,40,46,0.0,5.459425847277058,0.987673645451364,0.640625,1.0,0.3125
2026-05-01T06:20,11,40,0.3125,40,46,0.0,5.459428878509292,0.9876636988938589,0.640625,1.0,0.3125
2026-05-01T06:50,11,40,0.3125,40,46,0.0,5.45943188984501,0.9876670639514437,0.640625,1.0,0.3125
2026-05-01T07:20,12,40,0.3125,40,46,0.0,5.459434881318403,0.9876704271737095,0.640625,1.0,0.3125
2026-05-01T07:50,13,40,0.3125,40,46,0.0,5.459437852963599,0.9876737885621572,0.640625,1.0,0.3125
2026-05-01T08:20,14,40,0.3125,40,46,0.0,5.459440804814659,0.9876771481182863,0.640625,1.0,0.3125
2026-05-01T08:50,15,40,0.3125,40,46,0.0,5.4594426258192765,0.9876672141575443,0.640625,1.0,0.3125
2026-05-01T10:20,17,40,0.3125,40,46,0.0,5.45944148940687,0.9876572856089303,0.640625,1.0,0.3125
2026-05-01T10:50,18,40,0.3125,40,46,0.0,5.459440338298063,0.9876606469145923,0.640625,1.0,0.3125
2026-05-01T11:20,20,40,0.3125,40,46,0.0,5.459439172518707,0.9876640063899763,0.640625,1.0,0.3125
2026-05-01T11:50,20,40,0.3125,40,46,0.0,5.459432755123762,0.9876540868216054,0.640625,1.0,0.3125
2026-05-01T12:20,21,40,0.3125,40,46,0.0,5.459426329053177,0.9876574462537627,0.640625,1.0,0.3125
2026-05-01T12:50,22,40,0.3125,40,46,0.0,5.459419894324069,0.9876608038581551,0.640625,1.0,0.3125
2026-05-01T13:20,24,40,0.3125,40,46,0.0,5.459413450953522,0.9876641596362736,0.640625,1.0,0.3125
2026-05-01T13:50,24,40,0.3125,40,46,0.0,5.459406998958593,0.9876675135896079,0.640625,1.0,0.3125
2026-05-01T14:20,24,40,0.3125,40,46,0.0,5.4594005383563,0.9876708657196461,0.640625,1.0,0.3125
2026-05-01T14:50,24,40,0.3125,40,46,0.0,5.459394069163636,0.9876742160278745,0.640625,1.0,0.3125
2026-05-01T15:20,24,40,0.3125,40,46,0.0,5.459387591397561,0.9876775645157778,0.640625,1.0,0.3125
2026-05-01T15:50,24,40,0.3125,40,46,0.0,5.459381105075001,0.9876809111848392,0.640625,1.0,0.3125
2026-05-01T16:20,24,40,0.3125,40,46,0.0,5.459374610212853,0.9876842560365403,0.640625,1.0,0.3125
2026-05-01T16:50,24,40,0.3125,40,46,0.0,5.459368106827985,0.987687599072361,0.640625,1.0,0.3125
2026-05-01T17:20,23,40,0.3125,40,46,0.0,5.459361594937229,0.9876909402937797,0.640625,1.0,0.3125
2026-05-01T17:50,23,40,0.3125,40,46,0.0,5.459357089462094,0.9876810457120926,0.640625,1.0,0.3125
2026-05-01T18:20,22,40,0.3125,40,46,0.0,5.4593525732262,0.987684386898501,0.640625,1.0,0.3125
2026-05-01T18:50,22,40,0.3125,40,46,0.0,5.4593480584899545,0.9876744994595902,0.640625,1.0,0.3125
2026-05-01T19:20,21,40,0.3125,40,46,0.0,5.459343533018674,0.9876778406090996,0.640625,1.0,0.3125
2026-05-01T19:50,20,40,0.3125,40,46,0.0,5.4593389968323285,0.9876811799476879,0.640625,1.0,0.3125
2026-05-01T20:20,20,40,0.3125,40,46,0.0,5.459334449950859,0.987684517476827,0.640625,1.0,0.3125
2026-05-01T20:50,19,40,0.3125,40,46,0.0,5.45932989239416,0.9876878531979871,0.640625,1.0,0.3125
2026-05-01T21:20,19,40,0.3125,40,46,0.0,5.459325324182096,0.987691187112637,0.640625,1.0,0.3125
2026-05-01T21:50,18,40,0.3125,40,46,0.0,5.459322875314304,0.9876813138925727,0.640625,1.0,0.3125
2026-05-01T22:20,18,40,0.3125,40,46,0.0,5.459320413273972,0.9876846477724394,0.640625,1.0,0.3125
2026-05-01T22:50,18,40,0.3125,40,46,0.0,5.459317938084785,0.9876879798482585,0.640625,1.0,0.3125
2026-05-01T23:20,17,40,0.3125,40,46,0.0,5.459315449770385,0.987691310121494,0.640625,1.0,0.3125
2026-05-01T23:50,16,40,0.3125,40,46,0.0,5.459318940137921,0.9876814475476903,0.640625,1.0,0.3125
2026-05-02T00:20,16,40,0.3125,40,46,0.0,5.459322411019793,0.9876847777862554,0.640625,1.0,0.3125
2026-05-02T00:50,15,40,0.3125,40,46,0.0,5.459325862448157,0.9876881062246915,0.640625,1.0,0.3125
2026-05-02T01:20,14,40,0.3125,40,46,0.0,5.459329294455112,0.9876914328644579,0.640625,1.0,0.3125
2026-05-02T01:50,13,40,0.3125,40,46,0.0,5.4593385761244875,0.98768158091398,0.640625,1.0,0.3125
2026-05-02T02:20,13,40,0.3125,40,46,0.0,5.459347831711224,0.9876849075191882,0.640625,1.0,0.3125
2026-05-02T02:50,12,40,0.3125,40,46,0.0,5.459357061257125,0.9876882323281733,0.640625,1.0,0.3125
2026-05-02T03:20,12,40,0.3125,40,46,0.0,5.459367838477274,0.9876783892188257,0.640625,1.0,0.3125
2026-05-02T03:50,12,40,0.3125,40,46,0.0,5.459378587783251,0.987681713992377,0.640625,1.0,0.3125
2026-05-02T04:20,12,40,0.3125,40,46,0.0,5.4593893092197705,0.987685036972147,0.640625,1.0,0.3125
2026-05-02T04:50,11,40,0.3125,40,46,0.0,5.459398588845423,0.9876752026882266,0.640625,1.0,0.3125
2026-05-02T05:20,11,40,0.3125,40,46,0.0,5.459407842266463,0.9876785256316917,0.640625,1.0,0.3125
2026-05-02T05:50,11,40,0.3125,40,46,0.0,5.459417069525144,0.9876818467838124,0.640625,1.0,0.3125
2026-05-02T06:20,11,40,0.3125,40,46,0.0,5.45942007000256,0.9876720213096576,0.640625,1.0,0.3125
2026-05-02T06:50,11,40,0.3125,40,46,0.0,5.459423051064188,0.9876753424246065,0.640625,1.0,0.3125
2026-05-02T07:20,11,40,0.3125,40,46,0.0,5.459426012742987,0.9876786617506436,0.640625,1.0,0.3125
2026-05-02T07:50,11,40,0.3125,40,46,0.0,5.459428955071848,0.9876819792892136,0.640625,1.0,0.3125
2026-05-02T08:20,12,40,0.3125,40,46,0.0,5.459431878083603,0.9876852950417603,0.640625,1.0,0.3125
2026-05-02T08:50,13,40,0.3125,40,46,0.0,5.4594336975486435,0.9876754818601546,0.640625,1.0,0.3125
2026-05-02T09:20,14,40,0.3125,40,46,0.0,5.459435499062281,0.9876787975766302,0.640625,1.0,0.3125
2026-05-02T09:50,15,40,0.3125,40,46,0.0,5.459437282655161,0.9876821115095037,0.640625,1.0,0.3125
2026-05-02T10:20,16,40,0.3125,40,46,0.0,5.459436146839223,0.9876723070999004,0.640625,1.0,0.3125
2026-05-02T10:50,17,40,0.3125,40,46,0.0,5.459434996718563,0.9876756209958413,0.640625,1.0,0.3125
2026-05-02T11:20,17,40,0.3125,40,46,0.0,5.459433832318028,0.9876789331105965,0.640625,1.0,0.3125
2026-05-02T11:50,19,40,0.3125,40,46,0.0,5.459427488433074,0.9876691374574758,0.640625,1.0,0.3125
2026-05-02T12:20,19,40,0.3125,40,46,0.0,5.459421136105059,0.9876724495344413,0.640625,1.0,0.3125
2026-05-02T12:50,21,40,0.3125,40,46,0.0,5.4594147753504325,0.9876757598326329,0.640625,1.0,0.3125
2026-05-02T13:20,21,40,0.3125,40,46,0.0,5.459408406185614,0.9876790683534832,0.640625,1.0,0.3125
2026-05-02T13:50,22,40,0.3125,40,46,0.0,5.459402028626992,0.9876823750984233,0.640625,1.0,0.3125
2026-05-02T14:20,22,40,0.3125,40,46,0.0,5.459395642690929,0.9876856800688825,0.640625,1.0,0.3125
2026-05-02T14:50,22,40,0.3125,40,46,0.0,5.459389248393753,0.9876889832662888,0.640625,1.0,0.3125
2026-05-02T15:20,22,40,0.3125,40,46,0.0,5.459382845751765,0.9876922846920689,0.640625,1.0,0.3125
2026-05-02T15:50,23,40,0.3125,40,46,0.0,5.459376434781236,0.9876955843476475,0.640625,1.0,0.3125
2026-05-02T16:20,22,40,0.3125,40,46,0.0,5.459370015498404,0.9876988822344478,0.640625,1.0,0.3125
2026-05-02T16:50,21,40,0.3125,40,46,0.0,5.4593635879194835,0.987702178353892,0.640625,1.0,0.3125
2026-05-02T17:20,20,40,0.3125,40,46,0.0,5.459359150041814,0.9876924053385803,0.640625,1.0,0.3125
2026-05-02T17:50,20,40,0.3125,40,46,0.0,5.4593547016598984,0.9876957014271345,0.640625,1.0,0.3125
2026-05-02T18:20,17,40,0.3125,40,46,0.0,5.459350242793038,0.9876989957507148,0.640625,1.0,0.3125
2026-05-02T18:50,17,40,0.3125,40,46,0.0,5.459345785394251,0.987689231434988,0.640625,1.0,0.3125
2026-05-02T19:20,16,40,0.3125,40,46,0.0,5.459341317535248,0.987692525726817,0.640625,1.0,0.3125
2026-05-02T19:50,17,40,0.3125,40,46,0.0,5.459336839235245,0.9876958182560501,0.640625,1.0,0.3125
2026-05-02T20:20,16,40,0.3125,40,46,0.0,5.459332350513418,0.9876991090241014,0.640625,1.0,0.3125
2026-05-02T20:50,16,40,0.3125,40,46,0.0,5.459327851388909,0.9877023980323838,0.640625,1.0,0.3125
2026-05-02T21:20,16,40,0.3125,40,46,0.0,5.45932544991042,0.9876926458576077,0.640625,1.0,0.3125
2026-05-02T21:50,16,40,0.3125,40,46,0.0,5.459323035568764,0.9876959348351979,0.640625,1.0,0.3125
2026-05-02T22:20,15,40,0.3125,40,46,0.0,5.459320608386773,0.9876992220553862,0.640625,1.0,0.3125
2026-05-02T22:50,15,40,0.3125,40,46,0.0,5.459318168387236,0.9877025075195808,0.640625,1.0,0.3125
2026-05-02T23:20,15,40,0.3125,40,46,0.0,5.459321634831609,0.9876927657317772,0.640625,1.0,0.3125
2026-05-02T23:50,15,40,0.3125,40,46,0.0,5.459325082253769,0.9876960511653778,0.640625,1.0,0.3125
2026-05-03T00:20,15,40,0.3125,40,46,0.0,5.4593285106847125,0.9876993348453444,0.640625,1.0,0.3125
2026-05-03T00:50,15,40,0.3125,40,46,0.0,5.4593319201553765,0.9877026167730805,0.640625,1.0,0.3125
2026-05-03T01:20,15,40,0.3125,40,46,0.0,5.459335310696641,0.9877058969499881,0.640625,1.0,0.3125
2026-05-03T01:50,15,40,0.3125,40,46,0.0,5.459338682339332,0.9877091753774682,0.640625,1.0,0.3125
2026-05-03T02:20,15,40,0.3125,40,46,0.0,5.4593478188980935,0.9876994473947482,0.640625,1.0,0.3125
2026-05-03T02:50,14,40,0.3125,40,46,0.0,5.459356930079016,0.9877027257936303,0.640625,1.0,0.3125
2026-05-03T03:20,14,40,0.3125,40,46,0.0,5.459367569575048,0.9876930047135347,0.640625,1.0,0.3125
2026-05-03T03:50,14,40,0.3125,40,46,0.0,5.459378181866349,0.9876962830820181,0.640625,1.0,0.3125
2026-05-03T04:20,14,40,0.3125,40,46,0.0,5.4593887669959384,0.9876995597043664,0.640625,1.0,0.3125
2026-05-03T04:50,14,40,0.3125,40,46,0.0,5.45939791960655,0.9876898472316537,0.640625,1.0,0.3125
2026-05-03T05:20,14,40,0.3125,40,46,0.0,5.45940704668742,0.9876931238227551,0.640625,1.0,0.3125
2026-05-03T05:50,14,40,0.3125,40,46,0.0,5.459416148279186,0.9876963986700615,0.640625,1.0,0.3125
2026-05-03T06:20,14,40,0.3125,40,46,0.0,5.45941910318721,0.9876866947896479,0.640625,1.0,0.3125
2026-05-03T06:50,14,40,0.3125,40,46,0.0,5.459422039179871,0.9876899696048633,0.640625,1.0,0.3125
2026-05-03T07:20,14,40,0.3125,40,46,0.0,5.45942495628887,0.987693242678619,0.640625,1.0,0.3125
2026-05-03T07:50,14,40,0.3125,40,46,0.0,5.4594278545458454,0.9876965140123036,0.640625,1.0,0.3125
2026-05-03T08:20,15,40,0.3125,40,46,0.0,5.459430733982379,0.9876997836073044,0.640625,1.0,0.3125
2026-05-03T08:50,15,40,0.3125,40,46,0.0,5.459432531564343,0.9876900917179812,0.640625,1.0,0.3125
2026-05-03T09:20,15,40,0.3125,40,46,0.0,5.4594343116474215,0.9876933612819339,0.640625,1.0,0.3125
2026-05-03T09:50,16,40,0.3125,40,46,0.0,5.459436074261104,0.9876966291095276,0.640625,1.0,0.3125
2026-05-03T10:20,16,40,0.3125,40,46,0.0,5.4594349525447035,0.9876869457761285,0.640625,1.0,0.3125
2026-05-03T10:50,17,40,0.3125,40,46,0.0,5.4594338168855865,0.9876902135718355,0.640625,1.0,0.3125
2026-05-03T11:20,17,40,0.3125,40,46,0.0,5.459432667307664,0.9876934796335038,0.640625,1.0,0.3125
2026-05-03T11:50,17,40,0.3125,40,46,0.0,5.45942640424217,0.9876838048410799,0.640625,1.0,0.3125
2026-05-03T12:20,17,40,0.3125,40,46,0.0,5.459420132946829,0.9876870708700268,0.640625,1.0,0.3125
2026-05-03T12:50,19,40,0.3125,40,46,0.0,5.459413853437468,0.9876903351672511,0.640625,1.0,0.3125
2026-05-03T13:20,18,40,0.3125,40,46,0.0,5.459407565729892,0.9876935977341297,0.640625,1.0,0.3125
2026-05-03T13:50,19,40,0.3125,40,46,0.0,5.459401269839874,0.9876968585720379,0.640625,1.0,0.3125
2026-05-03T14:20,19,40,0.3125,40,46,0.0,5.459394965783159,0.98770011768235,0.640625,1.0,0.3125
2026-05-03T14:50,19,40,0.3125,40,46,0.0,5.4593886535754645,0.9877033750664383,0.640625,1.0,0.3125
2026-05-03T15:20,19,40,0.3125,40,46,0.0,5.459382333232479,0.9877066307256741,0.640625,1.0,0.3125
2026-05-03T15:50,20,40,0.3125,40,46,0.0,5.459376004769862,0.9877098846614271,0.640625,1.0,0.3125
2026-05-03T16:20,19,40,0.3125,40,46,0.0,5.459369668203248,0.9877131368750651,0.640625,1.0,0.3125
2026-05-03T16:50,19,40,0.3125,40,46,0.0,5.459363323548237,0.9877163873679554,0.640625,1.0,0.3125
2026-05-03T17:20,20,40,0.3125,40,46,0.0,5.459358945451631,0.9877067346635985,0.640625,1.0,0.3125
2026-05-03T17:50,19,40,0.3125,40,46,0.0,5.459354557111798,0.9877099851303718,0.640625,1.0,0.3125
2026-05-03T18:20,19,40,0.3125,40,46,0.0,5.4593501585473145,0.9877132338786851,0.640625,1.0,0.3125
2026-05-03T18:50,19,40,0.3125,40,46,0.0,5.459345761415237,0.9877035896604813,0.640625,1.0,0.3125
2026-05-03T19:20,19,40,0.3125,40,46,0.0,5.459341354082317,0.9877068383818391,0.640625,1.0,0.3125
2026-05-03T19:50,18,40,0.3125,40,46,0.0,5.45933693656705,0.9877100853870209,0.640625,1.0,0.3125
2026-05-03T20:20,18,40,0.3125,40,46,0.0,5.459332508887899,0.9877133306773861,0.640625,1.0,0.3125
2026-05-03T20:50,18,40,0.3125,40,46,0.0,5.459328071063296,0.9877165742542928,0.640625,1.0,0.3125
2026-05-03T21:20,18,40,0.3125,40,46,0.0,5.45932570225026,0.9877069418810916,0.640625,1.0,0.3125
2026-05-03T21:50,17,40,0.3125,40,46,0.0,5.459323320895458,0.9877101854320465,0.640625,1.0,0.3125
2026-05-03T22:20,17,40,0.3125,40,46,0.0,5.45932092702087,0.9877134272718165,0.640625,1.0,0.3125
2026-05-03T22:50,16,40,0.3125,40,46,0.0,5.459318520648437,0.9877166674017553,0.640625,1.0,0.3125
2026-05-03T23:20,16,40,0.3125,40,46,0.0,5.459321942119708,0.9877070451620489,0.640625,1.0,0.3125
2026-05-03T23:50,15,40,0.3125,40,46,0.0,5.4593253450489225,0.9877102852661179,0.640625,1.0,0.3125
2026-05-04T00:20,15,40,0.3125,40,46,0.0,5.459328729465912,0.9877135236626222,0.640625,1.0,0.3125
2026-05-04T00:50,15,40,0.3125,40,46,0.0,5.459332095400448,0.9877167603529113,0.640625,1.0,0.3125
2026-05-04T01:20,14,40,0.3125,40,46,0.0,5.459335442882254,0.9877199953383333,0.640625,1.0,0.3125
2026-05-04T01:50,14,40,0.3125,40,46,0.0,5.4593444792482515,0.9877103848899017,0.640625,1.0,0.3125
2026-05-04T02:20,15,40,0.3125,40,46,0.0,5.4593534908462775,0.9877136198504466,0.640625,1.0,0.3125
2026-05-04T02:50,14,40,0.3125,40,46,0.0,5.4593624777150245,0.9877168531083806,0.640625,1.0,0.3125
2026-05-04T03:20,13,40,0.3125,40,46,0.0,5.4593729740283665,0.9877072510718342,0.640625,1.0,0.3125
2026-05-04T03:50,13,40,0.3125,40,46,0.0,5.459383443830241,0.9877104843040615,0.640625,1.0,0.3125
2026-05-04T04:20,13,40,0.3125,40,46,0.0,5.459393887162041,0.98771371583593,0.640625,1.0,0.3125
2026-05-04T04:50,13,40,0.3125,40,46,0.0,5.459402907269012,0.9877041221966975,0.640625,1.0,0.3125
2026-05-04T05:20,13,40,0.3125,40,46,0.0,5.459411902505858,0.9877073537020333,0.640625,1.0,0.3125
2026-05-04T05:50,13,40,0.3125,40,46,0.0,5.459420872911668,0.9877105835092582,0.640625,1.0,0.3125
2026-05-04T06:20,13,40,0.3125,40,46,0.0,5.459423774707057,0.9877009982528059,0.640625,1.0,0.3125
2026-05-04T06:50,12,40,0.3125,40,46,0.0,5.459426658078843,0.9877042280326765,0.640625,1.0,0.3125
2026-05-04T07:20,12,40,0.3125,40,46,0.0,5.459429523057515,0.9877074561166795,0.640625,1.0,0.3125
2026-05-04T07:50,12,40,0.3125,40,46,0.0,5.459432369673504,0.9877106825061501,0.640625,1.0,0.3125
2026-05-04T08:20,12,40,0.3125,40,46,0.0,5.459435197957187,0.9877139072024225,0.640625,1.0,0.3125
2026-05-04T08:50,12,40,0.3125,40,46,0.0,5.459436965353154,0.9877043336465444,0.640625,1.0,0.3125
2026-05-04T09:20,12,40,0.3125,40,46,0.0,5.459438715696198,0.987707558316451,0.640625,1.0,0.3125
2026-05-04T09:50,13,40,0.3125,40,46,0.0,5.459440449014702,0.9877107812953926,0.640625,1.0,0.3125
2026-05-04T10:20,13,40,0.3125,40,46,0.0,5.4594393396002445,0.9877012160872405,0.640625,1.0,0.3125
2026-05-04T10:50,13,40,0.3125,40,46,0.0,5.459438216592268,0.9877044390389996,0.640625,1.0,0.3125
2026-05-04T11:20,14,40,0.3125,40,46,0.0,5.459437080013788,0.9877076603020232,0.640625,1.0,0.3125
2026-05-04T11:50,14,40,0.3125,40,46,0.0,5.459430898355409,0.9876981034271917,0.640625,1.0,0.3125
2026-05-04T12:20,14,40,0.3125,40,46,0.0,5.45942470866929,0.9877013246622198,0.640625,1.0,0.3125
2026-05-04T12:50,14,40,0.3125,40,46,0.0,5.459418510970676,0.9877045442107376,0.640625,1.0,0.3125
2026-05-04T13:20,15,40,0.3125,40,46,0.0,5.459412305274787,0.987707762074069,0.640625,1.0,0.3125
2026-05-04T13:50,15,40,0.3125,40,46,0.0,5.459406091596817,0.9877109782535368,0.640625,1.0,0.3125
2026-05-04T14:20,15,40,0.3125,40,46,0.0,5.459399869951927,0.9877141927504623,0.640625,1.0,0.3125
2026-05-04T14:50,15,40,0.3125,40,46,0.0,5.459393640355259,0.9877174055661657,0.640625,1.0,0.3125
2026-05-04T15:20,15,40,0.3125,40,46,0.0,5.459387402821922,0.9877206167019654,0.640625,1.0,0.3125
2026-05-04T15:50,15,40,0.3125,40,46,0.0,5.459381157367002,0.9877238261591786,0.640625,1.0,0.3125
2026-05-04T16:20,15,40,0.3125,40,46,0.0,5.459374904005554,0.9877270339391214,0.640625,1.0,0.3125
2026-05-04T16:50,14,40,0.3125,40,46,0.0,5.459368642752612,0.987730240043108,0.640625,1.0,0.3125
2026-05-04T17:20,14,40,0.3125,40,46,0.0,5.459364325439155,0.9877207047263549,0.640625,1.0,0.3125
2026-05-04T17:50,15,40,0.3125,40,46,0.0,5.459359998130796,0.9877239108086717,0.640625,1.0,0.3125
2026-05-04T18:20,15,40,0.3125,40,46,0.0,5.459355660845431,0.9877271152172312,0.640625,1.0,0.3125
2026-05-04T18:50,15,40,0.3125,40,46,0.0,5.4593513249550165,0.987717588180952,0.640625,1.0,0.3125
2026-05-04T19:20,15,40,0.3125,40,46,0.0,5.459346979110528,0.9877207925670253,0.640625,1.0,0.3125
2026-05-04T19:50,15,40,0.3125,40,46,0.0,5.459342623329787,0.9877239952815358,0.640625,1.0,0.3125
2026-05-04T20:20,14,40,0.3125,40,46,0.0,5.459338257630585,0.9877271963257909,0.640625,1.0,0.3125
2026-05-04T20:50,14,40,0.3125,40,46,0.0,5.459333882030676,0.987730395701097,0.640625,1.0,0.3125
2026-05-04T21:20,13,40,0.3125,40,46,0.0,5.45933154757272,0.9877208802245513,0.640625,1.0,0.3125
2026-05-04T21:50,14,40,0.3125,40,46,0.0,5.459329200879451,0.9877240795783229,0.640625,1.0,0.3125
2026-05-04T22:20,13,40,0.3125,40,46,0.0,5.459326841972039,0.9877272772653304,0.640625,1.0,0.3125
2026-05-04T22:50,13,40,0.3125,40,46,0.0,5.4593244708716195,0.9877304732868758,0.640625,1.0,0.3125
2026-05-04T23:20,13,40,0.3125,40,46,0.0,5.459327851073299,0.9877209676995049,0.640625,1.0,0.3125
2026-05-04T23:50,12,40,0.3125,40,46,0.0,5.459331213192084,0.9877241636995832,0.640625,1.0,0.3125
2026-05-05T00:20,12,40,0.3125,40,46,0.0,5.459334557256699,0.9877273580363773,0.640625,1.0,0.3125
2026-05-05T00:50,12,40,0.3125,40,46,0.0,5.459337883295815,0.9877305507111859,0.640625,1.0,0.3125
2026-05-05T01:20,12,40,0.3125,40,46,0.0,5.459341191338057,0.9877337417253051,0.640625,1.0,0.3125
2026-05-05T01:50,11,40,0.3125,40,46,0.0,5.459344481411997,0.9877369310800308,0.640625,1.0,0.3125
2026-05-05T02:20,11,40,0.3125,40,46,0.0,5.459353380151418,0.9877274386394577,0.640625,1.0,0.3125
2026-05-05T02:50,11,40,0.3125,40,46,0.0,5.459362254775384,0.9877306279745305,0.640625,1.0,0.3125
2026-05-05T03:20,11,40,0.3125,40,46,0.0,5.45937262042306,0.9877211421039721,0.640625,1.0,0.3125
2026-05-05T03:50,11,40,0.3125,40,46,0.0,5.459382960216211,0.9877243314177113,0.640625,1.0,0.3125
2026-05-05T04:20,11,40,0.3125,40,46,0.0,5.459393274194702,0.9877275190750945,0.640625,1.0,0.3125
2026-05-05T04:50,11,40,0.3125,40,46,0.0,5.45940217421537,0.9877180413993727,0.640625,1.0,0.3125
2026-05-05T05:20,11,40,0.3125,40,46,0.0,5.459411049990204,0.9877212290346181,0.640625,1.0,0.3125
2026-05-05T05:50,11,40,0.3125,40,46,0.0,5.459419901556841,0.9877244150156679,0.640625,1.0,0.3125
2026-05-05T06:20,11,40,0.3125,40,46,0.0,5.45942276061745,0.9877149455207728,0.640625,1.0,0.3125
2026-05-05T06:50,11,40,0.3125,40,46,0.0,5.459425601717248,0.9877181314788843,0.640625,1.0,0.3125
2026-05-05T07:20,11,40,0.3125,40,46,0.0,5.459428424885596,0.9877213157849567,0.640625,1.0,0.3125
2026-05-05T07:50,11,40,0.3125,40,46,0.0,5.45943123015179,0.9877244984402742,0.640625,1.0,0.3125
2026-05-05T08:20,12,40,0.3125,40,46,0.0,5.459434017545083,0.9877276794461203,0.640625,1.0,0.3125
2026-05-05T08:50,12,40,0.3125,40,46,0.0,5.459435764305527,0.987718221371703,0.640625,1.0,0.3125
2026-05-05T09:20,12,40,0.3125,40,46,0.0,5.459437494432209,0.9877214023555486,0.640625,1.0,0.3125
2026-05-05T09:50,13,40,0.3125,40,46,0.0,5.459439207952471,0.9877245816920697,0.640625,1.0,0.3125
2026-05-05T10:20,13,40,0.3125,40,46,0.0,5.459438112006787,0.9877151317646825,0.640625,1.0,0.3125
2026-05-05T10:50,13,40,0.3125,40,46,0.0,5.459437002803078,0.987718311078408,0.640625,1.0,0.3125
2026-05-05T11:20,14,40,0.3125,40,46,0.0,5.4594358803635155,0.9877214887469518,0.640625,1.0,0.3125
2026-05-05T11:50,15,40,0.3125,40,46,0.0,5.459429775481198,0.9877120469527065,0.640625,1.0,0.3125
2026-05-05T12:20,15,40,0.3125,40,46,0.0,5.459423662768895,0.9877152245976631,0.640625,1.0,0.3125
2026-05-05T12:50,16,40,0.3125,40,46,0.0,5.459417542241294,0.9877184005995769,0.640625,1.0,0.3125
2026-05-05T13:20,16,40,0.3125,40,46,0.0,5.459411413913058,0.9877215749597218,0.640625,1.0,0.3125
2026-05-05T13:50,16,40,0.3125,40,46,0.0,5.45940527779882,0.9877247476793705,0.640625,1.0,0.3125
2026-05-05T14:20,16,40,0.3125,40,46,0.0,5.459399133913189,0.9877279187597943,0.640625,1.0,0.3125
2026-05-05T14:50,16,40,0.3125,40,46,0.0,5.45939298227075,0.9877310882022633,0.640625,1.0,0.3125
2026-05-05T15:20,16,40,0.3125,40,46,0.0,5.459386822886062,0.9877342560080463,0.640625,1.0,0.3125
2026-05-05T15:50,16,40,0.3125,40,46,0.0,5.459380655773654,0.9877374221784109,0.640625,1.0,0.3125
2026-05-05T16:20,16,40,0.3125,40,46,0.0,5.459374480948038,0.9877405867146228,0.640625,1.0,0.3125
2026-05-05T16:50,15,40,0.3125,40,46,0.0,5.459368298423691,0.9877437496179473,0.640625,1.0,0.3125
2026-05-05T17:20,15,40,0.3125,40,46,0.0,5.459364037732529,0.987734328870611,0.640625,1.0,0.3125
2026-05-05T17:50,15,40,0.3125,40,46,0.0,5.459359767288835,0.9877374917564102,0.640625,1.0,0.3125
2026-05-05T18:20,15,40,0.3125,40,46,0.0,5.459355487109856,0.9877406530114357,0.640625,1.0,0.3125
2026-05-05T18:50,14,40,0.3125,40,46,0.0,5.459351208292773,0.9877312403462768,0.640625,1.0,0.3125
2026-05-05T19:20,14,40,0.3125,40,46,0.0,5.459346919762497,0.9877344015829822,0.640625,1.0,0.3125
2026-05-05T19:50,14,40,0.3125,40,46,0.0,5.459342621536203,0.9877375611910236,0.640625,1.0,0.3125
2026-05-05T20:20,13,40,0.3125,40,46,0.0,5.459338313631031,0.9877407191716595,0.640625,1.0,0.3125
2026-05-05T20:50,13,40,0.3125,40,46,0.0,5.459333996064095,0.9877438755261467,0.640625,1.0,0.3125
2026-05-05T21:20,13,40,0.3125,40,46,0.0,5.45933169251019,0.987734474145624,0.640625,1.0,0.3125
2026-05-05T21:50,12,40,0.3125,40,46,0.0,5.459329377019259,0.987737630482694,0.640625,1.0,0.3125
2026-05-05T22:20,12,40,0.3125,40,46,0.0,5.459327049611701,0.9877407851957163,0.640625,1.0,0.3125
2026-05-05T22:50,11,40,0.3125,40,46,0.0,5.459324710307879,0.9877439382859436,0.640625,1.0,0.3125
2026-05-05T23:20,12,40,0.3125,40,46,0.0,5.459328047749375,0.9877345465589983,0.640625,1.0,0.3125
2026-05-05T23:50,11,40,0.3125,40,46,0.0,5.4593313675532,0.9877376996318623,0.640625,1.0,0.3125
2026-05-06T00:20,11,40,0.3125,40,46,0.0,5.459334669747024,0.9877408510840258,0.640625,1.0,0.3125
2026-05-06T00:50,11,40,0.3125,40,46,0.0,5.459337954358472,0.987744000916738,0.640625,1.0,0.3125
2026-05-06T01:20,10,40,0.3125,40,46,0.0,5.459341221415116,0.987747149131247,0.640625,1.0,0.3125
2026-05-06T01:50,10,40,0.3125,40,46,0.0,5.459350025126011,0.9877377686389675,0.640625,1.0,0.3125
2026-05-06T02:20,10,40,0.3125,40,46,0.0,5.459358805286617,0.9877409168370063,0.640625,1.0,0.3125
2026-05-06T02:50,10,40,0.3125,40,46,0.0,5.459367561932813,0.987744063418927,0.640625,1.0,0.3125
2026-05-06T03:20,10,40,0.3125,40,46,0.0,5.459377791635577,0.987734690939783,0.640625,1.0,0.3125
2026-05-06T03:50,10,40,0.3125,40,46,0.0,5.459387996126402,0.987737837504447,0.640625,1.0,0.3125
2026-05-06T04:20,9,40,0.3125,40,46,0.0,5.459398175443682,0.9877409824550742,0.640625,1.0,0.3125
2026-05-06T04:50,9,40,0.3125,40,46,0.0,5.459408329625743,0.9877441257929063,0.640625,1.0,0.3125
2026-05-06T05:20,9,40,0.3125,40,46,0.0,5.459417084941957,0.9877347629081081,0.640625,1.0,0.3125
2026-05-06T05:50,9,40,0.3125,40,46,0.0,5.459425816654771,0.9877379062287365,0.640625,1.0,0.3125
2026-05-06T06:20,8,40,0.3125,40,46,0.0,5.459434524800363,0.9877410479386446,0.640625,1.0,0.3125
2026-05-06T06:50,8,40,0.3125,40,46,0.0,5.459437322575159,0.987731693037071,0.640625,1.0,0.3125
2026-05-06T07:20,8,40,0.3125,40,46,0.0,5.459440102865898,0.9877348347289948,0.640625,1.0,0.3125
2026-05-06T07:50,9,40,0.3125,40,46,0.0,5.459442865700797,0.9877379748122695,0.640625,1.0,0.3125
2026-05-06T08:20,9,40,0.3125,40,46,0.0,5.459445611108029,0.9877411132881303,0.640625,1.0,0.3125
2026-05-06T08:50,10,40,0.3125,40,46,0.0,5.459447335471332,0.9877317679449642,0.640625,1.0,0.3125
2026-05-06T09:20,10,40,0.3125,40,46,0.0,5.459449043607636,0.9877349064028959,0.640625,1.0,0.3125
2026-05-06T09:50,11,40,0.3125,40,46,0.0,5.459450735543285,0.9877380432554783,0.640625,1.0,0.3125
2026-05-06T10:20,11,40,0.3125,40,46,0.0,5.459449657495306,0.9877287058657926,0.640625,1.0,0.3125
2026-05-06T10:50,11,40,0.3125,40,46,0.0,5.4594485665065315,0.9877318426996716,0.640625,1.0,0.3125
2026-05-06T11:20,11,40,0.3125,40,46,0.0,5.459447462598336,0.987734977930262,0.640625,1.0,0.3125
2026-05-06T11:50,12,40,0.3125,40,46,0.0,5.459441441217996,0.9877256484806617,0.640625,1.0,0.3125
2026-05-06T12:20,12,40,0.3125,40,46,0.0,5.459435412188628,0.9877287836917777,0.640625,1.0,0.3125
2026-05-06T12:50,12,40,0.3125,40,46,0.0,5.459429375524396,0.9877319173016624,0.640625,1.0,0.3125
2026-05-06T13:50,12,40,0.3125,40,46,0.0,5.459423331239444,0.987735049311542,0.640625,1.0,0.3125
2026-05-06T14:20,12,40,0.3125,40,46,0.0,5.459417279347886,0.9877381797226417,0.640625,1.0,0.3125
2026-05-06T14:50,12,40,0.3125,40,46,0.0,5.459411219863817,0.9877413085361852,0.640625,1.0,0.3125
2026-05-06T15:20,12,40,0.3125,40,46,0.0,5.4594051528013035,0.9877444357533955,0.640625,1.0,0.3125
2026-05-06T15:50,13,40,0.3125,40,46,0.0,5.459399078174389,0.9877475613754936,0.640625,1.0,0.3125
2026-05-06T16:20,13,40,0.3125,40,46,0.0,5.459392995997095,0.9877506854036997,0.640625,1.0,0.3125
2026-05-06T16:50,13,40,0.3125,40,46,0.0,5.459386906283412,0.9877538078392328,0.640625,1.0,0.3125
2026-05-06T17:20,13,40,0.3125,40,46,0.0,5.459382708032737,0.9877444973663367,0.640625,1.0,0.3125
2026-05-06T17:50,13,40,0.3125,40,46,0.0,5.45937850024837,0.98774761978739,0.640625,1.0,0.3125
2026-05-06T18:20,12,40,0.3125,40,46,0.0,5.459374282946961,0.9877507406178058,0.640625,1.0,0.3125
2026-05-06T18:50,12,40,0.3125,40,46,0.0,5.459370056145136,0.98774143803863,0.640625,1.0,0.3125
2026-05-06T19:50,12,40,0.3125,40,46,0.0,5.459365819859487,0.9877445588537934,0.640625,1.0,0.3125
2026-05-06T20:20,12,40,0.3125,40,46,0.0,5.459361574106577,0.9877476780803515,0.640625,1.0,0.3125
2026-05-06T20:50,12,40,0.3125,40,46,0.0,5.459357318902945,0.9877507957195167,0.640625,1.0,0.3125
2026-05-06T21:20,11,40,0.3125,40,46,0.0,5.4593550357890654,0.9877415025921893,0.640625,1.0,0.3125
2026-05-06T21:50,11,40,0.3125,40,46,0.0,5.459352741023113,0.9877446202161485,0.640625,1.0,0.3125
2026-05-06T22:20,11,40,0.3125,40,46,0.0,5.459350434624764,0.9877477362547409,0.640625,1.0,0.3125
2026-05-06T22:50,10,40,0.3125,40,46,0.0,5.459348116613662,0.9877508507091753,0.640625,1.0,0.3125
2026-05-06T23:20,10,40,0.3125,40,46,0.0,5.459351395652117,0.9877415670145084,0.640625,1.0,0.3125
2026-05-06T23:50,10,40,0.3125,40,46,0.0,5.459354657483647,0.987744681453783,0.640625,1.0,0.3125
2026-05-07T00:20,10,40,0.3125,40,46,0.0,5.459357902134934,0.9877477943109195,0.640625,1.0,0.3125
2026-05-07T00:50,10,40,0.3125,40,46,0.0,5.459361129632611,0.987750905587123,0.640625,1.0,0.3125
2026-05-07T01:20,10,40,0.3125,40,46,0.0,5.459364340003265,0.9877540152835974,0.640625,1.0,0.3125
2026-05-07T01:50,10,40,0.3125,40,46,0.0,5.459367533273438,0.9877571234015458,0.640625,1.0,0.3125
2026-05-07T02:20,10,40,0.3125,40,46,0.0,5.459376182328599,0.9877478522492478,0.640625,1.0,0.3125
2026-05-07T02:50,10,40,0.3125,40,46,0.0,5.459384808446017,0.9877509603537,0.640625,1.0,0.3125
2026-05-07T03:20,10,40,0.3125,40,46,0.0,5.45939488525167,0.9877416954670253,0.640625,1.0,0.3125
2026-05-07T03:50,10,40,0.3125,40,46,0.0,5.459404937467138,0.9877448035564098,0.640625,1.0,0.3125
2026-05-07T04:20,10,40,0.3125,40,46,0.0,5.459414965129431,0.9877479100700838,0.640625,1.0,0.3125
2026-05-07T04:50,9,40,0.3125,40,46,0.0,5.459424968275496,0.9877510150092449,0.640625,1.0,0.3125
2026-05-07T05:20,9,40,0.3125,40,46,0.0,5.459433590118313,0.9877417594980177,0.640625,1.0,0.3125
2026-05-07T05:50,9,40,0.3125,40,46,0.0,5.45944218893932,0.9877448644221569,0.640625,1.0,0.3125
2026-05-07T06:20,9,40,0.3125,40,46,0.0,5.459444955013542,0.9877356151559561,0.640625,1.0,0.3125
2026-05-07T06:50,9,40,0.3125,40,46,0.0,5.459447703999291,0.9877387200635116,0.640625,1.0,0.3125
2026-05-07T07:20,10,40,0.3125,40,46,0.0,5.459450435923835,0.9877418233993599,0.640625,1.0,0.3125
2026-05-07T07:50,10,40,0.3125,40,46,0.0,5.459453150814389,0.987744925164694,0.640625,1.0,0.3125
2026-05-07T08:20,10,40,0.3125,40,46,0.0,5.4594558486981235,0.987748025360706,0.640625,1.0,0.3125
2026-05-07T08:50,11,40,0.3125,40,46,0.0,5.45945754935292,0.9877387869911649,0.640625,1.0,0.3125
2026-05-07T09:20,12,40,0.3125,40,46,0.0,5.459459234159776,0.9877418871714453,0.640625,1.0,0.3125
2026-05-07T09:50,12,40,0.3125,40,46,0.0,5.459460903144116,0.9877449857843948,0.640625,1.0,0.3125
2026-05-07T10:20,12,40,0.3125,40,46,0.0,5.4594598424621035,0.9877357551870763,0.640625,1.0,0.3125
2026-05-07T10:50,13,40,0.3125,40,46,0.0,5.459458769132503,0.9877388537835425,0.640625,1.0,0.3125
2026-05-07T11:20,13,40,0.3125,40,46,0.0,5.459457683175962,0.9877419508146656,0.640625,1.0,0.3125
2026-05-07T11:50,13,40,0.3125,40,46,0.0,5.459451744383626,0.9877327279766304,0.640625,1.0,0.3125
2026-05-07T12:20,14,40,0.3125,40,46,0.0,5.459445798104673,0.9877358249905217,0.640625,1.0,0.3125
2026-05-07T12:50,13,40,0.3125,40,46,0.0,5.459439844352794,0.987738920441054,0.640625,1.0,0.3125
2026-05-07T13:20,14,40,0.3125,40,46,0.0,5.459433883141665,0.9877420143294111,0.640625,1.0,0.3125
2026-05-07T13:50,14,40,0.3125,40,46,0.0,5.45942791448494,0.9877451066567751,0.640625,1.0,0.3125
2026-05-07T14:20,13,40,0.3125,40,46,0.0,5.459421938396239,0.987748197424327,0.640625,1.0,0.3125
2026-05-07T14:50,14,40,0.3125,40,46,0.0,5.459415954889172,0.9877512866332466,0.640625,1.0,0.3125
2026-05-07T15:20,14,40,0.3125,40,46,0.0,5.459409963977314,0.9877543742847129,0.640625,1.0,0.3125
2026-05-07T15:50,14,40,0.3125,40,46,0.0,5.459403965674225,0.9877574603799033,0.640625,1.0,0.3125
2026-05-07T16:20,14,40,0.3125,40,46,0.0,5.459397959993438,0.987760544919994,0.640625,1.0,0.3125
2026-05-07T16:50,14,40,0.3125,40,46,0.0,5.459391946948462,0.9877636279061602,0.640625,1.0,0.3125
2026-05-07T17:20,14,40,0.3125,40,46,0.0,5.459387805942965,0.9877544251573033,0.640625,1.0,0.3125
2026-05-07T17:50,13,40,0.3125,40,46,0.0,5.459383655619514,0.9877575081318357,0.640625,1.0,0.3125
2026-05-07T18:20,13,40,0.3125,40,46,0.0,5.459379495994189,0.9877605895544052,0.640625,1.0,0.3125
2026-05-07T18:50,13,40,0.3125,40,46,0.0,5.45937532708304,0.9877513945173243,0.640625,1.0,0.3125
2026-05-07T19:20,13,40,0.3125,40,46,0.0,5.459371148902092,0.9877544759275086,0.640625,1.0,0.3125
2026-05-07T19:50,13,40,0.3125,40,46,0.0,5.4593669614673415,0.9877575557876878,0.640625,1.0,0.3125
2026-05-07T20:20,12,40,0.3125,40,46,0.0,5.459362764794757,0.9877606340990311,0.640625,1.0,0.3125
2026-05-07T20:50,12,40,0.3125,40,46,0.0,5.45935855890028,0.9877637108627065,0.640625,1.0,0.3125
2026-05-07T21:20,12,40,0.3125,40,46,0.0,5.459356299734814,0.9877545265956376,0.640625,1.0,0.3125
2026-05-07T21:50,12,40,0.3125,40,46,0.0,5.459354029200479,0.9877576033477492,0.640625,1.0,0.3125
2026-05-07T22:20,12,40,0.3125,40,46,0.0,5.459351747316244,0.9877606785541426,0.640625,1.0,0.3125
2026-05-07T22:50,12,40,0.3125,40,46,0.0,5.4593494541010426,0.9877637522159823,0.640625,1.0,0.3125
2026-05-07T23:20,11,40,0.3125,40,46,0.0,5.459352687291419,0.9877545771619978,0.640625,1.0,0.3125
2026-05-07T23:50,11,40,0.3125,40,46,0.0,5.459355903694156,0.9877576508123085,0.640625,1.0,0.3125
2026-05-08T00:20,11,40,0.3125,40,46,0.0,5.459359103334971,0.9877607229200093,0.640625,1.0,0.3125
2026-05-08T00:50,10,40,0.3125,40,46,0.0,5.459362286239535,0.9877637934862612,0.640625,1.0,0.3125
2026-05-08T01:20,10,40,0.3125,40,46,0.0,5.459365452433478,0.987766862512224,0.640625,1.0,0.3125
2026-05-08T01:50,9,40,0.3125,40,46,0.0,5.459368601942385,0.9877699299990564,0.640625,1.0,0.3125
2026-05-08T02:20,9,40,0.3125,40,46,0.0,5.459377141439274,0.9877607671968995,0.640625,1.0,0.3125
2026-05-08T02:50,9,40,0.3125,40,46,0.0,5.459385658552919,0.9877638346737925,0.640625,1.0,0.3125
2026-05-08T03:20,9,40,0.3125,40,46,0.0,5.459395609339723,0.9877546779906358,0.640625,1.0,0.3125
2026-05-08T03:50,9,40,0.3125,40,46,0.0,5.459405536129346,0.987757745456069,0.640625,1.0,0.3125
2026-05-08T04:20,8,40,0.3125,40,46,0.0,5.459415438957473,0.9877608113850808,0.640625,1.0,0.3125
2026-05-08T04:50,8,40,0.3125,40,46,0.0,5.459425317859724,0.9877638757788251,0.640625,1.0,0.3125
2026-05-08T05:20,8,40,0.3125,40,46,0.0,5.459433833968109,0.9877547282535225,0.640625,1.0,0.3125
2026-05-08T05:50,8,40,0.3125,40,46,0.0,5.459442327606821,0.9877577926358415,0.640625,1.0,0.3125
2026-05-08T06:20,9,40,0.3125,40,46,0.0,5.459445058832213,0.9877486512096617,0.640625,1.0,0.3125
2026-05-08T06:50,9,40,0.3125,40,46,0.0,5.459447773378566,0.987751715579044,0.640625,1.0,0.3125
2026-05-08T07:20,10,40,0.3125,40,46,0.0,5.459450471272168,0.9877547784158583,0.640625,1.0,0.3125
2026-05-08T07:50,11,40,0.3125,40,46,0.0,5.459453152539272,0.9877578397212544,0.640625,1.0,0.3125
2026-05-08T08:20,12,40,0.3125,40,46,0.0,5.459455817206075,0.9877608994963804,0.640625,1.0,0.3125
2026-05-08T08:50,13,40,0.3125,40,46,0.0,5.459457502866678,0.9877517687149457,0.640625,1.0,0.3125
2026-05-08T09:20,14,40,0.3125,40,46,0.0,5.459459173050859,0.9877548284779447,0.640625,1.0,0.3125
2026-05-08T09:50,15,40,0.3125,40,46,0.0,5.459460827783151,0.9877578867125906,0.640625,1.0,0.3125
2026-05-08T10:20,16,40,0.3125,40,46,0.0,5.459459783517611,0.9877487635229483,0.640625,1.0,0.3125
2026-05-08T10:50,16,40,0.3125,40,46,0.0,5.459458726901531,0.9877518217447349,0.640625,1.0,0.3125
2026-05-08T11:20,16,40,0.3125,40,46,0.0,5.4594576579548315,0.9877548784400818,0.640625,1.0,0.3125
2026-05-08T11:50,17,40,0.3125,40,46,0.0,5.459451794150599,0.9877457628297414,0.640625,1.0,0.3125
2026-05-08T12:20,17,40,0.3125,40,46,0.0,5.459445923033734,0.9877488195114998,0.640625,1.0,0.3125
2026-05-08T12:50,17,40,0.3125,40,46,0.0,5.4594400446174545,0.9877518746687289,0.640625,1.0,0.3125
2026-05-08T13:20,17,40,0.3125,40,46,0.0,5.459434158914955,0.9877549283025686,0.640625,1.0,0.3125
2026-05-08T13:50,17,40,0.3125,40,46,0.0,5.459428265939405,0.9877579804141582,0.640625,1.0,0.3125
2026-05-08T14:20,18,40,0.3125,40,46,0.0,5.459422365703959,0.9877610310046356,0.640625,1.0,0.3125
2026-05-08T14:50,18,40,0.3125,40,46,0.0,5.459416458221739,0.9877640800751377,0.640625,1.0,0.3125
2026-05-08T15:20,18,40,0.3125,40,46,0.0,5.4594105435058555,0.9877671276268002,0.640625,1.0,0.3125
2026-05-08T15:50,18,40,0.3125,40,46,0.0,5.459404621569389,0.9877701736607578,0.640625,1.0,0.3125
2026-05-08T16:20,18,40,0.3125,40,46,0.0,5.459398692425402,0.9877732181781437,0.640625,1.0,0.3125
2026-05-08T16:50,18,40,0.3125,40,46,0.0,5.459392756086931,0.9877762611800904,0.640625,1.0,0.3125
2026-05-08T17:20,18,40,0.3125,40,46,0.0,5.4593886668834655,0.9877671651987555,0.640625,1.0,0.3125
2026-05-08T17:50,18,40,0.3125,40,46,0.0,5.45938456858053,0.9877702081924872,0.640625,1.0,0.3125
2026-05-08T19:20,16,40,0.3125,40,46,0.0,5.45938045087131,0.9877611182407344,0.640625,1.0,0.3125
2026-05-08T19:50,15,40,0.3125,40,46,0.0,5.4593763241046895,0.9877641612247621,0.640625,1.0,0.3125
2026-05-08T20:20,15,40,0.3125,40,46,0.0,5.459372188296113,0.9877672026959963,0.640625,1.0,0.3125
2026-05-08T20:50,14,40,0.3125,40,46,0.0,5.459368043461003,0.9877702426555649,0.640625,1.0,0.3125
2026-05-08T21:20,13,40,0.3125,40,46,0.0,5.459365811856167,0.9877611617287424,0.640625,1.0,0.3125
2026-05-08T21:50,13,40,0.3125,40,46,0.0,5.459363569138847,0.9877642016786359,0.640625,1.0,0.3125
2026-05-08T22:20,13,40,0.3125,40,46,0.0,5.45936131532737,0.9877672401187455,0.640625,1.0,0.3125
2026-05-08T22:50,12,40,0.3125,40,46,0.0,5.459359050440033,0.9877702770501957,0.640625,1.0,0.3125
2026-05-08T23:20,13,40,0.3125,40,46,0.0,5.45936223947577,0.9877612051304003,0.640625,1.0,0.3125
2026-05-08T23:50,12,40,0.3125,40,46,0.0,5.459365412112859,0.9877642420522041,0.640625,1.0,0.3125
2026-05-09T00:20,12,40,0.3125,40,46,0.0,5.459368568376134,0.9877672774672247,0.640625,1.0,0.3125
2026-05-09T00:50,10,40,0.3125,40,46,0.0,5.459371708290385,0.9877703113765831,0.640625,1.0,0.3125
2026-05-09T01:20,10,40,0.3125,40,46,0.0,5.459374831880363,0.9877733437813991,0.640625,1.0,0.3125
2026-05-09T01:50,10,40,0.3125,40,46,0.0,5.459377939170775,0.987776374682792,0.640625,1.0,0.3125
2026-05-09T02:20,11,40,0.3125,40,46,0.0,5.459386367588359,0.987767314741655,0.640625,1.0,0.3125
2026-05-09T02:50,11,40,0.3125,40,46,0.0,5.459394774144839,0.9877703456349302,0.640625,1.0,0.3125
2026-05-09T03:20,10,40,0.3125,40,46,0.0,5.45940458781091,0.9877612916756932,0.640625,1.0,0.3125
2026-05-09T03:50,10,40,0.3125,40,46,0.0,5.459414378049621,0.9877643225593792,0.640625,1.0,0.3125
2026-05-09T04:20,10,40,0.3125,40,46,0.0,5.45942414489541,0.9877673519422563,0.640625,1.0,0.3125
2026-05-09T04:50,10,40,0.3125,40,46,0.0,5.459433888382661,0.9877703798254389,0.640625,1.0,0.3125
2026-05-09T05:20,9,40,0.3125,40,46,0.0,5.459442281372383,0.9877613348198387,0.640625,1.0,0.3125
2026-05-09T05:50,10,40,0.3125,40,46,0.0,5.45945065242941,0.9877643626934608,0.640625,1.0,0.3125
2026-05-09T06:20,10,40,0.3125,40,46,0.0,5.459453333203037,0.9877553236505475,0.640625,1.0,0.3125
2026-05-09T06:50,11,40,0.3125,40,46,0.0,5.459455997695846,0.9877583515131463,0.640625,1.0,0.3125
2026-05-09T07:20,11,40,0.3125,40,46,0.0,5.459458645933216,0.987761377878656,0.640625,1.0,0.3125
2026-05-09T07:50,12,40,0.3125,40,46,0.0,5.459461277940475,0.9877644027481868,0.640625,1.0,0.3125
2026-05-09T08:20,13,40,0.3125,40,46,0.0,5.459463893742915,0.9877674261228474,0.640625,1.0,0.3125
2026-05-09T08:50,14,40,0.3125,40,46,0.0,5.459465552848207,0.9877583974879839,0.640625,1.0,0.3125
2026-05-09T09:20,15,40,0.3125,40,46,0.0,5.4594671968343285,0.9877614208523978,0.640625,1.0,0.3125
2026-05-09T09:50,16,40,0.3125,40,46,0.0,5.459468825724977,0.9877644427237923,0.640625,1.0,0.3125
2026-05-09T10:20,16,40,0.3125,40,46,0.0,5.459467793948021,0.9877554215116153,0.640625,1.0,0.3125
2026-05-09T10:50,17,40,0.3125,40,46,0.0,5.459466750098046,0.9877584433720518,0.640625,1.0,0.3125
2026-05-09T11:20,18,40,0.3125,40,46,0.0,5.459465694194301,0.987761463741316,0.640625,1.0,0.3125
2026-05-09T11:50,18,40,0.3125,40,46,0.0,5.459459904932016,0.9877524499397506,0.640625,1.0,0.3125
2026-05-09T12:20,18,40,0.3125,40,46,0.0,5.459454108513025,0.9877554702973487,0.640625,1.0,0.3125
2026-05-09T12:50,19,40,0.3125,40,46,0.0,5.4594483049501115,0.9877584891656186,0.640625,1.0,0.3125
2026-05-09T13:20,19,40,0.3125,40,46,0.0,5.459442494256039,0.9877615065456616,0.640625,1.0,0.3125
2026-05-09T13:50,19,40,0.3125,40,46,0.0,5.45943667644355,0.9877645224385779,0.640625,1.0,0.3125
2026-05-09T14:20,20,40,0.3125,40,46,0.0,5.459430851525363,0.9877675368454666,0.640625,1.0,0.3125
2026-05-09T14:50,20,40,0.3125,40,46,0.0,5.459425019514178,0.9877705497674258,0.640625,1.0,0.3125
2026-05-09T15:20,19,40,0.3125,40,46,0.0,5.459419180422671,0.9877735612055526,0.640625,1.0,0.3125
2026-05-09T15:50,20,40,0.3125,40,46,0.0,5.459413334263501,0.9877765711609426,0.640625,1.0,0.3125
2026-05-09T16:20,20,40,0.3125,40,46,0.0,5.4594074810493005,0.9877795796346909,0.640625,1.0,0.3125
2026-05-09T16:50,19,40,0.3125,40,46,0.0,5.4594016207926845,0.987782586627891,0.640625,1.0,0.3125
2026-05-09T17:20,18,40,0.3125,40,46,0.0,5.459397594871589,0.9877735920216345,0.640625,1.0,0.3125
2026-05-09T17:50,18,40,0.3125,40,46,0.0,5.459393560037263,0.9877765990083484,0.640625,1.0,0.3125
2026-05-09T18:20,18,40,0.3125,40,46,0.0,5.459389516304722,0.9877796045163374,0.640625,1.0,0.3125
2026-05-09T18:50,17,40,0.3125,40,46,0.0,5.4593854536019695,0.9877706172763371,0.640625,1.0,0.3125
2026-05-09T19:20,17,40,0.3125,40,46,0.0,5.459381382041654,0.9877736227771293,0.640625,1.0,0.3125
2026-05-09T19:50,16,40,0.3125,40,46,0.0,5.459377301638706,0.9877766268010171,0.640625,1.0,0.3125
2026-05-09T20:20,15,40,0.3125,40,46,0.0,5.459373212408026,0.9877796293490886,0.640625,1.0,0.3125
2026-05-09T20:50,15,40,0.3125,40,46,0.0,5.459369114364492,0.9877826304224311,0.640625,1.0,0.3125
2026-05-09T21:20,14,40,0.3125,40,46,0.0,5.459366905655391,0.9877736534722157,0.640625,1.0,0.3125
2026-05-09T21:50,14,40,0.3125,40,46,0.0,5.459364686097677,0.9877766545391101,0.640625,1.0,0.3125
2026-05-09T22:20,14,40,0.3125,40,46,0.0,5.459362455709033,0.9877796541330882,0.640625,1.0,0.3125
2026-05-09T22:50,13,40,0.3125,40,46,0.0,5.459360214507112,0.9877826522552342,0.640625,1.0,0.3125
2026-05-09T23:20,13,40,0.3125,40,46,0.0,5.459363360120481,0.9877736841070713,0.640625,1.0,0.3125
2026-05-09T23:50,13,40,0.3125,40,46,0.0,5.459366489725461,0.987776682222788,0.640625,1.0,0.3125
2026-05-10T00:20,12,40,0.3125,40,46,0.0,5.459369603346009,0.98777967886848,0.640625,1.0,0.3125
2026-05-10T00:50,12,40,0.3125,40,46,0.0,5.459372701006042,0.9877826740452278,0.640625,1.0,0.3125
2026-05-10T01:20,11,40,0.3125,40,46,0.0,5.459375782729437,0.9877856677541116,0.640625,1.0,0.3125
2026-05-10T01:50,11,40,0.3125,40,46,0.0,5.459378848540034,0.98778865999621,0.640625,1.0,0.3125
2026-05-10T02:20,10,40,0.3125,40,46,0.0,5.459387172868726,0.9877797035554065,0.640625,1.0,0.3125
2026-05-10T02:50,10,40,0.3125,40,46,0.0,5.459395475852454,0.9877826957925379,0.640625,1.0,0.3125
2026-05-10T03:20,9,40,0.3125,40,46,0.0,5.459405169938164,0.987773745196798,0.640625,1.0,0.3125
2026-05-10T03:50,10,40,0.3125,40,46,0.0,5.459414841148195,0.9877767374275378,0.640625,1.0,0.3125
2026-05-10T04:20,10,40,0.3125,40,46,0.0,5.459424489515782,0.9877797281940102,0.640625,1.0,0.3125
2026-05-10T04:50,10,40,0.3125,40,46,0.0,5.459434115074101,0.9877827174972895,0.640625,1.0,0.3125
2026-05-10T05:20,10,40,0.3125,40,46,0.0,5.459442407828828,0.9877737756520212,0.640625,1.0,0.3125
2026-05-10T05:50,10,40,0.3125,40,46,0.0,5.459450679164498,0.9877767649489279,0.640625,1.0,0.3125
2026-05-10T06:20,10,40,0.3125,40,46,0.0,5.459458929112437,0.9877797527844329,0.640625,1.0,0.3125
2026-05-10T06:50,10,40,0.3125,40,46,0.0,5.459461562918071,0.9877708182192839,0.640625,1.0,0.3125
2026-05-10T07:20,10,40,0.3125,40,46,0.0,5.4594641808464015,0.987773806047718,0.640625,1.0,0.3125
2026-05-10T07:50,10,40,0.3125,40,46,0.0,5.459466782921878,0.9877767924165388,0.640625,1.0,0.3125
2026-05-10T08:20,11,40,0.3125,40,46,0.0,5.459469369168911,0.9877797773268157,0.640625,1.0,0.3125
2026-05-10T08:50,11,40,0.3125,40,46,0.0,5.459471015703979,0.9877708514808362,0.640625,1.0,0.3125
2026-05-10T09:20,12,40,0.3125,40,46,0.0,5.459472647464323,0.9877738363840628,0.640625,1.0,0.3125
2026-05-10T09:50,12,40,0.3125,40,46,0.0,5.459474264472825,0.9877768198305283,0.640625,1.0,0.3125
2026-05-10T10:20,12,40,0.3125,40,46,0.0,5.4594732499495064,0.9877679012387656,0.640625,1.0,0.3125
2026-05-10T10:50,12,40,0.3125,40,46,0.0,5.459472223628441,0.9877708846774879,0.640625,1.0,0.3125
2026-05-10T11:20,12,40,0.3125,40,46,0.0,5.459471185528217,0.987773866661229,0.640625,1.0,0.3125
2026-05-10T11:50,12,40,0.3125,40,46,0.0,5.459465469242463,0.9877649553120175,0.640625,1.0,0.3125
2026-05-10T12:20,12,40,0.3125,40,46,0.0,5.4594597459608165,0.9877679372873253,0.640625,1.0,0.3125
2026-05-10T12:50,12,40,0.3125,40,46,0.0,5.459454015695626,0.9877709178094287,0.640625,1.0,0.3125
2026-05-10T13:20,12,40,0.3125,40,46,0.0,5.459448278459219,0.9877738968793899,0.640625,1.0,0.3125
2026-05-10T13:50,12,40,0.3125,40,46,0.0,5.4594425342639035,0.9877768744982697,0.640625,1.0,0.3125
2026-05-10T14:20,12,40,0.3125,40,46,0.0,5.459436783121964,0.9877798506671281,0.640625,1.0,0.3125
2026-05-10T14:50,12,40,0.3125,40,46,0.0,5.45943102504567,0.9877828253870242,0.640625,1.0,0.3125
2026-05-10T15:20,12,40,0.3125,40,46,0.0,5.459425260047267,0.9877857986590156,0.640625,1.0,0.3125
2026-05-10T15:50,12,40,0.3125,40,46,0.0,5.459419488138979,0.9877887704841594,0.640625,1.0,0.3125
2026-05-10T16:20,12,40,0.3125,40,46,0.0,5.459413709333013,0.9877917408635113,0.640625,1.0,0.3125
2026-05-10T16:50,12,40,0.3125,40,46,0.0,5.459407923641555,0.9877947097981262,0.640625,1.0,0.3125
2026-05-10T17:20,12,40,0.3125,40,46,0.0,5.4594039483809516,0.9877858172142208,0.640625,1.0,0.3125
2026-05-10T17:50,13,40,0.3125,40,46,0.0,5.459399964409754,0.9877887861453792,0.640625,1.0,0.3125
2026-05-10T18:20,12,40,0.3125,40,46,0.0,5.4593959717424685,0.9877917536335578,0.640625,1.0,0.3125
2026-05-10T18:50,12,40,0.3125,40,46,0.0,5.4593919556119115,0.9877828682493405,0.640625,1.0,0.3125
2026-05-10T19:20,12,40,0.3125,40,46,0.0,5.459387930829687,0.9877858357333702,0.640625,1.0,0.3125
2026-05-10T19:50,12,40,0.3125,40,46,0.0,5.459383897410205,0.9877888017761742,0.640625,1.0,0.3125
2026-05-10T20:20,11,40,0.3125,40,46,0.0,5.459379855367852,0.987791766378802,0.640625,1.0,0.3125
2026-05-10T20:50,11,40,0.3125,40,46,0.0,5.459375804716994,0.9877947295423023,0.640625,1.0,0.3125
2026-05-10T21:20,10,40,0.3125,40,46,0.0,5.459373614349353,0.987785854216569,0.640625,1.0,0.3125
2026-05-10T21:50,9,40,0.3125,40,46,0.0,5.4593714133923985,0.9877888173766328,0.640625,1.0,0.3125
2026-05-10T22:20,9,40,0.3125,40,46,0.0,5.4593692018631925,0.9877917790993161,0.640625,1.0,0.3125
2026-05-10T22:50,8,40,0.3125,40,46,0.0,5.459366979778765,0.9877947393856645,0.640625,1.0,0.3125
2026-05-10T23:20,8,40,0.3125,40,46,0.0,5.459370076032192,0.9877858726639214,0.640625,1.0,0.3125
2026-05-10T23:50,7,40,0.3125,40,46,0.0,5.459373156660894,0.9877888329468434,0.640625,1.0,0.3125
2026-05-11T00:20,7,40,0.3125,40,46,0.0,5.459376221687986,0.9877917917951722,0.640625,1.0,0.3125
2026-05-11T00:50,7,40,0.3125,40,46,0.0,5.45937927113654,0.9877947492099505,0.640625,1.0,0.3125
2026-05-11T01:20,6,40,0.3125,40,46,0.0,5.45938230502959,0.9877977051922199,0.640625,1.0,0.3125
2026-05-11T01:50,6,40,0.3125,40,46,0.0,5.459390534064968,0.9877888484868936,0.640625,1.0,0.3125
2026-05-11T02:20,6,40,0.3125,40,46,0.0,5.459398742238799,0.9877918044664418,0.640625,1.0,0.3125
2026-05-11T02:50,6,40,0.3125,40,46,0.0,5.459406929581052,0.9877947590152156,0.640625,1.0,0.3125
2026-05-11T03:20,5,40,0.3125,40,46,0.0,5.45941649239258,0.987785909451504,0.640625,1.0,0.3125
2026-05-11T03:50,5,40,0.3125,40,46,0.0,5.459426032876114,0.9877888639968713,0.640625,1.0,0.3125
2026-05-11T04:20,5,40,0.3125,40,46,0.0,5.459435551063717,0.9877918171131961,0.640625,1.0,0.3125
2026-05-11T04:50,5,40,0.3125,40,46,0.0,5.459445046987399,0.987794768801515,0.640625,1.0,0.3125
2026-05-11T05:20,5,40,0.3125,40,46,0.0,5.459453227363812,0.9877859277919413,0.640625,1.0,0.3125
2026-05-11T05:50,6,40,0.3125,40,46,0.0,5.459461386832151,0.9877888794768634,0.640625,1.0,0.3125
2026-05-11T06:20,7,40,0.3125,40,46,0.0,5.459469525422638,0.9877918297355064,0.640625,1.0,0.3125
2026-05-11T06:50,8,40,0.3125,40,46,0.0,5.459472121758894,0.9877829958423807,0.640625,1.0,0.3125
2026-05-11T07:20,8,40,0.3125,40,46,0.0,5.4594747025910175,0.9877859460969467,0.640625,1.0,0.3125
2026-05-11T07:50,9,40,0.3125,40,46,0.0,5.459477267942612,0.9877888949269571,0.640625,1.0,0.3125
2026-05-11T08:20,10,40,0.3125,40,46,0.0,5.459479817837239,0.9877918423334435,0.640625,1.0,0.3125
2026-05-11T08:50,10,40,0.3125,40,46,0.0,5.459481444487701,0.9877830169642016,0.640625,1.0,0.3125
2026-05-11T09:20,10,40,0.3125,40,46,0.0,5.459483056704287,0.9877859643666228,0.640625,1.0,0.3125
2026-05-11T09:50,9,40,0.3125,40,46,0.0,5.45948465450909,0.9877889103472387,0.640625,1.0,0.3125
2026-05-11T10:20,9,40,0.3125,40,46,0.0,5.459483655499584,0.9877800920694109,0.640625,1.0,0.3125
2026-05-11T10:50,10,40,0.3125,40,46,0.0,5.459482644958886,0.9877830380452861,0.640625,1.0,0.3125
2026-05-11T11:20,10,40,0.3125,40,46,0.0,5.459481622904956,0.9877859826010718,0.640625,1.0,0.3125
2026-05-11T11:50,10,40,0.3125,40,46,0.0,5.459475980019866,0.9877771714033836,0.640625,1.0,0.3125
2026-05-11T12:20,10,40,0.3125,40,46,0.0,5.459470330291896,0.9877801159537561,0.640625,1.0,0.3125
2026-05-11T12:50,9,40,0.3125,40,46,0.0,5.459464673732981,0.9877830590857519,0.640625,1.0,0.3125
2026-05-11T13:20,8,40,0.3125,40,46,0.0,5.459459010355037,0.9877860008003954,0.640625,1.0,0.3125
2026-05-11T13:50,9,40,0.3125,40,46,0.0,5.459453340169957,0.9877889410987101,0.640625,1.0,0.3125
2026-05-11T14:20,10,40,0.3125,40,46,0.0,5.459447663189619,0.9877918799817188,0.640625,1.0,0.3125
2026-05-11T14:50,10,40,0.3125,40,46,0.0,5.459441979425877,0.9877948174504432,0.640625,1.0,0.3125
2026-05-11T15:20,10,40,0.3125,40,46,0.0,5.45943628889057,0.9877977535059037,0.640625,1.0,0.3125
2026-05-11T15:50,10,40,0.3125,40,46,0.0,5.459430591595515,0.9878006881491203,0.640625,1.0,0.3125
2026-05-11T16:20,11,40,0.3125,40,46,0.0,5.459424887552511,0.9878036213811113,0.640625,1.0,0.3125
2026-05-11T16:50,12,40,0.3125,40,46,0.0,5.459419176773336,0.9878065532028947,0.640625,1.0,0.3125
2026-05-11T17:20,11,40,0.3125,40,46,0.0,5.459415253126364,0.9877977603547794,0.640625,1.0,0.3125
2026-05-11T17:50,11,40,0.3125,40,46,0.0,5.459411320962193,0.9878006921759339,0.640625,1.0,0.3125
2026-05-11T18:20,12,40,0.3125,40,46,0.0,5.459407380294838,0.9878036225885748,0.640625,1.0,0.3125
2026-05-11T18:50,12,40,0.3125,40,46,0.0,5.459403411878601,0.9877948367791624,0.640625,1.0,0.3125
2026-05-11T19:20,11,40,0.3125,40,46,0.0,5.459399435007088,0.9877977671904999,0.640625,1.0,0.3125
2026-05-11T19:50,11,40,0.3125,40,46,0.0,5.459395449694218,0.9878006961950149,0.640625,1.0,0.3125
2026-05-11T20:20,10,40,0.3125,40,46,0.0,5.459391455953889,0.9878036237937202,0.640625,1.0,0.3125
2026-05-11T20:50,10,40,0.3125,40,46,0.0,5.459387453799978,0.9878065499876276,0.640625,1.0,0.3125
2026-05-11T21:20,9,40,0.3125,40,46,0.0,5.4593852837106365,0.9877977740131032,0.640625,1.0,0.3125
2026-05-11T21:50,9,40,0.3125,40,46,0.0,5.459383103279705,0.9878007002063854,0.640625,1.0,0.3125
2026-05-11T22:20,9,40,0.3125,40,46,0.0,5.459380912523647,0.9878036249965542,0.640625,1.0,0.3125
2026-05-11T22:50,8,40,0.3125,40,46,0.0,5.459378711458909,0.9878065483846182,0.640625,1.0,0.3125
2026-05-11T23:20,8,40,0.3125,40,46,0.0,5.459381761959562,0.987797780822627,0.640625,1.0,0.3125
2026-05-11T23:50,8,40,0.3125,40,46,0.0,5.4593847972031515,0.9878007042100677,0.640625,1.0,0.3125
2026-05-12T00:20,7,40,0.3125,40,46,0.0,5.4593878172119865,0.9878036261970833,0.640625,1.0,0.3125
2026-05-12T00:50,7,40,0.3125,40,46,0.0,5.45939082200834,0.9878065467846797,0.640625,1.0,0.3125
2026-05-12T01:20,7,40,0.3125,40,46,0.0,5.459393811614448,0.9878094659738622,0.640625,1.0,0.3125
2026-05-12T01:50,7,40,0.3125,40,46,0.0,5.45940192712359,0.9878007082060837,0.640625,1.0,0.3125
2026-05-12T02:20,5,40,0.3125,40,46,0.0,5.459410022267328,0.9878036273953141,0.640625,1.0,0.3125
2026-05-12T02:50,6,40,0.3125,40,46,0.0,5.459418097074581,0.9878065451878033,0.640625,1.0,0.3125
2026-05-12T03:20,5,40,0.3125,40,46,0.0,5.4594275320649865,0.9877977944025862,0.640625,1.0,0.3125
2026-05-12T03:50,5,40,0.3125,40,46,0.0,5.459436945255654,0.9878007121944555,0.640625,1.0,0.3125
2026-05-12T04:20,5,40,0.3125,40,46,0.0,5.45944633667753,0.9878036285912534,0.640625,1.0,0.3125
2026-05-12T04:50,5,40,0.3125,40,46,0.0,5.459455706361506,0.9878065435939801,0.640625,1.0,0.3125
2026-05-12T05:20,5,40,0.3125,40,46,0.0,5.459463777317695,0.9877978011730963,0.640625,1.0,0.3125
2026-05-12T05:50,5,40,0.3125,40,46,0.0,5.4594718278587235,0.9878007161752049,0.640625,1.0,0.3125
2026-05-12T06:20,5,40,0.3125,40,46,0.0,5.459479858013762,0.9878036297849075,0.640625,1.0,0.3125
2026-05-12T06:50,6,40,0.3125,40,46,0.0,5.4594824179059716,0.9877948943222548,0.640625,1.0,0.3125
2026-05-12T07:20,8,40,0.3125,40,46,0.0,5.4594849626542175,0.9877978079306763,0.640625,1.0,0.3125
2026-05-12T07:50,9,40,0.3125,40,46,0.0,5.459487492281286,0.987800720148354,0.640625,1.0,0.3125
2026-05-12T08:20,10,40,0.3125,40,46,0.0,5.459490006809929,0.9878036309762832,0.640625,1.0,0.3125
2026-05-12T08:50,11,40,0.3125,40,46,0.0,5.4594916140587575,0.9877949038487114,0.640625,1.0,0.3125
2026-05-12T09:20,12,40,0.3125,40,46,0.0,5.4594932072028834,0.9877978146753633,0.640625,1.0,0.3125
2026-05-12T09:50,12,40,0.3125,40,46,0.0,5.459494786263653,0.9878007241139243,0.640625,1.0,0.3125
2026-05-12T10:20,13,40,0.3125,40,46,0.0,5.459493802334319,0.9877920039203798,0.640625,1.0,0.3125
2026-05-12T10:50,14,40,0.3125,40,46,0.0,5.459492807131415,0.9877949133570051,0.640625,1.0,0.3125
2026-05-12T11:20,14,40,0.3125,40,46,0.0,5.459491800672296,0.9877978214071941,0.640625,1.0,0.3125
2026-05-12T11:50,14,40,0.3125,40,46,0.0,5.459486229353154,0.9877891081367767,0.640625,1.0,0.3125
2026-05-12T12:20,15,40,0.3125,40,46,0.0,5.459480651339185,0.9877920161843745,0.640625,1.0,0.3125
2026-05-12T12:50,16,40,0.3125,40,46,0.0,5.4594750666419305,0.9877949228471877,0.640625,1.0,0.3125
2026-05-12T13:20,15,40,0.3125,40,46,0.0,5.459469475272907,0.9877978281262053,0.640625,1.0,0.3125
2026-05-12T13:50,15,40,0.3125,40,46,0.0,5.459463877243618,0.9878007320224151,0.640625,1.0,0.3125
2026-05-12T14:20,15,40,0.3125,40,46,0.0,5.459458272565546,0.9878036345368043,0.640625,1.0,0.3125
2026-05-12T14:50,17,40,0.3125,40,46,0.0,5.459452661250155,0.9878065356703588,0.640625,1.0,0.3125
2026-05-12T15:20,16,40,0.3125,40,46,0.0,5.4594470433088915,0.9878094354240639,0.640625,1.0,0.3125
2026-05-12T15:50,16,40,0.3125,40,46,0.0,5.459441418753183,0.9878123337989037,0.640625,1.0,0.3125
2026-05-12T16:20,15,40,0.3125,40,46,0.0,5.459435787594439,0.9878152307958613,0.640625,1.0,0.3125
2026-05-12T16:50,16,40,0.3125,40,46,0.0,5.4594301498440485,0.9878181264159194,0.640625,1.0,0.3125
2026-05-12T17:20,15,40,0.3125,40,46,0.0,5.459426276513062,0.9878094310929871,0.640625,1.0,0.3125
2026-05-12T17:50,15,40,0.3125,40,46,0.0,5.459422394851897,0.9878123267150554,0.640625,1.0,0.3125
2026-05-12T18:20,15,40,0.3125,40,46,0.0,5.459418504874105,0.9878152209618577,0.640625,1.0,0.3125
2026-05-12T18:50,13,40,0.3125,40,46,0.0,5.4594145830611085,0.9878065325219796,0.640625,1.0,0.3125
2026-05-12T19:20,13,40,0.3125,40,46,0.0,5.459410652982609,0.9878094267701348,0.640625,1.0,0.3125
2026-05-12T19:50,14,40,0.3125,40,46,0.0,5.4594067146520615,0.9878123196446554,0.640625,1.0,0.3125
2026-05-12T20:20,14,40,0.3125,40,46,0.0,5.459402768082891,0.9878152111465192,0.640625,1.0,0.3125
2026-05-12T20:50,14,40,0.3125,40,46,0.0,5.459398813288509,0.9878181012767028,0.640625,1.0,0.3125
2026-05-12T21:20,13,40,0.3125,40,46,0.0,5.459396663140862,0.9878094224554835,0.640625,1.0,0.3125
2026-05-12T21:50,13,40,0.3125,40,46,0.0,5.459394502890738,0.9878123125876658,0.640625,1.0,0.3125
2026-05-12T22:20,13,40,0.3125,40,46,0.0,5.459392332554043,0.9878152013497924,0.640625,1.0,0.3125
2026-05-12T22:50,13,40,0.3125,40,46,0.0,5.459390152146655,0.9878180887428375,0.640625,1.0,0.3125
2026-05-12T23:20,13,40,0.3125,40,46,0.0,5.459393158177001,0.9878094181490096,0.640625,1.0,0.3125
2026-05-12T23:50,12,40,0.3125,40,46,0.0,5.459396149305111,0.9878123055440476,0.640625,1.0,0.3125
2026-05-13T00:20,12,40,0.3125,40,46,0.0,5.459399125552531,0.9878151915716242,0.640625,1.0,0.3125
2026-05-13T00:50,11,40,0.3125,40,46,0.0,5.459402086940765,0.9878180762327103,0.640625,1.0,0.3125
2026-05-13T01:20,11,40,0.3125,40,46,0.0,5.459405033491287,0.9878209595282765,0.640625,1.0,0.3125
2026-05-13T01:50,10,40,0.3125,40,46,0.0,5.459413038494103,0.9878122985137633,0.640625,1.0,0.3125
2026-05-13T02:20,9,40,0.3125,40,46,0.0,5.459421023610171,0.987815181811962,0.640625,1.0,0.3125
2026-05-13T02:50,9,40,0.3125,40,46,0.0,5.459428988867412,0.9878180637462544,0.640625,1.0,0.3125
2026-05-13T03:20,9,40,0.3125,40,46,0.0,5.459438299356902,0.987809409560501,0.640625,1.0,0.3125
2026-05-13T03:50,10,40,0.3125,40,46,0.0,5.459447588556389,0.9878122914967751,0.640625,1.0,0.3125
2026-05-13T04:20,10,40,0.3125,40,46,0.0,5.45945685649575,0.9878151720707536,0.640625,1.0,0.3125
2026-05-13T04:50,10,40,0.3125,40,46,0.0,5.4594661032048135,0.9878180512834024,0.640625,1.0,0.3125
2026-05-13T05:20,10,40,0.3125,40,46,0.0,5.4594740675849796,0.9878094052784205,0.640625,1.0,0.3125
2026-05-13T05:50,10,40,0.3125,40,46,0.0,5.459482012025673,0.9878122844930454,0.640625,1.0,0.3125
2026-05-13T06:20,10,40,0.3125,40,46,0.0,5.459484549685964,0.9878036439328806,0.640625,1.0,0.3125
2026-05-13T06:50,11,40,0.3125,40,46,0.0,5.4594870725297096,0.9878065231481938,0.640625,1.0,0.3125
2026-05-13T07:20,10,40,0.3125,40,46,0.0,5.459489580578956,0.987809401004425,0.640625,1.0,0.3125
2026-05-13T07:50,11,40,0.3125,40,46,0.0,5.459492073855716,0.9878122775025363,0.640625,1.0,0.3125
2026-05-13T08:20,11,40,0.3125,40,46,0.0,5.459494552381959,0.9878151526434888,0.640625,1.0,0.3125
2026-05-13T08:50,12,40,0.3125,40,46,0.0,5.459496139112327,0.9878065215962133,0.640625,1.0,0.3125
2026-05-13T09:20,12,40,0.3125,40,46,0.0,5.459497712057727,0.9878093967384919,0.640625,1.0,0.3125
2026-05-13T09:50,12,40,0.3125,40,46,0.0,5.459499271238788,0.9878122705252108,0.640625,1.0,0.3125
2026-05-13T10:20,13,40,0.3125,40,46,0.0,5.459498300396065,0.9878036462597547,0.640625,1.0,0.3125
2026-05-13T10:50,10,40,0.3125,40,46,0.0,5.459497318530553,0.9878065200471582,0.640625,1.0,0.3125
2026-05-13T11:20,9,40,0.3125,40,46,0.0,5.459496325659026,0.9878093924805982,0.640625,1.0,0.3125
2026-05-13T11:50,12,40,0.3125,40,46,0.0,5.4594908225663294,0.9878007749864188,0.640625,1.0,0.3125
2026-05-13T12:20,12,40,0.3125,40,46,0.0,5.459485312923803,0.9878036474199046,0.640625,1.0,0.3125
2026-05-13T12:50,12,40,0.3125,40,46,0.0,5.459479796742605,0.9878065185010204,0.640625,1.0,0.3125
2026-05-13T13:20,11,40,0.3125,40,46,0.0,5.459474274033879,0.9878093882307213,0.640625,1.0,0.3125
2026-05-13T13:50,12,40,0.3125,40,46,0.0,5.4594687448087456,0.9878122566099611,0.640625,1.0,0.3125
2026-05-13T14:20,12,40,0.3125,40,46,0.0,5.459463209078311,0.9878151236396929,0.640625,1.0,0.3125
2026-05-13T14:50,9,40,0.3125,40,46,0.0,5.459457666853662,0.987817989320869,0.640625,1.0,0.3125
2026-05-13T15:20,11,40,0.3125,40,46,0.0,5.459452118145869,0.9878208536544403,0.640625,1.0,0.3125
2026-05-13T15:50,10,40,0.3125,40,46,0.0,5.4594465629659865,0.9878237166413575,0.640625,1.0,0.3125
2026-05-13T16:20,10,40,0.3125,40,46,0.0,5.459441001325046,0.9878265782825698,0.640625,1.0,0.3125
2026-05-13T16:50,11,40,0.3125,40,46,0.0,5.459435433234065,0.9878294385790259,0.640625,1.0,0.3125
2026-05-13T17:20,12,40,0.3125,40,46,0.0,5.459431607415575,0.9878208386433004,0.640625,1.0,0.3125
2026-05-13T17:50,9,40,0.3125,40,46,0.0,5.459427773449508,0.9878236989442296,0.640625,1.0,0.3125
2026-05-13T18:20,10,40,0.3125,40,46,0.0,5.459423931348963,0.9878265579019793,0.640625,1.0,0.3125
2026-05-13T18:50,10,40,0.3125,40,46,0.0,5.459420053517754,0.9878179646987617,0.640625,1.0,0.3125
2026-05-13T19:20,10,40,0.3125,40,46,0.0,5.45941616760616,0.9878208236603437,0.640625,1.0,0.3125
2026-05-13T19:50,10,40,0.3125,40,46,0.0,5.459412273627183,0.9878236812803203,0.640625,1.0,0.3125
2026-05-13T20:20,10,40,0.3125,40,46,0.0,5.4594083715938035,0.9878265375596352,0.640625,1.0,0.3125
2026-05-13T20:50,9,40,0.3125,40,46,0.0,5.459404461518984,0.987829392499232,0.640625,1.0,0.3125
2026-05-13T21:20,9,40,0.3125,40,46,0.0,5.4594023347906555,0.9878208087054913,0.640625,1.0,0.3125
2026-05-13T21:50,9,40,0.3125,40,46,0.0,5.459400198186528,0.9878236636495359,0.640625,1.0,0.3125
2026-05-13T22:20,9,40,0.3125,40,46,0.0,5.459398051721979,0.98782651725543,0.640625,1.0,0.3125
2026-05-13T22:50,9,40,0.3125,40,46,0.0,5.459395895412351,0.9878293695241144,0.640625,1.0,0.3125
2026-05-13T23:20,9,40,0.3125,40,46,0.0,5.459398864800837,0.9878207937786637,0.640625,1.0,0.3125
2026-05-13T23:50,9,40,0.3125,40,46,0.0,5.459401819623227,0.9878236460517834,0.640625,1.0,0.3125
2026-05-14T00:20,8,40,0.3125,40,46,0.0,5.459404759900338,0.9878264969892566,0.640625,1.0,0.3125
2026-05-14T00:50,9,40,0.3125,40,46,0.0,5.459407685652961,0.9878293465920214,0.640625,1.0,0.3125
2026-05-14T01:20,8,40,0.3125,40,46,0.0,5.4594105969018445,0.9878321948610146,0.640625,1.0,0.3125
2026-05-14T01:50,8,40,0.3125,40,46,0.0,5.459418500866925,0.9878236284869701,0.640625,1.0,0.3125
2026-05-14T02:20,9,40,0.3125,40,46,0.0,5.459426385400838,0.9878264767610083,0.640625,1.0,0.3125
2026-05-14T02:50,9,40,0.3125,40,46,0.0,5.459434250530562,0.9878293237028322,0.640625,1.0,0.3125
2026-05-14T03:20,8,40,0.3125,40,46,0.0,5.459443446259586,0.987820764008769,0.640625,1.0,0.3125
2026-05-14T03:50,8,40,0.3125,40,46,0.0,5.459452621184292,0.9878236109550034,0.640625,1.0,0.3125
2026-05-14T04:20,8,40,0.3125,40,46,0.0,5.459461775333547,0.9878264565705783,0.640625,1.0,0.3125
2026-05-14T04:50,8,40,0.3125,40,46,0.0,5.459470908736174,0.9878293008564263,0.640625,1.0,0.3125
2026-05-14T05:20,8,40,0.3125,40,46,0.0,5.4594787757973124,0.9878207491655454,0.640625,1.0,0.3125
2026-05-14T05:50,8,40,0.3125,40,46,0.0,5.459486623371889,0.9878235934557916,0.640625,1.0,0.3125
2026-05-14T06:20,8,40,0.3125,40,46,0.0,5.459494451487121,0.9878264364178613,0.640625,1.0,0.3125
2026-05-14T06:50,8,40,0.3125,40,46,0.0,5.459496939850223,0.9878178913841958,0.640625,1.0,0.3125
2026-05-14T07:20,8,40,0.3125,40,46,0.0,5.45949941375468,0.9878207343500338,0.640625,1.0,0.3125
2026-05-14T07:50,8,40,0.3125,40,46,0.0,5.459501873221763,0.9878235759892429,0.640625,1.0,0.3125
2026-05-14T08:20,8,40,0.3125,40,46,0.0,5.459504318272704,0.9878264163027514,0.640625,1.0,0.3125
2026-05-14T08:50,9,40,0.3125,40,46,0.0,5.459505886548022,0.9878178792448904,0.640625,1.0,0.3125
2026-05-14T09:20,9,40,0.3125,40,46,0.0,5.459507441345708,0.9878207195621567,0.640625,1.0,0.3125
2026-05-14T09:50,9,40,0.3125,40,46,0.0,5.4595089826856995,0.9878235585552658,0.640625,1.0,0.3125
2026-05-14T10:20,9,40,0.3125,40,46,0.0,5.459508026138945,0.9878150281319705,0.640625,1.0,0.3125
2026-05-14T10:50,10,40,0.3125,40,46,0.0,5.459507058810261,0.9878178671282118,0.640625,1.0,0.3125
2026-05-14T11:20,10,40,0.3125,40,46,0.0,5.4595060807158715,0.9878207048018368,0.640625,1.0,0.3125
2026-05-14T11:50,9,40,0.3125,40,46,0.0,5.4595006457503965,0.9878121810029065,0.640625,1.0,0.3125
2026-05-14T12:20,8,40,0.3125,40,46,0.0,5.459495204373794,0.9878150186790409,0.640625,1.0,0.3125
2026-05-14T12:50,9,40,0.3125,40,46,0.0,5.459489756596863,0.9878178550340969,0.640625,1.0,0.3125
2026-05-14T13:20,9,40,0.3125,40,46,0.0,5.459484302430381,0.9878206900689971,0.640625,1.0,0.3125
2026-05-14T13:50,9,40,0.3125,40,46,0.0,5.459478841885112,0.9878235237846628,0.640625,1.0,0.3125
2026-05-14T14:20,10,40,0.3125,40,46,0.0,5.459473374971803,0.9878263561820145,0.640625,1.0,0.3125
2026-05-14T14:50,12,40,0.3125,40,46,0.0,5.459467901701182,0.9878291872619722,0.640625,1.0,0.3125
2026-05-14T15:20,12,40,0.3125,40,46,0.0,5.45946242208396,0.9878320170254546,0.640625,1.0,0.3125
2026-05-14T15:50,9,40,0.3125,40,46,0.0,5.4594569361308345,0.98783484547338,0.640625,1.0,0.3125
2026-05-14T16:20,9,40,0.3125,40,46,0.0,5.4594514438524815,0.9878376726066652,0.640625,1.0,0.3125
2026-05-14T16:50,11,40,0.3125,40,46,0.0,5.459445945259564,0.9878404984262269,0.640625,1.0,0.3125
2026-05-14T17:20,11,40,0.3125,40,46,0.0,5.459442167334116,0.9878319918092162,0.640625,1.0,0.3125
2026-05-14T17:50,11,40,0.3125,40,46,0.0,5.45943838143613,0.9878348176355494,0.640625,1.0,0.3125
2026-05-14T18:20,9,40,0.3125,40,46,0.0,5.459434551559145,0.9878263162876413,0.640625,1.0,0.3125
2026-05-14T18:50,10,40,0.3125,40,46,0.0,5.459430713771023,0.987829142119515,0.640625,1.0,0.3125
2026-05-14T19:20,9,40,0.3125,40,46,0.0,5.459426868084357,0.9878319666397937,0.640625,1.0,0.3125
2026-05-14T19:50,10,40,0.3125,40,46,0.0,5.459423014511713,0.98783478984939,0.640625,1.0,0.3125
2026-05-14T20:20,9,40,0.3125,40,46,0.0,5.4594191530656415,0.9878376117492161,0.640625,1.0,0.3125
2026-05-14T20:50,9,40,0.3125,40,46,0.0,5.459415283758668,0.9878404323401834,0.640625,1.0,0.3125
2026-05-14T21:20,9,40,0.3125,40,46,0.0,5.459413171768243,0.9878319415170568,0.640625,1.0,0.3125
2026-05-14T21:50,9,40,0.3125,40,46,0.0,5.459411050129697,0.987834762114758,0.640625,1.0,0.3125
2026-05-14T22:20,9,40,0.3125,40,46,0.0,5.459408918857884,0.9878375814051138,0.640625,1.0,0.3125
2026-05-14T22:50,9,40,0.3125,40,46,0.0,5.459406777967632,0.9878403993890329,0.640625,1.0,0.3125
2026-05-14T23:20,9,40,0.3125,40,46,0.0,5.4594097007044535,0.9878319164408759,0.640625,1.0,0.3125
2026-05-14T23:50,8,40,0.3125,40,46,0.0,5.4594126092107365,0.9878347344315103,0.640625,1.0,0.3125
2026-05-15T00:20,8,40,0.3125,40,46,0.0,5.459415503506597,0.9878375511172172,0.640625,1.0,0.3125
2026-05-15T00:50,8,40,0.3125,40,46,0.0,5.459418383612117,0.987840366498903,0.640625,1.0,0.3125
2026-05-15T01:20,8,40,0.3125,40,46,0.0,5.459421249547346,0.9878431805774731,0.640625,1.0,0.3125
2026-05-15T02:20,8,40,0.3125,40,46,0.0,5.459429044130616,0.987834706799504,0.640625,1.0,0.3125
2026-05-15T02:50,8,40,0.3125,40,46,0.0,5.459436819733424,0.9878375208853705,0.640625,1.0,0.3125
2026-05-15T03:20,8,40,0.3125,40,46,0.0,5.459445907269551,0.9878290523357196,0.640625,1.0,0.3125
2026-05-15T03:50,8,40,0.3125,40,46,0.0,5.459454974459451,0.9878318664276651,0.640625,1.0,0.3125
2026-05-15T04:20,7,40,0.3125,40,46,0.0,5.459464021331054,0.9878346792185972,0.640625,1.0,0.3125
2026-05-15T04:50,7,40,0.3125,40,46,0.0,5.459473047912241,0.987837490709418,0.640625,1.0,0.3125
2026-05-15T05:20,7,40,0.3125,40,46,0.0,5.459480823454022,0.9878290299934951,0.640625,1.0,0.3125
2026-05-15T05:50,7,40,0.3125,40,46,0.0,5.459488579936221,0.9878318414903781,0.640625,1.0,0.3125
2026-05-15T06:20,7,40,0.3125,40,46,0.0,5.45949631738517,0.9878346516886481,0.640625,1.0,0.3125
2026-05-15T06:50,8,40,0.3125,40,46,0.0,5.459498775603437,0.9878261974888113,0.640625,1.0,0.3125
2026-05-15T07:20,8,40,0.3125,40,46,0.0,5.459501219678112,0.9878290076925305,0.640625,1.0,0.3125
2026-05-15T07:50,8,40,0.3125,40,46,0.0,5.459503649629773,0.9878318165991327,0.640625,1.0,0.3125
2026-05-15T08:20,9,40,0.3125,40,46,0.0,5.459506065478969,0.9878346242095158,0.640625,1.0,0.3125
2026-05-15T08:50,9,40,0.3125,40,46,0.0,5.459507618443641,0.9878261778168943,0.640625,1.0,0.3125
2026-05-15T09:20,10,40,0.3125,40,46,0.0,5.459509158219488,0.9878289854327115,0.640625,1.0,0.3125
2026-05-15T09:50,10,40,0.3125,40,46,0.0,5.459510684825809,0.9878317917538014,0.640625,1.0,0.3125
2026-05-15T10:20,10,40,0.3125,40,46,0.0,5.459509738656959,0.9878233518553324,0.640625,1.0,0.3125
2026-05-15T10:50,10,40,0.3125,40,46,0.0,5.459508781938229,0.9878261581812473,0.640625,1.0,0.3125
2026-05-15T11:20,10,40,0.3125,40,46,0.0,5.459507814685322,0.9878289632139244,0.640625,1.0,0.3125
2026-05-15T11:50,12,40,0.3125,40,46,0.0,5.459502441656158,0.9878205297997299,0.640625,1.0,0.3125
2026-05-15T12:20,11,40,0.3125,40,46,0.0,5.459497062350671,0.9878233348366253,0.640625,1.0,0.3125
2026-05-15T12:50,12,40,0.3125,40,46,0.0,5.459491676779315,0.98782613858177,0.640625,1.0,0.3125
2026-05-15T13:20,12,40,0.3125,40,46,0.0,5.45948628495253,0.987828941036056,0.640625,1.0,0.3125
2026-05-15T13:50,13,40,0.3125,40,46,0.0,5.459480886880737,0.9878317422003745,0.640625,1.0,0.3125
2026-05-15T14:20,13,40,0.3125,40,46,0.0,5.459475482574342,0.987834542075616,0.640625,1.0,0.3125
2026-05-15T14:50,13,40,0.3125,40,46,0.0,5.459470072043732,0.9878373406626701,0.640625,1.0,0.3125
2026-05-15T15:20,13,40,0.3125,40,46,0.0,5.459464655299283,0.9878401379624258,0.640625,1.0,0.3125
2026-05-15T15:50,14,40,0.3125,40,46,0.0,5.4594592323513496,0.9878429339757708,0.640625,1.0,0.3125
2026-05-15T16:20,14,40,0.3125,40,46,0.0,5.459453803210273,0.9878457287035924,0.640625,1.0,0.3125
2026-05-15T17:20,14,40,0.3125,40,46,0.0,5.459450075288199,0.9878373108188514,0.640625,1.0,0.3125
2026-05-15T17:50,14,40,0.3125,40,46,0.0,5.459446339550878,0.9878401055544169,0.640625,1.0,0.3125
2026-05-15T18:20,14,40,0.3125,40,46,0.0,5.459442596010602,0.9878428990059321,0.640625,1.0,0.3125
2026-05-15T18:50,13,40,0.3125,40,46,0.0,5.459438800615521,0.987834487571203,0.640625,1.0,0.3125
2026-05-15T19:20,13,40,0.3125,40,46,0.0,5.459434997485663,0.9878372810298548,0.640625,1.0,0.3125
2026-05-15T19:50,13,40,0.3125,40,46,0.0,5.459431186633204,0.9878400732059269,0.640625,1.0,0.3125
2026-05-15T20:20,13,40,0.3125,40,46,0.0,5.459427368070306,0.9878428641003024,0.640625,1.0,0.3125
2026-05-15T20:50,13,40,0.3125,40,46,0.0,5.459423541809103,0.9878456537138636,0.640625,1.0,0.3125
2026-05-15T21:20,12,40,0.3125,40,46,0.0,5.459421449303045,0.9878372512955295,0.640625,1.0,0.3125
2026-05-15T21:50,12,40,0.3125,40,46,0.0,5.459419347354175,0.9878400409167919,0.640625,1.0,0.3125
2026-05-15T22:20,12,40,0.3125,40,46,0.0,5.459417235976875,0.987842829258705,0.640625,1.0,0.3125
2026-05-15T22:50,11,40,0.3125,40,46,0.0,5.459415115185503,0.9878456163221487,0.640625,1.0,0.3125
2026-05-15T23:20,11,40,0.3125,40,46,0.0,5.459418001952091,0.987837221615725,0.640625,1.0,0.3125
2026-05-15T23:50,9,40,0.3125,40,46,0.0,5.459420874791543,0.9878400086868487,0.640625,1.0,0.3125
2026-05-16T00:20,10,40,0.3125,40,46,0.0,5.459423733723336,0.987842794480964,0.640625,1.0,0.3125
2026-05-16T00:50,9,40,0.3125,40,46,0.0,5.459426578766915,0.9878455789989482,0.640625,1.0,0.3125
2026-05-16T01:20,9,40,0.3125,40,46,0.0,5.4594294099417,0.987848362241678,0.640625,1.0,0.3125
2026-05-16T01:50,9,40,0.3125,40,46,0.0,5.4594371120129574,0.9878399765159348,0.640625,1.0,0.3125
2026-05-16T02:20,9,40,0.3125,40,46,0.0,5.459444795511478,0.9878427597669039,0.640625,1.0,0.3125
2026-05-16T02:50,9,40,0.3125,40,46,0.0,5.4594524604624945,0.9878455417440739,0.640625,1.0,0.3125
2026-05-16T03:20,8,40,0.3125,40,46,0.0,5.45946142373697,0.9878371624190799,0.640625,1.0,0.3125
2026-05-16T03:50,8,40,0.3125,40,46,0.0,5.459470367126665,0.987839944403888,0.640625,1.0,0.3125
2026-05-16T04:20,7,40,0.3125,40,46,0.0,5.459479290658581,0.98784272511635,0.640625,1.0,0.3125
2026-05-16T04:50,7,40,0.3125,40,46,0.0,5.459488194359671,0.9878455045573384,0.640625,1.0,0.3125
2026-05-16T05:20,7,40,0.3125,40,46,0.0,5.459495865712101,0.9878371329019414,0.640625,1.0,0.3125
2026-05-16T05:50,7,40,0.3125,40,46,0.0,5.4595035184328635,0.9878399123505469,0.640625,1.0,0.3125
2026-05-16T06:20,7,40,0.3125,40,46,0.0,5.459511152547429,0.9878426905291281,0.640625,1.0,0.3125
2026-05-16T06:50,8,40,0.3125,40,46,0.0,5.459513574325683,0.9878343252531266,0.640625,1.0,0.3125
2026-05-16T07:20,9,40,0.3125,40,46,0.0,5.4595159822725,0.9878371034387277,0.640625,1.0,0.3125
2026-05-16T07:50,9,40,0.3125,40,46,0.0,5.459518376407788,0.9878398803557509,0.640625,1.0,0.3125
2026-05-16T08:20,9,40,0.3125,40,46,0.0,5.4595207567514255,0.9878426560050647,0.640625,1.0,0.3125
2026-05-16T08:50,10,40,0.3125,40,46,0.0,5.45952229257838,0.9878342983729766,0.640625,1.0,0.3125
2026-05-16T09:20,11,40,0.3125,40,46,0.0,5.45952381549829,0.9878370740292913,0.640625,1.0,0.3125
2026-05-16T09:50,12,40,0.3125,40,46,0.0,5.459525325529841,0.9878398484193394,0.640625,1.0,0.3125
2026-05-16T10:20,13,40,0.3125,40,46,0.0,5.459524397055447,0.9878314971454,0.640625,1.0,0.3125
2026-05-16T10:50,13,40,0.3125,40,46,0.0,5.459523458247774,0.9878342715418557,0.640625,1.0,0.3125
2026-05-16T11:20,13,40,0.3125,40,46,0.0,5.459522509122037,0.9878370446734851,0.640625,1.0,0.3125
2026-05-16T11:50,14,40,0.3125,40,46,0.0,5.459517207246189,0.9878286997481254,0.640625,1.0,0.3125
2026-05-16T12:20,14,40,0.3125,40,46,0.0,5.459511899214037,0.9878314728855717,0.640625,1.0,0.3125
2026-05-16T12:50,14,40,0.3125,40,46,0.0,5.459506585035716,0.9878342447596297,0.640625,1.0,0.3125
2026-05-16T13:20,15,40,0.3125,40,46,0.0,5.459501264721351,0.9878370153711624,0.640625,1.0,0.3125
2026-05-16T13:50,14,40,0.3125,40,46,0.0,5.459495938281049,0.9878397847210324,0.640625,1.0,0.3125
2026-05-16T14:20,14,40,0.3125,40,46,0.0,5.459490605724901,0.9878425528101011,0.640625,1.0,0.3125
2026-05-16T14:50,14,40,0.3125,40,46,0.0,5.459485267062983,0.9878453196392294,0.640625,1.0,0.3125
2026-05-16T15:20,14,40,0.3125,40,46,0.0,5.459479922305356,0.9878480852092774,0.640625,1.0,0.3125
2026-05-16T15:50,14,40,0.3125,40,46,0.0,5.459474571462062,0.9878508495211042,0.640625,1.0,0.3125
2026-05-16T16:20,14,40,0.3125,40,46,0.0,5.459469214543131,0.9878536125755684,0.640625,1.0,0.3125
2026-05-16T16:50,14,40,0.3125,40,46,0.0,5.45946385155858,0.9878563743735276,0.640625,1.0,0.3125
2026-05-16T17:20,14,40,0.3125,40,46,0.0,5.459460169180032,0.9878480459211114,0.640625,1.0,0.3125
2026-05-16T17:50,14,40,0.3125,40,46,0.0,5.459456479150739,0.9878508077288567,0.640625,1.0,0.3125
2026-05-16T18:20,13,40,0.3125,40,46,0.0,5.459452781482596,0.9878535682815199,0.640625,1.0,0.3125
2026-05-16T18:50,13,40,0.3125,40,46,0.0,5.459449028762611,0.9878452461424726,0.640625,1.0,0.3125
2026-05-16T19:20,12,40,0.3125,40,46,0.0,5.459445268473996,0.9878480067043299,0.640625,1.0,0.3125
2026-05-16T19:50,12,40,0.3125,40,46,0.0,5.459441500628535,0.987850766012526,0.640625,1.0,0.3125
2026-05-16T20:20,12,40,0.3125,40,46,0.0,5.459437725237994,0.9878535240679147,0.640625,1.0,0.3125
2026-05-16T20:50,12,40,0.3125,40,46,0.0,5.4594339423141225,0.9878562808713491,0.640625,1.0,0.3125
2026-05-16T21:20,12,40,0.3125,40,46,0.0,5.459431868463432,0.9878479675587383,0.640625,1.0,0.3125
2026-05-16T21:50,12,40,0.3125,40,46,0.0,5.459429785378693,0.9878507243719056,0.640625,1.0,0.3125
2026-05-16T22:20,12,40,0.3125,40,46,0.0,5.459427693073816,0.9878534799345339,0.640625,1.0,0.3125
2026-05-16T22:50,12,40,0.3125,40,46,0.0,5.459425591562691,0.9878562342474738,0.640625,1.0,0.3125
2026-05-16T23:20,12,40,0.3125,40,46,0.0,5.4594284383318135,0.9878479284841428,0.640625,1.0,0.3125
2026-05-16T23:50,12,40,0.3125,40,46,0.0,5.459431271483483,0.9878506828067892,0.640625,1.0,0.3125
2026-05-17T00:20,11,40,0.3125,40,46,0.0,5.459434091036541,0.9878534358811588,0.640625,1.0,0.3125
2026-05-17T00:50,12,40,0.3125,40,46,0.0,5.459436897009794,0.9878561877081001,0.640625,1.0,0.3125
2026-05-17T01:20,12,40,0.3125,40,46,0.0,5.4594396894220205,0.9878589382884607,0.640625,1.0,0.3125
2026-05-17T01:50,12,40,0.3125,40,46,0.0,5.459447291681401,0.9878506413169722,0.640625,1.0,0.3125
2026-05-17T02:20,12,40,0.3125,40,46,0.0,5.459454875785272,0.9878533919075728,0.640625,1.0,0.3125
2026-05-17T02:50,11,40,0.3125,40,46,0.0,5.4594624417580295,0.9878561412529989,0.640625,1.0,0.3125
2026-05-17T03:20,11,40,0.3125,40,46,0.0,5.4594712924260325,0.98784785054717,0.640625,1.0,0.3125
2026-05-17T03:50,11,40,0.3125,40,46,0.0,5.459480123653693,0.9878505999022499,0.640625,1.0,0.3125
2026-05-17T04:20,11,40,0.3125,40,46,0.0,5.459488935467123,0.987853348013559,0.640625,1.0,0.3125
2026-05-17T04:50,11,40,0.3125,40,46,0.0,5.45949652519802,0.9878450635640297,0.640625,1.0,0.3125
2026-05-17T05:20,11,40,0.3125,40,46,0.0,5.45950409669082,0.9878478116844086,0.640625,1.0,0.3125
2026-05-17T05:50,11,40,0.3125,40,46,0.0,5.459511649970185,0.9878505585624185,0.640625,1.0,0.3125
2026-05-17T06:20,11,40,0.3125,40,46,0.0,5.459514048599404,0.9878422803598497,0.640625,1.0,0.3125
2026-05-17T06:50,11,40,0.3125,40,46,0.0,5.459516433686315,0.9878450272463476,0.640625,1.0,0.3125
2026-05-17T07:20,11,40,0.3125,40,46,0.0,5.459518805250205,0.9878477728918759,0.640625,1.0,0.3125
2026-05-17T07:50,11,40,0.3125,40,46,0.0,5.45952116331033,0.9878505172972752,0.640625,1.0,0.3125
2026-05-17T08:20,12,40,0.3125,40,46,0.0,5.459523507885919,0.9878532604633855,0.640625,1.0,0.3125
